lista;categorie;cod;denumire;varianta_finisaj;grosime_mm;um;ambalare_sau_lungime;pret_eur_fara_tva;observatii
01. REZIDENTIAL;Tigla metalica - DACIC;;DACIC - lucios - 0,60 mm;lucios;0.60;mp;;7.13;
01. REZIDENTIAL;Tigla metalica - DACIC;;DACIC - lucios - 0,50 mm;lucios;0.50;mp;;6.32;
01. REZIDENTIAL;Tigla metalica - DACIC;;DACIC - lucios - 0,45 mm;lucios;0.45;mp;;5.91;
01. REZIDENTIAL;Tigla metalica - DACIC;;DACIC - ral 8003 - 0,45 mm;lucios RAL 8003 (alama);0.45;mp;;8.43;
01. REZIDENTIAL;Tigla metalica - DACIC;;DACIC - mat - 0,60 mm;mat;0.60;mp;;7.41;
01. REZIDENTIAL;Tigla metalica - DACIC;;DACIC - mat - 0,50 mm;mat;0.50;mp;;6.57;
01. REZIDENTIAL;Tigla metalica - DACIC;;DACIC - mat - 0,45 mm;mat;0.45;mp;;6.30;
01. REZIDENTIAL;Tigla metalica - DACIC;;DACIC - Wood - 0,50 mm;Wood (imitatie lemn);0.50;mp;;8.53;
01. REZIDENTIAL;Tigla metalica - DACIC;;DACIC - Wood - 0,45 mm;Wood (imitatie lemn);0.45;mp;;8.43;
01. REZIDENTIAL;Tigla metalica - DACIC;;DACIC - Grande Mat - 0,50 mm;Grande Mat (GDM);0.50;mp;;8.53;
01. REZIDENTIAL;Tigla metalica - ADRIATIC;;ADRIATIC - lucios - 0,60 mm;lucios;0.60;mp;;6.88;
01. REZIDENTIAL;Tigla metalica - ADRIATIC;;ADRIATIC - lucios - 0,50 mm;lucios;0.50;mp;;6.07;
01. REZIDENTIAL;Tigla metalica - ADRIATIC;;ADRIATIC - lucios - 0,45 mm;lucios;0.45;mp;;5.66;
01. REZIDENTIAL;Tigla metalica - ADRIATIC;;ADRIATIC - ral 8003 - 0,45 mm;lucios RAL 8003 (alama);0.45;mp;;8.18;
01. REZIDENTIAL;Tigla metalica - ADRIATIC;;ADRIATIC - mat - 0,60 mm;mat;0.60;mp;;7.16;
01. REZIDENTIAL;Tigla metalica - ADRIATIC;;ADRIATIC - mat - 0,50 mm;mat;0.50;mp;;6.32;
01. REZIDENTIAL;Tigla metalica - ADRIATIC;;ADRIATIC - mat - 0,45 mm;mat;0.45;mp;;6.05;
01. REZIDENTIAL;Tigla metalica - ADRIATIC;;ADRIATIC - Wood - 0,50 mm;Wood (imitatie lemn);0.50;mp;;8.28;
01. REZIDENTIAL;Tigla metalica - ADRIATIC;;ADRIATIC - Wood - 0,45 mm;Wood (imitatie lemn);0.45;mp;;8.18;
01. REZIDENTIAL;Tigla metalica - ADRIATIC;;ADRIATIC - Grande Mat - 0,50 mm;Grande Mat (GDM);0.50;mp;;8.28;
01. REZIDENTIAL;Tigla metalica - HELLENIC;;HELLENIC - lucios - 0,60 mm;lucios;0.60;mp;;6.88;
01. REZIDENTIAL;Tigla metalica - HELLENIC;;HELLENIC - lucios - 0,50 mm;lucios;0.50;mp;;6.07;
01. REZIDENTIAL;Tigla metalica - HELLENIC;;HELLENIC - lucios - 0,45 mm;lucios;0.45;mp;;5.66;
01. REZIDENTIAL;Tigla metalica - HELLENIC;;HELLENIC - ral 8003 - 0,45 mm;lucios RAL 8003 (alama);0.45;mp;;8.18;
01. REZIDENTIAL;Tigla metalica - HELLENIC;;HELLENIC - mat - 0,60 mm;mat;0.60;mp;;7.16;
01. REZIDENTIAL;Tigla metalica - HELLENIC;;HELLENIC - mat - 0,50 mm;mat;0.50;mp;;6.32;
01. REZIDENTIAL;Tigla metalica - HELLENIC;;HELLENIC - mat - 0,45 mm;mat;0.45;mp;;6.05;
01. REZIDENTIAL;Tigla metalica - HELLENIC;;HELLENIC - Wood - 0,50 mm;Wood (imitatie lemn);0.50;mp;;8.28;
01. REZIDENTIAL;Tigla metalica - HELLENIC;;HELLENIC - Wood - 0,45 mm;Wood (imitatie lemn);0.45;mp;;8.18;
01. REZIDENTIAL;Tigla metalica - HELLENIC;;HELLENIC - Grande Mat - 0,50 mm;Grande Mat (GDM);0.50;mp;;8.28;
01. REZIDENTIAL;Tigla metalica - BRITANIC / BRITANIC RETRO;;BRITANIC / BRITANIC RETRO - lucios - 0,60 mm;lucios;0.60;mp;;6.88;
01. REZIDENTIAL;Tigla metalica - BRITANIC / BRITANIC RETRO;;BRITANIC / BRITANIC RETRO - lucios - 0,50 mm;lucios;0.50;mp;;6.07;
01. REZIDENTIAL;Tigla metalica - BRITANIC / BRITANIC RETRO;;BRITANIC / BRITANIC RETRO - lucios - 0,45 mm;lucios;0.45;mp;;5.66;
01. REZIDENTIAL;Tigla metalica - BRITANIC / BRITANIC RETRO;;BRITANIC / BRITANIC RETRO - ral 8003 - 0,45 mm;lucios RAL 8003 (alama);0.45;mp;;8.18;
01. REZIDENTIAL;Tigla metalica - BRITANIC / BRITANIC RETRO;;BRITANIC / BRITANIC RETRO - mat - 0,60 mm;mat;0.60;mp;;7.16;
01. REZIDENTIAL;Tigla metalica - BRITANIC / BRITANIC RETRO;;BRITANIC / BRITANIC RETRO - mat - 0,50 mm;mat;0.50;mp;;6.32;
01. REZIDENTIAL;Tigla metalica - BRITANIC / BRITANIC RETRO;;BRITANIC / BRITANIC RETRO - mat - 0,45 mm;mat;0.45;mp;;6.05;
01. REZIDENTIAL;Tigla metalica - BRITANIC / BRITANIC RETRO;;BRITANIC / BRITANIC RETRO - Wood - 0,50 mm;Wood (imitatie lemn);0.50;mp;;8.28;
01. REZIDENTIAL;Tigla metalica - BRITANIC / BRITANIC RETRO;;BRITANIC / BRITANIC RETRO - Wood - 0,45 mm;Wood (imitatie lemn);0.45;mp;;8.18;
01. REZIDENTIAL;Tigla metalica - BRITANIC / BRITANIC RETRO;;BRITANIC / BRITANIC RETRO - Grande Mat - 0,50 mm;Grande Mat (GDM);0.50;mp;;8.28;
01. REZIDENTIAL;Tigla metalica - CLASIC;;CLASIC - lucios - 0,60 mm;lucios;0.60;mp;;6.88;
01. REZIDENTIAL;Tigla metalica - CLASIC;;CLASIC - lucios - 0,50 mm;lucios;0.50;mp;;6.07;
01. REZIDENTIAL;Tigla metalica - CLASIC;;CLASIC - lucios - 0,45 mm;lucios;0.45;mp;;5.66;
01. REZIDENTIAL;Tigla metalica - CLASIC;;CLASIC - lucios (ral 8003) - 0,45 mm;lucios RAL 8003 (alama);0.45;mp;;8.18;
01. REZIDENTIAL;Tigla metalica - CLASIC;;CLASIC - lucios - 0,40 mm;lucios;0.40;mp;;4.85;
01. REZIDENTIAL;Tigla metalica - CLASIC;;CLASIC - mat - 0,60 mm;mat;0.60;mp;;7.16;
01. REZIDENTIAL;Tigla metalica - CLASIC;;CLASIC - mat - 0,50 mm;mat;0.50;mp;;6.32;
01. REZIDENTIAL;Tigla metalica - CLASIC;;CLASIC - mat - 0,45 mm;mat;0.45;mp;;6.05;
01. REZIDENTIAL;Tigla metalica - CLASIC;;CLASIC - mat - 0,40 mm;mat;0.40;mp;;5.30;
01. REZIDENTIAL;Tigla metalica - CLASIC;;CLASIC - Wood - 0,50mm;Wood (imitatie lemn);0.50;mp;;8.28;
01. REZIDENTIAL;Tigla metalica - CLASIC;;CLASIC - Wood - 0,45mm;Wood (imitatie lemn);0.45;mp;;8.18;
01. REZIDENTIAL;Tigla metalica - CLASIC;;CLASIC - Grande Mat - 0,50 mm;Grande Mat (GDM);0.50;mp;;8.28;
01. REZIDENTIAL;Tigla metalica - BALCANIC;;BALCANIC - lucios - 0,60 mm;lucios;0.60;mp;;6.98;
01. REZIDENTIAL;Tigla metalica - BALCANIC;;BALCANIC - lucios - 0,50 mm;lucios;0.50;mp;;6.17;
01. REZIDENTIAL;Tigla metalica - BALCANIC;;BALCANIC - lucios - 0,45 mm;lucios;0.45;mp;;5.76;
01. REZIDENTIAL;Tigla metalica - BALCANIC;;BALCANIC - ral 8003 - 0,45 mm;lucios RAL 8003 (alama);0.45;mp;;8.28;
01. REZIDENTIAL;Tigla metalica - BALCANIC;;BALCANIC - mat - 0,60 mm;mat;0.60;mp;;7.26;
01. REZIDENTIAL;Tigla metalica - BALCANIC;;BALCANIC - mat - 0,50 mm;mat;0.50;mp;;6.42;
01. REZIDENTIAL;Tigla metalica - BALCANIC;;BALCANIC - mat - 0,45 mm;mat;0.45;mp;;6.15;
01. REZIDENTIAL;Tigla metalica - BALCANIC;;BALCANIC - Wood - 0,50 mm;Wood (imitatie lemn);0.50;mp;;8.38;
01. REZIDENTIAL;Tigla metalica - BALCANIC;;BALCANIC - Wood - 0,45 mm;Wood (imitatie lemn);0.45;mp;;8.28;
01. REZIDENTIAL;Tigla metalica - BALCANIC;;BALCANIC - Grande Mat - 0,50 mm;Grande Mat (GDM);0.50;mp;;8.38;
01. REZIDENTIAL;Tigla metalica - GOTIC;;GOTIC - lucios - 0,60 mm;lucios;0.60;mp;;7.13;
01. REZIDENTIAL;Tigla metalica - GOTIC;;GOTIC - lucios - 0,50 mm;lucios;0.50;mp;;6.32;
01. REZIDENTIAL;Tigla metalica - GOTIC;;GOTIC - lucios - 0,45 mm;lucios;0.45;mp;;5.91;
01. REZIDENTIAL;Tigla metalica - GOTIC;;GOTIC - ral 8003 - 0,45 mm;lucios RAL 8003 (alama);0.45;mp;;8.43;
01. REZIDENTIAL;Tigla metalica - GOTIC;;GOTIC - mat - 0,60 mm;mat;0.60;mp;;7.41;
01. REZIDENTIAL;Tigla metalica - GOTIC;;GOTIC - mat - 0,50 mm;mat;0.50;mp;;6.57;
01. REZIDENTIAL;Tigla metalica - GOTIC;;GOTIC - mat - 0,45 mm;mat;0.45;mp;;6.30;
01. REZIDENTIAL;Tigla metalica - GOTIC;;GOTIC - Wood - 0,50 mm;Wood (imitatie lemn);0.50;mp;;8.53;
01. REZIDENTIAL;Tigla metalica - GOTIC;;GOTIC - Wood - 0,45 mm;Wood (imitatie lemn);0.45;mp;;8.43;
01. REZIDENTIAL;Tigla metalica - GOTIC;;GOTIC - Grande Mat - 0,50 mm;Grande Mat (GDM);0.50;mp;;8.53;
01. REZIDENTIAL;Tigla metalica - IBERIC;;IBERIC - lucios - 0,60 mm;lucios;0.60;mp;;7.13;
01. REZIDENTIAL;Tigla metalica - IBERIC;;IBERIC - lucios - 0,50 mm;lucios;0.50;mp;;6.32;
01. REZIDENTIAL;Tigla metalica - IBERIC;;IBERIC - lucios - 0,45 mm;lucios;0.45;mp;;5.91;
01. REZIDENTIAL;Tigla metalica - IBERIC;;IBERIC - ral 8003 - 0,45 mm;lucios RAL 8003 (alama);0.45;mp;;8.43;
01. REZIDENTIAL;Tigla metalica - IBERIC;;IBERIC - mat - 0,60 mm;mat;0.60;mp;;7.41;
01. REZIDENTIAL;Tigla metalica - IBERIC;;IBERIC - mat - 0,50 mm;mat;0.50;mp;;6.57;
01. REZIDENTIAL;Tigla metalica - IBERIC;;IBERIC - mat - 0,45 mm;mat;0.45;mp;;6.30;
01. REZIDENTIAL;Tigla metalica - IBERIC;;IBERIC - Wood - 0,50 mm;Wood (imitatie lemn);0.50;mp;;8.53;
01. REZIDENTIAL;Tigla metalica - IBERIC;;IBERIC - Wood - 0,45 mm;Wood (imitatie lemn);0.45;mp;;8.43;
01. REZIDENTIAL;Tigla metalica - IBERIC;;IBERIC - Grande Mat - 0,50 mm;Grande Mat (GDM);0.50;mp;;8.53;
01. REZIDENTIAL;Tigla metalica - ROMANIC;;ROMANIC - lucios - 0,60 mm;lucios;0.60;mp;;7.78;
01. REZIDENTIAL;Tigla metalica - ROMANIC;;ROMANIC - lucios - 0,50 mm;lucios;0.50;mp;;6.97;
01. REZIDENTIAL;Tigla metalica - ROMANIC;;ROMANIC - mat - 0,60 mm;mat;0.60;mp;;8.06;
01. REZIDENTIAL;Tigla metalica - ROMANIC;;ROMANIC - mat - 0,50 mm;mat;0.50;mp;;7.22;
01. REZIDENTIAL;Tigla metalica - ROMANIC;;ROMANIC - Wood - 0,50 mm;Wood (imitatie lemn);0.50;mp;;9.18;
01. REZIDENTIAL;Tigla metalica - ROMANIC;;ROMANIC - Grande Mat - 0,50 mm;Grande Mat (GDM);0.50;mp;;9.18;
01. REZIDENTIAL;Tigla metalica - CLASIC CU DRIPSTOP;;CLASIC - lucios - 0,60 mm cu dripstop;lucios;0.60;mp;;8.38;
01. REZIDENTIAL;Tigla metalica - CLASIC CU DRIPSTOP;;CLASIC - lucios - 0,50 mm cu dripstop;lucios;0.50;mp;;7.57;
01. REZIDENTIAL;Tigla metalica - CLASIC CU DRIPSTOP;;CLASIC - lucios - 0,45 mm cu dripstop;lucios;0.45;mp;;7.16;
01. REZIDENTIAL;Tigla metalica - CLASIC CU DRIPSTOP;;CLASIC - lucios (ral 8003) - 0,45 mm cu dripstop;lucios RAL 8003 (alama);0.45;mp;;9.68;
01. REZIDENTIAL;Tigla metalica - CLASIC CU DRIPSTOP;;CLASIC - lucios - 0,40 mm cu dripstop;lucios;0.40;mp;;6.35;
01. REZIDENTIAL;Tigla metalica - CLASIC CU DRIPSTOP;;CLASIC - mat - 0,60 mm cu dripstop;mat;0.60;mp;;8.66;
01. REZIDENTIAL;Tigla metalica - CLASIC CU DRIPSTOP;;CLASIC - mat - 0,50 mm cu dripstop;mat;0.50;mp;;7.82;
01. REZIDENTIAL;Tigla metalica - CLASIC CU DRIPSTOP;;CLASIC - mat - 0,45 mm cu dripstop;mat;0.45;mp;;7.55;
01. REZIDENTIAL;Tigla metalica - CLASIC CU DRIPSTOP;;CLASIC - mat - 0,40 mm cu dripstop;mat;0.40;mp;;6.80;
01. REZIDENTIAL;Tigla metalica - CLASIC CU DRIPSTOP;;CLASIC - Wood - 0,50mm cu dripstop;Wood (imitatie lemn);0.50;mp;;9.78;
01. REZIDENTIAL;Tigla metalica - CLASIC CU DRIPSTOP;;CLASIC - Wood - 0,45mm cu dripstop;Wood (imitatie lemn);0.45;mp;;9.68;
01. REZIDENTIAL;Tigla metalica - CLASIC CU DRIPSTOP;;CLASIC - Grande Mat - 0,50 mm cu dripstop;Grande Mat (GDM);0.50;mp;;9.78;
01. REZIDENTIAL;Tigla metalica - BALCANIC CU DRIPSTOP;;BALCANIC - lucios - 0,60 mm cu dripstop;lucios;0.60;mp;;8.48;
01. REZIDENTIAL;Tigla metalica - BALCANIC CU DRIPSTOP;;BALCANIC - lucios - 0,50 mm cu dripstop;lucios;0.50;mp;;7.67;
01. REZIDENTIAL;Tigla metalica - BALCANIC CU DRIPSTOP;;BALCANIC - lucios - 0,45 mm cu dripstop;lucios;0.45;mp;;7.26;
01. REZIDENTIAL;Tigla metalica - BALCANIC CU DRIPSTOP;;BALCANIC - ral 8003 - 0,45 mm cu dripstop;lucios RAL 8003 (alama);0.45;mp;;9.78;
01. REZIDENTIAL;Tigla metalica - BALCANIC CU DRIPSTOP;;BALCANIC - mat - 0,60 mm cu dripstop;mat;0.60;mp;;8.76;
01. REZIDENTIAL;Tigla metalica - BALCANIC CU DRIPSTOP;;BALCANIC - mat - 0,50 mm cu dripstop;mat;0.50;mp;;7.92;
01. REZIDENTIAL;Tigla metalica - BALCANIC CU DRIPSTOP;;BALCANIC - mat - 0,45 mm cu dripstop;mat;0.45;mp;;7.65;
01. REZIDENTIAL;Tigla metalica - BALCANIC CU DRIPSTOP;;BALCANIC - Wood - 0,50 mm cu dripstop;Wood (imitatie lemn);0.50;mp;;9.88;
01. REZIDENTIAL;Tigla metalica - BALCANIC CU DRIPSTOP;;BALCANIC - Wood - 0,45 mm cu dripstop;Wood (imitatie lemn);0.45;mp;;9.78;
01. REZIDENTIAL;Tigla metalica - BALCANIC CU DRIPSTOP;;BALCANIC - Grande Mat - 0,50 mm cu dripstop;Grande Mat (GDM);0.50;mp;;9.88;
01. REZIDENTIAL;Tigla metalica - GOTIC CU DRIPSTOP;;GOTIC - lucios - 0,60 mm cu dripstop;lucios;0.60;mp;;8.63;
01. REZIDENTIAL;Tigla metalica - GOTIC CU DRIPSTOP;;GOTIC - lucios - 0,50 mm cu dripstop;lucios;0.50;mp;;7.82;
01. REZIDENTIAL;Tigla metalica - GOTIC CU DRIPSTOP;;GOTIC - lucios - 0,45 mm cu dripstop;lucios;0.45;mp;;7.41;
01. REZIDENTIAL;Tigla metalica - GOTIC CU DRIPSTOP;;GOTIC - ral 8003 - 0,45 mm cu dripstop;lucios RAL 8003 (alama);0.45;mp;;9.93;
01. REZIDENTIAL;Tigla metalica - GOTIC CU DRIPSTOP;;GOTIC - mat - 0,60 mm cu dripstop;mat;0.60;mp;;8.91;
01. REZIDENTIAL;Tigla metalica - GOTIC CU DRIPSTOP;;GOTIC - mat - 0,50 mm cu dripstop;mat;0.50;mp;;8.07;
01. REZIDENTIAL;Tigla metalica - GOTIC CU DRIPSTOP;;GOTIC - mat - 0,45 mm cu dripstop;mat;0.45;mp;;7.80;
01. REZIDENTIAL;Tigla metalica - GOTIC CU DRIPSTOP;;GOTIC - Wood - 0,50 mm cu dripstop;Wood (imitatie lemn);0.50;mp;;10.03;
01. REZIDENTIAL;Tigla metalica - GOTIC CU DRIPSTOP;;GOTIC - Wood - 0,45 mm cu dripstop;Wood (imitatie lemn);0.45;mp;;9.93;
01. REZIDENTIAL;Tigla metalica - GOTIC CU DRIPSTOP;;GOTIC - Grande Mat - 0,50 mm cu dripstop;Grande Mat (GDM);0.50;mp;;10.03;
01. REZIDENTIAL;Tigla metalica - IBERIC CU DRIPSTOP;;IBERIC - lucios - 0,60 mm cu dripstop;lucios;0.60;mp;;8.63;
01. REZIDENTIAL;Tigla metalica - IBERIC CU DRIPSTOP;;IBERIC - lucios - 0,50 mm cu dripstop;lucios;0.50;mp;;7.82;
01. REZIDENTIAL;Tigla metalica - IBERIC CU DRIPSTOP;;IBERIC - lucios - 0,45 mm cu dripstop;lucios;0.45;mp;;7.41;
01. REZIDENTIAL;Tigla metalica - IBERIC CU DRIPSTOP;;IBERIC - ral 8003 - 0,45 mm cu dripstop;lucios RAL 8003 (alama);0.45;mp;;9.93;
01. REZIDENTIAL;Tigla metalica - IBERIC CU DRIPSTOP;;IBERIC - mat - 0,60 mm cu dripstop;mat;0.60;mp;;8.91;
01. REZIDENTIAL;Tigla metalica - IBERIC CU DRIPSTOP;;IBERIC - mat - 0,50 mm cu dripstop;mat;0.50;mp;;8.07;
01. REZIDENTIAL;Tigla metalica - IBERIC CU DRIPSTOP;;IBERIC - mat - 0,45 mm cu dripstop;mat;0.45;mp;;7.80;
01. REZIDENTIAL;Tigla metalica - IBERIC CU DRIPSTOP;;IBERIC - Wood - 0,50 mm cu dripstop;Wood (imitatie lemn);0.50;mp;;10.03;
01. REZIDENTIAL;Tigla metalica - IBERIC CU DRIPSTOP;;IBERIC - Wood - 0,45 mm cu dripstop;Wood (imitatie lemn);0.45;mp;;9.93;
01. REZIDENTIAL;Tigla metalica - IBERIC CU DRIPSTOP;;IBERIC - Grande Mat - 0,50 mm cu dripstop;Grande Mat (GDM);0.50;mp;;10.03;
01. REZIDENTIAL;Tabla plana;;Tabla plana cu folie protectoare ( 1,25*2,00 m ) - lucios - 0,60 mm;lucios;0.60;mp;foaie 1,25 x 2,00 m;6.88;
01. REZIDENTIAL;Tabla plana;;Tabla plana cu folie protectoare ( 1,25*2,00 m ) - lucios - 0,50 mm;lucios;0.50;mp;foaie 1,25 x 2,00 m;6.07;
01. REZIDENTIAL;Tabla plana;;Tabla plana cu folie protectoare ( 1,25*2,00 m ) - lucios - 0,45 mm;lucios;0.45;mp;foaie 1,25 x 2,00 m;5.66;
01. REZIDENTIAL;Tabla plana;;Tabla plana cu folie protectoare ( 1,25*2,00 m ) - ral 8003 - 0,45 mm;lucios RAL 8003 (alama);0.45;mp;foaie 1,25 x 2,00 m;8.18;
01. REZIDENTIAL;Tabla plana;;Tabla plana cu folie protectoare ( 1,25*2,00 m ) - lucios - 0,40 mm;lucios;0.40;mp;foaie 1,25 x 2,00 m;4.85;
01. REZIDENTIAL;Tabla plana;;Tabla plana cu folie protectoare ( 1,25*2,00 m ) - wood - 0,50 mm;Wood (imitatie lemn);0.50;mp;foaie 1,25 x 2,00 m;8.28;
01. REZIDENTIAL;Tabla plana;;Tabla plana cu folie protectoare ( 1,25*2,00 m ) - wood - 0,45 mm;Wood (imitatie lemn);0.45;mp;foaie 1,25 x 2,00 m;8.18;
01. REZIDENTIAL;Tabla plana;;Tabla plana cu folie protectoare ( 1,25*2,00 m ) - mat - 0,60 mm;mat;0.60;mp;foaie 1,25 x 2,00 m;7.16;
01. REZIDENTIAL;Tabla plana;;Tabla plana cu folie protectoare ( 1,25*2,00 m ) - mat - 0,50 mm;mat;0.50;mp;foaie 1,25 x 2,00 m;6.32;
01. REZIDENTIAL;Tabla plana;;Tabla plana cu folie protectoare ( 1,25*2,00 m ) - mat - 0,45 mm;mat;0.45;mp;foaie 1,25 x 2,00 m;6.05;
01. REZIDENTIAL;Tabla plana;;Tabla plana cu folie protectoare ( 1,25*2,00 m ) - mat - 0,40 mm;mat;0.40;mp;foaie 1,25 x 2,00 m;5.30;
01. REZIDENTIAL;Tabla plana;;Tabla plana cu folie protectoare ( 1,25*2,00 m ) - Grande Mat - 0,50 mm;Grande Mat (GDM);0.50;mp;foaie 1,25 x 2,00 m;8.28;
01. REZIDENTIAL;Coame - A. COAMA MICA;;Coama mica - lucios - 0,60 mm;lucios;0.60;buc;;5.16;
01. REZIDENTIAL;Coame - A. COAMA MICA;;Coama mica - lucios - 0,50 mm;lucios;0.50;buc;;4.55;
01. REZIDENTIAL;Coame - A. COAMA MICA;;Coama mica - lucios - 0,45 mm;lucios;0.45;buc;;4.25;
01. REZIDENTIAL;Coame - A. COAMA MICA;;Coama mica - ral 8003 - 0,45 mm;lucios RAL 8003 (alama);0.45;buc;;6.13;
01. REZIDENTIAL;Coame - A. COAMA MICA;;Coama mica - lucios - 0,40 mm;lucios;0.40;buc;;3.64;
01. REZIDENTIAL;Coame - A. COAMA MICA;;Coama mica - mat - 0,60 mm;mat;0.60;buc;;5.37;
01. REZIDENTIAL;Coame - A. COAMA MICA;;Coama mica - mat - 0,50 mm;mat;0.50;buc;;4.74;
01. REZIDENTIAL;Coame - A. COAMA MICA;;Coama mica - mat - 0,45 mm;mat;0.45;buc;;4.54;
01. REZIDENTIAL;Coame - A. COAMA MICA;;Coama mica - mat - 0,40 mm;mat;0.40;buc;;3.97;
01. REZIDENTIAL;Coame - A. COAMA MICA;;Coama mica - Wood - 0,50 mm;Wood (imitatie lemn);0.50;buc;;6.21;
01. REZIDENTIAL;Coame - A. COAMA MICA;;Coama mica - Wood - 0,45 mm;Wood (imitatie lemn);0.45;buc;;6.13;
01. REZIDENTIAL;Coame - A. COAMA MICA;;Coama mica - Grande Mat - 0,50 mm;Grande Mat (GDM);0.50;buc;;6.21;
01. REZIDENTIAL;Coame - B. COAMA MARE;;Coama mare - lucios - 0,60 mm;lucios;0.60;buc;;6.16;
01. REZIDENTIAL;Coame - B. COAMA MARE;;Coama mare - lucios - 0,50 mm;lucios;0.50;buc;;5.55;
01. REZIDENTIAL;Coame - B. COAMA MARE;;Coama mare - lucios - 0,45 mm;lucios;0.45;buc;;5.25;
01. REZIDENTIAL;Coame - B. COAMA MARE;;Coama mare - ral 8003 - 0,45 mm;lucios RAL 8003 (alama);0.45;buc;;7.13;
01. REZIDENTIAL;Coame - B. COAMA MARE;;Coama mare - mat - 0,60 mm;mat;0.60;buc;;6.37;
01. REZIDENTIAL;Coame - B. COAMA MARE;;Coama mare - mat - 0,50 mm;mat;0.50;buc;;5.74;
01. REZIDENTIAL;Coame - B. COAMA MARE;;Coama mare - mat - 0,45 mm;mat;0.45;buc;;5.54;
01. REZIDENTIAL;Coame - B. COAMA MARE;;Coama mare - Wood- 0.50 mm;Wood (imitatie lemn);0.50;buc;;7.21;
01. REZIDENTIAL;Coame - B. COAMA MARE;;Coama mare - Wood- 0.45 mm;Wood (imitatie lemn);0.45;buc;;7.13;
01. REZIDENTIAL;Coame - B. COAMA MARE;;Coama mare - Grande Mat - 0,50 mm;Grande Mat (GDM);0.50;buc;;7.21;
01. REZIDENTIAL;Coame - C. ACCESORII COAMA;;Capac coama BILKA - Lucios;lucios;;buc;;3.60;
01. REZIDENTIAL;Coame - C. ACCESORII COAMA;;Capac coama BILKA - Mat;mat;;buc;;3.81;
01. REZIDENTIAL;Coame - C. ACCESORII COAMA;;Capac coama BILKA - Grandemat;Grande Mat (GDM);;buc;;4.61;
01. REZIDENTIAL;Coame - C. ACCESORII COAMA;;Inchidere coama mica BILKA - Lucios;lucios;;buc;;11.81;
01. REZIDENTIAL;Coame - C. ACCESORII COAMA;;Inchidere coama mica BILKA - Mat;mat;;buc;;14.53;
01. REZIDENTIAL;Coame - C. ACCESORII COAMA;;Inchidere coama mica BILKA - Grandemat;Grande Mat (GDM);;buc;;15.80;
01. REZIDENTIAL;Coame - C. ACCESORII COAMA;;Inchidere coama mare BILKA - Lucios;lucios;;buc;;12.92;
01. REZIDENTIAL;Coame - C. ACCESORII COAMA;;Inchidere coama mare BILKA - Mat;mat;;buc;;15.82;
01. REZIDENTIAL;Coame - C. ACCESORII COAMA;;Inchidere coama mare BILKA - Grandemat;Grande Mat (GDM);;buc;;17.10;
01. REZIDENTIAL;Accesorii tinichigerie rezidential - nuante lucioase;;Opritor zapada;lucios;0.60;buc;desfasurata 208 mm, bucata 2 m;3.44;
01. REZIDENTIAL;Accesorii tinichigerie rezidential - nuante lucioase;;Opritor zapada;lucios;0.50;buc;desfasurata 208 mm, bucata 2 m;3.03;
01. REZIDENTIAL;Accesorii tinichigerie rezidential - nuante lucioase;;Opritor zapada;lucios;0.45;buc;desfasurata 208 mm, bucata 2 m;2.83;
01. REZIDENTIAL;Accesorii tinichigerie rezidential - nuante lucioase;;Opritor zapada;lucios;0.40;buc;desfasurata 208 mm, bucata 2 m;2.43;
01. REZIDENTIAL;Accesorii tinichigerie rezidential - nuante lucioase;;Opritor zapada;Wood (imitatie lemn);0.50;buc;desfasurata 208 mm, bucata 2 m;4.14;
01. REZIDENTIAL;Accesorii tinichigerie rezidential - nuante lucioase;;Opritor zapada;Wood (imitatie lemn);0.45;buc;desfasurata 208 mm, bucata 2 m;4.09;
01. REZIDENTIAL;Accesorii tinichigerie rezidential - nuante lucioase;;Opritor zapada;lucios;0.60;buc;desfasurata 208 mm, bucata 1.25 m;2.15;
01. REZIDENTIAL;Accesorii tinichigerie rezidential - nuante lucioase;;Opritor zapada;lucios;0.50;buc;desfasurata 208 mm, bucata 1.25 m;1.90;
01. REZIDENTIAL;Accesorii tinichigerie rezidential - nuante lucioase;;Opritor zapada;lucios;0.45;buc;desfasurata 208 mm, bucata 1.25 m;1.77;
01. REZIDENTIAL;Accesorii tinichigerie rezidential - nuante lucioase;;Opritor zapada;lucios;0.40;buc;desfasurata 208 mm, bucata 1.25 m;1.52;
01. REZIDENTIAL;Accesorii tinichigerie rezidential - nuante lucioase;;Opritor zapada;Wood (imitatie lemn);0.50;buc;desfasurata 208 mm, bucata 1.25 m;2.59;
01. REZIDENTIAL;Accesorii tinichigerie rezidential - nuante lucioase;;Opritor zapada;Wood (imitatie lemn);0.45;buc;desfasurata 208 mm, bucata 1.25 m;2.56;
01. REZIDENTIAL;Accesorii tinichigerie rezidential - nuante lucioase;;Opritor zapada omega;lucios;0.40-0.60;buc;;0.47;pret unic pentru toate grosimile lucioase
01. REZIDENTIAL;Accesorii tinichigerie rezidential - nuante lucioase;;Opritor zapada omega;Wood (imitatie lemn);0.45-0.50;buc;;0.63;pret unic pentru Wood 0.50/0.45
01. REZIDENTIAL;Accesorii tinichigerie rezidential - nuante lucioase;;Bordura Streasina;lucios;0.60;buc;desfasurata 250 mm, bucata 2 m;4.13;obligatoriu pentru ROMANIC
01. REZIDENTIAL;Accesorii tinichigerie rezidential - nuante lucioase;;Bordura Streasina;lucios;0.50;buc;desfasurata 250 mm, bucata 2 m;3.64;obligatoriu pentru ROMANIC
01. REZIDENTIAL;Accesorii tinichigerie rezidential - nuante lucioase;;Bordura Streasina;lucios;0.45;buc;desfasurata 250 mm, bucata 2 m;3.40;obligatoriu pentru ROMANIC
01. REZIDENTIAL;Accesorii tinichigerie rezidential - nuante lucioase;;Bordura Streasina;lucios;0.40;buc;desfasurata 250 mm, bucata 2 m;2.91;obligatoriu pentru ROMANIC
01. REZIDENTIAL;Accesorii tinichigerie rezidential - nuante lucioase;;Bordura Streasina;Wood (imitatie lemn);0.50;buc;desfasurata 250 mm, bucata 2 m;4.97;obligatoriu pentru ROMANIC
01. REZIDENTIAL;Accesorii tinichigerie rezidential - nuante lucioase;;Bordura Streasina;Wood (imitatie lemn);0.45;buc;desfasurata 250 mm, bucata 2 m;4.91;obligatoriu pentru ROMANIC
01. REZIDENTIAL;Accesorii tinichigerie rezidential - nuante lucioase;;Bordura Streasina;lucios;0.60;buc;desfasurata 208 mm, bucata 2 m;3.44;
01. REZIDENTIAL;Accesorii tinichigerie rezidential - nuante lucioase;;Bordura Streasina;lucios;0.50;buc;desfasurata 208 mm, bucata 2 m;3.03;
01. REZIDENTIAL;Accesorii tinichigerie rezidential - nuante lucioase;;Bordura Streasina;lucios;0.45;buc;desfasurata 208 mm, bucata 2 m;2.83;
01. REZIDENTIAL;Accesorii tinichigerie rezidential - nuante lucioase;;Bordura Streasina;lucios;0.40;buc;desfasurata 208 mm, bucata 2 m;2.43;
01. REZIDENTIAL;Accesorii tinichigerie rezidential - nuante lucioase;;Bordura Streasina;Wood (imitatie lemn);0.50;buc;desfasurata 208 mm, bucata 2 m;4.14;
01. REZIDENTIAL;Accesorii tinichigerie rezidential - nuante lucioase;;Bordura Streasina;Wood (imitatie lemn);0.45;buc;desfasurata 208 mm, bucata 2 m;4.09;
01. REZIDENTIAL;Accesorii tinichigerie rezidential - nuante lucioase;;Bordura streasina;lucios;0.60;buc;desfasurata 178 mm, bucata 2 m;2.95;
01. REZIDENTIAL;Accesorii tinichigerie rezidential - nuante lucioase;;Bordura streasina;lucios;0.50;buc;desfasurata 178 mm, bucata 2 m;2.60;
01. REZIDENTIAL;Accesorii tinichigerie rezidential - nuante lucioase;;Bordura streasina;lucios;0.45;buc;desfasurata 178 mm, bucata 2 m;2.43;
01. REZIDENTIAL;Accesorii tinichigerie rezidential - nuante lucioase;;Bordura streasina;lucios;0.40;buc;desfasurata 178 mm, bucata 2 m;2.08;
01. REZIDENTIAL;Accesorii tinichigerie rezidential - nuante lucioase;;Bordura streasina;Wood (imitatie lemn);0.50;buc;desfasurata 178 mm, bucata 2 m;3.55;
01. REZIDENTIAL;Accesorii tinichigerie rezidential - nuante lucioase;;Bordura streasina;Wood (imitatie lemn);0.45;buc;desfasurata 178 mm, bucata 2 m;3.51;
01. REZIDENTIAL;Accesorii tinichigerie rezidential - nuante lucioase;;Bordura Streasina;lucios;0.60;buc;desfasurata 156 mm, bucata 2 m;2.58;
01. REZIDENTIAL;Accesorii tinichigerie rezidential - nuante lucioase;;Bordura Streasina;lucios;0.50;buc;desfasurata 156 mm, bucata 2 m;2.28;
01. REZIDENTIAL;Accesorii tinichigerie rezidential - nuante lucioase;;Bordura Streasina;lucios;0.45;buc;desfasurata 156 mm, bucata 2 m;2.12;
01. REZIDENTIAL;Accesorii tinichigerie rezidential - nuante lucioase;;Bordura Streasina;lucios;0.40;buc;desfasurata 156 mm, bucata 2 m;1.82;
01. REZIDENTIAL;Accesorii tinichigerie rezidential - nuante lucioase;;Bordura Streasina;Wood (imitatie lemn);0.50;buc;desfasurata 156 mm, bucata 2 m;3.10;
01. REZIDENTIAL;Accesorii tinichigerie rezidential - nuante lucioase;;Bordura Streasina;Wood (imitatie lemn);0.45;buc;desfasurata 156 mm, bucata 2 m;3.07;
01. REZIDENTIAL;Accesorii tinichigerie rezidential - nuante lucioase;;Fixarea placilor pe zid;lucios;0.60;buc;desfasurata 250 mm, bucata 2 m;4.13;obligatoriu pentru ROMANIC
01. REZIDENTIAL;Accesorii tinichigerie rezidential - nuante lucioase;;Fixarea placilor pe zid;lucios;0.50;buc;desfasurata 250 mm, bucata 2 m;3.64;obligatoriu pentru ROMANIC
01. REZIDENTIAL;Accesorii tinichigerie rezidential - nuante lucioase;;Fixarea placilor pe zid;lucios;0.45;buc;desfasurata 250 mm, bucata 2 m;3.40;obligatoriu pentru ROMANIC
01. REZIDENTIAL;Accesorii tinichigerie rezidential - nuante lucioase;;Fixarea placilor pe zid;lucios;0.40;buc;desfasurata 250 mm, bucata 2 m;2.91;obligatoriu pentru ROMANIC
01. REZIDENTIAL;Accesorii tinichigerie rezidential - nuante lucioase;;Fixarea placilor pe zid;Wood (imitatie lemn);0.50;buc;desfasurata 250 mm, bucata 2 m;4.97;obligatoriu pentru ROMANIC
01. REZIDENTIAL;Accesorii tinichigerie rezidential - nuante lucioase;;Fixarea placilor pe zid;Wood (imitatie lemn);0.45;buc;desfasurata 250 mm, bucata 2 m;4.91;obligatoriu pentru ROMANIC
01. REZIDENTIAL;Accesorii tinichigerie rezidential - nuante lucioase;;Fixarea placilor pe zid;lucios;0.60;buc;desfasurata 208 mm, bucata 2 m;3.44;
01. REZIDENTIAL;Accesorii tinichigerie rezidential - nuante lucioase;;Fixarea placilor pe zid;lucios;0.50;buc;desfasurata 208 mm, bucata 2 m;3.03;
01. REZIDENTIAL;Accesorii tinichigerie rezidential - nuante lucioase;;Fixarea placilor pe zid;lucios;0.45;buc;desfasurata 208 mm, bucata 2 m;2.83;
01. REZIDENTIAL;Accesorii tinichigerie rezidential - nuante lucioase;;Fixarea placilor pe zid;lucios;0.40;buc;desfasurata 208 mm, bucata 2 m;2.43;
01. REZIDENTIAL;Accesorii tinichigerie rezidential - nuante lucioase;;Fixarea placilor pe zid;Wood (imitatie lemn);0.50;buc;desfasurata 208 mm, bucata 2 m;4.14;
01. REZIDENTIAL;Accesorii tinichigerie rezidential - nuante lucioase;;Fixarea placilor pe zid;Wood (imitatie lemn);0.45;buc;desfasurata 208 mm, bucata 2 m;4.09;
01. REZIDENTIAL;Accesorii tinichigerie rezidential - nuante lucioase;;Bordura Fronton;lucios;0.60;buc;desfasurata 360 mm, bucata 2 m;6.88;obligatoriu pentru ROMANIC
01. REZIDENTIAL;Accesorii tinichigerie rezidential - nuante lucioase;;Bordura Fronton;lucios;0.50;buc;desfasurata 360 mm, bucata 2 m;6.07;obligatoriu pentru ROMANIC
01. REZIDENTIAL;Accesorii tinichigerie rezidential - nuante lucioase;;Bordura Fronton;lucios;0.45;buc;desfasurata 360 mm, bucata 2 m;5.66;obligatoriu pentru ROMANIC
01. REZIDENTIAL;Accesorii tinichigerie rezidential - nuante lucioase;;Bordura Fronton;lucios;0.40;buc;desfasurata 360 mm, bucata 2 m;4.85;obligatoriu pentru ROMANIC
01. REZIDENTIAL;Accesorii tinichigerie rezidential - nuante lucioase;;Bordura Fronton;Wood (imitatie lemn);0.50;buc;desfasurata 360 mm, bucata 2 m;8.28;obligatoriu pentru ROMANIC
01. REZIDENTIAL;Accesorii tinichigerie rezidential - nuante lucioase;;Bordura Fronton;Wood (imitatie lemn);0.45;buc;desfasurata 360 mm, bucata 2 m;8.18;obligatoriu pentru ROMANIC
01. REZIDENTIAL;Accesorii tinichigerie rezidential - nuante lucioase;;Bordura Fronton;lucios;0.60;buc;desfasurata 312 mm, bucata 2 m;5.16;
01. REZIDENTIAL;Accesorii tinichigerie rezidential - nuante lucioase;;Bordura Fronton;lucios;0.50;buc;desfasurata 312 mm, bucata 2 m;4.55;
01. REZIDENTIAL;Accesorii tinichigerie rezidential - nuante lucioase;;Bordura Fronton;lucios;0.45;buc;desfasurata 312 mm, bucata 2 m;4.25;
01. REZIDENTIAL;Accesorii tinichigerie rezidential - nuante lucioase;;Bordura Fronton;lucios;0.40;buc;desfasurata 312 mm, bucata 2 m;3.64;
01. REZIDENTIAL;Accesorii tinichigerie rezidential - nuante lucioase;;Bordura Fronton;Wood (imitatie lemn);0.50;buc;desfasurata 312 mm, bucata 2 m;6.21;
01. REZIDENTIAL;Accesorii tinichigerie rezidential - nuante lucioase;;Bordura Fronton;Wood (imitatie lemn);0.45;buc;desfasurata 312 mm, bucata 2 m;6.13;
01. REZIDENTIAL;Accesorii tinichigerie rezidential - nuante lucioase;;Bordura Fronton;lucios;0.60;buc;desfasurata 250 mm, bucata 2 m;4.13;
01. REZIDENTIAL;Accesorii tinichigerie rezidential - nuante lucioase;;Bordura Fronton;lucios;0.50;buc;desfasurata 250 mm, bucata 2 m;3.64;
01. REZIDENTIAL;Accesorii tinichigerie rezidential - nuante lucioase;;Bordura Fronton;lucios;0.45;buc;desfasurata 250 mm, bucata 2 m;3.40;
01. REZIDENTIAL;Accesorii tinichigerie rezidential - nuante lucioase;;Bordura Fronton;lucios;0.40;buc;desfasurata 250 mm, bucata 2 m;2.91;
01. REZIDENTIAL;Accesorii tinichigerie rezidential - nuante lucioase;;Bordura Fronton;Wood (imitatie lemn);0.50;buc;desfasurata 250 mm, bucata 2 m;4.97;
01. REZIDENTIAL;Accesorii tinichigerie rezidential - nuante lucioase;;Bordura Fronton;Wood (imitatie lemn);0.45;buc;desfasurata 250 mm, bucata 2 m;4.91;
01. REZIDENTIAL;Accesorii tinichigerie rezidential - nuante lucioase;;Bordura Fronton sub tigla;lucios;0.60;buc;desfasurata 312 mm, bucata 2 m;5.16;
01. REZIDENTIAL;Accesorii tinichigerie rezidential - nuante lucioase;;Bordura Fronton sub tigla;lucios;0.50;buc;desfasurata 312 mm, bucata 2 m;4.55;
01. REZIDENTIAL;Accesorii tinichigerie rezidential - nuante lucioase;;Bordura Fronton sub tigla;lucios;0.45;buc;desfasurata 312 mm, bucata 2 m;4.25;
01. REZIDENTIAL;Accesorii tinichigerie rezidential - nuante lucioase;;Bordura Fronton sub tigla;lucios;0.40;buc;desfasurata 312 mm, bucata 2 m;3.64;
01. REZIDENTIAL;Accesorii tinichigerie rezidential - nuante lucioase;;Bordura Fronton sub tigla;Wood (imitatie lemn);0.50;buc;desfasurata 312 mm, bucata 2 m;6.21;
01. REZIDENTIAL;Accesorii tinichigerie rezidential - nuante lucioase;;Bordura Fronton sub tigla;Wood (imitatie lemn);0.45;buc;desfasurata 312 mm, bucata 2 m;6.13;
01. REZIDENTIAL;Accesorii tinichigerie rezidential - nuante lucioase;;Paravant de baza;lucios;0.60;buc;desfasurata 312 mm, bucata 2 m;5.16;
01. REZIDENTIAL;Accesorii tinichigerie rezidential - nuante lucioase;;Paravant de baza;lucios;0.50;buc;desfasurata 312 mm, bucata 2 m;4.55;
01. REZIDENTIAL;Accesorii tinichigerie rezidential - nuante lucioase;;Paravant de baza;lucios;0.45;buc;desfasurata 312 mm, bucata 2 m;4.25;
01. REZIDENTIAL;Accesorii tinichigerie rezidential - nuante lucioase;;Paravant de baza;lucios;0.40;buc;desfasurata 312 mm, bucata 2 m;3.64;
01. REZIDENTIAL;Accesorii tinichigerie rezidential - nuante lucioase;;Paravant de baza;Wood (imitatie lemn);0.50;buc;desfasurata 312 mm, bucata 2 m;6.21;
01. REZIDENTIAL;Accesorii tinichigerie rezidential - nuante lucioase;;Paravant de baza;Wood (imitatie lemn);0.45;buc;desfasurata 312 mm, bucata 2 m;6.13;
01. REZIDENTIAL;Accesorii tinichigerie rezidential - nuante lucioase;;Colector Fronton;lucios;0.60;buc;desfasurata 250 mm, bucata 2 m;4.13;obligatoriu pentru ROMANIC
01. REZIDENTIAL;Accesorii tinichigerie rezidential - nuante lucioase;;Colector Fronton;lucios;0.50;buc;desfasurata 250 mm, bucata 2 m;3.64;obligatoriu pentru ROMANIC
01. REZIDENTIAL;Accesorii tinichigerie rezidential - nuante lucioase;;Colector Fronton;lucios;0.45;buc;desfasurata 250 mm, bucata 2 m;3.40;obligatoriu pentru ROMANIC
01. REZIDENTIAL;Accesorii tinichigerie rezidential - nuante lucioase;;Colector Fronton;lucios;0.40;buc;desfasurata 250 mm, bucata 2 m;2.91;obligatoriu pentru ROMANIC
01. REZIDENTIAL;Accesorii tinichigerie rezidential - nuante lucioase;;Colector Fronton;Wood (imitatie lemn);0.50;buc;desfasurata 250 mm, bucata 2 m;4.97;obligatoriu pentru ROMANIC
01. REZIDENTIAL;Accesorii tinichigerie rezidential - nuante lucioase;;Colector Fronton;Wood (imitatie lemn);0.45;buc;desfasurata 250 mm, bucata 2 m;4.91;obligatoriu pentru ROMANIC
01. REZIDENTIAL;Accesorii tinichigerie rezidential - nuante lucioase;;Colector Fronton;lucios;0.60;buc;desfasurata 156 mm, bucata 2 m;2.58;
01. REZIDENTIAL;Accesorii tinichigerie rezidential - nuante lucioase;;Colector Fronton;lucios;0.50;buc;desfasurata 156 mm, bucata 2 m;2.28;
01. REZIDENTIAL;Accesorii tinichigerie rezidential - nuante lucioase;;Colector Fronton;lucios;0.45;buc;desfasurata 156 mm, bucata 2 m;2.12;
01. REZIDENTIAL;Accesorii tinichigerie rezidential - nuante lucioase;;Colector Fronton;lucios;0.40;buc;desfasurata 156 mm, bucata 2 m;1.82;
01. REZIDENTIAL;Accesorii tinichigerie rezidential - nuante lucioase;;Colector Fronton;Wood (imitatie lemn);0.50;buc;desfasurata 156 mm, bucata 2 m;3.10;
01. REZIDENTIAL;Accesorii tinichigerie rezidential - nuante lucioase;;Colector Fronton;Wood (imitatie lemn);0.45;buc;desfasurata 156 mm, bucata 2 m;3.07;
01. REZIDENTIAL;Accesorii tinichigerie rezidential - nuante lucioase;;Ruperea pantei convexa;lucios;0.60;buc;desfasurata 250 mm, bucata 2 m;4.13;
01. REZIDENTIAL;Accesorii tinichigerie rezidential - nuante lucioase;;Ruperea pantei convexa;lucios;0.50;buc;desfasurata 250 mm, bucata 2 m;3.64;
01. REZIDENTIAL;Accesorii tinichigerie rezidential - nuante lucioase;;Ruperea pantei convexa;lucios;0.45;buc;desfasurata 250 mm, bucata 2 m;3.40;
01. REZIDENTIAL;Accesorii tinichigerie rezidential - nuante lucioase;;Ruperea pantei convexa;lucios;0.40;buc;desfasurata 250 mm, bucata 2 m;2.91;
01. REZIDENTIAL;Accesorii tinichigerie rezidential - nuante lucioase;;Ruperea pantei convexa;Wood (imitatie lemn);0.50;buc;desfasurata 250 mm, bucata 2 m;4.97;
01. REZIDENTIAL;Accesorii tinichigerie rezidential - nuante lucioase;;Ruperea pantei convexa;Wood (imitatie lemn);0.45;buc;desfasurata 250 mm, bucata 2 m;4.91;
01. REZIDENTIAL;Accesorii tinichigerie rezidential - nuante lucioase;;Ruperea pantei convexa;lucios;0.60;buc;desfasurata 208 mm, bucata 2 m;3.44;
01. REZIDENTIAL;Accesorii tinichigerie rezidential - nuante lucioase;;Ruperea pantei convexa;lucios;0.50;buc;desfasurata 208 mm, bucata 2 m;3.03;
01. REZIDENTIAL;Accesorii tinichigerie rezidential - nuante lucioase;;Ruperea pantei convexa;lucios;0.45;buc;desfasurata 208 mm, bucata 2 m;2.83;
01. REZIDENTIAL;Accesorii tinichigerie rezidential - nuante lucioase;;Ruperea pantei convexa;lucios;0.40;buc;desfasurata 208 mm, bucata 2 m;2.43;
01. REZIDENTIAL;Accesorii tinichigerie rezidential - nuante lucioase;;Ruperea pantei convexa;Wood (imitatie lemn);0.50;buc;desfasurata 208 mm, bucata 2 m;4.14;
01. REZIDENTIAL;Accesorii tinichigerie rezidential - nuante lucioase;;Ruperea pantei convexa;Wood (imitatie lemn);0.45;buc;desfasurata 208 mm, bucata 2 m;4.09;
01. REZIDENTIAL;Accesorii tinichigerie rezidential - nuante lucioase;;Ruperea pantei concava;lucios;0.60;buc;desfasurata 250 mm, bucata 2 m;4.13;
01. REZIDENTIAL;Accesorii tinichigerie rezidential - nuante lucioase;;Ruperea pantei concava;lucios;0.50;buc;desfasurata 250 mm, bucata 2 m;3.64;
01. REZIDENTIAL;Accesorii tinichigerie rezidential - nuante lucioase;;Ruperea pantei concava;lucios;0.45;buc;desfasurata 250 mm, bucata 2 m;3.40;
01. REZIDENTIAL;Accesorii tinichigerie rezidential - nuante lucioase;;Ruperea pantei concava;lucios;0.40;buc;desfasurata 250 mm, bucata 2 m;2.91;
01. REZIDENTIAL;Accesorii tinichigerie rezidential - nuante lucioase;;Ruperea pantei concava;Wood (imitatie lemn);0.50;buc;desfasurata 250 mm, bucata 2 m;4.97;
01. REZIDENTIAL;Accesorii tinichigerie rezidential - nuante lucioase;;Ruperea pantei concava;Wood (imitatie lemn);0.45;buc;desfasurata 250 mm, bucata 2 m;4.91;
01. REZIDENTIAL;Accesorii tinichigerie rezidential - nuante lucioase;;Ruperea pantei concava;lucios;0.60;buc;desfasurata 208 mm, bucata 2 m;3.44;
01. REZIDENTIAL;Accesorii tinichigerie rezidential - nuante lucioase;;Ruperea pantei concava;lucios;0.50;buc;desfasurata 208 mm, bucata 2 m;3.03;
01. REZIDENTIAL;Accesorii tinichigerie rezidential - nuante lucioase;;Ruperea pantei concava;lucios;0.45;buc;desfasurata 208 mm, bucata 2 m;2.83;
01. REZIDENTIAL;Accesorii tinichigerie rezidential - nuante lucioase;;Ruperea pantei concava;lucios;0.40;buc;desfasurata 208 mm, bucata 2 m;2.43;
01. REZIDENTIAL;Accesorii tinichigerie rezidential - nuante lucioase;;Ruperea pantei concava;Wood (imitatie lemn);0.50;buc;desfasurata 208 mm, bucata 2 m;4.14;
01. REZIDENTIAL;Accesorii tinichigerie rezidential - nuante lucioase;;Ruperea pantei concava;Wood (imitatie lemn);0.45;buc;desfasurata 208 mm, bucata 2 m;4.09;
01. REZIDENTIAL;Accesorii tinichigerie rezidential - nuante lucioase;;Dolie;lucios;0.60;buc;desfasurata 625 mm, bucata 2 m;10.31;obligatoriu pentru ROMANIC
01. REZIDENTIAL;Accesorii tinichigerie rezidential - nuante lucioase;;Dolie;lucios;0.50;buc;desfasurata 625 mm, bucata 2 m;9.10;obligatoriu pentru ROMANIC
01. REZIDENTIAL;Accesorii tinichigerie rezidential - nuante lucioase;;Dolie;lucios;0.45;buc;desfasurata 625 mm, bucata 2 m;8.49;obligatoriu pentru ROMANIC
01. REZIDENTIAL;Accesorii tinichigerie rezidential - nuante lucioase;;Dolie;lucios;0.40;buc;desfasurata 625 mm, bucata 2 m;7.28;obligatoriu pentru ROMANIC
01. REZIDENTIAL;Accesorii tinichigerie rezidential - nuante lucioase;;Dolie;Wood (imitatie lemn);0.50;buc;desfasurata 625 mm, bucata 2 m;12.42;obligatoriu pentru ROMANIC
01. REZIDENTIAL;Accesorii tinichigerie rezidential - nuante lucioase;;Dolie;Wood (imitatie lemn);0.45;buc;desfasurata 625 mm, bucata 2 m;12.27;obligatoriu pentru ROMANIC
01. REZIDENTIAL;Accesorii tinichigerie rezidential - nuante lucioase;;Dolie;lucios;0.60;buc;desfasurata 417 mm, bucata 2 m;6.88;
01. REZIDENTIAL;Accesorii tinichigerie rezidential - nuante lucioase;;Dolie;lucios;0.50;buc;desfasurata 417 mm, bucata 2 m;6.07;
01. REZIDENTIAL;Accesorii tinichigerie rezidential - nuante lucioase;;Dolie;lucios;0.45;buc;desfasurata 417 mm, bucata 2 m;5.66;
01. REZIDENTIAL;Accesorii tinichigerie rezidential - nuante lucioase;;Dolie;lucios;0.40;buc;desfasurata 417 mm, bucata 2 m;4.85;
01. REZIDENTIAL;Accesorii tinichigerie rezidential - nuante lucioase;;Dolie;Wood (imitatie lemn);0.50;buc;desfasurata 417 mm, bucata 2 m;8.28;
01. REZIDENTIAL;Accesorii tinichigerie rezidential - nuante lucioase;;Dolie;Wood (imitatie lemn);0.45;buc;desfasurata 417 mm, bucata 2 m;8.18;
01. REZIDENTIAL;Accesorii tinichigerie rezidential - nuante lucioase;;Dolie;lucios;0.60;buc;desfasurata 312 mm, bucata 2 m;5.16;
01. REZIDENTIAL;Accesorii tinichigerie rezidential - nuante lucioase;;Dolie;lucios;0.50;buc;desfasurata 312 mm, bucata 2 m;4.55;
01. REZIDENTIAL;Accesorii tinichigerie rezidential - nuante lucioase;;Dolie;lucios;0.45;buc;desfasurata 312 mm, bucata 2 m;4.25;
01. REZIDENTIAL;Accesorii tinichigerie rezidential - nuante lucioase;;Dolie;lucios;0.40;buc;desfasurata 312 mm, bucata 2 m;3.64;
01. REZIDENTIAL;Accesorii tinichigerie rezidential - nuante lucioase;;Dolie;Wood (imitatie lemn);0.50;buc;desfasurata 312 mm, bucata 2 m;6.21;
01. REZIDENTIAL;Accesorii tinichigerie rezidential - nuante lucioase;;Dolie;Wood (imitatie lemn);0.45;buc;desfasurata 312 mm, bucata 2 m;6.13;
01. REZIDENTIAL;Accesorii tinichigerie rezidential - nuante lucioase;;Bordura la perete;lucios;0.60;buc;desfasurata 250 mm, bucata 2 m;4.13;obligatoriu pentru ROMANIC
01. REZIDENTIAL;Accesorii tinichigerie rezidential - nuante lucioase;;Bordura la perete;lucios;0.50;buc;desfasurata 250 mm, bucata 2 m;3.64;obligatoriu pentru ROMANIC
01. REZIDENTIAL;Accesorii tinichigerie rezidential - nuante lucioase;;Bordura la perete;lucios;0.45;buc;desfasurata 250 mm, bucata 2 m;3.40;obligatoriu pentru ROMANIC
01. REZIDENTIAL;Accesorii tinichigerie rezidential - nuante lucioase;;Bordura la perete;lucios;0.40;buc;desfasurata 250 mm, bucata 2 m;2.91;obligatoriu pentru ROMANIC
01. REZIDENTIAL;Accesorii tinichigerie rezidential - nuante lucioase;;Bordura la perete;Wood (imitatie lemn);0.50;buc;desfasurata 250 mm, bucata 2 m;4.97;obligatoriu pentru ROMANIC
01. REZIDENTIAL;Accesorii tinichigerie rezidential - nuante lucioase;;Bordura la perete;Wood (imitatie lemn);0.45;buc;desfasurata 250 mm, bucata 2 m;4.91;obligatoriu pentru ROMANIC
01. REZIDENTIAL;Accesorii tinichigerie rezidential - nuante lucioase;;Bordura la perete;lucios;0.60;buc;desfasurata 208 mm, bucata 2 m;3.44;
01. REZIDENTIAL;Accesorii tinichigerie rezidential - nuante lucioase;;Bordura la perete;lucios;0.50;buc;desfasurata 208 mm, bucata 2 m;3.03;
01. REZIDENTIAL;Accesorii tinichigerie rezidential - nuante lucioase;;Bordura la perete;lucios;0.45;buc;desfasurata 208 mm, bucata 2 m;2.83;
01. REZIDENTIAL;Accesorii tinichigerie rezidential - nuante lucioase;;Bordura la perete;lucios;0.40;buc;desfasurata 208 mm, bucata 2 m;2.43;
01. REZIDENTIAL;Accesorii tinichigerie rezidential - nuante lucioase;;Bordura la perete;Wood (imitatie lemn);0.50;buc;desfasurata 208 mm, bucata 2 m;4.14;
01. REZIDENTIAL;Accesorii tinichigerie rezidential - nuante lucioase;;Bordura la perete;Wood (imitatie lemn);0.45;buc;desfasurata 208 mm, bucata 2 m;4.09;
01. REZIDENTIAL;Accesorii tinichigerie rezidential - nuante lucioase;;Bordura la perete;lucios;0.60;buc;desfasurata 178 mm, bucata 2 m;2.95;
01. REZIDENTIAL;Accesorii tinichigerie rezidential - nuante lucioase;;Bordura la perete;lucios;0.50;buc;desfasurata 178 mm, bucata 2 m;2.60;
01. REZIDENTIAL;Accesorii tinichigerie rezidential - nuante lucioase;;Bordura la perete;lucios;0.45;buc;desfasurata 178 mm, bucata 2 m;2.43;
01. REZIDENTIAL;Accesorii tinichigerie rezidential - nuante lucioase;;Bordura la perete;lucios;0.40;buc;desfasurata 178 mm, bucata 2 m;2.08;
01. REZIDENTIAL;Accesorii tinichigerie rezidential - nuante lucioase;;Bordura la perete;Wood (imitatie lemn);0.50;buc;desfasurata 178 mm, bucata 2 m;3.55;
01. REZIDENTIAL;Accesorii tinichigerie rezidential - nuante lucioase;;Bordura la perete;Wood (imitatie lemn);0.45;buc;desfasurata 178 mm, bucata 2 m;3.51;
01. REZIDENTIAL;Accesorii tinichigerie rezidential - nuante lucioase;;Coama unghiulara;lucios;0.60;buc;desfasurata 417 mm, bucata 2 m;6.88;
01. REZIDENTIAL;Accesorii tinichigerie rezidential - nuante lucioase;;Coama unghiulara;lucios;0.50;buc;desfasurata 417 mm, bucata 2 m;6.07;
01. REZIDENTIAL;Accesorii tinichigerie rezidential - nuante lucioase;;Coama unghiulara;lucios;0.45;buc;desfasurata 417 mm, bucata 2 m;5.66;
01. REZIDENTIAL;Accesorii tinichigerie rezidential - nuante lucioase;;Coama unghiulara;lucios;0.40;buc;desfasurata 417 mm, bucata 2 m;4.85;
01. REZIDENTIAL;Accesorii tinichigerie rezidential - nuante lucioase;;Coama unghiulara;Wood (imitatie lemn);0.50;buc;desfasurata 417 mm, bucata 2 m;8.28;
01. REZIDENTIAL;Accesorii tinichigerie rezidential - nuante lucioase;;Coama unghiulara;Wood (imitatie lemn);0.45;buc;desfasurata 417 mm, bucata 2 m;8.18;
01. REZIDENTIAL;Accesorii tinichigerie rezidential - nuante lucioase;;Coama unghiulara;lucios;0.60;buc;desfasurata 312 mm, bucata 2 m;5.16;
01. REZIDENTIAL;Accesorii tinichigerie rezidential - nuante lucioase;;Coama unghiulara;lucios;0.50;buc;desfasurata 312 mm, bucata 2 m;4.55;
01. REZIDENTIAL;Accesorii tinichigerie rezidential - nuante lucioase;;Coama unghiulara;lucios;0.45;buc;desfasurata 312 mm, bucata 2 m;4.25;
01. REZIDENTIAL;Accesorii tinichigerie rezidential - nuante lucioase;;Coama unghiulara;lucios;0.40;buc;desfasurata 312 mm, bucata 2 m;3.64;
01. REZIDENTIAL;Accesorii tinichigerie rezidential - nuante lucioase;;Coama unghiulara;Wood (imitatie lemn);0.50;buc;desfasurata 312 mm, bucata 2 m;6.21;
01. REZIDENTIAL;Accesorii tinichigerie rezidential - nuante lucioase;;Coama unghiulara;Wood (imitatie lemn);0.45;buc;desfasurata 312 mm, bucata 2 m;6.13;
01. REZIDENTIAL;Accesorii tinichigerie rezidential - nuante lucioase;;Semicoama;lucios;0.60;buc;desfasurata 312 mm, bucata 2 m;5.16;
01. REZIDENTIAL;Accesorii tinichigerie rezidential - nuante lucioase;;Semicoama;lucios;0.50;buc;desfasurata 312 mm, bucata 2 m;4.55;
01. REZIDENTIAL;Accesorii tinichigerie rezidential - nuante lucioase;;Semicoama;lucios;0.45;buc;desfasurata 312 mm, bucata 2 m;4.25;
01. REZIDENTIAL;Accesorii tinichigerie rezidential - nuante lucioase;;Semicoama;lucios;0.40;buc;desfasurata 312 mm, bucata 2 m;3.64;
01. REZIDENTIAL;Accesorii tinichigerie rezidential - nuante lucioase;;Semicoama;Wood (imitatie lemn);0.50;buc;desfasurata 312 mm, bucata 2 m;6.21;
01. REZIDENTIAL;Accesorii tinichigerie rezidential - nuante lucioase;;Semicoama;Wood (imitatie lemn);0.45;buc;desfasurata 312 mm, bucata 2 m;6.13;
01. REZIDENTIAL;Accesorii tinichigerie rezidential - nuante lucioase;;Coama unghiulara Britanic;lucios;0.60;buc;desfasurata 417 mm, bucata 2 m;6.88;
01. REZIDENTIAL;Accesorii tinichigerie rezidential - nuante lucioase;;Coama unghiulara Britanic;lucios;0.50;buc;desfasurata 417 mm, bucata 2 m;6.07;
01. REZIDENTIAL;Accesorii tinichigerie rezidential - nuante lucioase;;Coama unghiulara Britanic;lucios;0.45;buc;desfasurata 417 mm, bucata 2 m;5.66;
01. REZIDENTIAL;Accesorii tinichigerie rezidential - nuante lucioase;;Coama unghiulara Britanic;lucios;0.40;buc;desfasurata 417 mm, bucata 2 m;;Indisponibil
01. REZIDENTIAL;Accesorii tinichigerie rezidential - nuante lucioase;;Coama unghiulara Britanic;Wood (imitatie lemn);0.50;buc;desfasurata 417 mm, bucata 2 m;8.28;
01. REZIDENTIAL;Accesorii tinichigerie rezidential - nuante lucioase;;Coama unghiulara Britanic;Wood (imitatie lemn);0.45;buc;desfasurata 417 mm, bucata 2 m;8.18;
01. REZIDENTIAL;Accesorii tinichigerie rezidential - nuante lucioase;;Semicoama Britanic;lucios;0.60;buc;desfasurata 417 mm, bucata 2 m;6.88;
01. REZIDENTIAL;Accesorii tinichigerie rezidential - nuante lucioase;;Semicoama Britanic;lucios;0.50;buc;desfasurata 417 mm, bucata 2 m;6.07;
01. REZIDENTIAL;Accesorii tinichigerie rezidential - nuante lucioase;;Semicoama Britanic;lucios;0.45;buc;desfasurata 417 mm, bucata 2 m;5.66;
01. REZIDENTIAL;Accesorii tinichigerie rezidential - nuante lucioase;;Semicoama Britanic;lucios;0.40;buc;desfasurata 417 mm, bucata 2 m;;Indisponibil
01. REZIDENTIAL;Accesorii tinichigerie rezidential - nuante lucioase;;Semicoama Britanic;Wood (imitatie lemn);0.50;buc;desfasurata 417 mm, bucata 2 m;8.28;
01. REZIDENTIAL;Accesorii tinichigerie rezidential - nuante lucioase;;Semicoama Britanic;Wood (imitatie lemn);0.45;buc;desfasurata 417 mm, bucata 2 m;8.18;
01. REZIDENTIAL;Accesorii tinichigerie rezidential - nuante lucioase;;Set cos fum (4 piese);lucios;0.60;buc;bucata 2 m;20.63;set 4 piese
01. REZIDENTIAL;Accesorii tinichigerie rezidential - nuante lucioase;;Set cos fum (4 piese);lucios;0.50;buc;bucata 2 m;18.21;set 4 piese
01. REZIDENTIAL;Accesorii tinichigerie rezidential - nuante lucioase;;Set cos fum (4 piese);lucios;0.45;buc;bucata 2 m;16.98;set 4 piese
01. REZIDENTIAL;Accesorii tinichigerie rezidential - nuante lucioase;;Set cos fum (4 piese);lucios;0.40;buc;bucata 2 m;14.56;set 4 piese
01. REZIDENTIAL;Accesorii tinichigerie rezidential - nuante lucioase;;Set cos fum (4 piese);Wood (imitatie lemn);0.50;buc;bucata 2 m;24.84;set 4 piese
01. REZIDENTIAL;Accesorii tinichigerie rezidential - nuante lucioase;;Set cos fum (4 piese);Wood (imitatie lemn);0.45;buc;bucata 2 m;24.54;set 4 piese
01. REZIDENTIAL;Accesorii tinichigerie rezidential - nuante mate;;Opritor zapada;mat;0.60;buc;desfasurata 208 mm, bucata 2 m;3.58;
01. REZIDENTIAL;Accesorii tinichigerie rezidential - nuante mate;;Opritor zapada;mat;0.50;buc;desfasurata 208 mm, bucata 2 m;3.16;
01. REZIDENTIAL;Accesorii tinichigerie rezidential - nuante mate;;Opritor zapada;mat;0.45;buc;desfasurata 208 mm, bucata 2 m;3.03;
01. REZIDENTIAL;Accesorii tinichigerie rezidential - nuante mate;;Opritor zapada;mat;0.40;buc;desfasurata 208 mm, bucata 2 m;2.65;
01. REZIDENTIAL;Accesorii tinichigerie rezidential - nuante mate;;Opritor zapada;lucios RAL 8003 (alama);0.45;buc;desfasurata 208 mm, bucata 2 m;4.09;
01. REZIDENTIAL;Accesorii tinichigerie rezidential - nuante mate;;Opritor zapada;Grande Mat (GDM);0.50;buc;desfasurata 208 mm, bucata 2 m;4.14;
01. REZIDENTIAL;Accesorii tinichigerie rezidential - nuante mate;;Opritor zapada;mat;0.60;buc;desfasurata 208 mm, bucata 1.25 m;2.24;
01. REZIDENTIAL;Accesorii tinichigerie rezidential - nuante mate;;Opritor zapada;mat;0.50;buc;desfasurata 208 mm, bucata 1.25 m;1.97;
01. REZIDENTIAL;Accesorii tinichigerie rezidential - nuante mate;;Opritor zapada;mat;0.45;buc;desfasurata 208 mm, bucata 1.25 m;1.89;
01. REZIDENTIAL;Accesorii tinichigerie rezidential - nuante mate;;Opritor zapada;mat;0.40;buc;desfasurata 208 mm, bucata 1.25 m;1.65;
01. REZIDENTIAL;Accesorii tinichigerie rezidential - nuante mate;;Opritor zapada;lucios RAL 8003 (alama);0.45;buc;desfasurata 208 mm, bucata 1.25 m;2.56;
01. REZIDENTIAL;Accesorii tinichigerie rezidential - nuante mate;;Opritor zapada;Grande Mat (GDM);0.50;buc;desfasurata 208 mm, bucata 1.25 m;2.59;
01. REZIDENTIAL;Accesorii tinichigerie rezidential - nuante mate;;Opritor zapada omega;mat;0.40-0.60;buc;;0.55;pret unic pentru toate grosimile mat
01. REZIDENTIAL;Accesorii tinichigerie rezidential - nuante mate;;Opritor zapada omega;lucios RAL 8003 (alama);0.45;buc;;0.63;
01. REZIDENTIAL;Accesorii tinichigerie rezidential - nuante mate;;Opritor zapada omega;Grande Mat (GDM);0.50;buc;;0.64;
01. REZIDENTIAL;Accesorii tinichigerie rezidential - nuante mate;;Bordura Streasina;mat;0.60;buc;desfasurata 250 mm, bucata 2 m;4.29;obligatoriu pentru ROMANIC
01. REZIDENTIAL;Accesorii tinichigerie rezidential - nuante mate;;Bordura Streasina;mat;0.50;buc;desfasurata 250 mm, bucata 2 m;3.79;obligatoriu pentru ROMANIC
01. REZIDENTIAL;Accesorii tinichigerie rezidential - nuante mate;;Bordura Streasina;mat;0.45;buc;desfasurata 250 mm, bucata 2 m;3.63;obligatoriu pentru ROMANIC
01. REZIDENTIAL;Accesorii tinichigerie rezidential - nuante mate;;Bordura Streasina;mat;0.40;buc;desfasurata 250 mm, bucata 2 m;3.18;obligatoriu pentru ROMANIC
01. REZIDENTIAL;Accesorii tinichigerie rezidential - nuante mate;;Bordura Streasina;lucios RAL 8003 (alama);0.45;buc;desfasurata 250 mm, bucata 2 m;4.91;obligatoriu pentru ROMANIC
01. REZIDENTIAL;Accesorii tinichigerie rezidential - nuante mate;;Bordura Streasina;Grande Mat (GDM);0.50;buc;desfasurata 250 mm, bucata 2 m;4.97;obligatoriu pentru ROMANIC
01. REZIDENTIAL;Accesorii tinichigerie rezidential - nuante mate;;Bordura Streasina;mat;0.60;buc;desfasurata 208 mm, bucata 2 m;3.58;
01. REZIDENTIAL;Accesorii tinichigerie rezidential - nuante mate;;Bordura Streasina;mat;0.50;buc;desfasurata 208 mm, bucata 2 m;3.16;
01. REZIDENTIAL;Accesorii tinichigerie rezidential - nuante mate;;Bordura Streasina;mat;0.45;buc;desfasurata 208 mm, bucata 2 m;3.03;
01. REZIDENTIAL;Accesorii tinichigerie rezidential - nuante mate;;Bordura Streasina;mat;0.40;buc;desfasurata 208 mm, bucata 2 m;2.65;
01. REZIDENTIAL;Accesorii tinichigerie rezidential - nuante mate;;Bordura Streasina;lucios RAL 8003 (alama);0.45;buc;desfasurata 208 mm, bucata 2 m;4.09;
01. REZIDENTIAL;Accesorii tinichigerie rezidential - nuante mate;;Bordura Streasina;Grande Mat (GDM);0.50;buc;desfasurata 208 mm, bucata 2 m;4.14;
01. REZIDENTIAL;Accesorii tinichigerie rezidential - nuante mate;;Bordura streasina;mat;0.60;buc;desfasurata 178 mm, bucata 2 m;3.07;
01. REZIDENTIAL;Accesorii tinichigerie rezidential - nuante mate;;Bordura streasina;mat;0.50;buc;desfasurata 178 mm, bucata 2 m;2.71;
01. REZIDENTIAL;Accesorii tinichigerie rezidential - nuante mate;;Bordura streasina;mat;0.45;buc;desfasurata 178 mm, bucata 2 m;2.59;
01. REZIDENTIAL;Accesorii tinichigerie rezidential - nuante mate;;Bordura streasina;mat;0.40;buc;desfasurata 178 mm, bucata 2 m;2.27;
01. REZIDENTIAL;Accesorii tinichigerie rezidential - nuante mate;;Bordura streasina;lucios RAL 8003 (alama);0.45;buc;desfasurata 178 mm, bucata 2 m;3.50;
01. REZIDENTIAL;Accesorii tinichigerie rezidential - nuante mate;;Bordura streasina;Grande Mat (GDM);0.50;buc;desfasurata 178 mm, bucata 2 m;3.55;
01. REZIDENTIAL;Accesorii tinichigerie rezidential - nuante mate;;Bordura Streasina;mat;0.60;buc;desfasurata 156 mm, bucata 2 m;2.68;
01. REZIDENTIAL;Accesorii tinichigerie rezidential - nuante mate;;Bordura Streasina;mat;0.50;buc;desfasurata 156 mm, bucata 2 m;2.37;
01. REZIDENTIAL;Accesorii tinichigerie rezidential - nuante mate;;Bordura Streasina;mat;0.45;buc;desfasurata 156 mm, bucata 2 m;2.27;
01. REZIDENTIAL;Accesorii tinichigerie rezidential - nuante mate;;Bordura Streasina;mat;0.40;buc;desfasurata 156 mm, bucata 2 m;1.99;
01. REZIDENTIAL;Accesorii tinichigerie rezidential - nuante mate;;Bordura Streasina;lucios RAL 8003 (alama);0.45;buc;desfasurata 156 mm, bucata 2 m;3.07;
01. REZIDENTIAL;Accesorii tinichigerie rezidential - nuante mate;;Bordura Streasina;Grande Mat (GDM);0.50;buc;desfasurata 156 mm, bucata 2 m;3.10;
01. REZIDENTIAL;Accesorii tinichigerie rezidential - nuante mate;;Fixarea placilor pe zid;mat;0.60;buc;desfasurata 250 mm, bucata 2 m;4.29;obligatoriu pentru ROMANIC
01. REZIDENTIAL;Accesorii tinichigerie rezidential - nuante mate;;Fixarea placilor pe zid;mat;0.50;buc;desfasurata 250 mm, bucata 2 m;3.79;obligatoriu pentru ROMANIC
01. REZIDENTIAL;Accesorii tinichigerie rezidential - nuante mate;;Fixarea placilor pe zid;mat;0.45;buc;desfasurata 250 mm, bucata 2 m;3.63;obligatoriu pentru ROMANIC
01. REZIDENTIAL;Accesorii tinichigerie rezidential - nuante mate;;Fixarea placilor pe zid;mat;0.40;buc;desfasurata 250 mm, bucata 2 m;3.18;obligatoriu pentru ROMANIC
01. REZIDENTIAL;Accesorii tinichigerie rezidential - nuante mate;;Fixarea placilor pe zid;lucios RAL 8003 (alama);0.45;buc;desfasurata 250 mm, bucata 2 m;4.91;obligatoriu pentru ROMANIC
01. REZIDENTIAL;Accesorii tinichigerie rezidential - nuante mate;;Fixarea placilor pe zid;Grande Mat (GDM);0.50;buc;desfasurata 250 mm, bucata 2 m;4.97;obligatoriu pentru ROMANIC
01. REZIDENTIAL;Accesorii tinichigerie rezidential - nuante mate;;Fixarea placilor pe zid;mat;0.60;buc;desfasurata 208 mm, bucata 2 m;3.58;
01. REZIDENTIAL;Accesorii tinichigerie rezidential - nuante mate;;Fixarea placilor pe zid;mat;0.50;buc;desfasurata 208 mm, bucata 2 m;3.16;
01. REZIDENTIAL;Accesorii tinichigerie rezidential - nuante mate;;Fixarea placilor pe zid;mat;0.45;buc;desfasurata 208 mm, bucata 2 m;3.03;
01. REZIDENTIAL;Accesorii tinichigerie rezidential - nuante mate;;Fixarea placilor pe zid;mat;0.40;buc;desfasurata 208 mm, bucata 2 m;2.65;
01. REZIDENTIAL;Accesorii tinichigerie rezidential - nuante mate;;Fixarea placilor pe zid;lucios RAL 8003 (alama);0.45;buc;desfasurata 208 mm, bucata 2 m;4.09;
01. REZIDENTIAL;Accesorii tinichigerie rezidential - nuante mate;;Fixarea placilor pe zid;Grande Mat (GDM);0.50;buc;desfasurata 208 mm, bucata 2 m;4.14;
01. REZIDENTIAL;Accesorii tinichigerie rezidential - nuante mate;;Bordura Fronton;mat;0.60;buc;desfasurata 360 mm, bucata 2 m;7.16;obligatoriu pentru ROMANIC
01. REZIDENTIAL;Accesorii tinichigerie rezidential - nuante mate;;Bordura Fronton;mat;0.50;buc;desfasurata 360 mm, bucata 2 m;6.32;obligatoriu pentru ROMANIC
01. REZIDENTIAL;Accesorii tinichigerie rezidential - nuante mate;;Bordura Fronton;mat;0.45;buc;desfasurata 360 mm, bucata 2 m;6.05;obligatoriu pentru ROMANIC
01. REZIDENTIAL;Accesorii tinichigerie rezidential - nuante mate;;Bordura Fronton;mat;0.40;buc;desfasurata 360 mm, bucata 2 m;5.30;obligatoriu pentru ROMANIC
01. REZIDENTIAL;Accesorii tinichigerie rezidential - nuante mate;;Bordura Fronton;lucios RAL 8003 (alama);0.45;buc;desfasurata 360 mm, bucata 2 m;8.18;obligatoriu pentru ROMANIC
01. REZIDENTIAL;Accesorii tinichigerie rezidential - nuante mate;;Bordura Fronton;Grande Mat (GDM);0.50;buc;desfasurata 360 mm, bucata 2 m;8.28;obligatoriu pentru ROMANIC
01. REZIDENTIAL;Accesorii tinichigerie rezidential - nuante mate;;Bordura Fronton;mat;0.60;buc;desfasurata 312 mm, bucata 2 m;5.37;
01. REZIDENTIAL;Accesorii tinichigerie rezidential - nuante mate;;Bordura Fronton;mat;0.50;buc;desfasurata 312 mm, bucata 2 m;4.74;
01. REZIDENTIAL;Accesorii tinichigerie rezidential - nuante mate;;Bordura Fronton;mat;0.45;buc;desfasurata 312 mm, bucata 2 m;4.54;
01. REZIDENTIAL;Accesorii tinichigerie rezidential - nuante mate;;Bordura Fronton;mat;0.40;buc;desfasurata 312 mm, bucata 2 m;3.97;
01. REZIDENTIAL;Accesorii tinichigerie rezidential - nuante mate;;Bordura Fronton;lucios RAL 8003 (alama);0.45;buc;desfasurata 312 mm, bucata 2 m;6.13;
01. REZIDENTIAL;Accesorii tinichigerie rezidential - nuante mate;;Bordura Fronton;Grande Mat (GDM);0.50;buc;desfasurata 312 mm, bucata 2 m;6.21;
01. REZIDENTIAL;Accesorii tinichigerie rezidential - nuante mate;;Bordura Fronton;mat;0.60;buc;desfasurata 250 mm, bucata 2 m;4.29;
01. REZIDENTIAL;Accesorii tinichigerie rezidential - nuante mate;;Bordura Fronton;mat;0.50;buc;desfasurata 250 mm, bucata 2 m;3.79;
01. REZIDENTIAL;Accesorii tinichigerie rezidential - nuante mate;;Bordura Fronton;mat;0.45;buc;desfasurata 250 mm, bucata 2 m;3.63;
01. REZIDENTIAL;Accesorii tinichigerie rezidential - nuante mate;;Bordura Fronton;mat;0.40;buc;desfasurata 250 mm, bucata 2 m;3.18;
01. REZIDENTIAL;Accesorii tinichigerie rezidential - nuante mate;;Bordura Fronton;lucios RAL 8003 (alama);0.45;buc;desfasurata 250 mm, bucata 2 m;4.91;
01. REZIDENTIAL;Accesorii tinichigerie rezidential - nuante mate;;Bordura Fronton;Grande Mat (GDM);0.50;buc;desfasurata 250 mm, bucata 2 m;4.97;
01. REZIDENTIAL;Accesorii tinichigerie rezidential - nuante mate;;Bordura Fronton sub tigla;mat;0.60;buc;desfasurata 312 mm, bucata 2 m;5.37;
01. REZIDENTIAL;Accesorii tinichigerie rezidential - nuante mate;;Bordura Fronton sub tigla;mat;0.50;buc;desfasurata 312 mm, bucata 2 m;4.74;
01. REZIDENTIAL;Accesorii tinichigerie rezidential - nuante mate;;Bordura Fronton sub tigla;mat;0.45;buc;desfasurata 312 mm, bucata 2 m;4.54;
01. REZIDENTIAL;Accesorii tinichigerie rezidential - nuante mate;;Bordura Fronton sub tigla;mat;0.40;buc;desfasurata 312 mm, bucata 2 m;3.97;
01. REZIDENTIAL;Accesorii tinichigerie rezidential - nuante mate;;Bordura Fronton sub tigla;lucios RAL 8003 (alama);0.45;buc;desfasurata 312 mm, bucata 2 m;6.13;
01. REZIDENTIAL;Accesorii tinichigerie rezidential - nuante mate;;Bordura Fronton sub tigla;Grande Mat (GDM);0.50;buc;desfasurata 312 mm, bucata 2 m;6.21;
01. REZIDENTIAL;Accesorii tinichigerie rezidential - nuante mate;;Paravant de baza;mat;0.60;buc;desfasurata 312 mm, bucata 2 m;5.37;
01. REZIDENTIAL;Accesorii tinichigerie rezidential - nuante mate;;Paravant de baza;mat;0.50;buc;desfasurata 312 mm, bucata 2 m;4.74;
01. REZIDENTIAL;Accesorii tinichigerie rezidential - nuante mate;;Paravant de baza;mat;0.45;buc;desfasurata 312 mm, bucata 2 m;4.54;
01. REZIDENTIAL;Accesorii tinichigerie rezidential - nuante mate;;Paravant de baza;mat;0.40;buc;desfasurata 312 mm, bucata 2 m;3.97;
01. REZIDENTIAL;Accesorii tinichigerie rezidential - nuante mate;;Paravant de baza;lucios RAL 8003 (alama);0.45;buc;desfasurata 312 mm, bucata 2 m;6.13;
01. REZIDENTIAL;Accesorii tinichigerie rezidential - nuante mate;;Paravant de baza;Grande Mat (GDM);0.50;buc;desfasurata 312 mm, bucata 2 m;6.21;
01. REZIDENTIAL;Accesorii tinichigerie rezidential - nuante mate;;Colector Fronton;mat;0.60;buc;desfasurata 250 mm, bucata 2 m;4.29;obligatoriu pentru ROMANIC
01. REZIDENTIAL;Accesorii tinichigerie rezidential - nuante mate;;Colector Fronton;mat;0.50;buc;desfasurata 250 mm, bucata 2 m;3.79;obligatoriu pentru ROMANIC
01. REZIDENTIAL;Accesorii tinichigerie rezidential - nuante mate;;Colector Fronton;mat;0.45;buc;desfasurata 250 mm, bucata 2 m;3.63;obligatoriu pentru ROMANIC
01. REZIDENTIAL;Accesorii tinichigerie rezidential - nuante mate;;Colector Fronton;mat;0.40;buc;desfasurata 250 mm, bucata 2 m;3.18;obligatoriu pentru ROMANIC
01. REZIDENTIAL;Accesorii tinichigerie rezidential - nuante mate;;Colector Fronton;lucios RAL 8003 (alama);0.45;buc;desfasurata 250 mm, bucata 2 m;4.91;obligatoriu pentru ROMANIC
01. REZIDENTIAL;Accesorii tinichigerie rezidential - nuante mate;;Colector Fronton;Grande Mat (GDM);0.50;buc;desfasurata 250 mm, bucata 2 m;4.97;obligatoriu pentru ROMANIC
01. REZIDENTIAL;Accesorii tinichigerie rezidential - nuante mate;;Colector Fronton;mat;0.60;buc;desfasurata 156 mm, bucata 2 m;2.68;
01. REZIDENTIAL;Accesorii tinichigerie rezidential - nuante mate;;Colector Fronton;mat;0.50;buc;desfasurata 156 mm, bucata 2 m;2.37;
01. REZIDENTIAL;Accesorii tinichigerie rezidential - nuante mate;;Colector Fronton;mat;0.45;buc;desfasurata 156 mm, bucata 2 m;2.27;
01. REZIDENTIAL;Accesorii tinichigerie rezidential - nuante mate;;Colector Fronton;mat;0.40;buc;desfasurata 156 mm, bucata 2 m;1.99;
01. REZIDENTIAL;Accesorii tinichigerie rezidential - nuante mate;;Colector Fronton;lucios RAL 8003 (alama);0.45;buc;desfasurata 156 mm, bucata 2 m;3.07;
01. REZIDENTIAL;Accesorii tinichigerie rezidential - nuante mate;;Colector Fronton;Grande Mat (GDM);0.50;buc;desfasurata 156 mm, bucata 2 m;3.10;
01. REZIDENTIAL;Accesorii tinichigerie rezidential - nuante mate;;Ruperea pantei convexa;mat;0.60;buc;desfasurata 250 mm, bucata 2 m;4.29;
01. REZIDENTIAL;Accesorii tinichigerie rezidential - nuante mate;;Ruperea pantei convexa;mat;0.50;buc;desfasurata 250 mm, bucata 2 m;3.79;
01. REZIDENTIAL;Accesorii tinichigerie rezidential - nuante mate;;Ruperea pantei convexa;mat;0.45;buc;desfasurata 250 mm, bucata 2 m;3.63;
01. REZIDENTIAL;Accesorii tinichigerie rezidential - nuante mate;;Ruperea pantei convexa;mat;0.40;buc;desfasurata 250 mm, bucata 2 m;3.18;
01. REZIDENTIAL;Accesorii tinichigerie rezidential - nuante mate;;Ruperea pantei convexa;lucios RAL 8003 (alama);0.45;buc;desfasurata 250 mm, bucata 2 m;4.91;
01. REZIDENTIAL;Accesorii tinichigerie rezidential - nuante mate;;Ruperea pantei convexa;Grande Mat (GDM);0.50;buc;desfasurata 250 mm, bucata 2 m;4.97;
01. REZIDENTIAL;Accesorii tinichigerie rezidential - nuante mate;;Ruperea pantei convexa;mat;0.60;buc;desfasurata 208 mm, bucata 2 m;3.58;
01. REZIDENTIAL;Accesorii tinichigerie rezidential - nuante mate;;Ruperea pantei convexa;mat;0.50;buc;desfasurata 208 mm, bucata 2 m;3.16;
01. REZIDENTIAL;Accesorii tinichigerie rezidential - nuante mate;;Ruperea pantei convexa;mat;0.45;buc;desfasurata 208 mm, bucata 2 m;3.03;
01. REZIDENTIAL;Accesorii tinichigerie rezidential - nuante mate;;Ruperea pantei convexa;mat;0.40;buc;desfasurata 208 mm, bucata 2 m;2.65;
01. REZIDENTIAL;Accesorii tinichigerie rezidential - nuante mate;;Ruperea pantei convexa;lucios RAL 8003 (alama);0.45;buc;desfasurata 208 mm, bucata 2 m;4.09;
01. REZIDENTIAL;Accesorii tinichigerie rezidential - nuante mate;;Ruperea pantei convexa;Grande Mat (GDM);0.50;buc;desfasurata 208 mm, bucata 2 m;4.14;
01. REZIDENTIAL;Accesorii tinichigerie rezidential - nuante mate;;Ruperea pantei concava;mat;0.60;buc;desfasurata 250 mm, bucata 2 m;4.29;
01. REZIDENTIAL;Accesorii tinichigerie rezidential - nuante mate;;Ruperea pantei concava;mat;0.50;buc;desfasurata 250 mm, bucata 2 m;3.79;
01. REZIDENTIAL;Accesorii tinichigerie rezidential - nuante mate;;Ruperea pantei concava;mat;0.45;buc;desfasurata 250 mm, bucata 2 m;3.63;
01. REZIDENTIAL;Accesorii tinichigerie rezidential - nuante mate;;Ruperea pantei concava;mat;0.40;buc;desfasurata 250 mm, bucata 2 m;3.18;
01. REZIDENTIAL;Accesorii tinichigerie rezidential - nuante mate;;Ruperea pantei concava;lucios RAL 8003 (alama);0.45;buc;desfasurata 250 mm, bucata 2 m;4.91;
01. REZIDENTIAL;Accesorii tinichigerie rezidential - nuante mate;;Ruperea pantei concava;Grande Mat (GDM);0.50;buc;desfasurata 250 mm, bucata 2 m;4.97;
01. REZIDENTIAL;Accesorii tinichigerie rezidential - nuante mate;;Ruperea pantei concava;mat;0.60;buc;desfasurata 208 mm, bucata 2 m;3.58;
01. REZIDENTIAL;Accesorii tinichigerie rezidential - nuante mate;;Ruperea pantei concava;mat;0.50;buc;desfasurata 208 mm, bucata 2 m;3.16;
01. REZIDENTIAL;Accesorii tinichigerie rezidential - nuante mate;;Ruperea pantei concava;mat;0.45;buc;desfasurata 208 mm, bucata 2 m;3.03;
01. REZIDENTIAL;Accesorii tinichigerie rezidential - nuante mate;;Ruperea pantei concava;mat;0.40;buc;desfasurata 208 mm, bucata 2 m;2.65;
01. REZIDENTIAL;Accesorii tinichigerie rezidential - nuante mate;;Ruperea pantei concava;lucios RAL 8003 (alama);0.45;buc;desfasurata 208 mm, bucata 2 m;4.09;
01. REZIDENTIAL;Accesorii tinichigerie rezidential - nuante mate;;Ruperea pantei concava;Grande Mat (GDM);0.50;buc;desfasurata 208 mm, bucata 2 m;4.14;
01. REZIDENTIAL;Accesorii tinichigerie rezidential - nuante mate;;Dolie;mat;0.60;buc;desfasurata 625 mm, bucata 2 m;10.74;obligatoriu pentru ROMANIC
01. REZIDENTIAL;Accesorii tinichigerie rezidential - nuante mate;;Dolie;mat;0.50;buc;desfasurata 625 mm, bucata 2 m;9.47;obligatoriu pentru ROMANIC
01. REZIDENTIAL;Accesorii tinichigerie rezidential - nuante mate;;Dolie;mat;0.45;buc;desfasurata 625 mm, bucata 2 m;9.08;obligatoriu pentru ROMANIC
01. REZIDENTIAL;Accesorii tinichigerie rezidential - nuante mate;;Dolie;mat;0.40;buc;desfasurata 625 mm, bucata 2 m;7.94;obligatoriu pentru ROMANIC
01. REZIDENTIAL;Accesorii tinichigerie rezidential - nuante mate;;Dolie;lucios RAL 8003 (alama);0.45;buc;desfasurata 625 mm, bucata 2 m;12.27;obligatoriu pentru ROMANIC
01. REZIDENTIAL;Accesorii tinichigerie rezidential - nuante mate;;Dolie;Grande Mat (GDM);0.50;buc;desfasurata 625 mm, bucata 2 m;12.42;obligatoriu pentru ROMANIC
01. REZIDENTIAL;Accesorii tinichigerie rezidential - nuante mate;;Dolie;mat;0.60;buc;desfasurata 417 mm, bucata 2 m;7.16;
01. REZIDENTIAL;Accesorii tinichigerie rezidential - nuante mate;;Dolie;mat;0.50;buc;desfasurata 417 mm, bucata 2 m;6.32;
01. REZIDENTIAL;Accesorii tinichigerie rezidential - nuante mate;;Dolie;mat;0.45;buc;desfasurata 417 mm, bucata 2 m;6.05;
01. REZIDENTIAL;Accesorii tinichigerie rezidential - nuante mate;;Dolie;mat;0.40;buc;desfasurata 417 mm, bucata 2 m;5.30;
01. REZIDENTIAL;Accesorii tinichigerie rezidential - nuante mate;;Dolie;lucios RAL 8003 (alama);0.45;buc;desfasurata 417 mm, bucata 2 m;8.18;
01. REZIDENTIAL;Accesorii tinichigerie rezidential - nuante mate;;Dolie;Grande Mat (GDM);0.50;buc;desfasurata 417 mm, bucata 2 m;8.28;
01. REZIDENTIAL;Accesorii tinichigerie rezidential - nuante mate;;Dolie;mat;0.60;buc;desfasurata 312 mm, bucata 2 m;5.37;
01. REZIDENTIAL;Accesorii tinichigerie rezidential - nuante mate;;Dolie;mat;0.50;buc;desfasurata 312 mm, bucata 2 m;4.74;
01. REZIDENTIAL;Accesorii tinichigerie rezidential - nuante mate;;Dolie;mat;0.45;buc;desfasurata 312 mm, bucata 2 m;4.54;
01. REZIDENTIAL;Accesorii tinichigerie rezidential - nuante mate;;Dolie;mat;0.40;buc;desfasurata 312 mm, bucata 2 m;3.97;
01. REZIDENTIAL;Accesorii tinichigerie rezidential - nuante mate;;Dolie;lucios RAL 8003 (alama);0.45;buc;desfasurata 312 mm, bucata 2 m;6.13;
01. REZIDENTIAL;Accesorii tinichigerie rezidential - nuante mate;;Dolie;Grande Mat (GDM);0.50;buc;desfasurata 312 mm, bucata 2 m;6.21;
01. REZIDENTIAL;Accesorii tinichigerie rezidential - nuante mate;;Bordura la perete;mat;0.60;buc;desfasurata 250 mm, bucata 2 m;4.29;obligatoriu pentru ROMANIC
01. REZIDENTIAL;Accesorii tinichigerie rezidential - nuante mate;;Bordura la perete;mat;0.50;buc;desfasurata 250 mm, bucata 2 m;3.79;obligatoriu pentru ROMANIC
01. REZIDENTIAL;Accesorii tinichigerie rezidential - nuante mate;;Bordura la perete;mat;0.45;buc;desfasurata 250 mm, bucata 2 m;3.63;obligatoriu pentru ROMANIC
01. REZIDENTIAL;Accesorii tinichigerie rezidential - nuante mate;;Bordura la perete;mat;0.40;buc;desfasurata 250 mm, bucata 2 m;3.18;obligatoriu pentru ROMANIC
01. REZIDENTIAL;Accesorii tinichigerie rezidential - nuante mate;;Bordura la perete;lucios RAL 8003 (alama);0.45;buc;desfasurata 250 mm, bucata 2 m;4.91;obligatoriu pentru ROMANIC
01. REZIDENTIAL;Accesorii tinichigerie rezidential - nuante mate;;Bordura la perete;Grande Mat (GDM);0.50;buc;desfasurata 250 mm, bucata 2 m;4.97;obligatoriu pentru ROMANIC
01. REZIDENTIAL;Accesorii tinichigerie rezidential - nuante mate;;Bordura la perete;mat;0.60;buc;desfasurata 208 mm, bucata 2 m;3.58;
01. REZIDENTIAL;Accesorii tinichigerie rezidential - nuante mate;;Bordura la perete;mat;0.50;buc;desfasurata 208 mm, bucata 2 m;3.16;
01. REZIDENTIAL;Accesorii tinichigerie rezidential - nuante mate;;Bordura la perete;mat;0.45;buc;desfasurata 208 mm, bucata 2 m;3.03;
01. REZIDENTIAL;Accesorii tinichigerie rezidential - nuante mate;;Bordura la perete;mat;0.40;buc;desfasurata 208 mm, bucata 2 m;2.65;
01. REZIDENTIAL;Accesorii tinichigerie rezidential - nuante mate;;Bordura la perete;lucios RAL 8003 (alama);0.45;buc;desfasurata 208 mm, bucata 2 m;4.09;
01. REZIDENTIAL;Accesorii tinichigerie rezidential - nuante mate;;Bordura la perete;Grande Mat (GDM);0.50;buc;desfasurata 208 mm, bucata 2 m;4.14;
01. REZIDENTIAL;Accesorii tinichigerie rezidential - nuante mate;;Bordura la perete;mat;0.60;buc;desfasurata 178 mm, bucata 2 m;3.07;
01. REZIDENTIAL;Accesorii tinichigerie rezidential - nuante mate;;Bordura la perete;mat;0.50;buc;desfasurata 178 mm, bucata 2 m;2.71;
01. REZIDENTIAL;Accesorii tinichigerie rezidential - nuante mate;;Bordura la perete;mat;0.45;buc;desfasurata 178 mm, bucata 2 m;2.59;
01. REZIDENTIAL;Accesorii tinichigerie rezidential - nuante mate;;Bordura la perete;mat;0.40;buc;desfasurata 178 mm, bucata 2 m;2.27;
01. REZIDENTIAL;Accesorii tinichigerie rezidential - nuante mate;;Bordura la perete;lucios RAL 8003 (alama);0.45;buc;desfasurata 178 mm, bucata 2 m;3.50;
01. REZIDENTIAL;Accesorii tinichigerie rezidential - nuante mate;;Bordura la perete;Grande Mat (GDM);0.50;buc;desfasurata 178 mm, bucata 2 m;3.55;
01. REZIDENTIAL;Accesorii tinichigerie rezidential - nuante mate;;Coama unghiulara;mat;0.60;buc;desfasurata 417 mm, bucata 2 m;7.16;
01. REZIDENTIAL;Accesorii tinichigerie rezidential - nuante mate;;Coama unghiulara;mat;0.50;buc;desfasurata 417 mm, bucata 2 m;6.32;
01. REZIDENTIAL;Accesorii tinichigerie rezidential - nuante mate;;Coama unghiulara;mat;0.45;buc;desfasurata 417 mm, bucata 2 m;6.05;
01. REZIDENTIAL;Accesorii tinichigerie rezidential - nuante mate;;Coama unghiulara;mat;0.40;buc;desfasurata 417 mm, bucata 2 m;5.30;
01. REZIDENTIAL;Accesorii tinichigerie rezidential - nuante mate;;Coama unghiulara;lucios RAL 8003 (alama);0.45;buc;desfasurata 417 mm, bucata 2 m;8.18;
01. REZIDENTIAL;Accesorii tinichigerie rezidential - nuante mate;;Coama unghiulara;Grande Mat (GDM);0.50;buc;desfasurata 417 mm, bucata 2 m;8.28;
01. REZIDENTIAL;Accesorii tinichigerie rezidential - nuante mate;;Coama unghiulara;mat;0.60;buc;desfasurata 312 mm, bucata 2 m;5.37;
01. REZIDENTIAL;Accesorii tinichigerie rezidential - nuante mate;;Coama unghiulara;mat;0.50;buc;desfasurata 312 mm, bucata 2 m;4.74;
01. REZIDENTIAL;Accesorii tinichigerie rezidential - nuante mate;;Coama unghiulara;mat;0.45;buc;desfasurata 312 mm, bucata 2 m;4.54;
01. REZIDENTIAL;Accesorii tinichigerie rezidential - nuante mate;;Coama unghiulara;mat;0.40;buc;desfasurata 312 mm, bucata 2 m;3.97;
01. REZIDENTIAL;Accesorii tinichigerie rezidential - nuante mate;;Coama unghiulara;lucios RAL 8003 (alama);0.45;buc;desfasurata 312 mm, bucata 2 m;6.13;
01. REZIDENTIAL;Accesorii tinichigerie rezidential - nuante mate;;Coama unghiulara;Grande Mat (GDM);0.50;buc;desfasurata 312 mm, bucata 2 m;6.21;
01. REZIDENTIAL;Accesorii tinichigerie rezidential - nuante mate;;Semicoama;mat;0.60;buc;desfasurata 312 mm, bucata 2 m;5.37;
01. REZIDENTIAL;Accesorii tinichigerie rezidential - nuante mate;;Semicoama;mat;0.50;buc;desfasurata 312 mm, bucata 2 m;4.74;
01. REZIDENTIAL;Accesorii tinichigerie rezidential - nuante mate;;Semicoama;mat;0.45;buc;desfasurata 312 mm, bucata 2 m;4.54;
01. REZIDENTIAL;Accesorii tinichigerie rezidential - nuante mate;;Semicoama;mat;0.40;buc;desfasurata 312 mm, bucata 2 m;3.97;
01. REZIDENTIAL;Accesorii tinichigerie rezidential - nuante mate;;Semicoama;lucios RAL 8003 (alama);0.45;buc;desfasurata 312 mm, bucata 2 m;6.13;
01. REZIDENTIAL;Accesorii tinichigerie rezidential - nuante mate;;Semicoama;Grande Mat (GDM);0.50;buc;desfasurata 312 mm, bucata 2 m;6.21;
01. REZIDENTIAL;Accesorii tinichigerie rezidential - nuante mate;;Coama unghiulara Britanic;mat;0.60;buc;desfasurata 417 mm, bucata 2 m;7.16;
01. REZIDENTIAL;Accesorii tinichigerie rezidential - nuante mate;;Coama unghiulara Britanic;mat;0.50;buc;desfasurata 417 mm, bucata 2 m;6.32;
01. REZIDENTIAL;Accesorii tinichigerie rezidential - nuante mate;;Coama unghiulara Britanic;mat;0.45;buc;desfasurata 417 mm, bucata 2 m;6.05;
01. REZIDENTIAL;Accesorii tinichigerie rezidential - nuante mate;;Coama unghiulara Britanic;mat;0.40;buc;desfasurata 417 mm, bucata 2 m;;Indisponibil
01. REZIDENTIAL;Accesorii tinichigerie rezidential - nuante mate;;Coama unghiulara Britanic;lucios RAL 8003 (alama);0.45;buc;desfasurata 417 mm, bucata 2 m;8.18;
01. REZIDENTIAL;Accesorii tinichigerie rezidential - nuante mate;;Coama unghiulara Britanic;Grande Mat (GDM);0.50;buc;desfasurata 417 mm, bucata 2 m;8.28;
01. REZIDENTIAL;Accesorii tinichigerie rezidential - nuante mate;;Semicoama Britanic;mat;0.60;buc;desfasurata 417 mm, bucata 2 m;7.16;
01. REZIDENTIAL;Accesorii tinichigerie rezidential - nuante mate;;Semicoama Britanic;mat;0.50;buc;desfasurata 417 mm, bucata 2 m;6.32;
01. REZIDENTIAL;Accesorii tinichigerie rezidential - nuante mate;;Semicoama Britanic;mat;0.45;buc;desfasurata 417 mm, bucata 2 m;6.05;
01. REZIDENTIAL;Accesorii tinichigerie rezidential - nuante mate;;Semicoama Britanic;mat;0.40;buc;desfasurata 417 mm, bucata 2 m;;Indisponibil
01. REZIDENTIAL;Accesorii tinichigerie rezidential - nuante mate;;Semicoama Britanic;lucios RAL 8003 (alama);0.45;buc;desfasurata 417 mm, bucata 2 m;8.18;
01. REZIDENTIAL;Accesorii tinichigerie rezidential - nuante mate;;Semicoama Britanic;Grande Mat (GDM);0.50;buc;desfasurata 417 mm, bucata 2 m;8.28;
01. REZIDENTIAL;Accesorii tinichigerie rezidential - nuante mate;;Set cos fum (4 piese);mat;0.60;buc;bucata 2 m;21.47;set 4 piese
01. REZIDENTIAL;Accesorii tinichigerie rezidential - nuante mate;;Set cos fum (4 piese);mat;0.50;buc;bucata 2 m;18.95;set 4 piese
01. REZIDENTIAL;Accesorii tinichigerie rezidential - nuante mate;;Set cos fum (4 piese);mat;0.45;buc;bucata 2 m;18.16;set 4 piese
01. REZIDENTIAL;Accesorii tinichigerie rezidential - nuante mate;;Set cos fum (4 piese);mat;0.40;buc;bucata 2 m;15.89;set 4 piese
01. REZIDENTIAL;Accesorii tinichigerie rezidential - nuante mate;;Set cos fum (4 piese);lucios RAL 8003 (alama);0.45;buc;bucata 2 m;24.53;set 4 piese
01. REZIDENTIAL;Accesorii tinichigerie rezidential - nuante mate;;Set cos fum (4 piese);Grande Mat (GDM);0.50;buc;bucata 2 m;24.84;set 4 piese
03. SISTEM PLUVIAL COLORAT;Sistem pluvial BILKA colorat (lucios);;Jgheab de scurgere 125 / 4m;lucios (colorat);;buc;5 buc / pachet, bucata 4 m;8.42;sistem 125/90
03. SISTEM PLUVIAL COLORAT;Sistem pluvial BILKA colorat (lucios);;Jgheab de scurgere 125 / 3m;lucios (colorat);;buc;5 buc / pachet, bucata 3 m;6.31;sistem 125/90
03. SISTEM PLUVIAL COLORAT;Sistem pluvial BILKA colorat (lucios);;Jgheab de scurgere 125 / 2m;lucios (colorat);;buc;5 buc / pachet, bucata 2 m;4.21;sistem 125/90
03. SISTEM PLUVIAL COLORAT;Sistem pluvial BILKA colorat (lucios);;Burlan de scurgere a apei 90 / 3m;lucios (colorat);;buc;2 buc / pachet, bucata 3 m;7.79;sistem 125/90
03. SISTEM PLUVIAL COLORAT;Sistem pluvial BILKA colorat (lucios);;Carlig jgheab 125 / 210 mm;lucios (colorat);;buc;60 buc / cutie;1.41;sistem 125/90
03. SISTEM PLUVIAL COLORAT;Sistem pluvial BILKA colorat (lucios);;Carlig jgheab 125 / 160 mm;lucios (colorat);;buc;100 buc / cutie;1.24;sistem 125/90
03. SISTEM PLUVIAL COLORAT;Sistem pluvial BILKA colorat (lucios);;Carlig jgheab 125 / combi;lucios (colorat);;buc;100 buc / cutie;1.22;sistem 125/90
03. SISTEM PLUVIAL COLORAT;Sistem pluvial BILKA colorat (lucios);;Carlig jgheab rasucit 125;lucios (colorat);;buc;70 buc / cutie;1.54;sistem 125/90
03. SISTEM PLUVIAL COLORAT;Sistem pluvial BILKA colorat (lucios);;Carlig jgheab 125 reglabil;lucios (colorat);;buc;50 buc / cutie;1.12;sistem 125/90
03. SISTEM PLUVIAL COLORAT;Sistem pluvial BILKA colorat (lucios);;Brida jgheab;lucios (colorat);;buc;600 buc / cutie;0.65;sistem 125/90
03. SISTEM PLUVIAL COLORAT;Sistem pluvial BILKA colorat (lucios);;Colier burlan 90;lucios (colorat);;buc;100 buc / cutie;0.83;sistem 125/90
03. SISTEM PLUVIAL COLORAT;Sistem pluvial BILKA colorat (lucios);;Bratara burlan 90;lucios (colorat);;buc;50 buc / cutie;1.22;sistem 125/90
03. SISTEM PLUVIAL COLORAT;Sistem pluvial BILKA colorat (lucios);;Capac jgheab 125;lucios (colorat);;buc;100 buc / cutie;0.83;sistem 125/90
03. SISTEM PLUVIAL COLORAT;Sistem pluvial BILKA colorat (lucios);;Element imbinare jgheab 125;lucios (colorat);;buc;50 buc / cutie;1.33;sistem 125/90
03. SISTEM PLUVIAL COLORAT;Sistem pluvial BILKA colorat (lucios);;Racord jgheab - burlan 125/90;lucios (colorat);;buc;30 buc / cutie;2.23;sistem 125/90
03. SISTEM PLUVIAL COLORAT;Sistem pluvial BILKA colorat (lucios);;Cot de 60 grade 90;lucios (colorat);;buc;30 buc / cutie;2.23;sistem 125/90
03. SISTEM PLUVIAL COLORAT;Sistem pluvial BILKA colorat (lucios);;Palnie 90;lucios (colorat);;buc;20 buc / cutie;10.31;sistem 125/90
03. SISTEM PLUVIAL COLORAT;Sistem pluvial BILKA colorat (lucios);;Prelungitor intermediar 90 /1 m;lucios (colorat);;buc;2 buc / pachet, bucata 1 m;2.60;sistem 125/90
03. SISTEM PLUVIAL COLORAT;Sistem pluvial BILKA colorat (lucios);;Coltar exterior de 90 grade 125;lucios (colorat);;buc;15 buc / cutie;7.38;sistem 125/90
03. SISTEM PLUVIAL COLORAT;Sistem pluvial BILKA colorat (lucios);;Coltar interior de 90 grade 125;lucios (colorat);;buc;15 buc / cutie;7.38;sistem 125/90
03. SISTEM PLUVIAL COLORAT;Sistem pluvial BILKA colorat (lucios);;Ramificatie burlan 90;lucios (colorat);;buc;10 buc / cutie;11.91;sistem 125/90
03. SISTEM PLUVIAL COLORAT;Sistem pluvial BILKA colorat (lucios);;Derivatie evacuare 90;lucios (colorat);;buc;10 buc / cutie;10.20;sistem 125/90
03. SISTEM PLUVIAL COLORAT;Sistem pluvial BILKA colorat (lucios);;Cot de evacuare 90;lucios (colorat);;buc;20 buc / cutie;2.35;sistem 125/90
03. SISTEM PLUVIAL COLORAT;Sistem pluvial BILKA colorat (lucios);;Jgheab de scurgere 150 / 4m;lucios (colorat);;buc;5 buc / pachet, bucata 4 m;11.18;sistem 150/100
03. SISTEM PLUVIAL COLORAT;Sistem pluvial BILKA colorat (lucios);;Jgheab de scurgere 150 / 3m;lucios (colorat);;buc;5 buc / pachet, bucata 3 m;8.38;sistem 150/100
03. SISTEM PLUVIAL COLORAT;Sistem pluvial BILKA colorat (lucios);;Jgheab de scurgere 150 / 2m;lucios (colorat);;buc;5 buc / pachet, bucata 2 m;5.59;sistem 150/100
03. SISTEM PLUVIAL COLORAT;Sistem pluvial BILKA colorat (lucios);;Burlan de scurgere a apei 100 / 3m;lucios (colorat);;buc;2 buc / pachet, bucata 3 m;10.28;sistem 150/100
03. SISTEM PLUVIAL COLORAT;Sistem pluvial BILKA colorat (lucios);;Carlig jgheab 150 / 210 mm;lucios (colorat);;buc;60 buc / cutie;1.52;sistem 150/100
03. SISTEM PLUVIAL COLORAT;Sistem pluvial BILKA colorat (lucios);;Carlig jgheab 150 / 160 mm;lucios (colorat);;buc;80 buc / cutie;1.41;sistem 150/100
03. SISTEM PLUVIAL COLORAT;Sistem pluvial BILKA colorat (lucios);;Carlig jgheab 150 / COMBI;lucios (colorat);;buc;80 buc / cutie;1.38;sistem 150/100
03. SISTEM PLUVIAL COLORAT;Sistem pluvial BILKA colorat (lucios);;Carlig jgheab rasucit 150;lucios (colorat);;buc;60 buc / cutie;1.65;sistem 150/100
03. SISTEM PLUVIAL COLORAT;Sistem pluvial BILKA colorat (lucios);;Carlig jgheab 150 reglabil;lucios (colorat);;buc;50 buc / cutie;1.28;sistem 150/100
03. SISTEM PLUVIAL COLORAT;Sistem pluvial BILKA colorat (lucios);;Carlig jgheab 150/300 cu tablita;lucios (colorat);;buc;56 buc / cutie;2.81;sistem 150/100
03. SISTEM PLUVIAL COLORAT;Sistem pluvial BILKA colorat (lucios);;Brida jgheab;lucios (colorat);;buc;600 buc / cutie;0.65;sistem 150/100
03. SISTEM PLUVIAL COLORAT;Sistem pluvial BILKA colorat (lucios);;Colier burlan 100;lucios (colorat);;buc;100 buc / cutie;1.05;sistem 150/100
03. SISTEM PLUVIAL COLORAT;Sistem pluvial BILKA colorat (lucios);;Bratara burlan 100;lucios (colorat);;buc;50 buc / cutie;1.33;sistem 150/100
03. SISTEM PLUVIAL COLORAT;Sistem pluvial BILKA colorat (lucios);;Capac jgheab 150;lucios (colorat);;buc;100 buc / cutie;1.05;sistem 150/100
03. SISTEM PLUVIAL COLORAT;Sistem pluvial BILKA colorat (lucios);;Element imbinare jgheab 150;lucios (colorat);;buc;50 buc / cutie;1.58;sistem 150/100
03. SISTEM PLUVIAL COLORAT;Sistem pluvial BILKA colorat (lucios);;Racord jgheab - burlan 150/100;lucios (colorat);;buc;16 buc / cutie;3.41;sistem 150/100
03. SISTEM PLUVIAL COLORAT;Sistem pluvial BILKA colorat (lucios);;Cot de 60 grade 100;lucios (colorat);;buc;24 buc / cutie;3.41;sistem 150/100
03. SISTEM PLUVIAL COLORAT;Sistem pluvial BILKA colorat (lucios);;Palnie 100;lucios (colorat);;buc;10 buc / cutie;11.81;sistem 150/100
03. SISTEM PLUVIAL COLORAT;Sistem pluvial BILKA colorat (lucios);;Prelungitor intermediar 100 /1 m/;lucios (colorat);;buc;2 buc / pachet, bucata 1 m;3.43;sistem 150/100
03. SISTEM PLUVIAL COLORAT;Sistem pluvial BILKA colorat (lucios);;Coltar exterior de 90 grade 150;lucios (colorat);;buc;15 buc / cutie;8.25;sistem 150/100
03. SISTEM PLUVIAL COLORAT;Sistem pluvial BILKA colorat (lucios);;Coltar interior de 90 grade 150;lucios (colorat);;buc;15 buc / cutie;8.25;sistem 150/100
03. SISTEM PLUVIAL COLORAT;Sistem pluvial BILKA colorat (lucios);;Ramificatie burlan 100;lucios (colorat);;buc;8 buc / cutie;13.40;sistem 150/100
03. SISTEM PLUVIAL COLORAT;Sistem pluvial BILKA colorat (lucios);;Derivatie evacuare 100;lucios (colorat);;buc;8 buc / cutie;10.63;sistem 150/100
03. SISTEM PLUVIAL COLORAT;Sistem pluvial BILKA colorat (lucios);;Cot de evacuare 100;lucios (colorat);;buc;16 buc / cutie;3.55;sistem 150/100
03. SISTEM PLUVIAL COLORAT;Sistem pluvial BILKA mat;;Jgheab de scurgere 125 / 4m;mat;;buc;5 buc / pachet, bucata 4 m;8.42;sistem 125/90
03. SISTEM PLUVIAL COLORAT;Sistem pluvial BILKA mat;;Jgheab de scurgere 125 / 3m;mat;;buc;5 buc / pachet, bucata 3 m;6.31;sistem 125/90
03. SISTEM PLUVIAL COLORAT;Sistem pluvial BILKA mat;;Jgheab de scurgere 125 / 2m;mat;;buc;5 buc / pachet, bucata 2 m;4.21;sistem 125/90
03. SISTEM PLUVIAL COLORAT;Sistem pluvial BILKA mat;;Burlan de scurgere a apei 90 / 3m;mat;;buc;2 buc / pachet, bucata 3 m;7.79;sistem 125/90
03. SISTEM PLUVIAL COLORAT;Sistem pluvial BILKA mat;;Carlig jgheab 125 / 210 mm;mat;;buc;60 buc / cutie;1.41;sistem 125/90
03. SISTEM PLUVIAL COLORAT;Sistem pluvial BILKA mat;;Carlig jgheab 125 / 160 mm;mat;;buc;100 buc / cutie;1.24;sistem 125/90
03. SISTEM PLUVIAL COLORAT;Sistem pluvial BILKA mat;;Carlig jgheab 125 / COMBI;mat;;buc;100 buc / cutie;1.22;sistem 125/90
03. SISTEM PLUVIAL COLORAT;Sistem pluvial BILKA mat;;Carlig jgheab rasucit 125;mat;;buc;70 buc / cutie;1.54;sistem 125/90
03. SISTEM PLUVIAL COLORAT;Sistem pluvial BILKA mat;;Carlig jgheab 125 reglabil;mat;;buc;50 buc / cutie;1.12;sistem 125/90
03. SISTEM PLUVIAL COLORAT;Sistem pluvial BILKA mat;;Brida jgheab;mat;;buc;600 buc / cutie;0.65;sistem 125/90
03. SISTEM PLUVIAL COLORAT;Sistem pluvial BILKA mat;;Colier burlan 90;mat;;buc;100 buc / cutie;0.83;sistem 125/90
03. SISTEM PLUVIAL COLORAT;Sistem pluvial BILKA mat;;Bratara burlan 90;mat;;buc;50 buc / cutie;1.22;sistem 125/90
03. SISTEM PLUVIAL COLORAT;Sistem pluvial BILKA mat;;Capac jgheab 125;mat;;buc;100 buc / cutie;0.83;sistem 125/90
03. SISTEM PLUVIAL COLORAT;Sistem pluvial BILKA mat;;Element imbinare jgheab 125;mat;;buc;50 buc / cutie;1.33;sistem 125/90
03. SISTEM PLUVIAL COLORAT;Sistem pluvial BILKA mat;;Racord jgheab - burlan 125/90;mat;;buc;30 buc / cutie;2.23;sistem 125/90
03. SISTEM PLUVIAL COLORAT;Sistem pluvial BILKA mat;;Cot de 60 grade 90;mat;;buc;30 buc / cutie;2.23;sistem 125/90
03. SISTEM PLUVIAL COLORAT;Sistem pluvial BILKA mat;;Palnie 90;mat;;buc;20 buc / cutie;10.31;sistem 125/90
03. SISTEM PLUVIAL COLORAT;Sistem pluvial BILKA mat;;Prelungitor intermediar 90 /1 m;mat;;buc;2 buc / pachet, bucata 1 m;2.60;sistem 125/90
03. SISTEM PLUVIAL COLORAT;Sistem pluvial BILKA mat;;Coltar exterior de 90 grade 125;mat;;buc;15 buc / cutie;7.38;sistem 125/90
03. SISTEM PLUVIAL COLORAT;Sistem pluvial BILKA mat;;Coltar interior de 90 grade 125;mat;;buc;15 buc / cutie;7.38;sistem 125/90
03. SISTEM PLUVIAL COLORAT;Sistem pluvial BILKA mat;;Ramificatie burlan 90;mat;;buc;10 buc / cutie;11.91;sistem 125/90
03. SISTEM PLUVIAL COLORAT;Sistem pluvial BILKA mat;;Derivatie evacuare 90;mat;;buc;10 buc / cutie;10.20;sistem 125/90
03. SISTEM PLUVIAL COLORAT;Sistem pluvial BILKA mat;;Cot de evacuare 90;mat;;buc;20 buc / cutie;2.35;sistem 125/90
03. SISTEM PLUVIAL COLORAT;Sistem pluvial BILKA mat;;Jgheab de scurgere 150 / 4m;mat;;buc;5 buc / pachet, bucata 4 m;11.18;sistem 150/100
03. SISTEM PLUVIAL COLORAT;Sistem pluvial BILKA mat;;Jgheab de scurgere 150 / 3m;mat;;buc;5 buc / pachet, bucata 3 m;8.38;sistem 150/100
03. SISTEM PLUVIAL COLORAT;Sistem pluvial BILKA mat;;Jgheab de scurgere 150 / 2m;mat;;buc;5 buc / pachet, bucata 2 m;5.59;sistem 150/100
03. SISTEM PLUVIAL COLORAT;Sistem pluvial BILKA mat;;Burlan de scurgere a apei 100 / 3m;mat;;buc;2 buc / pachet, bucata 3 m;10.28;sistem 150/100
03. SISTEM PLUVIAL COLORAT;Sistem pluvial BILKA mat;;Carlig jgheab 150 / 210 mm;mat;;buc;60 buc / cutie;1.52;sistem 150/100
03. SISTEM PLUVIAL COLORAT;Sistem pluvial BILKA mat;;Carlig jgheab 150 / 160 mm;mat;;buc;80 buc / cutie;1.41;sistem 150/100
03. SISTEM PLUVIAL COLORAT;Sistem pluvial BILKA mat;;Carlig jgheab 150 / COMBI;mat;;buc;80 buc / cutie;1.38;sistem 150/100
03. SISTEM PLUVIAL COLORAT;Sistem pluvial BILKA mat;;Carlig jgheab rasucit 150;mat;;buc;60 buc / cutie;1.65;sistem 150/100
03. SISTEM PLUVIAL COLORAT;Sistem pluvial BILKA mat;;Carlig jgheab 150 reglabil;mat;;buc;50 buc / cutie;1.28;sistem 150/100
03. SISTEM PLUVIAL COLORAT;Sistem pluvial BILKA mat;;Carlig jgheab 150/300 cu tablita;mat;;buc;56 buc / cutie;2.81;sistem 150/100
03. SISTEM PLUVIAL COLORAT;Sistem pluvial BILKA mat;;Brida jgheab;mat;;buc;600 buc / cutie;0.65;sistem 150/100
03. SISTEM PLUVIAL COLORAT;Sistem pluvial BILKA mat;;Colier burlan 100;mat;;buc;100 buc / cutie;1.05;sistem 150/100
03. SISTEM PLUVIAL COLORAT;Sistem pluvial BILKA mat;;Bratara burlan 100;mat;;buc;50 buc / cutie;1.33;sistem 150/100
03. SISTEM PLUVIAL COLORAT;Sistem pluvial BILKA mat;;Capac jgheab 150;mat;;buc;100 buc / cutie;1.05;sistem 150/100
03. SISTEM PLUVIAL COLORAT;Sistem pluvial BILKA mat;;Element imbinare jgheab 150;mat;;buc;50 buc / cutie;1.58;sistem 150/100
03. SISTEM PLUVIAL COLORAT;Sistem pluvial BILKA mat;;Racord jgheab - burlan 150/100;mat;;buc;16 buc / cutie;3.41;sistem 150/100
03. SISTEM PLUVIAL COLORAT;Sistem pluvial BILKA mat;;Cot de 60 grade 100;mat;;buc;24 buc / cutie;3.41;sistem 150/100
03. SISTEM PLUVIAL COLORAT;Sistem pluvial BILKA mat;;Palnie 100;mat;;buc;10 buc / cutie;11.81;sistem 150/100
03. SISTEM PLUVIAL COLORAT;Sistem pluvial BILKA mat;;Prelungitor intermediar 100 /1 m/;mat;;buc;2 buc / pachet, bucata 1 m;3.43;sistem 150/100
03. SISTEM PLUVIAL COLORAT;Sistem pluvial BILKA mat;;Coltar exterior de 90 grade 150;mat;;buc;15 buc / cutie;8.25;sistem 150/100
03. SISTEM PLUVIAL COLORAT;Sistem pluvial BILKA mat;;Coltar interior de 90 grade 150;mat;;buc;15 buc / cutie;8.25;sistem 150/100
03. SISTEM PLUVIAL COLORAT;Sistem pluvial BILKA mat;;Ramificatie burlan 100;mat;;buc;8 buc / cutie;13.40;sistem 150/100
03. SISTEM PLUVIAL COLORAT;Sistem pluvial BILKA mat;;Derivatie evacuare 100;mat;;buc;8 buc / cutie;10.63;sistem 150/100
03. SISTEM PLUVIAL COLORAT;Sistem pluvial BILKA mat;;Cot de evacuare 100;mat;;buc;16 buc / cutie;3.55;sistem 150/100
04. SISTEM PLUVIAL MAGNELIS;Sistem pluvial BILKA Magnelis;;Jgheab de scurgere 125 / 4m;Magnelis;;buc;5 buc / pachet, bucata 4 m;7.15;sistem 125/90
04. SISTEM PLUVIAL MAGNELIS;Sistem pluvial BILKA Magnelis;;Jgheab de scurgere 125 / 3m;Magnelis;;buc;5 buc / pachet, bucata 3 m;5.36;sistem 125/90
04. SISTEM PLUVIAL MAGNELIS;Sistem pluvial BILKA Magnelis;;Jgheab de scurgere 125 / 2m;Magnelis;;buc;5 buc / pachet, bucata 2 m;3.58;sistem 125/90
04. SISTEM PLUVIAL MAGNELIS;Sistem pluvial BILKA Magnelis;;Burlan de scurgere a apei 90 / 3m;Magnelis;;buc;2 buc / pachet, bucata 3 m;6.63;sistem 125/90
04. SISTEM PLUVIAL MAGNELIS;Sistem pluvial BILKA Magnelis;;Carlig jgheab 125 / 210 mm;Magnelis;;buc;60 buc / cutie;1.34;sistem 125/90
04. SISTEM PLUVIAL MAGNELIS;Sistem pluvial BILKA Magnelis;;Carlig jgheab 125 / 160 mm;Magnelis;;buc;100 buc / cutie;1.18;sistem 125/90
04. SISTEM PLUVIAL MAGNELIS;Sistem pluvial BILKA Magnelis;;Carlig jgheab 125 / COMBI;Magnelis;;buc;100 buc / cutie;1.15;sistem 125/90
04. SISTEM PLUVIAL MAGNELIS;Sistem pluvial BILKA Magnelis;;Carlig jgheab rasucit 125;Magnelis;;buc;70 buc / cutie;1.46;sistem 125/90
04. SISTEM PLUVIAL MAGNELIS;Sistem pluvial BILKA Magnelis;;Carlig jgheab 125 reglabil;Magnelis;;buc;50 buc / cutie;1.36;sistem 125/90
04. SISTEM PLUVIAL MAGNELIS;Sistem pluvial BILKA Magnelis;;Brida jgheab;Magnelis;;buc;600 buc / cutie;0.56;sistem 125/90
04. SISTEM PLUVIAL MAGNELIS;Sistem pluvial BILKA Magnelis;;Colier burlan 90;Magnelis;;buc;100 buc / cutie;0.71;sistem 125/90
04. SISTEM PLUVIAL MAGNELIS;Sistem pluvial BILKA Magnelis;;Bratara burlan 90;Magnelis;;buc;50 buc / cutie;1.04;sistem 125/90
04. SISTEM PLUVIAL MAGNELIS;Sistem pluvial BILKA Magnelis;;Capac jgheab 125;Magnelis;;buc;100 buc / cutie;0.71;sistem 125/90
04. SISTEM PLUVIAL MAGNELIS;Sistem pluvial BILKA Magnelis;;Element imbinare jgheab 125;Magnelis;;buc;50 buc / cutie;1.13;sistem 125/90
04. SISTEM PLUVIAL MAGNELIS;Sistem pluvial BILKA Magnelis;;Racord jgheab - burlan 125/90;Magnelis;;buc;30 buc / cutie;1.89;sistem 125/90
04. SISTEM PLUVIAL MAGNELIS;Sistem pluvial BILKA Magnelis;;Cot de 60 grade 90;Magnelis;;buc;30 buc / cutie;1.89;sistem 125/90
04. SISTEM PLUVIAL MAGNELIS;Sistem pluvial BILKA Magnelis;;Palnie 90;Magnelis;;buc;20 buc / cutie;8.76;sistem 125/90
04. SISTEM PLUVIAL MAGNELIS;Sistem pluvial BILKA Magnelis;;Prelungitor intermediar 90 /1 m;Magnelis;;buc;2 buc / pachet, bucata 1 m;2.21;sistem 125/90
04. SISTEM PLUVIAL MAGNELIS;Sistem pluvial BILKA Magnelis;;Coltar exterior de 90 grade 125;Magnelis;;buc;15 buc / cutie;6.27;sistem 125/90
04. SISTEM PLUVIAL MAGNELIS;Sistem pluvial BILKA Magnelis;;Coltar interior de 90 grade 125;Magnelis;;buc;15 buc / cutie;6.27;sistem 125/90
04. SISTEM PLUVIAL MAGNELIS;Sistem pluvial BILKA Magnelis;;Ramificatie burlan 90;Magnelis;;buc;10 buc / cutie;10.12;sistem 125/90
04. SISTEM PLUVIAL MAGNELIS;Sistem pluvial BILKA Magnelis;;Derivatie evacuare 90;Magnelis;;buc;10 buc / cutie;8.67;sistem 125/90
04. SISTEM PLUVIAL MAGNELIS;Sistem pluvial BILKA Magnelis;;Cot de evacuare 90;Magnelis;;buc;20 buc / cutie;2.00;sistem 125/90
04. SISTEM PLUVIAL MAGNELIS;Sistem pluvial BILKA Magnelis;;Jgheab de scurgere 150 / 4m;Magnelis;;buc;5 buc / pachet, bucata 4 m;9.50;sistem 150/100
04. SISTEM PLUVIAL MAGNELIS;Sistem pluvial BILKA Magnelis;;Jgheab de scurgere 150 / 3m;Magnelis;;buc;5 buc / pachet, bucata 3 m;7.13;sistem 150/100
04. SISTEM PLUVIAL MAGNELIS;Sistem pluvial BILKA Magnelis;;Jgheab de scurgere 150 / 2m;Magnelis;;buc;5 buc / pachet, bucata 2 m;4.75;sistem 150/100
04. SISTEM PLUVIAL MAGNELIS;Sistem pluvial BILKA Magnelis;;Burlan de scurgere a apei 100 / 3m;Magnelis;;buc;2 buc / pachet, bucata 3 m;8.74;sistem 150/100
04. SISTEM PLUVIAL MAGNELIS;Sistem pluvial BILKA Magnelis;;Carlig jgheab 150 / 210 mm;Magnelis;;buc;60 buc / cutie;1.45;sistem 150/100
04. SISTEM PLUVIAL MAGNELIS;Sistem pluvial BILKA Magnelis;;Carlig jgheab 150 / 160 mm;Magnelis;;buc;80 buc / cutie;1.34;sistem 150/100
04. SISTEM PLUVIAL MAGNELIS;Sistem pluvial BILKA Magnelis;;Carlig jgheab 150 / COMBI;Magnelis;;buc;80 buc / cutie;1.31;sistem 150/100
04. SISTEM PLUVIAL MAGNELIS;Sistem pluvial BILKA Magnelis;;Carlig jgheab rasucit 150;Magnelis;;buc;60 buc / cutie;1.57;sistem 150/100
04. SISTEM PLUVIAL MAGNELIS;Sistem pluvial BILKA Magnelis;;Carlig jgheab 150 reglabil;Magnelis;;buc;50 buc / cutie;1.47;sistem 150/100
04. SISTEM PLUVIAL MAGNELIS;Sistem pluvial BILKA Magnelis;;Carlig jgheab 150/300 cu tablita;Magnelis;;buc;56 buc / cutie;2.66;sistem 150/100
04. SISTEM PLUVIAL MAGNELIS;Sistem pluvial BILKA Magnelis;;Brida jgheab;Magnelis;;buc;600 buc / cutie;0.56;sistem 150/100
04. SISTEM PLUVIAL MAGNELIS;Sistem pluvial BILKA Magnelis;;Colier burlan 100;Magnelis;;buc;100 buc / cutie;0.90;sistem 150/100
04. SISTEM PLUVIAL MAGNELIS;Sistem pluvial BILKA Magnelis;;Bratara burlan 100;Magnelis;;buc;50 buc / cutie;1.13;sistem 150/100
04. SISTEM PLUVIAL MAGNELIS;Sistem pluvial BILKA Magnelis;;Capac jgheab 150;Magnelis;;buc;100 buc / cutie;0.90;sistem 150/100
04. SISTEM PLUVIAL MAGNELIS;Sistem pluvial BILKA Magnelis;;Element imbinare jgheab 150;Magnelis;;buc;50 buc / cutie;1.34;sistem 150/100
04. SISTEM PLUVIAL MAGNELIS;Sistem pluvial BILKA Magnelis;;Racord jgheab - burlan 150/100;Magnelis;;buc;16 buc / cutie;2.90;sistem 150/100
04. SISTEM PLUVIAL MAGNELIS;Sistem pluvial BILKA Magnelis;;Cot de 60 grade 100;Magnelis;;buc;24 buc / cutie;2.90;sistem 150/100
04. SISTEM PLUVIAL MAGNELIS;Sistem pluvial BILKA Magnelis;;Palnie 100;Magnelis;;buc;10 buc / cutie;10.04;sistem 150/100
04. SISTEM PLUVIAL MAGNELIS;Sistem pluvial BILKA Magnelis;;Prelungitor intermediar 100 /1 m/;Magnelis;;buc;2 buc / pachet, bucata 1 m;2.91;sistem 150/100
04. SISTEM PLUVIAL MAGNELIS;Sistem pluvial BILKA Magnelis;;Coltar exterior de 90 grade 150;Magnelis;;buc;15 buc / cutie;7.01;sistem 150/100
04. SISTEM PLUVIAL MAGNELIS;Sistem pluvial BILKA Magnelis;;Coltar interior de 90 grade 150;Magnelis;;buc;15 buc / cutie;7.01;sistem 150/100
04. SISTEM PLUVIAL MAGNELIS;Sistem pluvial BILKA Magnelis;;Ramificatie burlan 100;Magnelis;;buc;8 buc / cutie;11.39;sistem 150/100
04. SISTEM PLUVIAL MAGNELIS;Sistem pluvial BILKA Magnelis;;Derivatie evacuare 100;Magnelis;;buc;8 buc / cutie;9.03;sistem 150/100
04. SISTEM PLUVIAL MAGNELIS;Sistem pluvial BILKA Magnelis;;Cot de evacuare 100;Magnelis;;buc;16 buc / cutie;3.02;sistem 150/100
05. RETRO - RETRO PLUS - RETRO DUO - FALTUITA;Retro Plus (Standard/Micro-Ribs/Flat/Double Line);;RETRO PLUS - lucios - 0,60 mm (doar Standard si MicroRibs);lucios;0.60;mp;;8.38;
05. RETRO - RETRO PLUS - RETRO DUO - FALTUITA;Retro Plus (Standard/Micro-Ribs/Flat/Double Line);;RETRO PLUS - lucios - 0,50 mm;lucios;0.50;mp;;7.57;
05. RETRO - RETRO PLUS - RETRO DUO - FALTUITA;Retro Plus (Standard/Micro-Ribs/Flat/Double Line);;RETRO PLUS - lucios - 0,45 mm;lucios;0.45;mp;;7.16;
05. RETRO - RETRO PLUS - RETRO DUO - FALTUITA;Retro Plus (Standard/Micro-Ribs/Flat/Double Line);;RETRO PLUS - ral 8003 - 0,45mm;lucios RAL 8003 (alama);0.45;mp;;9.68;
05. RETRO - RETRO PLUS - RETRO DUO - FALTUITA;Retro Plus (Standard/Micro-Ribs/Flat/Double Line);;RETRO PLUS - mat - 0,60 mm (doar Standard si MicroRibs);mat;0.60;mp;;8.66;
05. RETRO - RETRO PLUS - RETRO DUO - FALTUITA;Retro Plus (Standard/Micro-Ribs/Flat/Double Line);;RETRO PLUS - mat - 0,50 mm;mat;0.50;mp;;7.82;
05. RETRO - RETRO PLUS - RETRO DUO - FALTUITA;Retro Plus (Standard/Micro-Ribs/Flat/Double Line);;RETRO PLUS - mat - 0,45 mm;mat;0.45;mp;;7.55;
05. RETRO - RETRO PLUS - RETRO DUO - FALTUITA;Retro Plus (Standard/Micro-Ribs/Flat/Double Line);;RETRO PLUS - WOOD - 0,50 mm;Wood (imitatie lemn);0.50;mp;;9.78;
05. RETRO - RETRO PLUS - RETRO DUO - FALTUITA;Retro Plus (Standard/Micro-Ribs/Flat/Double Line);;RETRO PLUS - WOOD - 0,45 mm;Wood (imitatie lemn);0.45;mp;;9.68;
05. RETRO - RETRO PLUS - RETRO DUO - FALTUITA;Retro Plus (Standard/Micro-Ribs/Flat/Double Line);;RETRO PLUS - GRANDE MAT - 0,50 mm;Grande Mat (GDM);0.50;mp;;9.78;
05. RETRO - RETRO PLUS - RETRO DUO - FALTUITA;Retro Plus (Standard/Micro-Ribs/Flat/Double Line);;RETRO PLUS - dubluvopsit lucios - 0,60 mm-SSAB;dublu vopsit lucios SSAB;0.60;mp;;11.45;
05. RETRO - RETRO PLUS - RETRO DUO - FALTUITA;Retro Plus (Standard/Micro-Ribs/Flat/Double Line);;RETRO PLUS - dubluvopsit mat - 0,60 mm-SSAB;dublu vopsit mat SSAB;0.60;mp;;15.70;
05. RETRO - RETRO PLUS - RETRO DUO - FALTUITA;Retro Plus (Standard/Micro-Ribs/Flat/Double Line);;RETRO PLUS - dubluvopsit lucios - 0,50 mm;dublu vopsit lucios;0.50;mp;;8.18;
05. RETRO - RETRO PLUS - RETRO DUO - FALTUITA;Retro Plus (Standard/Micro-Ribs/Flat/Double Line);;RETRO PLUS - dubluvopsit mat - 0,50 mm;dublu vopsit mat;0.50;mp;;8.45;
05. RETRO - RETRO PLUS - RETRO DUO - FALTUITA;Retro Plus (Standard/Micro-Ribs/Flat/Double Line);;RETRO PLUS - magnelis- 0,50 mm;Magnelis;0.50;mp;;8.08;
05. RETRO - RETRO PLUS - RETRO DUO - FALTUITA;Retro Plus cu DRIPSTOP (Standard/Micro-Ribs/Flat/Double Line);;RETRO PLUS - lucios - 0,60 mm (doar Standard si MicroRibs);lucios;0.60;mp;;9.88;
05. RETRO - RETRO PLUS - RETRO DUO - FALTUITA;Retro Plus cu DRIPSTOP (Standard/Micro-Ribs/Flat/Double Line);;RETRO PLUS - lucios - 0,50 mm;lucios;0.50;mp;;9.07;
05. RETRO - RETRO PLUS - RETRO DUO - FALTUITA;Retro Plus cu DRIPSTOP (Standard/Micro-Ribs/Flat/Double Line);;RETRO PLUS - lucios - 0,45 mm;lucios;0.45;mp;;8.66;
05. RETRO - RETRO PLUS - RETRO DUO - FALTUITA;Retro Plus cu DRIPSTOP (Standard/Micro-Ribs/Flat/Double Line);;RETRO PLUS - ral 8003 - 0,45 mm;lucios RAL 8003 (alama);0.45;mp;;11.18;
05. RETRO - RETRO PLUS - RETRO DUO - FALTUITA;Retro Plus cu DRIPSTOP (Standard/Micro-Ribs/Flat/Double Line);;RETRO PLUS - mat - 0,60 mm (doar Standard si MicroRibs);mat;0.60;mp;;10.16;
05. RETRO - RETRO PLUS - RETRO DUO - FALTUITA;Retro Plus cu DRIPSTOP (Standard/Micro-Ribs/Flat/Double Line);;RETRO PLUS - mat - 0,50 mm;mat;0.50;mp;;9.32;
05. RETRO - RETRO PLUS - RETRO DUO - FALTUITA;Retro Plus cu DRIPSTOP (Standard/Micro-Ribs/Flat/Double Line);;RETRO PLUS - mat - 0,45 mm;mat;0.45;mp;;9.05;
05. RETRO - RETRO PLUS - RETRO DUO - FALTUITA;Retro Plus cu DRIPSTOP (Standard/Micro-Ribs/Flat/Double Line);;RETRO PLUS - WOOD - 0,50 mm;Wood (imitatie lemn);0.50;mp;;11.28;
05. RETRO - RETRO PLUS - RETRO DUO - FALTUITA;Retro Plus cu DRIPSTOP (Standard/Micro-Ribs/Flat/Double Line);;RETRO PLUS - WOOD - 0,45 mm;Wood (imitatie lemn);0.45;mp;;11.18;
05. RETRO - RETRO PLUS - RETRO DUO - FALTUITA;Retro Plus cu DRIPSTOP (Standard/Micro-Ribs/Flat/Double Line);;RETRO PLUS - GRANDE MAT - 0,50 mm;Grande Mat (GDM);0.50;mp;;11.28;
05. RETRO - RETRO PLUS - RETRO DUO - FALTUITA;Retro Plus cu SOUNDCONTROL (Standard/Micro-Ribs/Flat/Double Line);;RETRO PLUS - lucios - 0,60 mm (doar Standard si MicroRibs);lucios;0.60;mp;;10.88;
05. RETRO - RETRO PLUS - RETRO DUO - FALTUITA;Retro Plus cu SOUNDCONTROL (Standard/Micro-Ribs/Flat/Double Line);;RETRO PLUS - lucios - 0,50 mm;lucios;0.50;mp;;10.07;
05. RETRO - RETRO PLUS - RETRO DUO - FALTUITA;Retro Plus cu SOUNDCONTROL (Standard/Micro-Ribs/Flat/Double Line);;RETRO PLUS - lucios - 0,45 mm;lucios;0.45;mp;;9.66;
05. RETRO - RETRO PLUS - RETRO DUO - FALTUITA;Retro Plus cu SOUNDCONTROL (Standard/Micro-Ribs/Flat/Double Line);;RETRO PLUS - ral 8003 - 0,45 mm;lucios RAL 8003 (alama);0.45;mp;;12.18;
05. RETRO - RETRO PLUS - RETRO DUO - FALTUITA;Retro Plus cu SOUNDCONTROL (Standard/Micro-Ribs/Flat/Double Line);;RETRO PLUS - mat - 0,60 mm (doar Standard si MicroRibs);mat;0.60;mp;;11.16;
05. RETRO - RETRO PLUS - RETRO DUO - FALTUITA;Retro Plus cu SOUNDCONTROL (Standard/Micro-Ribs/Flat/Double Line);;RETRO PLUS - mat - 0,50 mm;mat;0.50;mp;;10.32;
05. RETRO - RETRO PLUS - RETRO DUO - FALTUITA;Retro Plus cu SOUNDCONTROL (Standard/Micro-Ribs/Flat/Double Line);;RETRO PLUS - mat - 0,45 mm;mat;0.45;mp;;10.05;
05. RETRO - RETRO PLUS - RETRO DUO - FALTUITA;Retro Plus cu SOUNDCONTROL (Standard/Micro-Ribs/Flat/Double Line);;RETRO PLUS - WOOD - 0,50 mm;Wood (imitatie lemn);0.50;mp;;12.28;
05. RETRO - RETRO PLUS - RETRO DUO - FALTUITA;Retro Plus cu SOUNDCONTROL (Standard/Micro-Ribs/Flat/Double Line);;RETRO PLUS - WOOD - 0,45 mm;Wood (imitatie lemn);0.45;mp;;12.18;
05. RETRO - RETRO PLUS - RETRO DUO - FALTUITA;Retro Plus cu SOUNDCONTROL (Standard/Micro-Ribs/Flat/Double Line);;RETRO PLUS - GRANDE MAT - 0,50 mm;Grande Mat (GDM);0.50;mp;;12.28;
05. RETRO - RETRO PLUS - RETRO DUO - FALTUITA;Retro Panel (Standard/Micro-Ribs/Flat);;RETRO PANEL - lucios - 0,60 mm;lucios;0.60;mp;;8.38;
05. RETRO - RETRO PLUS - RETRO DUO - FALTUITA;Retro Panel (Standard/Micro-Ribs/Flat);;RETRO PANEL - lucios - 0,50 mm;lucios;0.50;mp;;7.57;
05. RETRO - RETRO PLUS - RETRO DUO - FALTUITA;Retro Panel (Standard/Micro-Ribs/Flat);;RETRO PANEL - lucios - 0,45 mm;lucios;0.45;mp;;7.16;
05. RETRO - RETRO PLUS - RETRO DUO - FALTUITA;Retro Panel (Standard/Micro-Ribs/Flat);;RETRO PANEL - ral 8003 - 0,45mm;lucios RAL 8003 (alama);0.45;mp;;9.68;
05. RETRO - RETRO PLUS - RETRO DUO - FALTUITA;Retro Panel (Standard/Micro-Ribs/Flat);;RETRO PANEL - mat - 0,60 mm;mat;0.60;mp;;8.66;
05. RETRO - RETRO PLUS - RETRO DUO - FALTUITA;Retro Panel (Standard/Micro-Ribs/Flat);;RETRO PANEL - mat - 0,50 mm;mat;0.50;mp;;7.82;
05. RETRO - RETRO PLUS - RETRO DUO - FALTUITA;Retro Panel (Standard/Micro-Ribs/Flat);;RETRO PANEL - mat - 0,45 mm;mat;0.45;mp;;7.55;
05. RETRO - RETRO PLUS - RETRO DUO - FALTUITA;Retro Panel (Standard/Micro-Ribs/Flat);;RETRO PANEL - WOOD - 0,50 mm;Wood (imitatie lemn);0.50;mp;;9.78;
05. RETRO - RETRO PLUS - RETRO DUO - FALTUITA;Retro Panel (Standard/Micro-Ribs/Flat);;RETRO PANEL - WOOD - 0,45 mm;Wood (imitatie lemn);0.45;mp;;9.68;
05. RETRO - RETRO PLUS - RETRO DUO - FALTUITA;Retro Panel (Standard/Micro-Ribs/Flat);;RETRO PANEL - GRANDE MAT - 0,50 mm;Grande Mat (GDM);0.50;mp;;9.78;
05. RETRO - RETRO PLUS - RETRO DUO - FALTUITA;Retro Panel (Standard/Micro-Ribs/Flat);;RETRO PANEL - dubluvopsit lucios - 0,60 mm-SSAB;dublu vopsit lucios SSAB;0.60;mp;;11.45;
05. RETRO - RETRO PLUS - RETRO DUO - FALTUITA;Retro Panel (Standard/Micro-Ribs/Flat);;RETRO PANEL - dubluvopsit mat - 0,60 mm-SSAB;dublu vopsit mat SSAB;0.60;mp;;15.70;
05. RETRO - RETRO PLUS - RETRO DUO - FALTUITA;Retro Panel (Standard/Micro-Ribs/Flat);;RETRO PANEL - dubluvopsit lucios - 0,50 mm;dublu vopsit lucios;0.50;mp;;8.18;
05. RETRO - RETRO PLUS - RETRO DUO - FALTUITA;Retro Panel (Standard/Micro-Ribs/Flat);;RETRO PANEL - dubluvopsit mat - 0,50 mm;dublu vopsit mat;0.50;mp;;8.45;
05. RETRO - RETRO PLUS - RETRO DUO - FALTUITA;Retro Panel (Standard/Micro-Ribs/Flat);;RETRO PANEL - magnelis- 0,50 mm;Magnelis;0.50;mp;;8.08;
05. RETRO - RETRO PLUS - RETRO DUO - FALTUITA;Retro Panel cu DRIPSTOP (Standard/Micro-Ribs/Flat);;RETRO PANEL - lucios - 0,60 mm;lucios;0.60;mp;;9.88;
05. RETRO - RETRO PLUS - RETRO DUO - FALTUITA;Retro Panel cu DRIPSTOP (Standard/Micro-Ribs/Flat);;RETRO PANEL - lucios - 0,50 mm;lucios;0.50;mp;;9.07;
05. RETRO - RETRO PLUS - RETRO DUO - FALTUITA;Retro Panel cu DRIPSTOP (Standard/Micro-Ribs/Flat);;RETRO PANEL - lucios - 0,45 mm;lucios;0.45;mp;;8.66;
05. RETRO - RETRO PLUS - RETRO DUO - FALTUITA;Retro Panel cu DRIPSTOP (Standard/Micro-Ribs/Flat);;RETRO PANEL - ral 8003 - 0,45 mm;lucios RAL 8003 (alama);0.45;mp;;11.18;
05. RETRO - RETRO PLUS - RETRO DUO - FALTUITA;Retro Panel cu DRIPSTOP (Standard/Micro-Ribs/Flat);;RETRO PANEL - mat - 0,60 mm;mat;0.60;mp;;10.16;
05. RETRO - RETRO PLUS - RETRO DUO - FALTUITA;Retro Panel cu DRIPSTOP (Standard/Micro-Ribs/Flat);;RETRO PANEL - mat - 0,50 mm;mat;0.50;mp;;9.32;
05. RETRO - RETRO PLUS - RETRO DUO - FALTUITA;Retro Panel cu DRIPSTOP (Standard/Micro-Ribs/Flat);;RETRO PANEL - mat - 0,45 mm;mat;0.45;mp;;9.05;
05. RETRO - RETRO PLUS - RETRO DUO - FALTUITA;Retro Panel cu DRIPSTOP (Standard/Micro-Ribs/Flat);;RETRO PANEL - WOOD - 0,50 mm;Wood (imitatie lemn);0.50;mp;;11.28;
05. RETRO - RETRO PLUS - RETRO DUO - FALTUITA;Retro Panel cu DRIPSTOP (Standard/Micro-Ribs/Flat);;RETRO PANEL - WOOD - 0,45 mm;Wood (imitatie lemn);0.45;mp;;11.18;
05. RETRO - RETRO PLUS - RETRO DUO - FALTUITA;Retro Panel cu DRIPSTOP (Standard/Micro-Ribs/Flat);;RETRO PANEL - GRANDE MAT - 0,50 mm;Grande Mat (GDM);0.50;mp;;11.28;
05. RETRO - RETRO PLUS - RETRO DUO - FALTUITA;Retro Panel cu SOUNDCONTROL (Standard/Flat/Micro-Ribs);;RETRO PANEL - lucios - 0,60 mm;lucios;0.60;mp;;10.88;
05. RETRO - RETRO PLUS - RETRO DUO - FALTUITA;Retro Panel cu SOUNDCONTROL (Standard/Flat/Micro-Ribs);;RETRO PANEL - lucios - 0,50 mm;lucios;0.50;mp;;10.07;
05. RETRO - RETRO PLUS - RETRO DUO - FALTUITA;Retro Panel cu SOUNDCONTROL (Standard/Flat/Micro-Ribs);;RETRO PANEL - lucios - 0,45 mm;lucios;0.45;mp;;9.66;
05. RETRO - RETRO PLUS - RETRO DUO - FALTUITA;Retro Panel cu SOUNDCONTROL (Standard/Flat/Micro-Ribs);;RETRO PANEL - ral 8003 - 0,45 mm;lucios RAL 8003 (alama);0.45;mp;;12.18;
05. RETRO - RETRO PLUS - RETRO DUO - FALTUITA;Retro Panel cu SOUNDCONTROL (Standard/Flat/Micro-Ribs);;RETRO PANEL - mat - 0,60 mm;mat;0.60;mp;;11.16;
05. RETRO - RETRO PLUS - RETRO DUO - FALTUITA;Retro Panel cu SOUNDCONTROL (Standard/Flat/Micro-Ribs);;RETRO PANEL - mat - 0,50 mm;mat;0.50;mp;;10.32;
05. RETRO - RETRO PLUS - RETRO DUO - FALTUITA;Retro Panel cu SOUNDCONTROL (Standard/Flat/Micro-Ribs);;RETRO PANEL - mat - 0,45 mm;mat;0.45;mp;;10.05;
05. RETRO - RETRO PLUS - RETRO DUO - FALTUITA;Retro Panel cu SOUNDCONTROL (Standard/Flat/Micro-Ribs);;RETRO PANEL - WOOD - 0,50 mm;Wood (imitatie lemn);0.50;mp;;12.28;
05. RETRO - RETRO PLUS - RETRO DUO - FALTUITA;Retro Panel cu SOUNDCONTROL (Standard/Flat/Micro-Ribs);;RETRO PANEL - WOOD - 0,45 mm;Wood (imitatie lemn);0.45;mp;;12.18;
05. RETRO - RETRO PLUS - RETRO DUO - FALTUITA;Retro Panel cu SOUNDCONTROL (Standard/Flat/Micro-Ribs);;RETRO PANEL - GRANDE MAT - 0,50 mm;Grande Mat (GDM);0.50;mp;;12.28;
05. RETRO - RETRO PLUS - RETRO DUO - FALTUITA;Retro Duo / Retro Duo Microribs;;RETRO DUO - lucios - 0,60 mm;lucios;0.60;mp;;7.64;
05. RETRO - RETRO PLUS - RETRO DUO - FALTUITA;Retro Duo / Retro Duo Microribs;;RETRO DUO - lucios - 0,50 mm;lucios;0.50;mp;;6.79;
05. RETRO - RETRO PLUS - RETRO DUO - FALTUITA;Retro Duo / Retro Duo Microribs;;RETRO DUO - lucios - 0,45 mm;lucios;0.45;mp;;6.36;
05. RETRO - RETRO PLUS - RETRO DUO - FALTUITA;Retro Duo / Retro Duo Microribs;;RETRO DUO - ral 8003 - 0,45mm;lucios RAL 8003 (alama);0.45;mp;;9.01;
05. RETRO - RETRO PLUS - RETRO DUO - FALTUITA;Retro Duo / Retro Duo Microribs;;RETRO DUO - mat - 0,60 mm;mat;0.60;mp;;7.93;
05. RETRO - RETRO PLUS - RETRO DUO - FALTUITA;Retro Duo / Retro Duo Microribs;;RETRO DUO - mat - 0,50 mm;mat;0.50;mp;;7.05;
05. RETRO - RETRO PLUS - RETRO DUO - FALTUITA;Retro Duo / Retro Duo Microribs;;RETRO DUO - mat - 0,45 mm;mat;0.45;mp;;6.77;
05. RETRO - RETRO PLUS - RETRO DUO - FALTUITA;Retro Duo / Retro Duo Microribs;;RETRO DUO - WOOD - 0,50 mm;Wood (imitatie lemn);0.50;mp;;9.11;
05. RETRO - RETRO PLUS - RETRO DUO - FALTUITA;Retro Duo / Retro Duo Microribs;;RETRO DUO - WOOD - 0,45 mm;Wood (imitatie lemn);0.45;mp;;9.01;
05. RETRO - RETRO PLUS - RETRO DUO - FALTUITA;Retro Duo / Retro Duo Microribs;;RETRO DUO - GRANDE MAT - 0,50 mm;Grande Mat (GDM);0.50;mp;;9.11;
05. RETRO - RETRO PLUS - RETRO DUO - FALTUITA;Retro Duo DRIPSTOP / Retro Duo Microribs DRIPSTOP;;RETRO DUO - lucios - 0,60 mm;lucios;0.60;mp;;9.14;
05. RETRO - RETRO PLUS - RETRO DUO - FALTUITA;Retro Duo DRIPSTOP / Retro Duo Microribs DRIPSTOP;;RETRO DUO - lucios - 0,50 mm;lucios;0.50;mp;;8.29;
05. RETRO - RETRO PLUS - RETRO DUO - FALTUITA;Retro Duo DRIPSTOP / Retro Duo Microribs DRIPSTOP;;RETRO DUO - lucios - 0,45 mm;lucios;0.45;mp;;7.86;
05. RETRO - RETRO PLUS - RETRO DUO - FALTUITA;Retro Duo DRIPSTOP / Retro Duo Microribs DRIPSTOP;;RETRO DUO - ral 8003 - 0,45 mm;lucios RAL 8003 (alama);0.45;mp;;10.51;
05. RETRO - RETRO PLUS - RETRO DUO - FALTUITA;Retro Duo DRIPSTOP / Retro Duo Microribs DRIPSTOP;;RETRO DUO - mat - 0,60 mm;mat;0.60;mp;;9.43;
05. RETRO - RETRO PLUS - RETRO DUO - FALTUITA;Retro Duo DRIPSTOP / Retro Duo Microribs DRIPSTOP;;RETRO DUO - mat - 0,50 mm;mat;0.50;mp;;8.55;
05. RETRO - RETRO PLUS - RETRO DUO - FALTUITA;Retro Duo DRIPSTOP / Retro Duo Microribs DRIPSTOP;;RETRO DUO - mat - 0,45 mm;mat;0.45;mp;;8.27;
05. RETRO - RETRO PLUS - RETRO DUO - FALTUITA;Retro Duo DRIPSTOP / Retro Duo Microribs DRIPSTOP;;RETRO DUO - WOOD - 0,50 mm;Wood (imitatie lemn);0.50;mp;;10.61;
05. RETRO - RETRO PLUS - RETRO DUO - FALTUITA;Retro Duo DRIPSTOP / Retro Duo Microribs DRIPSTOP;;RETRO DUO - WOOD - 0,45 mm;Wood (imitatie lemn);0.45;mp;;10.51;
05. RETRO - RETRO PLUS - RETRO DUO - FALTUITA;Retro Duo DRIPSTOP / Retro Duo Microribs DRIPSTOP;;RETRO DUO - GRANDE MAT - 0,50 mm;Grande Mat (GDM);0.50;mp;;10.61;
05. RETRO - RETRO PLUS - RETRO DUO - FALTUITA;Tabla faltuita - latime totala 560 mm;;TABLA FALTUITA - lucios - 0,60 mm;lucios;0.60;mp;;7.88;
05. RETRO - RETRO PLUS - RETRO DUO - FALTUITA;Tabla faltuita - latime totala 560 mm;;TABLA FALTUITA - lucios - 0,50 mm;lucios;0.50;mp;;7.07;
05. RETRO - RETRO PLUS - RETRO DUO - FALTUITA;Tabla faltuita - latime totala 560 mm;;TABLA FALTUITA - lucios - 0,45 mm;lucios;0.45;mp;;6.66;
05. RETRO - RETRO PLUS - RETRO DUO - FALTUITA;Tabla faltuita - latime totala 560 mm;;TABLA FALTUITA - ral 8003 - 0,45mm;lucios RAL 8003 (alama);0.45;mp;;9.18;
05. RETRO - RETRO PLUS - RETRO DUO - FALTUITA;Tabla faltuita - latime totala 560 mm;;TABLA FALTUITA - mat - 0,60 mm;mat;0.60;mp;;8.16;
05. RETRO - RETRO PLUS - RETRO DUO - FALTUITA;Tabla faltuita - latime totala 560 mm;;TABLA FALTUITA - mat - 0,50 mm;mat;0.50;mp;;7.32;
05. RETRO - RETRO PLUS - RETRO DUO - FALTUITA;Tabla faltuita - latime totala 560 mm;;TABLA FALTUITA - mat - 0,45 mm;mat;0.45;mp;;7.05;
05. RETRO - RETRO PLUS - RETRO DUO - FALTUITA;Tabla faltuita - latime totala 560 mm;;TABLA FALTUITA - WOOD - 0,50 mm;Wood (imitatie lemn);0.50;mp;;9.28;
05. RETRO - RETRO PLUS - RETRO DUO - FALTUITA;Tabla faltuita - latime totala 560 mm;;TABLA FALTUITA - WOOD - 0,45 mm;Wood (imitatie lemn);0.45;mp;;9.18;
05. RETRO - RETRO PLUS - RETRO DUO - FALTUITA;Tabla faltuita - latime totala 560 mm;;TABLA FALTUITA - GRANDE MAT - 0,50 mm;Grande Mat (GDM);0.50;mp;;9.28;
05. RETRO - RETRO PLUS - RETRO DUO - FALTUITA;Tabla faltuita - latime totala 560 mm;;TABLA FALTUITA - dubluvopsit mat - 0,60mm-SSAB;dublu vopsit mat SSAB;0.60;mp;;15.20;
05. RETRO - RETRO PLUS - RETRO DUO - FALTUITA;Tabla faltuita - latime totala 560 mm;;TABLA FALTUITA - dubluvopsit lucios - 0,60 mm-SSAB;dublu vopsit lucios SSAB;0.60;mp;;10.95;
05. RETRO - RETRO PLUS - RETRO DUO - FALTUITA;Tabla faltuita - latime totala 560 mm;;TABLA FALTUITA - dubluvopsit lucios - 0,50 mm;dublu vopsit lucios;0.50;mp;;7.68;
05. RETRO - RETRO PLUS - RETRO DUO - FALTUITA;Tabla faltuita - latime totala 560 mm;;TABLA FALTUITA - dubluvopsit mat - 0,50 mm;dublu vopsit mat;0.50;mp;;7.95;
05. RETRO - RETRO PLUS - RETRO DUO - FALTUITA;Tabla faltuita - latime totala 560 mm;;TABLA FALTUITA - magnelis- 0,50 mm;Magnelis;0.50;mp;;7.58;
05. RETRO - RETRO PLUS - RETRO DUO - FALTUITA;Tabla faltuita - latime totala 360 mm;;TABLA FALTUITA - lucios - 0,60 mm;lucios;0.60;mp;;8.27;
05. RETRO - RETRO PLUS - RETRO DUO - FALTUITA;Tabla faltuita - latime totala 360 mm;;TABLA FALTUITA - lucios - 0,50 mm;lucios;0.50;mp;;7.42;
05. RETRO - RETRO PLUS - RETRO DUO - FALTUITA;Tabla faltuita - latime totala 360 mm;;TABLA FALTUITA - lucios - 0,45 mm;lucios;0.45;mp;;6.99;
05. RETRO - RETRO PLUS - RETRO DUO - FALTUITA;Tabla faltuita - latime totala 360 mm;;TABLA FALTUITA - ral 8003 - 0,45mm;lucios RAL 8003 (alama);0.45;mp;;9.64;
05. RETRO - RETRO PLUS - RETRO DUO - FALTUITA;Tabla faltuita - latime totala 360 mm;;TABLA FALTUITA - mat - 0,60 mm;mat;0.60;mp;;8.56;
05. RETRO - RETRO PLUS - RETRO DUO - FALTUITA;Tabla faltuita - latime totala 360 mm;;TABLA FALTUITA - mat - 0,50 mm;mat;0.50;mp;;7.68;
05. RETRO - RETRO PLUS - RETRO DUO - FALTUITA;Tabla faltuita - latime totala 360 mm;;TABLA FALTUITA - mat - 0,45 mm;mat;0.45;mp;;7.40;
05. RETRO - RETRO PLUS - RETRO DUO - FALTUITA;Tabla faltuita - latime totala 360 mm;;TABLA FALTUITA - WOOD - 0,50 mm;Wood (imitatie lemn);0.50;mp;;9.74;
05. RETRO - RETRO PLUS - RETRO DUO - FALTUITA;Tabla faltuita - latime totala 360 mm;;TABLA FALTUITA - WOOD - 0,45 mm;Wood (imitatie lemn);0.45;mp;;9.64;
05. RETRO - RETRO PLUS - RETRO DUO - FALTUITA;Tabla faltuita - latime totala 360 mm;;TABLA FALTUITA - GRANDE MAT - 0,50 mm;Grande Mat (GDM);0.50;mp;;9.74;
05. RETRO - RETRO PLUS - RETRO DUO - FALTUITA;Tabla faltuita - latime totala 360 mm;;TABLA FALTUITA - dubluvopsit mat - 0,60mm-SSAB;dublu vopsit mat SSAB;0.60;mp;;15.95;
05. RETRO - RETRO PLUS - RETRO DUO - FALTUITA;Tabla faltuita - latime totala 360 mm;;TABLA FALTUITA - dubluvopsit lucios - 0,60 mm-SSAB;dublu vopsit lucios SSAB;0.60;mp;;11.49;
05. RETRO - RETRO PLUS - RETRO DUO - FALTUITA;Tabla faltuita - latime totala 360 mm;;TABLA FALTUITA - dubluvopsit lucios - 0,50 mm;dublu vopsit lucios;0.50;mp;;8.06;
05. RETRO - RETRO PLUS - RETRO DUO - FALTUITA;Tabla faltuita - latime totala 360 mm;;TABLA FALTUITA - dubluvopsit mat - 0,50 mm;dublu vopsit mat;0.50;mp;;8.34;
05. RETRO - RETRO PLUS - RETRO DUO - FALTUITA;Tabla faltuita - latime totala 360 mm;;TABLA FALTUITA - magnelis- 0,50 mm;Magnelis;0.50;mp;;7.95;
05. RETRO - RETRO PLUS - RETRO DUO - FALTUITA;Suruburi Retro (cap neted);;Suruburi Retro Panel pentru fixare panou - lemn;;;cutie;500 buc / cutie;12.07;
05. RETRO - RETRO PLUS - RETRO DUO - FALTUITA;Suruburi Retro (cap neted);;Suruburi Retro Panel pentru fixare panou - lemn;;;cutie;500 buc / cutie;12.07;
05. RETRO - RETRO PLUS - RETRO DUO - FALTUITA;Cleme inox tabla faltuita;;Clema fixa inox - 25 mm - prindere falt;inox;;buc;;0.23;
05. RETRO - RETRO PLUS - RETRO DUO - FALTUITA;Cleme inox tabla faltuita;;Clema fixa inox - 32 mm - prindere falt;inox;;buc;;0.26;
05. RETRO - RETRO PLUS - RETRO DUO - FALTUITA;Cleme inox tabla faltuita;;Clema mobila inox - 25 mm - prindere falt;inox;;buc;;0.40;
05. RETRO - RETRO PLUS - RETRO DUO - FALTUITA;Cleme inox tabla faltuita;;Clema mobila inox - 32 mm - prindere falt;inox;;buc;;0.46;
05. RETRO - RETRO PLUS - RETRO DUO - FALTUITA;Accesorii auxiliare invelitori plate;;Membrana 150 g cu covor de ventilatie 300 g (37.50 mp/rola);;;mp;rola 37.50 mp;4.15;
05. RETRO - RETRO PLUS - RETRO DUO - FALTUITA;Accesorii auxiliare invelitori plate;;Membrana 150 g cu covor de ventilatie 300 g (37.50 mp/rola);;;rola;rola 37.50 mp;155.49;
05. RETRO - RETRO PLUS - RETRO DUO - FALTUITA;Accesorii auxiliare invelitori plate;;Covor ventilatie;;;mp;rola;3.11;
05. RETRO - RETRO PLUS - RETRO DUO - FALTUITA;Accesorii auxiliare invelitori plate;;Covor ventilatie;;;rola;rola;108.84;
05. RETRO - RETRO PLUS - RETRO DUO - FALTUITA;Accesorii tinichigerie Retro - finisaj lucios + wood;;Coama Retro ( 417 mm );lucios;0.60;buc;desfasurata 417 mm, bucata 2 m;6.88;compatibil RETRO DUO
05. RETRO - RETRO PLUS - RETRO DUO - FALTUITA;Accesorii tinichigerie Retro - finisaj lucios + wood;;Coama Retro ( 417 mm );lucios;0.50;buc;desfasurata 417 mm, bucata 2 m;6.07;compatibil RETRO DUO
05. RETRO - RETRO PLUS - RETRO DUO - FALTUITA;Accesorii tinichigerie Retro - finisaj lucios + wood;;Coama Retro ( 417 mm );lucios;0.45;buc;desfasurata 417 mm, bucata 2 m;5.66;compatibil RETRO DUO
05. RETRO - RETRO PLUS - RETRO DUO - FALTUITA;Accesorii tinichigerie Retro - finisaj lucios + wood;;Coama Retro ( 417 mm );Wood (imitatie lemn);0.50;buc;desfasurata 417 mm, bucata 2 m;8.28;compatibil RETRO DUO
05. RETRO - RETRO PLUS - RETRO DUO - FALTUITA;Accesorii tinichigerie Retro - finisaj lucios + wood;;Coama Retro ( 417 mm );Wood (imitatie lemn);0.45;buc;desfasurata 417 mm, bucata 2 m;8.18;compatibil RETRO DUO
05. RETRO - RETRO PLUS - RETRO DUO - FALTUITA;Accesorii tinichigerie Retro - finisaj lucios + wood;;Semicoama Retro (370 mm);lucios;0.60;buc;desfasurata 370 mm, bucata 2 m;6.88;compatibil RETRO DUO
05. RETRO - RETRO PLUS - RETRO DUO - FALTUITA;Accesorii tinichigerie Retro - finisaj lucios + wood;;Semicoama Retro (370 mm);lucios;0.50;buc;desfasurata 370 mm, bucata 2 m;6.07;compatibil RETRO DUO
05. RETRO - RETRO PLUS - RETRO DUO - FALTUITA;Accesorii tinichigerie Retro - finisaj lucios + wood;;Semicoama Retro (370 mm);lucios;0.45;buc;desfasurata 370 mm, bucata 2 m;5.66;compatibil RETRO DUO
05. RETRO - RETRO PLUS - RETRO DUO - FALTUITA;Accesorii tinichigerie Retro - finisaj lucios + wood;;Semicoama Retro (370 mm);Wood (imitatie lemn);0.50;buc;desfasurata 370 mm, bucata 2 m;8.28;compatibil RETRO DUO
05. RETRO - RETRO PLUS - RETRO DUO - FALTUITA;Accesorii tinichigerie Retro - finisaj lucios + wood;;Semicoama Retro (370 mm);Wood (imitatie lemn);0.45;buc;desfasurata 370 mm, bucata 2 m;8.18;compatibil RETRO DUO
05. RETRO - RETRO PLUS - RETRO DUO - FALTUITA;Accesorii tinichigerie Retro - finisaj lucios + wood;;Suport coama Retro (125 mm);lucios;0.60;buc;desfasurata 125 mm, bucata 2 m;2.06;compatibil RETRO DUO
05. RETRO - RETRO PLUS - RETRO DUO - FALTUITA;Accesorii tinichigerie Retro - finisaj lucios + wood;;Suport coama Retro (125 mm);lucios;0.50;buc;desfasurata 125 mm, bucata 2 m;1.82;compatibil RETRO DUO
05. RETRO - RETRO PLUS - RETRO DUO - FALTUITA;Accesorii tinichigerie Retro - finisaj lucios + wood;;Suport coama Retro (125 mm);lucios;0.45;buc;desfasurata 125 mm, bucata 2 m;1.70;compatibil RETRO DUO
05. RETRO - RETRO PLUS - RETRO DUO - FALTUITA;Accesorii tinichigerie Retro - finisaj lucios + wood;;Suport coama Retro (125 mm);Wood (imitatie lemn);0.50;buc;desfasurata 125 mm, bucata 2 m;2.48;compatibil RETRO DUO
05. RETRO - RETRO PLUS - RETRO DUO - FALTUITA;Accesorii tinichigerie Retro - finisaj lucios + wood;;Suport coama Retro (125 mm);Wood (imitatie lemn);0.45;buc;desfasurata 125 mm, bucata 2 m;2.45;compatibil RETRO DUO
05. RETRO - RETRO PLUS - RETRO DUO - FALTUITA;Accesorii tinichigerie Retro - finisaj lucios + wood;;Bordura Fronton Retro (312 mm);lucios;0.60;buc;desfasurata 312 mm, bucata 2 m;5.16;compatibil RETRO DUO
05. RETRO - RETRO PLUS - RETRO DUO - FALTUITA;Accesorii tinichigerie Retro - finisaj lucios + wood;;Bordura Fronton Retro (312 mm);lucios;0.50;buc;desfasurata 312 mm, bucata 2 m;4.55;compatibil RETRO DUO
05. RETRO - RETRO PLUS - RETRO DUO - FALTUITA;Accesorii tinichigerie Retro - finisaj lucios + wood;;Bordura Fronton Retro (312 mm);lucios;0.45;buc;desfasurata 312 mm, bucata 2 m;4.25;compatibil RETRO DUO
05. RETRO - RETRO PLUS - RETRO DUO - FALTUITA;Accesorii tinichigerie Retro - finisaj lucios + wood;;Bordura Fronton Retro (312 mm);Wood (imitatie lemn);0.50;buc;desfasurata 312 mm, bucata 2 m;6.21;compatibil RETRO DUO
05. RETRO - RETRO PLUS - RETRO DUO - FALTUITA;Accesorii tinichigerie Retro - finisaj lucios + wood;;Bordura Fronton Retro (312 mm);Wood (imitatie lemn);0.45;buc;desfasurata 312 mm, bucata 2 m;6.13;compatibil RETRO DUO
05. RETRO - RETRO PLUS - RETRO DUO - FALTUITA;Accesorii tinichigerie Retro - finisaj lucios + wood;;Dolie Retro ( 417 mm );lucios;0.60;buc;desfasurata 417 mm, bucata 2 m;6.88;compatibil RETRO DUO
05. RETRO - RETRO PLUS - RETRO DUO - FALTUITA;Accesorii tinichigerie Retro - finisaj lucios + wood;;Dolie Retro ( 417 mm );lucios;0.50;buc;desfasurata 417 mm, bucata 2 m;6.07;compatibil RETRO DUO
05. RETRO - RETRO PLUS - RETRO DUO - FALTUITA;Accesorii tinichigerie Retro - finisaj lucios + wood;;Dolie Retro ( 417 mm );lucios;0.45;buc;desfasurata 417 mm, bucata 2 m;5.66;compatibil RETRO DUO
05. RETRO - RETRO PLUS - RETRO DUO - FALTUITA;Accesorii tinichigerie Retro - finisaj lucios + wood;;Dolie Retro ( 417 mm );Wood (imitatie lemn);0.50;buc;desfasurata 417 mm, bucata 2 m;8.28;compatibil RETRO DUO
05. RETRO - RETRO PLUS - RETRO DUO - FALTUITA;Accesorii tinichigerie Retro - finisaj lucios + wood;;Dolie Retro ( 417 mm );Wood (imitatie lemn);0.45;buc;desfasurata 417 mm, bucata 2 m;8.18;compatibil RETRO DUO
05. RETRO - RETRO PLUS - RETRO DUO - FALTUITA;Accesorii tinichigerie Retro - finisaj lucios + wood;;Dolie Retro ( 625 mm );lucios;0.60;buc;desfasurata 625 mm, bucata 2 m;10.31;compatibil RETRO DUO
05. RETRO - RETRO PLUS - RETRO DUO - FALTUITA;Accesorii tinichigerie Retro - finisaj lucios + wood;;Dolie Retro ( 625 mm );lucios;0.50;buc;desfasurata 625 mm, bucata 2 m;9.10;compatibil RETRO DUO
05. RETRO - RETRO PLUS - RETRO DUO - FALTUITA;Accesorii tinichigerie Retro - finisaj lucios + wood;;Dolie Retro ( 625 mm );lucios;0.45;buc;desfasurata 625 mm, bucata 2 m;8.49;compatibil RETRO DUO
05. RETRO - RETRO PLUS - RETRO DUO - FALTUITA;Accesorii tinichigerie Retro - finisaj lucios + wood;;Dolie Retro ( 625 mm );Wood (imitatie lemn);0.50;buc;desfasurata 625 mm, bucata 2 m;12.42;compatibil RETRO DUO
05. RETRO - RETRO PLUS - RETRO DUO - FALTUITA;Accesorii tinichigerie Retro - finisaj lucios + wood;;Dolie Retro ( 625 mm );Wood (imitatie lemn);0.45;buc;desfasurata 625 mm, bucata 2 m;12.27;compatibil RETRO DUO
05. RETRO - RETRO PLUS - RETRO DUO - FALTUITA;Accesorii tinichigerie Retro - finisaj lucios + wood;;Bordura streasina Retro (312 mm );lucios;0.60;buc;desfasurata 312 mm, bucata 2 m;5.16;
05. RETRO - RETRO PLUS - RETRO DUO - FALTUITA;Accesorii tinichigerie Retro - finisaj lucios + wood;;Bordura streasina Retro (312 mm );lucios;0.50;buc;desfasurata 312 mm, bucata 2 m;4.55;
05. RETRO - RETRO PLUS - RETRO DUO - FALTUITA;Accesorii tinichigerie Retro - finisaj lucios + wood;;Bordura streasina Retro (312 mm );lucios;0.45;buc;desfasurata 312 mm, bucata 2 m;4.25;
05. RETRO - RETRO PLUS - RETRO DUO - FALTUITA;Accesorii tinichigerie Retro - finisaj lucios + wood;;Bordura streasina Retro (312 mm );Wood (imitatie lemn);0.50;buc;desfasurata 312 mm, bucata 2 m;6.21;
05. RETRO - RETRO PLUS - RETRO DUO - FALTUITA;Accesorii tinichigerie Retro - finisaj lucios + wood;;Bordura streasina Retro (312 mm );Wood (imitatie lemn);0.45;buc;desfasurata 312 mm, bucata 2 m;6.13;
05. RETRO - RETRO PLUS - RETRO DUO - FALTUITA;Accesorii tinichigerie Retro - finisaj lucios + wood;;Bordura streasina Retro (250 mm );lucios;0.60;buc;desfasurata 250 mm, bucata 2 m;4.13;
05. RETRO - RETRO PLUS - RETRO DUO - FALTUITA;Accesorii tinichigerie Retro - finisaj lucios + wood;;Bordura streasina Retro (250 mm );lucios;0.50;buc;desfasurata 250 mm, bucata 2 m;3.64;
05. RETRO - RETRO PLUS - RETRO DUO - FALTUITA;Accesorii tinichigerie Retro - finisaj lucios + wood;;Bordura streasina Retro (250 mm );lucios;0.45;buc;desfasurata 250 mm, bucata 2 m;3.40;
05. RETRO - RETRO PLUS - RETRO DUO - FALTUITA;Accesorii tinichigerie Retro - finisaj lucios + wood;;Bordura streasina Retro (250 mm );Wood (imitatie lemn);0.50;buc;desfasurata 250 mm, bucata 2 m;4.97;
05. RETRO - RETRO PLUS - RETRO DUO - FALTUITA;Accesorii tinichigerie Retro - finisaj lucios + wood;;Bordura streasina Retro (250 mm );Wood (imitatie lemn);0.45;buc;desfasurata 250 mm, bucata 2 m;4.91;
05. RETRO - RETRO PLUS - RETRO DUO - FALTUITA;Accesorii tinichigerie Retro - finisaj lucios + wood;;Bordura perete laterala Retro (250 mm);lucios;0.60;buc;desfasurata 250 mm, bucata 2 m;4.13;compatibil RETRO DUO
05. RETRO - RETRO PLUS - RETRO DUO - FALTUITA;Accesorii tinichigerie Retro - finisaj lucios + wood;;Bordura perete laterala Retro (250 mm);lucios;0.50;buc;desfasurata 250 mm, bucata 2 m;3.64;compatibil RETRO DUO
05. RETRO - RETRO PLUS - RETRO DUO - FALTUITA;Accesorii tinichigerie Retro - finisaj lucios + wood;;Bordura perete laterala Retro (250 mm);lucios;0.45;buc;desfasurata 250 mm, bucata 2 m;3.40;compatibil RETRO DUO
05. RETRO - RETRO PLUS - RETRO DUO - FALTUITA;Accesorii tinichigerie Retro - finisaj lucios + wood;;Bordura perete laterala Retro (250 mm);Wood (imitatie lemn);0.50;buc;desfasurata 250 mm, bucata 2 m;4.97;compatibil RETRO DUO
05. RETRO - RETRO PLUS - RETRO DUO - FALTUITA;Accesorii tinichigerie Retro - finisaj lucios + wood;;Bordura perete laterala Retro (250 mm);Wood (imitatie lemn);0.45;buc;desfasurata 250 mm, bucata 2 m;4.91;compatibil RETRO DUO
05. RETRO - RETRO PLUS - RETRO DUO - FALTUITA;Accesorii tinichigerie Retro - finisaj lucios + wood;;Bordura perete orizontala Retro (312 mm);lucios;0.60;buc;desfasurata 312 mm, bucata 2 m;5.16;compatibil RETRO DUO
05. RETRO - RETRO PLUS - RETRO DUO - FALTUITA;Accesorii tinichigerie Retro - finisaj lucios + wood;;Bordura perete orizontala Retro (312 mm);lucios;0.50;buc;desfasurata 312 mm, bucata 2 m;4.55;compatibil RETRO DUO
05. RETRO - RETRO PLUS - RETRO DUO - FALTUITA;Accesorii tinichigerie Retro - finisaj lucios + wood;;Bordura perete orizontala Retro (312 mm);lucios;0.45;buc;desfasurata 312 mm, bucata 2 m;4.25;compatibil RETRO DUO
05. RETRO - RETRO PLUS - RETRO DUO - FALTUITA;Accesorii tinichigerie Retro - finisaj lucios + wood;;Bordura perete orizontala Retro (312 mm);Wood (imitatie lemn);0.50;buc;desfasurata 312 mm, bucata 2 m;6.21;compatibil RETRO DUO
05. RETRO - RETRO PLUS - RETRO DUO - FALTUITA;Accesorii tinichigerie Retro - finisaj lucios + wood;;Bordura perete orizontala Retro (312 mm);Wood (imitatie lemn);0.45;buc;desfasurata 312 mm, bucata 2 m;6.13;compatibil RETRO DUO
05. RETRO - RETRO PLUS - RETRO DUO - FALTUITA;Accesorii tinichigerie Retro - finisaj lucios + wood;;Ruperea pantei concava Retro (312 mm);lucios;0.60;buc;desfasurata 312 mm, bucata 2 m;5.16;compatibil RETRO DUO
05. RETRO - RETRO PLUS - RETRO DUO - FALTUITA;Accesorii tinichigerie Retro - finisaj lucios + wood;;Ruperea pantei concava Retro (312 mm);lucios;0.50;buc;desfasurata 312 mm, bucata 2 m;4.55;compatibil RETRO DUO
05. RETRO - RETRO PLUS - RETRO DUO - FALTUITA;Accesorii tinichigerie Retro - finisaj lucios + wood;;Ruperea pantei concava Retro (312 mm);lucios;0.45;buc;desfasurata 312 mm, bucata 2 m;4.25;compatibil RETRO DUO
05. RETRO - RETRO PLUS - RETRO DUO - FALTUITA;Accesorii tinichigerie Retro - finisaj lucios + wood;;Ruperea pantei concava Retro (312 mm);Wood (imitatie lemn);0.50;buc;desfasurata 312 mm, bucata 2 m;6.21;compatibil RETRO DUO
05. RETRO - RETRO PLUS - RETRO DUO - FALTUITA;Accesorii tinichigerie Retro - finisaj lucios + wood;;Ruperea pantei concava Retro (312 mm);Wood (imitatie lemn);0.45;buc;desfasurata 312 mm, bucata 2 m;6.13;compatibil RETRO DUO
05. RETRO - RETRO PLUS - RETRO DUO - FALTUITA;Accesorii tinichigerie Retro - finisaj lucios + wood;;Ruperea pantei convexa Retro (312 mm);lucios;0.60;buc;desfasurata 312 mm, bucata 2 m;5.16;compatibil RETRO DUO
05. RETRO - RETRO PLUS - RETRO DUO - FALTUITA;Accesorii tinichigerie Retro - finisaj lucios + wood;;Ruperea pantei convexa Retro (312 mm);lucios;0.50;buc;desfasurata 312 mm, bucata 2 m;4.55;compatibil RETRO DUO
05. RETRO - RETRO PLUS - RETRO DUO - FALTUITA;Accesorii tinichigerie Retro - finisaj lucios + wood;;Ruperea pantei convexa Retro (312 mm);lucios;0.45;buc;desfasurata 312 mm, bucata 2 m;4.25;compatibil RETRO DUO
05. RETRO - RETRO PLUS - RETRO DUO - FALTUITA;Accesorii tinichigerie Retro - finisaj lucios + wood;;Ruperea pantei convexa Retro (312 mm);Wood (imitatie lemn);0.50;buc;desfasurata 312 mm, bucata 2 m;6.21;compatibil RETRO DUO
05. RETRO - RETRO PLUS - RETRO DUO - FALTUITA;Accesorii tinichigerie Retro - finisaj lucios + wood;;Ruperea pantei convexa Retro (312 mm);Wood (imitatie lemn);0.45;buc;desfasurata 312 mm, bucata 2 m;6.13;compatibil RETRO DUO
05. RETRO - RETRO PLUS - RETRO DUO - FALTUITA;Accesorii tinichigerie Retro - finisaj lucios + wood;;Element mic de suprapunere Retro (60 mm);lucios;0.60;buc;desfasurata 60 mm, bucata 2 m;1.03;
05. RETRO - RETRO PLUS - RETRO DUO - FALTUITA;Accesorii tinichigerie Retro - finisaj lucios + wood;;Element mic de suprapunere Retro (60 mm);lucios;0.50;buc;desfasurata 60 mm, bucata 2 m;0.91;
05. RETRO - RETRO PLUS - RETRO DUO - FALTUITA;Accesorii tinichigerie Retro - finisaj lucios + wood;;Element mic de suprapunere Retro (60 mm);lucios;0.45;buc;desfasurata 60 mm, bucata 2 m;0.85;
05. RETRO - RETRO PLUS - RETRO DUO - FALTUITA;Accesorii tinichigerie Retro - finisaj lucios + wood;;Element mic de suprapunere Retro (60 mm);Wood (imitatie lemn);0.50;buc;desfasurata 60 mm, bucata 2 m;1.24;
05. RETRO - RETRO PLUS - RETRO DUO - FALTUITA;Accesorii tinichigerie Retro - finisaj lucios + wood;;Element mic de suprapunere Retro (60 mm);Wood (imitatie lemn);0.45;buc;desfasurata 60 mm, bucata 2 m;1.23;
05. RETRO - RETRO PLUS - RETRO DUO - FALTUITA;Accesorii tinichigerie Retro - finisaj lucios + wood;;Element mare de suprapunere Retro (80 mm);lucios;0.60;buc;desfasurata 80 mm, bucata 2 m;1.38;
05. RETRO - RETRO PLUS - RETRO DUO - FALTUITA;Accesorii tinichigerie Retro - finisaj lucios + wood;;Element mare de suprapunere Retro (80 mm);lucios;0.50;buc;desfasurata 80 mm, bucata 2 m;1.21;
05. RETRO - RETRO PLUS - RETRO DUO - FALTUITA;Accesorii tinichigerie Retro - finisaj lucios + wood;;Element mare de suprapunere Retro (80 mm);lucios;0.45;buc;desfasurata 80 mm, bucata 2 m;1.13;
05. RETRO - RETRO PLUS - RETRO DUO - FALTUITA;Accesorii tinichigerie Retro - finisaj lucios + wood;;Element mare de suprapunere Retro (80 mm);Wood (imitatie lemn);0.50;buc;desfasurata 80 mm, bucata 2 m;1.66;
05. RETRO - RETRO PLUS - RETRO DUO - FALTUITA;Accesorii tinichigerie Retro - finisaj lucios + wood;;Element mare de suprapunere Retro (80 mm);Wood (imitatie lemn);0.45;buc;desfasurata 80 mm, bucata 2 m;1.64;
05. RETRO - RETRO PLUS - RETRO DUO - FALTUITA;Accesorii tinichigerie Retro - finisaj lucios + wood;;Opritor de zapada ,, Retro '' ( tip bara / 2 m );toate finisajele;;buc;bara 2 m;64.60;pret unic, independent de finisaj
05. RETRO - RETRO PLUS - RETRO DUO - FALTUITA;Accesorii tinichigerie Retro - finisaj lucios + wood;;Piesa conectoare opritor zapada ,,Retro '';toate finisajele;;buc;;2.13;pret unic, independent de finisaj
05. RETRO - RETRO PLUS - RETRO DUO - FALTUITA;Accesorii tinichigerie Retro - finisaj lucios + wood;;Set cos fum ,, Retro'' ( 4 piese x 1,25 m );lucios;0.60;buc;set 4 piese x 1,25 m;20.63;compatibil RETRO DUO
05. RETRO - RETRO PLUS - RETRO DUO - FALTUITA;Accesorii tinichigerie Retro - finisaj lucios + wood;;Set cos fum ,, Retro'' ( 4 piese x 1,25 m );lucios;0.50;buc;set 4 piese x 1,25 m;18.21;compatibil RETRO DUO
05. RETRO - RETRO PLUS - RETRO DUO - FALTUITA;Accesorii tinichigerie Retro - finisaj lucios + wood;;Set cos fum ,, Retro'' ( 4 piese x 1,25 m );lucios;0.45;buc;set 4 piese x 1,25 m;16.98;compatibil RETRO DUO
05. RETRO - RETRO PLUS - RETRO DUO - FALTUITA;Accesorii tinichigerie Retro - finisaj lucios + wood;;Set cos fum ,, Retro'' ( 4 piese x 1,25 m );Wood (imitatie lemn);0.50;buc;set 4 piese x 1,25 m;24.84;compatibil RETRO DUO
05. RETRO - RETRO PLUS - RETRO DUO - FALTUITA;Accesorii tinichigerie Retro - finisaj lucios + wood;;Set cos fum ,, Retro'' ( 4 piese x 1,25 m );Wood (imitatie lemn);0.45;buc;set 4 piese x 1,25 m;24.54;compatibil RETRO DUO
05. RETRO - RETRO PLUS - RETRO DUO - FALTUITA;Accesorii tinichigerie Retro - finisaj mat + GDM + RAL 8003;;Coama Retro ( 417 mm );mat;0.60;buc;desfasurata 417 mm, bucata 2 m;7.16;compatibil RETRO DUO
05. RETRO - RETRO PLUS - RETRO DUO - FALTUITA;Accesorii tinichigerie Retro - finisaj mat + GDM + RAL 8003;;Coama Retro ( 417 mm );mat;0.50;buc;desfasurata 417 mm, bucata 2 m;6.32;compatibil RETRO DUO
05. RETRO - RETRO PLUS - RETRO DUO - FALTUITA;Accesorii tinichigerie Retro - finisaj mat + GDM + RAL 8003;;Coama Retro ( 417 mm );mat;0.45;buc;desfasurata 417 mm, bucata 2 m;6.05;compatibil RETRO DUO
05. RETRO - RETRO PLUS - RETRO DUO - FALTUITA;Accesorii tinichigerie Retro - finisaj mat + GDM + RAL 8003;;Coama Retro ( 417 mm );lucios RAL 8003 (alama);0.45;buc;desfasurata 417 mm, bucata 2 m;8.18;compatibil RETRO DUO
05. RETRO - RETRO PLUS - RETRO DUO - FALTUITA;Accesorii tinichigerie Retro - finisaj mat + GDM + RAL 8003;;Coama Retro ( 417 mm );Grande Mat (GDM);0.50;buc;desfasurata 417 mm, bucata 2 m;8.28;compatibil RETRO DUO
05. RETRO - RETRO PLUS - RETRO DUO - FALTUITA;Accesorii tinichigerie Retro - finisaj mat + GDM + RAL 8003;;Semicoama Retro (370 mm);mat;0.60;buc;desfasurata 370 mm, bucata 2 m;7.16;compatibil RETRO DUO
05. RETRO - RETRO PLUS - RETRO DUO - FALTUITA;Accesorii tinichigerie Retro - finisaj mat + GDM + RAL 8003;;Semicoama Retro (370 mm);mat;0.50;buc;desfasurata 370 mm, bucata 2 m;6.32;compatibil RETRO DUO
05. RETRO - RETRO PLUS - RETRO DUO - FALTUITA;Accesorii tinichigerie Retro - finisaj mat + GDM + RAL 8003;;Semicoama Retro (370 mm);mat;0.45;buc;desfasurata 370 mm, bucata 2 m;6.05;compatibil RETRO DUO
05. RETRO - RETRO PLUS - RETRO DUO - FALTUITA;Accesorii tinichigerie Retro - finisaj mat + GDM + RAL 8003;;Semicoama Retro (370 mm);lucios RAL 8003 (alama);0.45;buc;desfasurata 370 mm, bucata 2 m;8.18;compatibil RETRO DUO
05. RETRO - RETRO PLUS - RETRO DUO - FALTUITA;Accesorii tinichigerie Retro - finisaj mat + GDM + RAL 8003;;Semicoama Retro (370 mm);Grande Mat (GDM);0.50;buc;desfasurata 370 mm, bucata 2 m;8.28;compatibil RETRO DUO
05. RETRO - RETRO PLUS - RETRO DUO - FALTUITA;Accesorii tinichigerie Retro - finisaj mat + GDM + RAL 8003;;Suport coama Retro (125 mm);mat;0.60;buc;desfasurata 125 mm, bucata 2 m;2.15;compatibil RETRO DUO
05. RETRO - RETRO PLUS - RETRO DUO - FALTUITA;Accesorii tinichigerie Retro - finisaj mat + GDM + RAL 8003;;Suport coama Retro (125 mm);mat;0.50;buc;desfasurata 125 mm, bucata 2 m;1.89;compatibil RETRO DUO
05. RETRO - RETRO PLUS - RETRO DUO - FALTUITA;Accesorii tinichigerie Retro - finisaj mat + GDM + RAL 8003;;Suport coama Retro (125 mm);mat;0.45;buc;desfasurata 125 mm, bucata 2 m;1.82;compatibil RETRO DUO
05. RETRO - RETRO PLUS - RETRO DUO - FALTUITA;Accesorii tinichigerie Retro - finisaj mat + GDM + RAL 8003;;Suport coama Retro (125 mm);lucios RAL 8003 (alama);0.45;buc;desfasurata 125 mm, bucata 2 m;2.45;compatibil RETRO DUO
05. RETRO - RETRO PLUS - RETRO DUO - FALTUITA;Accesorii tinichigerie Retro - finisaj mat + GDM + RAL 8003;;Suport coama Retro (125 mm);Grande Mat (GDM);0.50;buc;desfasurata 125 mm, bucata 2 m;2.48;compatibil RETRO DUO
05. RETRO - RETRO PLUS - RETRO DUO - FALTUITA;Accesorii tinichigerie Retro - finisaj mat + GDM + RAL 8003;;Bordura Fronton Retro (312 mm);mat;0.60;buc;desfasurata 312 mm, bucata 2 m;5.37;compatibil RETRO DUO
05. RETRO - RETRO PLUS - RETRO DUO - FALTUITA;Accesorii tinichigerie Retro - finisaj mat + GDM + RAL 8003;;Bordura Fronton Retro (312 mm);mat;0.50;buc;desfasurata 312 mm, bucata 2 m;4.74;compatibil RETRO DUO
05. RETRO - RETRO PLUS - RETRO DUO - FALTUITA;Accesorii tinichigerie Retro - finisaj mat + GDM + RAL 8003;;Bordura Fronton Retro (312 mm);mat;0.45;buc;desfasurata 312 mm, bucata 2 m;4.54;compatibil RETRO DUO
05. RETRO - RETRO PLUS - RETRO DUO - FALTUITA;Accesorii tinichigerie Retro - finisaj mat + GDM + RAL 8003;;Bordura Fronton Retro (312 mm);lucios RAL 8003 (alama);0.45;buc;desfasurata 312 mm, bucata 2 m;6.13;compatibil RETRO DUO
05. RETRO - RETRO PLUS - RETRO DUO - FALTUITA;Accesorii tinichigerie Retro - finisaj mat + GDM + RAL 8003;;Bordura Fronton Retro (312 mm);Grande Mat (GDM);0.50;buc;desfasurata 312 mm, bucata 2 m;6.21;compatibil RETRO DUO
05. RETRO - RETRO PLUS - RETRO DUO - FALTUITA;Accesorii tinichigerie Retro - finisaj mat + GDM + RAL 8003;;Dolie Retro ( 417 mm );mat;0.60;buc;desfasurata 417 mm, bucata 2 m;7.16;compatibil RETRO DUO
05. RETRO - RETRO PLUS - RETRO DUO - FALTUITA;Accesorii tinichigerie Retro - finisaj mat + GDM + RAL 8003;;Dolie Retro ( 417 mm );mat;0.50;buc;desfasurata 417 mm, bucata 2 m;6.32;compatibil RETRO DUO
05. RETRO - RETRO PLUS - RETRO DUO - FALTUITA;Accesorii tinichigerie Retro - finisaj mat + GDM + RAL 8003;;Dolie Retro ( 417 mm );mat;0.45;buc;desfasurata 417 mm, bucata 2 m;6.05;compatibil RETRO DUO
05. RETRO - RETRO PLUS - RETRO DUO - FALTUITA;Accesorii tinichigerie Retro - finisaj mat + GDM + RAL 8003;;Dolie Retro ( 417 mm );lucios RAL 8003 (alama);0.45;buc;desfasurata 417 mm, bucata 2 m;8.18;compatibil RETRO DUO
05. RETRO - RETRO PLUS - RETRO DUO - FALTUITA;Accesorii tinichigerie Retro - finisaj mat + GDM + RAL 8003;;Dolie Retro ( 417 mm );Grande Mat (GDM);0.50;buc;desfasurata 417 mm, bucata 2 m;8.28;compatibil RETRO DUO
05. RETRO - RETRO PLUS - RETRO DUO - FALTUITA;Accesorii tinichigerie Retro - finisaj mat + GDM + RAL 8003;;Dolie Retro ( 625 mm );mat;0.60;buc;desfasurata 625 mm, bucata 2 m;10.74;compatibil RETRO DUO
05. RETRO - RETRO PLUS - RETRO DUO - FALTUITA;Accesorii tinichigerie Retro - finisaj mat + GDM + RAL 8003;;Dolie Retro ( 625 mm );mat;0.50;buc;desfasurata 625 mm, bucata 2 m;9.47;compatibil RETRO DUO
05. RETRO - RETRO PLUS - RETRO DUO - FALTUITA;Accesorii tinichigerie Retro - finisaj mat + GDM + RAL 8003;;Dolie Retro ( 625 mm );mat;0.45;buc;desfasurata 625 mm, bucata 2 m;9.08;compatibil RETRO DUO
05. RETRO - RETRO PLUS - RETRO DUO - FALTUITA;Accesorii tinichigerie Retro - finisaj mat + GDM + RAL 8003;;Dolie Retro ( 625 mm );lucios RAL 8003 (alama);0.45;buc;desfasurata 625 mm, bucata 2 m;12.27;compatibil RETRO DUO
05. RETRO - RETRO PLUS - RETRO DUO - FALTUITA;Accesorii tinichigerie Retro - finisaj mat + GDM + RAL 8003;;Dolie Retro ( 625 mm );Grande Mat (GDM);0.50;buc;desfasurata 625 mm, bucata 2 m;12.42;compatibil RETRO DUO
05. RETRO - RETRO PLUS - RETRO DUO - FALTUITA;Accesorii tinichigerie Retro - finisaj mat + GDM + RAL 8003;;Bordura streasina Retro (312 mm );mat;0.60;buc;desfasurata 312 mm, bucata 2 m;5.37;
05. RETRO - RETRO PLUS - RETRO DUO - FALTUITA;Accesorii tinichigerie Retro - finisaj mat + GDM + RAL 8003;;Bordura streasina Retro (312 mm );mat;0.50;buc;desfasurata 312 mm, bucata 2 m;4.74;
05. RETRO - RETRO PLUS - RETRO DUO - FALTUITA;Accesorii tinichigerie Retro - finisaj mat + GDM + RAL 8003;;Bordura streasina Retro (312 mm );mat;0.45;buc;desfasurata 312 mm, bucata 2 m;4.54;
05. RETRO - RETRO PLUS - RETRO DUO - FALTUITA;Accesorii tinichigerie Retro - finisaj mat + GDM + RAL 8003;;Bordura streasina Retro (312 mm );lucios RAL 8003 (alama);0.45;buc;desfasurata 312 mm, bucata 2 m;6.13;
05. RETRO - RETRO PLUS - RETRO DUO - FALTUITA;Accesorii tinichigerie Retro - finisaj mat + GDM + RAL 8003;;Bordura streasina Retro (312 mm );Grande Mat (GDM);0.50;buc;desfasurata 312 mm, bucata 2 m;6.21;
05. RETRO - RETRO PLUS - RETRO DUO - FALTUITA;Accesorii tinichigerie Retro - finisaj mat + GDM + RAL 8003;;Bordura streasina Retro (250 mm );mat;0.60;buc;desfasurata 250 mm, bucata 2 m;4.29;
05. RETRO - RETRO PLUS - RETRO DUO - FALTUITA;Accesorii tinichigerie Retro - finisaj mat + GDM + RAL 8003;;Bordura streasina Retro (250 mm );mat;0.50;buc;desfasurata 250 mm, bucata 2 m;3.79;
05. RETRO - RETRO PLUS - RETRO DUO - FALTUITA;Accesorii tinichigerie Retro - finisaj mat + GDM + RAL 8003;;Bordura streasina Retro (250 mm );mat;0.45;buc;desfasurata 250 mm, bucata 2 m;3.63;
05. RETRO - RETRO PLUS - RETRO DUO - FALTUITA;Accesorii tinichigerie Retro - finisaj mat + GDM + RAL 8003;;Bordura streasina Retro (250 mm );lucios RAL 8003 (alama);0.45;buc;desfasurata 250 mm, bucata 2 m;4.91;
05. RETRO - RETRO PLUS - RETRO DUO - FALTUITA;Accesorii tinichigerie Retro - finisaj mat + GDM + RAL 8003;;Bordura streasina Retro (250 mm );Grande Mat (GDM);0.50;buc;desfasurata 250 mm, bucata 2 m;4.97;
05. RETRO - RETRO PLUS - RETRO DUO - FALTUITA;Accesorii tinichigerie Retro - finisaj mat + GDM + RAL 8003;;Bordura perete laterala Retro (250 mm);mat;0.60;buc;desfasurata 250 mm, bucata 2 m;4.29;compatibil RETRO DUO
05. RETRO - RETRO PLUS - RETRO DUO - FALTUITA;Accesorii tinichigerie Retro - finisaj mat + GDM + RAL 8003;;Bordura perete laterala Retro (250 mm);mat;0.50;buc;desfasurata 250 mm, bucata 2 m;3.79;compatibil RETRO DUO
05. RETRO - RETRO PLUS - RETRO DUO - FALTUITA;Accesorii tinichigerie Retro - finisaj mat + GDM + RAL 8003;;Bordura perete laterala Retro (250 mm);mat;0.45;buc;desfasurata 250 mm, bucata 2 m;3.63;compatibil RETRO DUO
05. RETRO - RETRO PLUS - RETRO DUO - FALTUITA;Accesorii tinichigerie Retro - finisaj mat + GDM + RAL 8003;;Bordura perete laterala Retro (250 mm);lucios RAL 8003 (alama);0.45;buc;desfasurata 250 mm, bucata 2 m;4.91;compatibil RETRO DUO
05. RETRO - RETRO PLUS - RETRO DUO - FALTUITA;Accesorii tinichigerie Retro - finisaj mat + GDM + RAL 8003;;Bordura perete laterala Retro (250 mm);Grande Mat (GDM);0.50;buc;desfasurata 250 mm, bucata 2 m;4.97;compatibil RETRO DUO
05. RETRO - RETRO PLUS - RETRO DUO - FALTUITA;Accesorii tinichigerie Retro - finisaj mat + GDM + RAL 8003;;Bordura perete orizontala Retro (312 mm);mat;0.60;buc;desfasurata 312 mm, bucata 2 m;5.37;compatibil RETRO DUO
05. RETRO - RETRO PLUS - RETRO DUO - FALTUITA;Accesorii tinichigerie Retro - finisaj mat + GDM + RAL 8003;;Bordura perete orizontala Retro (312 mm);mat;0.50;buc;desfasurata 312 mm, bucata 2 m;4.74;compatibil RETRO DUO
05. RETRO - RETRO PLUS - RETRO DUO - FALTUITA;Accesorii tinichigerie Retro - finisaj mat + GDM + RAL 8003;;Bordura perete orizontala Retro (312 mm);mat;0.45;buc;desfasurata 312 mm, bucata 2 m;4.54;compatibil RETRO DUO
05. RETRO - RETRO PLUS - RETRO DUO - FALTUITA;Accesorii tinichigerie Retro - finisaj mat + GDM + RAL 8003;;Bordura perete orizontala Retro (312 mm);lucios RAL 8003 (alama);0.45;buc;desfasurata 312 mm, bucata 2 m;6.13;compatibil RETRO DUO
05. RETRO - RETRO PLUS - RETRO DUO - FALTUITA;Accesorii tinichigerie Retro - finisaj mat + GDM + RAL 8003;;Bordura perete orizontala Retro (312 mm);Grande Mat (GDM);0.50;buc;desfasurata 312 mm, bucata 2 m;6.21;compatibil RETRO DUO
05. RETRO - RETRO PLUS - RETRO DUO - FALTUITA;Accesorii tinichigerie Retro - finisaj mat + GDM + RAL 8003;;Ruperea pantei concava Retro (312 mm);mat;0.60;buc;desfasurata 312 mm, bucata 2 m;5.37;compatibil RETRO DUO
05. RETRO - RETRO PLUS - RETRO DUO - FALTUITA;Accesorii tinichigerie Retro - finisaj mat + GDM + RAL 8003;;Ruperea pantei concava Retro (312 mm);mat;0.50;buc;desfasurata 312 mm, bucata 2 m;4.74;compatibil RETRO DUO
05. RETRO - RETRO PLUS - RETRO DUO - FALTUITA;Accesorii tinichigerie Retro - finisaj mat + GDM + RAL 8003;;Ruperea pantei concava Retro (312 mm);mat;0.45;buc;desfasurata 312 mm, bucata 2 m;4.54;compatibil RETRO DUO
05. RETRO - RETRO PLUS - RETRO DUO - FALTUITA;Accesorii tinichigerie Retro - finisaj mat + GDM + RAL 8003;;Ruperea pantei concava Retro (312 mm);lucios RAL 8003 (alama);0.45;buc;desfasurata 312 mm, bucata 2 m;6.13;compatibil RETRO DUO
05. RETRO - RETRO PLUS - RETRO DUO - FALTUITA;Accesorii tinichigerie Retro - finisaj mat + GDM + RAL 8003;;Ruperea pantei concava Retro (312 mm);Grande Mat (GDM);0.50;buc;desfasurata 312 mm, bucata 2 m;6.21;compatibil RETRO DUO
05. RETRO - RETRO PLUS - RETRO DUO - FALTUITA;Accesorii tinichigerie Retro - finisaj mat + GDM + RAL 8003;;Ruperea pantei convexa Retro (312 mm);mat;0.60;buc;desfasurata 312 mm, bucata 2 m;5.37;compatibil RETRO DUO
05. RETRO - RETRO PLUS - RETRO DUO - FALTUITA;Accesorii tinichigerie Retro - finisaj mat + GDM + RAL 8003;;Ruperea pantei convexa Retro (312 mm);mat;0.50;buc;desfasurata 312 mm, bucata 2 m;4.74;compatibil RETRO DUO
05. RETRO - RETRO PLUS - RETRO DUO - FALTUITA;Accesorii tinichigerie Retro - finisaj mat + GDM + RAL 8003;;Ruperea pantei convexa Retro (312 mm);mat;0.45;buc;desfasurata 312 mm, bucata 2 m;4.54;compatibil RETRO DUO
05. RETRO - RETRO PLUS - RETRO DUO - FALTUITA;Accesorii tinichigerie Retro - finisaj mat + GDM + RAL 8003;;Ruperea pantei convexa Retro (312 mm);lucios RAL 8003 (alama);0.45;buc;desfasurata 312 mm, bucata 2 m;6.13;compatibil RETRO DUO
05. RETRO - RETRO PLUS - RETRO DUO - FALTUITA;Accesorii tinichigerie Retro - finisaj mat + GDM + RAL 8003;;Ruperea pantei convexa Retro (312 mm);Grande Mat (GDM);0.50;buc;desfasurata 312 mm, bucata 2 m;6.21;compatibil RETRO DUO
05. RETRO - RETRO PLUS - RETRO DUO - FALTUITA;Accesorii tinichigerie Retro - finisaj mat + GDM + RAL 8003;;Element mic de suprapunere Retro (60 mm);mat;0.60;buc;desfasurata 60 mm, bucata 2 m;1.07;
05. RETRO - RETRO PLUS - RETRO DUO - FALTUITA;Accesorii tinichigerie Retro - finisaj mat + GDM + RAL 8003;;Element mic de suprapunere Retro (60 mm);mat;0.50;buc;desfasurata 60 mm, bucata 2 m;0.95;
05. RETRO - RETRO PLUS - RETRO DUO - FALTUITA;Accesorii tinichigerie Retro - finisaj mat + GDM + RAL 8003;;Element mic de suprapunere Retro (60 mm);mat;0.45;buc;desfasurata 60 mm, bucata 2 m;0.91;
05. RETRO - RETRO PLUS - RETRO DUO - FALTUITA;Accesorii tinichigerie Retro - finisaj mat + GDM + RAL 8003;;Element mic de suprapunere Retro (60 mm);lucios RAL 8003 (alama);0.45;buc;desfasurata 60 mm, bucata 2 m;1.23;
05. RETRO - RETRO PLUS - RETRO DUO - FALTUITA;Accesorii tinichigerie Retro - finisaj mat + GDM + RAL 8003;;Element mic de suprapunere Retro (60 mm);Grande Mat (GDM);0.50;buc;desfasurata 60 mm, bucata 2 m;1.24;
05. RETRO - RETRO PLUS - RETRO DUO - FALTUITA;Accesorii tinichigerie Retro - finisaj mat + GDM + RAL 8003;;Element mare de suprapunere Retro (80 mm);mat;0.60;buc;desfasurata 80 mm, bucata 2 m;1.43;
05. RETRO - RETRO PLUS - RETRO DUO - FALTUITA;Accesorii tinichigerie Retro - finisaj mat + GDM + RAL 8003;;Element mare de suprapunere Retro (80 mm);mat;0.50;buc;desfasurata 80 mm, bucata 2 m;1.26;
05. RETRO - RETRO PLUS - RETRO DUO - FALTUITA;Accesorii tinichigerie Retro - finisaj mat + GDM + RAL 8003;;Element mare de suprapunere Retro (80 mm);mat;0.45;buc;desfasurata 80 mm, bucata 2 m;1.21;
05. RETRO - RETRO PLUS - RETRO DUO - FALTUITA;Accesorii tinichigerie Retro - finisaj mat + GDM + RAL 8003;;Element mare de suprapunere Retro (80 mm);lucios RAL 8003 (alama);0.45;buc;desfasurata 80 mm, bucata 2 m;1.64;
05. RETRO - RETRO PLUS - RETRO DUO - FALTUITA;Accesorii tinichigerie Retro - finisaj mat + GDM + RAL 8003;;Element mare de suprapunere Retro (80 mm);Grande Mat (GDM);0.50;buc;desfasurata 80 mm, bucata 2 m;1.66;
05. RETRO - RETRO PLUS - RETRO DUO - FALTUITA;Accesorii tinichigerie Retro - finisaj mat + GDM + RAL 8003;;Opritor de zapada ,, Retro '' ( tip bara / 2 m );toate finisajele;;buc;bara 2 m;64.60;pret unic, independent de finisaj
05. RETRO - RETRO PLUS - RETRO DUO - FALTUITA;Accesorii tinichigerie Retro - finisaj mat + GDM + RAL 8003;;Piesa conectoare opritor zapada ,,Retro '';toate finisajele;;buc;;2.13;pret unic, independent de finisaj
05. RETRO - RETRO PLUS - RETRO DUO - FALTUITA;Accesorii tinichigerie Retro - finisaj mat + GDM + RAL 8003;;Set cos fum ,, Retro'' ( 4 piese x 1,25 m );mat;0.60;buc;set 4 piese x 1,25 m;21.47;compatibil RETRO DUO
05. RETRO - RETRO PLUS - RETRO DUO - FALTUITA;Accesorii tinichigerie Retro - finisaj mat + GDM + RAL 8003;;Set cos fum ,, Retro'' ( 4 piese x 1,25 m );mat;0.50;buc;set 4 piese x 1,25 m;18.95;compatibil RETRO DUO
05. RETRO - RETRO PLUS - RETRO DUO - FALTUITA;Accesorii tinichigerie Retro - finisaj mat + GDM + RAL 8003;;Set cos fum ,, Retro'' ( 4 piese x 1,25 m );mat;0.45;buc;set 4 piese x 1,25 m;18.16;compatibil RETRO DUO
05. RETRO - RETRO PLUS - RETRO DUO - FALTUITA;Accesorii tinichigerie Retro - finisaj mat + GDM + RAL 8003;;Set cos fum ,, Retro'' ( 4 piese x 1,25 m );lucios RAL 8003 (alama);0.45;buc;set 4 piese x 1,25 m;24.53;compatibil RETRO DUO
05. RETRO - RETRO PLUS - RETRO DUO - FALTUITA;Accesorii tinichigerie Retro - finisaj mat + GDM + RAL 8003;;Set cos fum ,, Retro'' ( 4 piese x 1,25 m );Grande Mat (GDM);0.50;buc;set 4 piese x 1,25 m;24.84;compatibil RETRO DUO
05. RETRO - RETRO PLUS - RETRO DUO - FALTUITA;Accesorii tinichigerie Retro - finisaj dublu vopsit;;Coama Retro ( 417 mm );dublu vopsit lucios SSAB;0.60;buc;desfasurata 417 mm, bucata 2 m;9.95;compatibil RETRO DUO
05. RETRO - RETRO PLUS - RETRO DUO - FALTUITA;Accesorii tinichigerie Retro - finisaj dublu vopsit;;Coama Retro ( 417 mm );dublu vopsit mat SSAB;0.60;buc;desfasurata 417 mm, bucata 2 m;14.20;compatibil RETRO DUO
05. RETRO - RETRO PLUS - RETRO DUO - FALTUITA;Accesorii tinichigerie Retro - finisaj dublu vopsit;;Coama Retro ( 417 mm );dublu vopsit lucios;0.50;buc;desfasurata 417 mm, bucata 2 m;6.68;compatibil RETRO DUO
05. RETRO - RETRO PLUS - RETRO DUO - FALTUITA;Accesorii tinichigerie Retro - finisaj dublu vopsit;;Coama Retro ( 417 mm );dublu vopsit mat;0.50;buc;desfasurata 417 mm, bucata 2 m;6.95;compatibil RETRO DUO
05. RETRO - RETRO PLUS - RETRO DUO - FALTUITA;Accesorii tinichigerie Retro - finisaj dublu vopsit;;Semicoama Retro (370 mm);dublu vopsit lucios SSAB;0.60;buc;desfasurata 370 mm, bucata 2 m;9.95;compatibil RETRO DUO
05. RETRO - RETRO PLUS - RETRO DUO - FALTUITA;Accesorii tinichigerie Retro - finisaj dublu vopsit;;Semicoama Retro (370 mm);dublu vopsit mat SSAB;0.60;buc;desfasurata 370 mm, bucata 2 m;14.20;compatibil RETRO DUO
05. RETRO - RETRO PLUS - RETRO DUO - FALTUITA;Accesorii tinichigerie Retro - finisaj dublu vopsit;;Semicoama Retro (370 mm);dublu vopsit lucios;0.50;buc;desfasurata 370 mm, bucata 2 m;6.68;compatibil RETRO DUO
05. RETRO - RETRO PLUS - RETRO DUO - FALTUITA;Accesorii tinichigerie Retro - finisaj dublu vopsit;;Semicoama Retro (370 mm);dublu vopsit mat;0.50;buc;desfasurata 370 mm, bucata 2 m;6.95;compatibil RETRO DUO
05. RETRO - RETRO PLUS - RETRO DUO - FALTUITA;Accesorii tinichigerie Retro - finisaj dublu vopsit;;Suport coama Retro (125 mm);dublu vopsit lucios SSAB;0.60;buc;desfasurata 125 mm, bucata 2 m;2.98;compatibil RETRO DUO
05. RETRO - RETRO PLUS - RETRO DUO - FALTUITA;Accesorii tinichigerie Retro - finisaj dublu vopsit;;Suport coama Retro (125 mm);dublu vopsit mat SSAB;0.60;buc;desfasurata 125 mm, bucata 2 m;4.26;compatibil RETRO DUO
05. RETRO - RETRO PLUS - RETRO DUO - FALTUITA;Accesorii tinichigerie Retro - finisaj dublu vopsit;;Suport coama Retro (125 mm);dublu vopsit lucios;0.50;buc;desfasurata 125 mm, bucata 2 m;2.00;compatibil RETRO DUO
05. RETRO - RETRO PLUS - RETRO DUO - FALTUITA;Accesorii tinichigerie Retro - finisaj dublu vopsit;;Suport coama Retro (125 mm);dublu vopsit mat;0.50;buc;desfasurata 125 mm, bucata 2 m;2.08;compatibil RETRO DUO
05. RETRO - RETRO PLUS - RETRO DUO - FALTUITA;Accesorii tinichigerie Retro - finisaj dublu vopsit;;Bordura Fronton Retro (312 mm);dublu vopsit lucios SSAB;0.60;buc;desfasurata 312 mm, bucata 2 m;7.46;compatibil RETRO DUO
05. RETRO - RETRO PLUS - RETRO DUO - FALTUITA;Accesorii tinichigerie Retro - finisaj dublu vopsit;;Bordura Fronton Retro (312 mm);dublu vopsit mat SSAB;0.60;buc;desfasurata 312 mm, bucata 2 m;10.65;compatibil RETRO DUO
05. RETRO - RETRO PLUS - RETRO DUO - FALTUITA;Accesorii tinichigerie Retro - finisaj dublu vopsit;;Bordura Fronton Retro (312 mm);dublu vopsit lucios;0.50;buc;desfasurata 312 mm, bucata 2 m;5.01;compatibil RETRO DUO
05. RETRO - RETRO PLUS - RETRO DUO - FALTUITA;Accesorii tinichigerie Retro - finisaj dublu vopsit;;Bordura Fronton Retro (312 mm);dublu vopsit mat;0.50;buc;desfasurata 312 mm, bucata 2 m;5.21;compatibil RETRO DUO
05. RETRO - RETRO PLUS - RETRO DUO - FALTUITA;Accesorii tinichigerie Retro - finisaj dublu vopsit;;Dolie Retro ( 417 mm );dublu vopsit lucios SSAB;0.60;buc;desfasurata 417 mm, bucata 2 m;9.95;compatibil RETRO DUO
05. RETRO - RETRO PLUS - RETRO DUO - FALTUITA;Accesorii tinichigerie Retro - finisaj dublu vopsit;;Dolie Retro ( 417 mm );dublu vopsit mat SSAB;0.60;buc;desfasurata 417 mm, bucata 2 m;14.20;compatibil RETRO DUO
05. RETRO - RETRO PLUS - RETRO DUO - FALTUITA;Accesorii tinichigerie Retro - finisaj dublu vopsit;;Dolie Retro ( 417 mm );dublu vopsit lucios;0.50;buc;desfasurata 417 mm, bucata 2 m;6.68;compatibil RETRO DUO
05. RETRO - RETRO PLUS - RETRO DUO - FALTUITA;Accesorii tinichigerie Retro - finisaj dublu vopsit;;Dolie Retro ( 417 mm );dublu vopsit mat;0.50;buc;desfasurata 417 mm, bucata 2 m;6.95;compatibil RETRO DUO
05. RETRO - RETRO PLUS - RETRO DUO - FALTUITA;Accesorii tinichigerie Retro - finisaj dublu vopsit;;Dolie Retro ( 625 mm );dublu vopsit lucios SSAB;0.60;buc;desfasurata 625 mm, bucata 2 m;14.92;compatibil RETRO DUO
05. RETRO - RETRO PLUS - RETRO DUO - FALTUITA;Accesorii tinichigerie Retro - finisaj dublu vopsit;;Dolie Retro ( 625 mm );dublu vopsit mat SSAB;0.60;buc;desfasurata 625 mm, bucata 2 m;21.29;compatibil RETRO DUO
05. RETRO - RETRO PLUS - RETRO DUO - FALTUITA;Accesorii tinichigerie Retro - finisaj dublu vopsit;;Dolie Retro ( 625 mm );dublu vopsit lucios;0.50;buc;desfasurata 625 mm, bucata 2 m;10.01;compatibil RETRO DUO
05. RETRO - RETRO PLUS - RETRO DUO - FALTUITA;Accesorii tinichigerie Retro - finisaj dublu vopsit;;Dolie Retro ( 625 mm );dublu vopsit mat;0.50;buc;desfasurata 625 mm, bucata 2 m;10.42;compatibil RETRO DUO
05. RETRO - RETRO PLUS - RETRO DUO - FALTUITA;Accesorii tinichigerie Retro - finisaj dublu vopsit;;Bordura streasina Retro (312 mm );dublu vopsit lucios SSAB;0.60;buc;desfasurata 312 mm, bucata 2 m;7.46;
05. RETRO - RETRO PLUS - RETRO DUO - FALTUITA;Accesorii tinichigerie Retro - finisaj dublu vopsit;;Bordura streasina Retro (312 mm );dublu vopsit mat SSAB;0.60;buc;desfasurata 312 mm, bucata 2 m;10.65;
05. RETRO - RETRO PLUS - RETRO DUO - FALTUITA;Accesorii tinichigerie Retro - finisaj dublu vopsit;;Bordura streasina Retro (312 mm );dublu vopsit lucios;0.50;buc;desfasurata 312 mm, bucata 2 m;5.01;
05. RETRO - RETRO PLUS - RETRO DUO - FALTUITA;Accesorii tinichigerie Retro - finisaj dublu vopsit;;Bordura streasina Retro (312 mm );dublu vopsit mat;0.50;buc;desfasurata 312 mm, bucata 2 m;5.21;
05. RETRO - RETRO PLUS - RETRO DUO - FALTUITA;Accesorii tinichigerie Retro - finisaj dublu vopsit;;Bordura streasina Retro (250 mm );dublu vopsit lucios SSAB;0.60;buc;desfasurata 250 mm, bucata 2 m;5.97;
05. RETRO - RETRO PLUS - RETRO DUO - FALTUITA;Accesorii tinichigerie Retro - finisaj dublu vopsit;;Bordura streasina Retro (250 mm );dublu vopsit mat SSAB;0.60;buc;desfasurata 250 mm, bucata 2 m;8.52;
05. RETRO - RETRO PLUS - RETRO DUO - FALTUITA;Accesorii tinichigerie Retro - finisaj dublu vopsit;;Bordura streasina Retro (250 mm );dublu vopsit lucios;0.50;buc;desfasurata 250 mm, bucata 2 m;4.01;
05. RETRO - RETRO PLUS - RETRO DUO - FALTUITA;Accesorii tinichigerie Retro - finisaj dublu vopsit;;Bordura streasina Retro (250 mm );dublu vopsit mat;0.50;buc;desfasurata 250 mm, bucata 2 m;4.17;
05. RETRO - RETRO PLUS - RETRO DUO - FALTUITA;Accesorii tinichigerie Retro - finisaj dublu vopsit;;Bordura perete laterala Retro (250 mm);dublu vopsit lucios SSAB;0.60;buc;desfasurata 250 mm, bucata 2 m;5.97;compatibil RETRO DUO
05. RETRO - RETRO PLUS - RETRO DUO - FALTUITA;Accesorii tinichigerie Retro - finisaj dublu vopsit;;Bordura perete laterala Retro (250 mm);dublu vopsit mat SSAB;0.60;buc;desfasurata 250 mm, bucata 2 m;8.52;compatibil RETRO DUO
05. RETRO - RETRO PLUS - RETRO DUO - FALTUITA;Accesorii tinichigerie Retro - finisaj dublu vopsit;;Bordura perete laterala Retro (250 mm);dublu vopsit lucios;0.50;buc;desfasurata 250 mm, bucata 2 m;4.01;compatibil RETRO DUO
05. RETRO - RETRO PLUS - RETRO DUO - FALTUITA;Accesorii tinichigerie Retro - finisaj dublu vopsit;;Bordura perete laterala Retro (250 mm);dublu vopsit mat;0.50;buc;desfasurata 250 mm, bucata 2 m;4.17;compatibil RETRO DUO
05. RETRO - RETRO PLUS - RETRO DUO - FALTUITA;Accesorii tinichigerie Retro - finisaj dublu vopsit;;Bordura perete orizontala Retro (312 mm);dublu vopsit lucios SSAB;0.60;buc;desfasurata 312 mm, bucata 2 m;7.46;compatibil RETRO DUO
05. RETRO - RETRO PLUS - RETRO DUO - FALTUITA;Accesorii tinichigerie Retro - finisaj dublu vopsit;;Bordura perete orizontala Retro (312 mm);dublu vopsit mat SSAB;0.60;buc;desfasurata 312 mm, bucata 2 m;10.65;compatibil RETRO DUO
05. RETRO - RETRO PLUS - RETRO DUO - FALTUITA;Accesorii tinichigerie Retro - finisaj dublu vopsit;;Bordura perete orizontala Retro (312 mm);dublu vopsit lucios;0.50;buc;desfasurata 312 mm, bucata 2 m;5.01;compatibil RETRO DUO
05. RETRO - RETRO PLUS - RETRO DUO - FALTUITA;Accesorii tinichigerie Retro - finisaj dublu vopsit;;Bordura perete orizontala Retro (312 mm);dublu vopsit mat;0.50;buc;desfasurata 312 mm, bucata 2 m;5.21;compatibil RETRO DUO
05. RETRO - RETRO PLUS - RETRO DUO - FALTUITA;Accesorii tinichigerie Retro - finisaj dublu vopsit;;Ruperea pantei concava Retro (312 mm);dublu vopsit lucios SSAB;0.60;buc;desfasurata 312 mm, bucata 2 m;7.46;compatibil RETRO DUO
05. RETRO - RETRO PLUS - RETRO DUO - FALTUITA;Accesorii tinichigerie Retro - finisaj dublu vopsit;;Ruperea pantei concava Retro (312 mm);dublu vopsit mat SSAB;0.60;buc;desfasurata 312 mm, bucata 2 m;10.65;compatibil RETRO DUO
05. RETRO - RETRO PLUS - RETRO DUO - FALTUITA;Accesorii tinichigerie Retro - finisaj dublu vopsit;;Ruperea pantei concava Retro (312 mm);dublu vopsit lucios;0.50;buc;desfasurata 312 mm, bucata 2 m;5.01;compatibil RETRO DUO
05. RETRO - RETRO PLUS - RETRO DUO - FALTUITA;Accesorii tinichigerie Retro - finisaj dublu vopsit;;Ruperea pantei concava Retro (312 mm);dublu vopsit mat;0.50;buc;desfasurata 312 mm, bucata 2 m;5.21;compatibil RETRO DUO
05. RETRO - RETRO PLUS - RETRO DUO - FALTUITA;Accesorii tinichigerie Retro - finisaj dublu vopsit;;Ruperea pantei convexa Retro (312 mm);dublu vopsit lucios SSAB;0.60;buc;desfasurata 312 mm, bucata 2 m;7.46;compatibil RETRO DUO
05. RETRO - RETRO PLUS - RETRO DUO - FALTUITA;Accesorii tinichigerie Retro - finisaj dublu vopsit;;Ruperea pantei convexa Retro (312 mm);dublu vopsit mat SSAB;0.60;buc;desfasurata 312 mm, bucata 2 m;10.65;compatibil RETRO DUO
05. RETRO - RETRO PLUS - RETRO DUO - FALTUITA;Accesorii tinichigerie Retro - finisaj dublu vopsit;;Ruperea pantei convexa Retro (312 mm);dublu vopsit lucios;0.50;buc;desfasurata 312 mm, bucata 2 m;5.01;compatibil RETRO DUO
05. RETRO - RETRO PLUS - RETRO DUO - FALTUITA;Accesorii tinichigerie Retro - finisaj dublu vopsit;;Ruperea pantei convexa Retro (312 mm);dublu vopsit mat;0.50;buc;desfasurata 312 mm, bucata 2 m;5.21;compatibil RETRO DUO
05. RETRO - RETRO PLUS - RETRO DUO - FALTUITA;Accesorii tinichigerie Retro - finisaj dublu vopsit;;Element mic de suprapunere Retro (60 mm);dublu vopsit lucios SSAB;0.60;buc;desfasurata 60 mm, bucata 2 m;1.49;
05. RETRO - RETRO PLUS - RETRO DUO - FALTUITA;Accesorii tinichigerie Retro - finisaj dublu vopsit;;Element mic de suprapunere Retro (60 mm);dublu vopsit mat SSAB;0.60;buc;desfasurata 60 mm, bucata 2 m;2.13;
05. RETRO - RETRO PLUS - RETRO DUO - FALTUITA;Accesorii tinichigerie Retro - finisaj dublu vopsit;;Element mic de suprapunere Retro (60 mm);dublu vopsit lucios;0.50;buc;desfasurata 60 mm, bucata 2 m;1.00;
05. RETRO - RETRO PLUS - RETRO DUO - FALTUITA;Accesorii tinichigerie Retro - finisaj dublu vopsit;;Element mic de suprapunere Retro (60 mm);dublu vopsit mat;0.50;buc;desfasurata 60 mm, bucata 2 m;1.04;
05. RETRO - RETRO PLUS - RETRO DUO - FALTUITA;Accesorii tinichigerie Retro - finisaj dublu vopsit;;Element mare de suprapunere Retro (80 mm);dublu vopsit lucios SSAB;0.60;buc;desfasurata 80 mm, bucata 2 m;1.99;
05. RETRO - RETRO PLUS - RETRO DUO - FALTUITA;Accesorii tinichigerie Retro - finisaj dublu vopsit;;Element mare de suprapunere Retro (80 mm);dublu vopsit mat SSAB;0.60;buc;desfasurata 80 mm, bucata 2 m;2.84;
05. RETRO - RETRO PLUS - RETRO DUO - FALTUITA;Accesorii tinichigerie Retro - finisaj dublu vopsit;;Element mare de suprapunere Retro (80 mm);dublu vopsit lucios;0.50;buc;desfasurata 80 mm, bucata 2 m;1.34;
05. RETRO - RETRO PLUS - RETRO DUO - FALTUITA;Accesorii tinichigerie Retro - finisaj dublu vopsit;;Element mare de suprapunere Retro (80 mm);dublu vopsit mat;0.50;buc;desfasurata 80 mm, bucata 2 m;1.39;
05. RETRO - RETRO PLUS - RETRO DUO - FALTUITA;Accesorii tinichigerie Retro - finisaj dublu vopsit;;Opritor de zapada ,, Retro '' ( tip bara / 2 m );toate finisajele;;buc;bara 2 m;64.60;pret unic, independent de finisaj
05. RETRO - RETRO PLUS - RETRO DUO - FALTUITA;Accesorii tinichigerie Retro - finisaj dublu vopsit;;Piesa conectoare opritor zapada ,,Retro '';toate finisajele;;buc;;2.13;pret unic, independent de finisaj
05. RETRO - RETRO PLUS - RETRO DUO - FALTUITA;Accesorii tinichigerie Retro - finisaj dublu vopsit;;Set cos fum ,, Retro'' ( 4 piese x 1,25 m );dublu vopsit lucios SSAB;0.60;buc;set 4 piese x 1,25 m;29.84;compatibil RETRO DUO
05. RETRO - RETRO PLUS - RETRO DUO - FALTUITA;Accesorii tinichigerie Retro - finisaj dublu vopsit;;Set cos fum ,, Retro'' ( 4 piese x 1,25 m );dublu vopsit mat SSAB;0.60;buc;set 4 piese x 1,25 m;42.59;compatibil RETRO DUO
05. RETRO - RETRO PLUS - RETRO DUO - FALTUITA;Accesorii tinichigerie Retro - finisaj dublu vopsit;;Set cos fum ,, Retro'' ( 4 piese x 1,25 m );dublu vopsit lucios;0.50;buc;set 4 piese x 1,25 m;20.03;compatibil RETRO DUO
05. RETRO - RETRO PLUS - RETRO DUO - FALTUITA;Accesorii tinichigerie Retro - finisaj dublu vopsit;;Set cos fum ,, Retro'' ( 4 piese x 1,25 m );dublu vopsit mat;0.50;buc;set 4 piese x 1,25 m;20.84;compatibil RETRO DUO
06. INDUSTRIAL;Tabla plana prevopsita;;Tabla plana cu folie protectoare ( 1,25*2,00 m ) - lucios - 0,70 mm;lucios;0.70;mp;foaie 1,25 x 2,00 m;8.77;
06. INDUSTRIAL;Tabla plana prevopsita;;Tabla plana cu folie protectoare ( 1,25*2,00 m ) - lucios - 0,60 mm;lucios;0.60;mp;foaie 1,25 x 2,00 m;6.88;
06. INDUSTRIAL;Tabla plana prevopsita;;Tabla plana cu folie protectoare ( 1,25*2,00 m ) - lucios - 0,50 mm;lucios;0.50;mp;foaie 1,25 x 2,00 m;6.07;
06. INDUSTRIAL;Tabla plana prevopsita;;Tabla plana cu folie protectoare ( 1,25*2,00 m ) - lucios - 0,45 mm;lucios;0.45;mp;foaie 1,25 x 2,00 m;5.66;
06. INDUSTRIAL;Tabla plana prevopsita;;Tabla plana cu folie protectoare ( 1,25*2,00 m ) - lucios - ral 8003 - 0,45 mm;lucios RAL 8003 (alama);0.45;mp;foaie 1,25 x 2,00 m;8.18;
06. INDUSTRIAL;Tabla plana prevopsita;;Tabla plana cu folie protectoare ( 1,25*2,00 m ) - lucios - 0,40 mm;lucios;0.40;mp;foaie 1,25 x 2,00 m;4.85;
06. INDUSTRIAL;Tabla plana prevopsita;;Tabla plana cu folie protectoare ( 1,25*2,00 m ) - Wood - 0,50 mm;Wood (imitatie lemn);0.50;mp;foaie 1,25 x 2,00 m;8.28;
06. INDUSTRIAL;Tabla plana prevopsita;;Tabla plana cu folie protectoare ( 1,25*2,00 m ) - Wood - 0,45 mm;Wood (imitatie lemn);0.45;mp;foaie 1,25 x 2,00 m;8.18;
06. INDUSTRIAL;Tabla plana prevopsita;;Tabla plana cu folie protectoare ( 1,25*2,00 m ) - mat - 0,60 mm;mat;0.60;mp;foaie 1,25 x 2,00 m;7.16;
06. INDUSTRIAL;Tabla plana prevopsita;;Tabla plana cu folie protectoare ( 1,25*2,00 m ) - mat - 0,50 mm;mat;0.50;mp;foaie 1,25 x 2,00 m;6.32;
06. INDUSTRIAL;Tabla plana prevopsita;;Tabla plana cu folie protectoare ( 1,25*2,00 m ) - mat - 0,45 mm;mat;0.45;mp;foaie 1,25 x 2,00 m;6.05;
06. INDUSTRIAL;Tabla plana prevopsita;;Tabla plana cu folie protectoare ( 1,25*2,00 m ) - mat - 0,40 mm;mat;0.40;mp;foaie 1,25 x 2,00 m;5.30;
06. INDUSTRIAL;Tabla plana prevopsita;;Tabla plana cu folie protectoare ( 1,25*2,00 m ) - Grande Mat - 0,50 mm;Grande Mat (GDM);0.50;mp;foaie 1,25 x 2,00 m;8.28;
06. INDUSTRIAL;Tabla plana prevopsita;;Tabla plana cu folie protectoare ( 1,25*2,00 m ) - dubluvopsit mat - 0,50 mm;dublu vopsit mat;0.50;mp;foaie 1,25 x 2,00 m;6.95;
06. INDUSTRIAL;Tabla plana prevopsita;;Tabla plana cu folie protectoare ( 1,25*2,00 m ) - dubluvopsit lucios - 0,50 mm;dublu vopsit lucios;0.50;mp;foaie 1,25 x 2,00 m;6.68;
06. INDUSTRIAL;Tabla plana prevopsita;;Tabla plana cu folie protectoare ( 1,25*2,00 m ) - dubluvopsit mat - 0,40 mm;dublu vopsit mat;0.40;mp;foaie 1,25 x 2,00 m;5.83;
06. INDUSTRIAL;Tabla plana prevopsita;;Tabla plana cu folie protectoare ( 1,25*2,00 m ) - dubluvopsit lucios - 0,40 mm;dublu vopsit lucios;0.40;mp;foaie 1,25 x 2,00 m;5.34;
06. INDUSTRIAL;Tabla plana prevopsita;;Tabla plana cu folie protectoare ( 1,25*2,00 m ) - dubluvopsit mat - 0,60 mm SSAB;dublu vopsit mat SSAB;0.60;mp;foaie 1,25 x 2,00 m;14.20;
06. INDUSTRIAL;Tabla plana prevopsita;;Tabla plana cu folie protectoare ( 1,25*2,00 m ) - dubluvopsit lucios - 0,60 mm SSAB;dublu vopsit lucios SSAB;0.60;mp;foaie 1,25 x 2,00 m;9.95;
06. INDUSTRIAL;Tabla plana prevopsita;;Tabla plana cu folie protectoare ( 1,25*2,00 m ) - MAGNELIS - 0,50 mm;Magnelis;0.50;mp;foaie 1,25 x 2,00 m;6.58;
06. INDUSTRIAL;Tabla cutata T8 ( PERETE ) / T8 (PERETE) VENTILAT - prevopsita;;Tabla cutata T8 - lucios - 0,60 mm;lucios;0.60;mp;;6.88;
06. INDUSTRIAL;Tabla cutata T8 ( PERETE ) / T8 (PERETE) VENTILAT - prevopsita;;Tabla cutata T8 - lucios - 0,50 mm;lucios;0.50;mp;;6.07;
06. INDUSTRIAL;Tabla cutata T8 ( PERETE ) / T8 (PERETE) VENTILAT - prevopsita;;Tabla cutata T8 - lucios - 0,45 mm;lucios;0.45;mp;;5.66;
06. INDUSTRIAL;Tabla cutata T8 ( PERETE ) / T8 (PERETE) VENTILAT - prevopsita;;Tabla cutata T8 - ral 8003 - 0,45 mm;lucios RAL 8003 (alama);0.45;mp;;8.18;
06. INDUSTRIAL;Tabla cutata T8 ( PERETE ) / T8 (PERETE) VENTILAT - prevopsita;;Tabla cutata T8 - lucios - 0,40 mm;lucios;0.40;mp;;4.85;
06. INDUSTRIAL;Tabla cutata T8 ( PERETE ) / T8 (PERETE) VENTILAT - prevopsita;;Tabla cutata T8 - WOOD - 0,50 mm;Wood (imitatie lemn);0.50;mp;;8.28;
06. INDUSTRIAL;Tabla cutata T8 ( PERETE ) / T8 (PERETE) VENTILAT - prevopsita;;Tabla cutata T8 - WOOD - 0,45 mm;Wood (imitatie lemn);0.45;mp;;8.18;
06. INDUSTRIAL;Tabla cutata T8 ( PERETE ) / T8 (PERETE) VENTILAT - prevopsita;;Tabla cutata T8 - mat - 0,60 mm;mat;0.60;mp;;7.16;
06. INDUSTRIAL;Tabla cutata T8 ( PERETE ) / T8 (PERETE) VENTILAT - prevopsita;;Tabla cutata T8 - mat - 0,50 mm;mat;0.50;mp;;6.32;
06. INDUSTRIAL;Tabla cutata T8 ( PERETE ) / T8 (PERETE) VENTILAT - prevopsita;;Tabla cutata T8 - mat - 0,45 mm;mat;0.45;mp;;6.05;
06. INDUSTRIAL;Tabla cutata T8 ( PERETE ) / T8 (PERETE) VENTILAT - prevopsita;;Tabla cutata T8 - mat - 0,40 mm;mat;0.40;mp;;5.30;
06. INDUSTRIAL;Tabla cutata T8 ( PERETE ) / T8 (PERETE) VENTILAT - prevopsita;;Tabla cutata T8 - dubluvopsit mat - 0,50 mm;dublu vopsit mat;0.50;mp;;6.95;
06. INDUSTRIAL;Tabla cutata T8 ( PERETE ) / T8 (PERETE) VENTILAT - prevopsita;;Tabla cutata T8 - dubluvopsit lucios - 0,50 mm;dublu vopsit lucios;0.50;mp;;6.68;
06. INDUSTRIAL;Tabla cutata T8 ( PERETE ) / T8 (PERETE) VENTILAT - prevopsita;;Tabla cutata T8 - dubluvopsit mat - 0,40 mm;dublu vopsit mat;0.40;mp;;5.83;
06. INDUSTRIAL;Tabla cutata T8 ( PERETE ) / T8 (PERETE) VENTILAT - prevopsita;;Tabla cutata T8 - dubluvopsit lucios - 0,40 mm;dublu vopsit lucios;0.40;mp;;5.34;
06. INDUSTRIAL;Tabla cutata T8 ( PERETE ) / T8 (PERETE) VENTILAT - prevopsita;;Tabla cutata T8-dubluvopsit mat-0,60 mm SSAB;dublu vopsit mat SSAB;0.60;mp;;14.20;
06. INDUSTRIAL;Tabla cutata T8 ( PERETE ) / T8 (PERETE) VENTILAT - prevopsita;;Tabla cutata T8-dubluvopsit lucios-0,60 mm SSAB;dublu vopsit lucios SSAB;0.60;mp;;9.95;
06. INDUSTRIAL;Tabla cutata T8 ( PERETE ) / T8 (PERETE) VENTILAT - prevopsita;;Tabla cutata T8 - 0,50 mm - GDM;Grande Mat (GDM);0.50;mp;;8.28;
06. INDUSTRIAL;Tabla cutata T12 ( ACOPERIS / PERETE ) - prevopsita;;Tabla cutata T12 - lucios - 0,40 mm;lucios;0.40;mp;;4.90;
06. INDUSTRIAL;Tabla cutata T12 ( ACOPERIS / PERETE ) - prevopsita;;Tabla cutata T12 - mat - 0,40 mm;mat;0.40;mp;;5.35;
06. INDUSTRIAL;Tabla cutata T12 ( ACOPERIS / PERETE ) - prevopsita;;Tabla cutata T12 - dubluvopsit lucios - 0,40 mm;dublu vopsit lucios;0.40;mp;;5.39;
06. INDUSTRIAL;Tabla cutata T12 ( ACOPERIS / PERETE ) - prevopsita;;Tabla cutata T12 - dubluvopsit mat - 0,40 mm;dublu vopsit mat;0.40;mp;;5.88;
06. INDUSTRIAL;Tabla cutata T18 ( ACOPERIS / PERETE ) - prevopsita;;Tabla cutata T18 - lucios - 0,70 mm;lucios;0.70;mp;;8.87;
06. INDUSTRIAL;Tabla cutata T18 ( ACOPERIS / PERETE ) - prevopsita;;Tabla cutata T18 - lucios - 0,60 mm;lucios;0.60;mp;;6.98;
06. INDUSTRIAL;Tabla cutata T18 ( ACOPERIS / PERETE ) - prevopsita;;Tabla cutata T18 - lucios - 0,50 mm;lucios;0.50;mp;;6.17;
06. INDUSTRIAL;Tabla cutata T18 ( ACOPERIS / PERETE ) - prevopsita;;Tabla cutata T18 - lucios - 0,45 mm;lucios;0.45;mp;;5.76;
06. INDUSTRIAL;Tabla cutata T18 ( ACOPERIS / PERETE ) - prevopsita;;Tabla cutata T18 - ral 8003 - 0,45 mm;lucios RAL 8003 (alama);0.45;mp;;8.28;
06. INDUSTRIAL;Tabla cutata T18 ( ACOPERIS / PERETE ) - prevopsita;;Tabla cutata T18 - lucios - 0,40 mm;lucios;0.40;mp;;4.95;
06. INDUSTRIAL;Tabla cutata T18 ( ACOPERIS / PERETE ) - prevopsita;;Tabla cutata T18 - WOOD - 0,50 mm;Wood (imitatie lemn);0.50;mp;;8.38;
06. INDUSTRIAL;Tabla cutata T18 ( ACOPERIS / PERETE ) - prevopsita;;Tabla cutata T18 - WOOD - 0,45 mm;Wood (imitatie lemn);0.45;mp;;8.28;
06. INDUSTRIAL;Tabla cutata T18 ( ACOPERIS / PERETE ) - prevopsita;;Tabla cutata T18 - mat - 0,60 mm;mat;0.60;mp;;7.26;
06. INDUSTRIAL;Tabla cutata T18 ( ACOPERIS / PERETE ) - prevopsita;;Tabla cutata T18 - mat - 0,50 mm;mat;0.50;mp;;6.42;
06. INDUSTRIAL;Tabla cutata T18 ( ACOPERIS / PERETE ) - prevopsita;;Tabla cutata T18 - mat - 0,45 mm;mat;0.45;mp;;6.15;
06. INDUSTRIAL;Tabla cutata T18 ( ACOPERIS / PERETE ) - prevopsita;;Tabla cutata T18 - mat - 0,40 mm;mat;0.40;mp;;5.40;
06. INDUSTRIAL;Tabla cutata T18 ( ACOPERIS / PERETE ) - prevopsita;;Tabla cutata T18 - dubluvopsit mat - 0,50 mm;dublu vopsit mat;0.50;mp;;7.05;
06. INDUSTRIAL;Tabla cutata T18 ( ACOPERIS / PERETE ) - prevopsita;;Tabla cutata T18 - dubluvopsit lucios - 0,50 mm;dublu vopsit lucios;0.50;mp;;6.78;
06. INDUSTRIAL;Tabla cutata T18 ( ACOPERIS / PERETE ) - prevopsita;;Tabla cutata T18 - dubluvopsit mat - 0,40 mm;dublu vopsit mat;0.40;mp;;5.93;
06. INDUSTRIAL;Tabla cutata T18 ( ACOPERIS / PERETE ) - prevopsita;;Tabla cutata T18 - dubluvopsit lucios - 0,40 mm;dublu vopsit lucios;0.40;mp;;5.44;
06. INDUSTRIAL;Tabla cutata T18 ( ACOPERIS / PERETE ) - prevopsita;;Tabla cutata T18 - dubluvopsit mat - 0,60 mm SSAB;dublu vopsit mat SSAB;0.60;mp;;14.30;
06. INDUSTRIAL;Tabla cutata T18 ( ACOPERIS / PERETE ) - prevopsita;;Tabla cutata T18 - dubluvopsit lucios - 0,60 mm SSAB;dublu vopsit lucios SSAB;0.60;mp;;10.05;
06. INDUSTRIAL;Tabla cutata T18 ( ACOPERIS / PERETE ) - prevopsita;;Tabla cutata T18 - 0,50 mm - GDM;Grande Mat (GDM);0.50;mp;;8.38;
06. INDUSTRIAL;Tabla cutata T18 ( ACOPERIS / PERETE ) - DRIPSTOP ! (COMANDA MINIMA DE 40 MP) - prevopsita;;Tabla cutata T18 - lucios - 0,70 mm;lucios;0.70;mp;;10.37;DRIPSTOP - comanda minima 40 mp
06. INDUSTRIAL;Tabla cutata T18 ( ACOPERIS / PERETE ) - DRIPSTOP ! (COMANDA MINIMA DE 40 MP) - prevopsita;;Tabla cutata T18 - lucios - 0,60 mm;lucios;0.60;mp;;8.48;DRIPSTOP - comanda minima 40 mp
06. INDUSTRIAL;Tabla cutata T18 ( ACOPERIS / PERETE ) - DRIPSTOP ! (COMANDA MINIMA DE 40 MP) - prevopsita;;Tabla cutata T18 - lucios - 0,50 mm;lucios;0.50;mp;;7.67;DRIPSTOP - comanda minima 40 mp
06. INDUSTRIAL;Tabla cutata T18 ( ACOPERIS / PERETE ) - DRIPSTOP ! (COMANDA MINIMA DE 40 MP) - prevopsita;;Tabla cutata T18 - lucios - 0,45 mm;lucios;0.45;mp;;7.26;DRIPSTOP - comanda minima 40 mp
06. INDUSTRIAL;Tabla cutata T18 ( ACOPERIS / PERETE ) - DRIPSTOP ! (COMANDA MINIMA DE 40 MP) - prevopsita;;Tabla cutata T18 - ral 8003 - 0,45 mm;lucios RAL 8003 (alama);0.45;mp;;9.78;DRIPSTOP - comanda minima 40 mp
06. INDUSTRIAL;Tabla cutata T18 ( ACOPERIS / PERETE ) - DRIPSTOP ! (COMANDA MINIMA DE 40 MP) - prevopsita;;Tabla cutata T18 - lucios - 0,40 mm;lucios;0.40;mp;;6.45;DRIPSTOP - comanda minima 40 mp
06. INDUSTRIAL;Tabla cutata T18 ( ACOPERIS / PERETE ) - DRIPSTOP ! (COMANDA MINIMA DE 40 MP) - prevopsita;;Tabla cutata T18 - WOOD - 0,50 mm;Wood (imitatie lemn);0.50;mp;;9.88;DRIPSTOP - comanda minima 40 mp
06. INDUSTRIAL;Tabla cutata T18 ( ACOPERIS / PERETE ) - DRIPSTOP ! (COMANDA MINIMA DE 40 MP) - prevopsita;;Tabla cutata T18 - WOOD - 0,45 mm;Wood (imitatie lemn);0.45;mp;;9.78;DRIPSTOP - comanda minima 40 mp
06. INDUSTRIAL;Tabla cutata T18 ( ACOPERIS / PERETE ) - DRIPSTOP ! (COMANDA MINIMA DE 40 MP) - prevopsita;;Tabla cutata T18 - mat - 0,60 mm;mat;0.60;mp;;8.76;DRIPSTOP - comanda minima 40 mp
06. INDUSTRIAL;Tabla cutata T18 ( ACOPERIS / PERETE ) - DRIPSTOP ! (COMANDA MINIMA DE 40 MP) - prevopsita;;Tabla cutata T18 - mat - 0,50 mm;mat;0.50;mp;;7.92;DRIPSTOP - comanda minima 40 mp
06. INDUSTRIAL;Tabla cutata T18 ( ACOPERIS / PERETE ) - DRIPSTOP ! (COMANDA MINIMA DE 40 MP) - prevopsita;;Tabla cutata T18 - mat - 0,45 mm;mat;0.45;mp;;7.65;DRIPSTOP - comanda minima 40 mp
06. INDUSTRIAL;Tabla cutata T18 ( ACOPERIS / PERETE ) - DRIPSTOP ! (COMANDA MINIMA DE 40 MP) - prevopsita;;Tabla cutata T18 - mat - 0,40 mm;mat;0.40;mp;;6.90;DRIPSTOP - comanda minima 40 mp
06. INDUSTRIAL;Tabla cutata T18 ( ACOPERIS / PERETE ) - DRIPSTOP ! (COMANDA MINIMA DE 40 MP) - prevopsita;;Tabla cutata T18 - 0,50 mm - GDM;Grande Mat (GDM);0.50;mp;;9.88;DRIPSTOP - comanda minima 40 mp
06. INDUSTRIAL;Tabla sinus S18 prevopsita;;Tabla sinus S18 - lucios - 0,60 mm;lucios;0.60;mp;;7.48;
06. INDUSTRIAL;Tabla sinus S18 prevopsita;;Tabla sinus S18 - lucios - 0,50 mm;lucios;0.50;mp;;6.67;
06. INDUSTRIAL;Tabla sinus S18 prevopsita;;Tabla sinus S18 - lucios - 0,45 mm;lucios;0.45;mp;;6.26;
06. INDUSTRIAL;Tabla sinus S18 prevopsita;;Tabla sinus S18 - ral 8003 - 0,45 mm;lucios RAL 8003 (alama);0.45;mp;;8.78;
06. INDUSTRIAL;Tabla sinus S18 prevopsita;;Tabla sinus S18 - lucios - 0,40 mm;lucios;0.40;mp;;5.45;
06. INDUSTRIAL;Tabla sinus S18 prevopsita;;Tabla sinus S18 - WOOD - 0,50 mm;Wood (imitatie lemn);0.50;mp;;8.88;
06. INDUSTRIAL;Tabla sinus S18 prevopsita;;Tabla sinus S18 - WOOD - 0,45 mm;Wood (imitatie lemn);0.45;mp;;8.78;
06. INDUSTRIAL;Tabla sinus S18 prevopsita;;Tabla sinus S18 - mat - 0,60 mm;mat;0.60;mp;;7.76;
06. INDUSTRIAL;Tabla sinus S18 prevopsita;;Tabla sinus S18 - mat - 0,50 mm;mat;0.50;mp;;6.92;
06. INDUSTRIAL;Tabla sinus S18 prevopsita;;Tabla sinus S18 - mat - 0,45 mm;mat;0.45;mp;;6.65;
06. INDUSTRIAL;Tabla sinus S18 prevopsita;;Tabla sinus S18 - mat - 0,40 mm;mat;0.40;mp;;5.90;
06. INDUSTRIAL;Tabla sinus S18 prevopsita;;Tabla sinus S18 - dubluvopsit mat - 0,50 mm;dublu vopsit mat;0.50;mp;;7.55;
06. INDUSTRIAL;Tabla sinus S18 prevopsita;;Tabla sinus S18 - dubluvopsit lucios - 0,50 mm;dublu vopsit lucios;0.50;mp;;7.28;
06. INDUSTRIAL;Tabla sinus S18 prevopsita;;Tabla sinus S18 - dubluvopsit mat - 0,40 mm;dublu vopsit mat;0.40;mp;;6.43;
06. INDUSTRIAL;Tabla sinus S18 prevopsita;;Tabla sinus S18 - dubluvopsit lucios - 0,40 mm;dublu vopsit lucios;0.40;mp;;5.94;
06. INDUSTRIAL;Tabla sinus S18 prevopsita;;Tabla sinus S18 - dubluvopsit mat - 0,60 mm SSAB;dublu vopsit mat SSAB;0.60;mp;;14.80;
06. INDUSTRIAL;Tabla sinus S18 prevopsita;;Tabla sinus S18 - dubluvopsit lucios - 0,60 mm SSAB;dublu vopsit lucios SSAB;0.60;mp;;10.55;
06. INDUSTRIAL;Tabla sinus S18 prevopsita;;Tabla sinus S18 - 0,50 mm - GDM;Grande Mat (GDM);0.50;mp;;8.88;
06. INDUSTRIAL;Tabla cutata T35 ( ACOPERIS / PERETE ) - prevopsita;;Tabla cutata T35 - lucios - 0,70 mm;lucios;0.70;mp;;9.07;
06. INDUSTRIAL;Tabla cutata T35 ( ACOPERIS / PERETE ) - prevopsita;;Tabla cutata T35 - lucios - 0,60 mm;lucios;0.60;mp;;7.28;
06. INDUSTRIAL;Tabla cutata T35 ( ACOPERIS / PERETE ) - prevopsita;;Tabla cutata T35 - lucios - 0,50 mm;lucios;0.50;mp;;6.47;
06. INDUSTRIAL;Tabla cutata T35 ( ACOPERIS / PERETE ) - prevopsita;;Tabla cutata T35 - lucios - 0,45 mm;lucios;0.45;mp;;6.06;
06. INDUSTRIAL;Tabla cutata T35 ( ACOPERIS / PERETE ) - prevopsita;;Tabla cutata T35 - ral 8003 - 0,45 mm;lucios RAL 8003 (alama);0.45;mp;;8.58;
06. INDUSTRIAL;Tabla cutata T35 ( ACOPERIS / PERETE ) - prevopsita;;Tabla cutata T35 - lucios - 0,40 mm;lucios;0.40;mp;;5.25;
06. INDUSTRIAL;Tabla cutata T35 ( ACOPERIS / PERETE ) - prevopsita;;Tabla cutata T35 - WOOD - 0,50 mm;Wood (imitatie lemn);0.50;mp;;8.68;
06. INDUSTRIAL;Tabla cutata T35 ( ACOPERIS / PERETE ) - prevopsita;;Tabla cutata T35 - WOOD - 0,45 mm;Wood (imitatie lemn);0.45;mp;;8.58;
06. INDUSTRIAL;Tabla cutata T35 ( ACOPERIS / PERETE ) - prevopsita;;Tabla cutata T35 - mat - 0,60 mm;mat;0.60;mp;;7.56;
06. INDUSTRIAL;Tabla cutata T35 ( ACOPERIS / PERETE ) - prevopsita;;Tabla cutata T35 - mat - 0,50 mm;mat;0.50;mp;;6.72;
06. INDUSTRIAL;Tabla cutata T35 ( ACOPERIS / PERETE ) - prevopsita;;Tabla cutata T35 -mat - 0,45 mm;mat;0.45;mp;;6.45;
06. INDUSTRIAL;Tabla cutata T35 ( ACOPERIS / PERETE ) - prevopsita;;Tabla cutata T35 -mat - 0,40 mm;mat;0.40;mp;;5.70;
06. INDUSTRIAL;Tabla cutata T35 ( ACOPERIS / PERETE ) - prevopsita;;Tabla cutata T35 - dubluvopsit mat - 0,50 mm;dublu vopsit mat;0.50;mp;;7.35;
06. INDUSTRIAL;Tabla cutata T35 ( ACOPERIS / PERETE ) - prevopsita;;Tabla cutata T35 - dubluvopsit lucios - 0,50 mm;dublu vopsit lucios;0.50;mp;;7.08;
06. INDUSTRIAL;Tabla cutata T35 ( ACOPERIS / PERETE ) - prevopsita;;Tabla cutata T35 - dubluvopsit mat - 0,40 mm;dublu vopsit mat;0.40;mp;;6.23;
06. INDUSTRIAL;Tabla cutata T35 ( ACOPERIS / PERETE ) - prevopsita;;Tabla cutata T35 - dubluvopsit lucios - 0,40 mm;dublu vopsit lucios;0.40;mp;;5.74;
06. INDUSTRIAL;Tabla cutata T35 ( ACOPERIS / PERETE ) - prevopsita;;Tabla cutata T35 - dubluvopsit mat - 0,60 mm SSAB;dublu vopsit mat SSAB;0.60;mp;;14.60;
06. INDUSTRIAL;Tabla cutata T35 ( ACOPERIS / PERETE ) - prevopsita;;Tabla cutata T35 - dubluvopsit lucios - 0,60 mm SSAB;dublu vopsit lucios SSAB;0.60;mp;;10.35;
06. INDUSTRIAL;Tabla cutata T35 ( ACOPERIS / PERETE ) - prevopsita;;Tabla cutata T35 - 0,50 mm - GDM;Grande Mat (GDM);0.50;mp;;8.68;
06. INDUSTRIAL;Tabla cutata T35 ( ACOPERIS / PERETE ) - DRIPSTOP ! (COMANDA MINIMA DE 40 MP) - prevopsita;;Tabla cutata T35 - lucios - 0,70 mm;lucios;0.70;mp;;10.57;DRIPSTOP - comanda minima 40 mp
06. INDUSTRIAL;Tabla cutata T35 ( ACOPERIS / PERETE ) - DRIPSTOP ! (COMANDA MINIMA DE 40 MP) - prevopsita;;Tabla cutata T35 - lucios - 0,60 mm;lucios;0.60;mp;;8.78;DRIPSTOP - comanda minima 40 mp
06. INDUSTRIAL;Tabla cutata T35 ( ACOPERIS / PERETE ) - DRIPSTOP ! (COMANDA MINIMA DE 40 MP) - prevopsita;;Tabla cutata T35 - lucios - 0,50 mm;lucios;0.50;mp;;7.97;DRIPSTOP - comanda minima 40 mp
06. INDUSTRIAL;Tabla cutata T35 ( ACOPERIS / PERETE ) - DRIPSTOP ! (COMANDA MINIMA DE 40 MP) - prevopsita;;Tabla cutata T35 - lucios - 0,45 mm;lucios;0.45;mp;;7.56;DRIPSTOP - comanda minima 40 mp
06. INDUSTRIAL;Tabla cutata T35 ( ACOPERIS / PERETE ) - DRIPSTOP ! (COMANDA MINIMA DE 40 MP) - prevopsita;;Tabla cutata T35 - ral 8003 - 0,45 mm;lucios RAL 8003 (alama);0.45;mp;;10.08;DRIPSTOP - comanda minima 40 mp
06. INDUSTRIAL;Tabla cutata T35 ( ACOPERIS / PERETE ) - DRIPSTOP ! (COMANDA MINIMA DE 40 MP) - prevopsita;;Tabla cutata T35 - lucios - 0,40 mm;lucios;0.40;mp;;6.75;DRIPSTOP - comanda minima 40 mp
06. INDUSTRIAL;Tabla cutata T35 ( ACOPERIS / PERETE ) - DRIPSTOP ! (COMANDA MINIMA DE 40 MP) - prevopsita;;Tabla cutata T35 - WOOD - 0,50 mm;Wood (imitatie lemn);0.50;mp;;10.18;DRIPSTOP - comanda minima 40 mp
06. INDUSTRIAL;Tabla cutata T35 ( ACOPERIS / PERETE ) - DRIPSTOP ! (COMANDA MINIMA DE 40 MP) - prevopsita;;Tabla cutata T35 - WOOD - 0,45 mm;Wood (imitatie lemn);0.45;mp;;10.08;DRIPSTOP - comanda minima 40 mp
06. INDUSTRIAL;Tabla cutata T35 ( ACOPERIS / PERETE ) - DRIPSTOP ! (COMANDA MINIMA DE 40 MP) - prevopsita;;Tabla cutata T35 - mat - 0,60 mm;mat;0.60;mp;;9.06;DRIPSTOP - comanda minima 40 mp
06. INDUSTRIAL;Tabla cutata T35 ( ACOPERIS / PERETE ) - DRIPSTOP ! (COMANDA MINIMA DE 40 MP) - prevopsita;;Tabla cutata T35 - mat - 0,50 mm;mat;0.50;mp;;8.22;DRIPSTOP - comanda minima 40 mp
06. INDUSTRIAL;Tabla cutata T35 ( ACOPERIS / PERETE ) - DRIPSTOP ! (COMANDA MINIMA DE 40 MP) - prevopsita;;Tabla cutata T35 - mat - 0,45 mm;mat;0.45;mp;;7.95;DRIPSTOP - comanda minima 40 mp
06. INDUSTRIAL;Tabla cutata T35 ( ACOPERIS / PERETE ) - DRIPSTOP ! (COMANDA MINIMA DE 40 MP) - prevopsita;;Tabla cutata T35 - mat - 0,40 mm;mat;0.40;mp;;7.20;DRIPSTOP - comanda minima 40 mp
06. INDUSTRIAL;Tabla cutata T35 ( ACOPERIS / PERETE ) - DRIPSTOP ! (COMANDA MINIMA DE 40 MP) - prevopsita;;Tabla cutata T35 - 0,50 mm - GDM;Grande Mat (GDM);0.50;mp;;10.18;DRIPSTOP - comanda minima 40 mp
06. INDUSTRIAL;Tabla cutata T45 ( ACOPERIS / PERETE ) - prevopsita;;Tabla cutata T45 - lucios - 0,70 mm;lucios;0.70;mp;;9.32;
06. INDUSTRIAL;Tabla cutata T45 ( ACOPERIS / PERETE ) - prevopsita;;Tabla cutata T45 - lucios - 0,60 mm;lucios;0.60;mp;;7.53;
06. INDUSTRIAL;Tabla cutata T45 ( ACOPERIS / PERETE ) - prevopsita;;Tabla cutata T45 - lucios - 0,50 mm;lucios;0.50;mp;;6.72;
06. INDUSTRIAL;Tabla cutata T45 ( ACOPERIS / PERETE ) - prevopsita;;Tabla cutata T45 - lucios - 0,45 mm;lucios;0.45;mp;;6.31;
06. INDUSTRIAL;Tabla cutata T45 ( ACOPERIS / PERETE ) - prevopsita;;Tabla cutata T45 - ral 8003 - 0,45 mm;lucios RAL 8003 (alama);0.45;mp;;8.83;
06. INDUSTRIAL;Tabla cutata T45 ( ACOPERIS / PERETE ) - prevopsita;;Tabla cutata T45 - lucios - 0,40 mm;lucios;0.40;mp;;5.50;
06. INDUSTRIAL;Tabla cutata T45 ( ACOPERIS / PERETE ) - prevopsita;;Tabla cutata T45 - WOOD - 0,50 mm;Wood (imitatie lemn);0.50;mp;;8.93;
06. INDUSTRIAL;Tabla cutata T45 ( ACOPERIS / PERETE ) - prevopsita;;Tabla cutata T45 - WOOD - 0,45 mm;Wood (imitatie lemn);0.45;mp;;8.83;
06. INDUSTRIAL;Tabla cutata T45 ( ACOPERIS / PERETE ) - prevopsita;;Tabla cutata T45 - mat - 0,60 mm;mat;0.60;mp;;7.81;
06. INDUSTRIAL;Tabla cutata T45 ( ACOPERIS / PERETE ) - prevopsita;;Tabla cutata T45 - mat - 0,50 mm;mat;0.50;mp;;6.97;
06. INDUSTRIAL;Tabla cutata T45 ( ACOPERIS / PERETE ) - prevopsita;;Tabla cutata T45 - mat - 0,45 mm;mat;0.45;mp;;6.70;
06. INDUSTRIAL;Tabla cutata T45 ( ACOPERIS / PERETE ) - prevopsita;;Tabla cutata T45 - mat - 0,40 mm;mat;0.40;mp;;5.95;
06. INDUSTRIAL;Tabla cutata T45 ( ACOPERIS / PERETE ) - prevopsita;;Tabla cutata T45 - dubluvopsit mat - 0,50 mm;dublu vopsit mat;0.50;mp;;7.60;
06. INDUSTRIAL;Tabla cutata T45 ( ACOPERIS / PERETE ) - prevopsita;;Tabla cutata T45 - dubluvopsit lucios - 0,50 mm;dublu vopsit lucios;0.50;mp;;7.33;
06. INDUSTRIAL;Tabla cutata T45 ( ACOPERIS / PERETE ) - prevopsita;;Tabla cutata T45 - dubluvopsit mat - 0,40 mm;dublu vopsit mat;0.40;mp;;6.48;
06. INDUSTRIAL;Tabla cutata T45 ( ACOPERIS / PERETE ) - prevopsita;;Tabla cutata T45 - dubluvopsit lucios - 0,40 mm;dublu vopsit lucios;0.40;mp;;5.99;
06. INDUSTRIAL;Tabla cutata T45 ( ACOPERIS / PERETE ) - prevopsita;;Tabla cutata T45 - dubluvopsit mat - 0,60 mm SSAB;dublu vopsit mat SSAB;0.60;mp;;14.85;
06. INDUSTRIAL;Tabla cutata T45 ( ACOPERIS / PERETE ) - prevopsita;;Tabla cutata T45 - dubluvopsit lucios - 0,60 mm SSAB;dublu vopsit lucios SSAB;0.60;mp;;10.60;
06. INDUSTRIAL;Tabla cutata T45 ( ACOPERIS / PERETE ) - prevopsita;;Tabla cutata T45 - 0,50 mm - GDM;Grande Mat (GDM);0.50;mp;;8.93;
06. INDUSTRIAL;Tabla cutata T45 ( ACOPERIS / PERETE ) - DRIPSTOP ! (COMANDA MINIMA DE 40 MP) - prevopsita;;Tabla cutata T45 - lucios - 0,70 mm;lucios;0.70;mp;;10.82;DRIPSTOP - comanda minima 40 mp
06. INDUSTRIAL;Tabla cutata T45 ( ACOPERIS / PERETE ) - DRIPSTOP ! (COMANDA MINIMA DE 40 MP) - prevopsita;;Tabla cutata T45 - lucios - 0,60 mm;lucios;0.60;mp;;9.03;DRIPSTOP - comanda minima 40 mp
06. INDUSTRIAL;Tabla cutata T45 ( ACOPERIS / PERETE ) - DRIPSTOP ! (COMANDA MINIMA DE 40 MP) - prevopsita;;Tabla cutata T45 - lucios - 0,50 mm;lucios;0.50;mp;;8.22;DRIPSTOP - comanda minima 40 mp
06. INDUSTRIAL;Tabla cutata T45 ( ACOPERIS / PERETE ) - DRIPSTOP ! (COMANDA MINIMA DE 40 MP) - prevopsita;;Tabla cutata T45 - lucios - 0,45 mm;lucios;0.45;mp;;7.81;DRIPSTOP - comanda minima 40 mp
06. INDUSTRIAL;Tabla cutata T45 ( ACOPERIS / PERETE ) - DRIPSTOP ! (COMANDA MINIMA DE 40 MP) - prevopsita;;Tabla cutata T45 - ral 8003 - 0,45 mm;lucios RAL 8003 (alama);0.45;mp;;10.33;DRIPSTOP - comanda minima 40 mp
06. INDUSTRIAL;Tabla cutata T45 ( ACOPERIS / PERETE ) - DRIPSTOP ! (COMANDA MINIMA DE 40 MP) - prevopsita;;Tabla cutata T45 - lucios - 0,40 mm;lucios;0.40;mp;;7.00;DRIPSTOP - comanda minima 40 mp
06. INDUSTRIAL;Tabla cutata T45 ( ACOPERIS / PERETE ) - DRIPSTOP ! (COMANDA MINIMA DE 40 MP) - prevopsita;;Tabla cutata T45 - WOOD - 0,50 mm;Wood (imitatie lemn);0.50;mp;;10.43;DRIPSTOP - comanda minima 40 mp
06. INDUSTRIAL;Tabla cutata T45 ( ACOPERIS / PERETE ) - DRIPSTOP ! (COMANDA MINIMA DE 40 MP) - prevopsita;;Tabla cutata T45 - WOOD - 0,45 mm;Wood (imitatie lemn);0.45;mp;;10.33;DRIPSTOP - comanda minima 40 mp
06. INDUSTRIAL;Tabla cutata T45 ( ACOPERIS / PERETE ) - DRIPSTOP ! (COMANDA MINIMA DE 40 MP) - prevopsita;;Tabla cutata T45 - mat - 0,60 mm;mat;0.60;mp;;9.31;DRIPSTOP - comanda minima 40 mp
06. INDUSTRIAL;Tabla cutata T45 ( ACOPERIS / PERETE ) - DRIPSTOP ! (COMANDA MINIMA DE 40 MP) - prevopsita;;Tabla cutata T45 - mat - 0,50 mm;mat;0.50;mp;;8.47;DRIPSTOP - comanda minima 40 mp
06. INDUSTRIAL;Tabla cutata T45 ( ACOPERIS / PERETE ) - DRIPSTOP ! (COMANDA MINIMA DE 40 MP) - prevopsita;;Tabla cutata T45 - mat - 0,45 mm;mat;0.45;mp;;8.20;DRIPSTOP - comanda minima 40 mp
06. INDUSTRIAL;Tabla cutata T45 ( ACOPERIS / PERETE ) - DRIPSTOP ! (COMANDA MINIMA DE 40 MP) - prevopsita;;Tabla cutata T45 - mat - 0,40 mm;mat;0.40;mp;;7.45;DRIPSTOP - comanda minima 40 mp
06. INDUSTRIAL;Tabla cutata T45 ( ACOPERIS / PERETE ) - DRIPSTOP ! (COMANDA MINIMA DE 40 MP) - prevopsita;;Tabla cutata T45 - 0,50 mm - GDM;Grande Mat (GDM);0.50;mp;;10.43;DRIPSTOP - comanda minima 40 mp
06. INDUSTRIAL;Tabla cutata T8 ( PERETE ) - zincata;;Tabla cutata T8 - ZINCAT - 0,37 mm;zincat;0.37;mp;;3.99;
06. INDUSTRIAL;Tabla cutata T8 ( PERETE ) - zincata;;Tabla cutata T8 - ZINCAT - 0,40 mm;zincat;0.40;mp;;4.07;
06. INDUSTRIAL;Tabla cutata T8 ( PERETE ) - zincata;;Tabla cutata T8 - ZINCAT - 0,45 mm;zincat;0.45;mp;;5.09;
06. INDUSTRIAL;Tabla cutata T8 ( PERETE ) - zincata;;Tabla cutata T8 - ZINCAT - 0,50 mm;zincat;0.50;mp;;5.56;
06. INDUSTRIAL;Tabla cutata T12 ( ACOPERIS / PERETE ) - zincata;;Tabla cutata T12 - ZINCAT - 0,37 mm;zincat;0.37;mp;;4.04;
06. INDUSTRIAL;Tabla cutata T12 ( ACOPERIS / PERETE ) - zincata;;Tabla cutata T12 - ZINCAT - 0,40 mm;zincat;0.40;mp;;4.12;
06. INDUSTRIAL;Tabla cutata T18 ( ACOPERIS / PERETE ) - zincata;;Tabla cutata T18 - ZINCAT - 0,37 mm;zincat;0.37;mp;;4.09;
06. INDUSTRIAL;Tabla cutata T18 ( ACOPERIS / PERETE ) - zincata;;Tabla cutata T18 - ZINCAT - 0,40 mm;zincat;0.40;mp;;4.17;
06. INDUSTRIAL;Tabla cutata T18 ( ACOPERIS / PERETE ) - zincata;;Tabla cutata T18 - ZINCAT - 0,45 mm;zincat;0.45;mp;;5.19;
06. INDUSTRIAL;Tabla cutata T18 ( ACOPERIS / PERETE ) - zincata;;Tabla cutata T18 - ZINCAT - 0,50 mm;zincat;0.50;mp;;5.66;
06. INDUSTRIAL;Tabla cutata T18 ( ACOPERIS / PERETE ) - zincata;;Tabla cutata T18 - ZINCAT - 0,60 mm;zincat;0.60;mp;;6.96;
06. INDUSTRIAL;Tabla cutata T18 ( ACOPERIS / PERETE ) - zincata;;Tabla cutata T18 - ZINCAT - 0,70 mm;zincat;0.70;mp;;8.16;
06. INDUSTRIAL;Tabla sinus S18 zincata;;Tabla sinus S18 - ZINCAT - 0,37 mm;zincat;0.37;mp;;4.59;
06. INDUSTRIAL;Tabla sinus S18 zincata;;Tabla sinus S18 - ZINCAT - 0,40 mm;zincat;0.40;mp;;4.67;
06. INDUSTRIAL;Tabla sinus S18 zincata;;Tabla sinus S18 - ZINCAT - 0,45 mm;zincat;0.45;mp;;5.69;
06. INDUSTRIAL;Tabla sinus S18 zincata;;Tabla sinus S18 - ZINCAT - 0,50 mm;zincat;0.50;mp;;6.16;
06. INDUSTRIAL;Tabla sinus S18 zincata;;Tabla sinus S18 - ZINCAT - 0,60 mm;zincat;0.60;mp;;7.46;
06. INDUSTRIAL;Tabla sinus S18 zincata;;Tabla sinus S18 - ZINCAT - 0,70 mm;zincat;0.70;mp;;8.66;
06. INDUSTRIAL;Tabla cutata T35 ( ACOPERIS / PERETE ) - zincata;;Tabla cutata T35 - ZINCAT - 0,37 mm;zincat;0.37;mp;;4.29;
06. INDUSTRIAL;Tabla cutata T35 ( ACOPERIS / PERETE ) - zincata;;Tabla cutata T35 - ZINCAT - 0,40 mm;zincat;0.40;mp;;4.37;
06. INDUSTRIAL;Tabla cutata T35 ( ACOPERIS / PERETE ) - zincata;;Tabla cutata T35 - ZINCAT - 0,45 mm;zincat;0.45;mp;;5.39;
06. INDUSTRIAL;Tabla cutata T35 ( ACOPERIS / PERETE ) - zincata;;Tabla cutata T35 - ZINCAT - 0,50 mm;zincat;0.50;mp;;5.86;
06. INDUSTRIAL;Tabla cutata T35 ( ACOPERIS / PERETE ) - zincata;;Tabla cutata T35 - ZINCAT - 0,60 mm;zincat;0.60;mp;;7.16;
06. INDUSTRIAL;Tabla cutata T35 ( ACOPERIS / PERETE ) - zincata;;Tabla cutata T35 - ZINCAT - 0,70 mm;zincat;0.70;mp;;8.36;
06. INDUSTRIAL;Tabla cutata T35 ( ACOPERIS / PERETE ) - DRIPSTOP ! (COMANDA MINIMA DE 40 MP) - zincata;;Tabla cutata T35 - ZINCAT - 0,37 mm;zincat;0.37;mp;;5.79;DRIPSTOP - comanda minima 40 mp
06. INDUSTRIAL;Tabla cutata T35 ( ACOPERIS / PERETE ) - DRIPSTOP ! (COMANDA MINIMA DE 40 MP) - zincata;;Tabla cutata T35 - ZINCAT - 0,40 mm;zincat;0.40;mp;;5.87;DRIPSTOP - comanda minima 40 mp
06. INDUSTRIAL;Tabla cutata T35 ( ACOPERIS / PERETE ) - DRIPSTOP ! (COMANDA MINIMA DE 40 MP) - zincata;;Tabla cutata T35 - ZINCAT - 0,45 mm;zincat;0.45;mp;;6.89;DRIPSTOP - comanda minima 40 mp
06. INDUSTRIAL;Tabla cutata T35 ( ACOPERIS / PERETE ) - DRIPSTOP ! (COMANDA MINIMA DE 40 MP) - zincata;;Tabla cutata T35 - ZINCAT - 0,50 mm;zincat;0.50;mp;;7.36;DRIPSTOP - comanda minima 40 mp
06. INDUSTRIAL;Tabla cutata T35 ( ACOPERIS / PERETE ) - DRIPSTOP ! (COMANDA MINIMA DE 40 MP) - zincata;;Tabla cutata T35 - ZINCAT - 0,60 mm;zincat;0.60;mp;;8.66;DRIPSTOP - comanda minima 40 mp
06. INDUSTRIAL;Tabla cutata T35 ( ACOPERIS / PERETE ) - DRIPSTOP ! (COMANDA MINIMA DE 40 MP) - zincata;;Tabla cutata T35 - ZINCAT - 0,70 mm;zincat;0.70;mp;;9.86;DRIPSTOP - comanda minima 40 mp
06. INDUSTRIAL;Tabla cutata T45 ( ACOPERIS / PERETE ) - zincata;;Tabla cutata T45 - ZINCAT - 0,37 mm;zincat;0.37;mp;;4.49;
06. INDUSTRIAL;Tabla cutata T45 ( ACOPERIS / PERETE ) - zincata;;Tabla cutata T45 - ZINCAT - 0,40 mm;zincat;0.40;mp;;4.57;
06. INDUSTRIAL;Tabla cutata T45 ( ACOPERIS / PERETE ) - zincata;;Tabla cutata T45 - ZINCAT - 0,45 mm;zincat;0.45;mp;;5.59;
06. INDUSTRIAL;Tabla cutata T45 ( ACOPERIS / PERETE ) - zincata;;Tabla cutata T45 - ZINCAT - 0,50 mm;zincat;0.50;mp;;6.06;
06. INDUSTRIAL;Tabla cutata T45 ( ACOPERIS / PERETE ) - zincata;;Tabla cutata T45 - ZINCAT - 0,60 mm;zincat;0.60;mp;;7.36;
06. INDUSTRIAL;Tabla cutata T45 ( ACOPERIS / PERETE ) - zincata;;Tabla cutata T45 - ZINCAT - 0,70 mm;zincat;0.70;mp;;8.56;
06. INDUSTRIAL;Tabla cutata T45 ( ACOPERIS / PERETE ) - DRIPSTOP ! (COMANDA MINIMA DE 40 MP) - zincata;;Tabla cutata T45 - ZINCAT - 0,37 mm;zincat;0.37;mp;;5.99;DRIPSTOP - comanda minima 40 mp
06. INDUSTRIAL;Tabla cutata T45 ( ACOPERIS / PERETE ) - DRIPSTOP ! (COMANDA MINIMA DE 40 MP) - zincata;;Tabla cutata T45 - ZINCAT - 0,40 mm;zincat;0.40;mp;;6.07;DRIPSTOP - comanda minima 40 mp
06. INDUSTRIAL;Tabla cutata T45 ( ACOPERIS / PERETE ) - DRIPSTOP ! (COMANDA MINIMA DE 40 MP) - zincata;;Tabla cutata T45 - ZINCAT - 0,45 mm;zincat;0.45;mp;;7.09;DRIPSTOP - comanda minima 40 mp
06. INDUSTRIAL;Tabla cutata T45 ( ACOPERIS / PERETE ) - DRIPSTOP ! (COMANDA MINIMA DE 40 MP) - zincata;;Tabla cutata T45 - ZINCAT - 0,50 mm;zincat;0.50;mp;;7.56;DRIPSTOP - comanda minima 40 mp
06. INDUSTRIAL;Tabla cutata T45 ( ACOPERIS / PERETE ) - DRIPSTOP ! (COMANDA MINIMA DE 40 MP) - zincata;;Tabla cutata T45 - ZINCAT - 0,60 mm;zincat;0.60;mp;;8.86;DRIPSTOP - comanda minima 40 mp
06. INDUSTRIAL;Tabla cutata T45 ( ACOPERIS / PERETE ) - DRIPSTOP ! (COMANDA MINIMA DE 40 MP) - zincata;;Tabla cutata T45 - ZINCAT - 0,70 mm;zincat;0.70;mp;;10.06;DRIPSTOP - comanda minima 40 mp
06. INDUSTRIAL;Tabla plana zincata;;Tabla plana - 1,25 m * 2,00 m- ZINCATA - 0,37 mm;zincat;0.37;mp;foaie 1,25 x 2,00 m;3.99;
06. INDUSTRIAL;Tabla plana zincata;;Tabla plana - 1,25 m * 2,00 m- ZINCATA - 0,40 mm;zincat;0.40;mp;foaie 1,25 x 2,00 m;4.07;
06. INDUSTRIAL;Tabla plana zincata;;Tabla plana - 1,25 m * 2,00 m- ZINCATA - 0,45 mm;zincat;0.45;mp;foaie 1,25 x 2,00 m;5.09;
06. INDUSTRIAL;Tabla plana zincata;;Tabla plana - 1,25 m * 2,00 m- ZINCATA - 0,50 mm;zincat;0.50;mp;foaie 1,25 x 2,00 m;5.56;
06. INDUSTRIAL;Tabla plana zincata;;Tabla plana - 1,25 m * 2,00 m- ZINCATA - 0,60 mm;zincat;0.60;mp;foaie 1,25 x 2,00 m;6.86;
06. INDUSTRIAL;Tabla plana zincata;;Tabla plana - 1,25 m * 2,00 m- ZINCATA - 0,70 mm;zincat;0.70;mp;foaie 1,25 x 2,00 m;8.06;
06. INDUSTRIAL;Accesorii tinichigerie industrial - finisaj lucios;;Coama unghiulara industriala;lucios;0.70;buc;desfasurata 417 mm, bucata 2.00 m;8.77;
06. INDUSTRIAL;Accesorii tinichigerie industrial - finisaj lucios;;Coama unghiulara industriala;lucios;0.60;buc;desfasurata 417 mm, bucata 2.00 m;6.88;
06. INDUSTRIAL;Accesorii tinichigerie industrial - finisaj lucios;;Coama unghiulara industriala;lucios;0.50;buc;desfasurata 417 mm, bucata 2.00 m;6.07;
06. INDUSTRIAL;Accesorii tinichigerie industrial - finisaj lucios;;Coama unghiulara industriala;lucios;0.45;buc;desfasurata 417 mm, bucata 2.00 m;5.66;
06. INDUSTRIAL;Accesorii tinichigerie industrial - finisaj lucios;;Coama unghiulara industriala;lucios;0.40;buc;desfasurata 417 mm, bucata 2.00 m;4.85;
06. INDUSTRIAL;Accesorii tinichigerie industrial - finisaj lucios;;Coama unghiulara industriala;lucios;0.70;buc;desfasurata 312 mm, bucata 2.00 m;6.58;
06. INDUSTRIAL;Accesorii tinichigerie industrial - finisaj lucios;;Coama unghiulara industriala;lucios;0.60;buc;desfasurata 312 mm, bucata 2.00 m;5.16;
06. INDUSTRIAL;Accesorii tinichigerie industrial - finisaj lucios;;Coama unghiulara industriala;lucios;0.50;buc;desfasurata 312 mm, bucata 2.00 m;4.55;
06. INDUSTRIAL;Accesorii tinichigerie industrial - finisaj lucios;;Coama unghiulara industriala;lucios;0.45;buc;desfasurata 312 mm, bucata 2.00 m;4.25;
06. INDUSTRIAL;Accesorii tinichigerie industrial - finisaj lucios;;Coama unghiulara industriala;lucios;0.40;buc;desfasurata 312 mm, bucata 2.00 m;3.64;
06. INDUSTRIAL;Accesorii tinichigerie industrial - finisaj lucios;;Subcoama industriala;lucios;0.70;buc;desfasurata 417 mm, bucata 2.00 m;8.77;
06. INDUSTRIAL;Accesorii tinichigerie industrial - finisaj lucios;;Subcoama industriala;lucios;0.60;buc;desfasurata 417 mm, bucata 2.00 m;6.88;
06. INDUSTRIAL;Accesorii tinichigerie industrial - finisaj lucios;;Subcoama industriala;lucios;0.50;buc;desfasurata 417 mm, bucata 2.00 m;6.07;
06. INDUSTRIAL;Accesorii tinichigerie industrial - finisaj lucios;;Subcoama industriala;lucios;0.45;buc;desfasurata 417 mm, bucata 2.00 m;5.66;
06. INDUSTRIAL;Accesorii tinichigerie industrial - finisaj lucios;;Subcoama industriala;lucios;0.40;buc;desfasurata 417 mm, bucata 2.00 m;4.85;
06. INDUSTRIAL;Accesorii tinichigerie industrial - finisaj lucios;;Subcoama industriala;lucios;0.70;buc;desfasurata 312 mm, bucata 2.00 m;6.58;
06. INDUSTRIAL;Accesorii tinichigerie industrial - finisaj lucios;;Subcoama industriala;lucios;0.60;buc;desfasurata 312 mm, bucata 2.00 m;5.16;
06. INDUSTRIAL;Accesorii tinichigerie industrial - finisaj lucios;;Subcoama industriala;lucios;0.50;buc;desfasurata 312 mm, bucata 2.00 m;4.55;
06. INDUSTRIAL;Accesorii tinichigerie industrial - finisaj lucios;;Subcoama industriala;lucios;0.45;buc;desfasurata 312 mm, bucata 2.00 m;4.25;
06. INDUSTRIAL;Accesorii tinichigerie industrial - finisaj lucios;;Subcoama industriala;lucios;0.40;buc;desfasurata 312 mm, bucata 2.00 m;3.64;
06. INDUSTRIAL;Accesorii tinichigerie industrial - finisaj lucios;;Coltar exterior industrial;lucios;0.70;buc;desfasurata 417 mm, bucata 2.00 m;8.77;
06. INDUSTRIAL;Accesorii tinichigerie industrial - finisaj lucios;;Coltar exterior industrial;lucios;0.60;buc;desfasurata 417 mm, bucata 2.00 m;6.88;
06. INDUSTRIAL;Accesorii tinichigerie industrial - finisaj lucios;;Coltar exterior industrial;lucios;0.50;buc;desfasurata 417 mm, bucata 2.00 m;6.07;
06. INDUSTRIAL;Accesorii tinichigerie industrial - finisaj lucios;;Coltar exterior industrial;lucios;0.45;buc;desfasurata 417 mm, bucata 2.00 m;5.66;
06. INDUSTRIAL;Accesorii tinichigerie industrial - finisaj lucios;;Coltar exterior industrial;lucios;0.40;buc;desfasurata 417 mm, bucata 2.00 m;4.85;
06. INDUSTRIAL;Accesorii tinichigerie industrial - finisaj lucios;;Coltar exterior industrial;lucios;0.70;buc;desfasurata 312 mm, bucata 2.00 m;6.58;
06. INDUSTRIAL;Accesorii tinichigerie industrial - finisaj lucios;;Coltar exterior industrial;lucios;0.60;buc;desfasurata 312 mm, bucata 2.00 m;5.16;
06. INDUSTRIAL;Accesorii tinichigerie industrial - finisaj lucios;;Coltar exterior industrial;lucios;0.50;buc;desfasurata 312 mm, bucata 2.00 m;4.55;
06. INDUSTRIAL;Accesorii tinichigerie industrial - finisaj lucios;;Coltar exterior industrial;lucios;0.45;buc;desfasurata 312 mm, bucata 2.00 m;4.25;
06. INDUSTRIAL;Accesorii tinichigerie industrial - finisaj lucios;;Coltar exterior industrial;lucios;0.40;buc;desfasurata 312 mm, bucata 2.00 m;3.64;
06. INDUSTRIAL;Accesorii tinichigerie industrial - finisaj lucios;;Coltar exterior industrial;lucios;0.70;buc;desfasurata 250 mm, bucata 2.00 m;5.26;
06. INDUSTRIAL;Accesorii tinichigerie industrial - finisaj lucios;;Coltar exterior industrial;lucios;0.60;buc;desfasurata 250 mm, bucata 2.00 m;4.13;
06. INDUSTRIAL;Accesorii tinichigerie industrial - finisaj lucios;;Coltar exterior industrial;lucios;0.50;buc;desfasurata 250 mm, bucata 2.00 m;3.64;
06. INDUSTRIAL;Accesorii tinichigerie industrial - finisaj lucios;;Coltar exterior industrial;lucios;0.45;buc;desfasurata 250 mm, bucata 2.00 m;3.40;
06. INDUSTRIAL;Accesorii tinichigerie industrial - finisaj lucios;;Coltar exterior industrial;lucios;0.40;buc;desfasurata 250 mm, bucata 2.00 m;2.91;
06. INDUSTRIAL;Accesorii tinichigerie industrial - finisaj lucios;;Coltar interior industrial;lucios;0.70;buc;desfasurata 417 mm, bucata 2.00 m;8.77;
06. INDUSTRIAL;Accesorii tinichigerie industrial - finisaj lucios;;Coltar interior industrial;lucios;0.60;buc;desfasurata 417 mm, bucata 2.00 m;6.88;
06. INDUSTRIAL;Accesorii tinichigerie industrial - finisaj lucios;;Coltar interior industrial;lucios;0.50;buc;desfasurata 417 mm, bucata 2.00 m;6.07;
06. INDUSTRIAL;Accesorii tinichigerie industrial - finisaj lucios;;Coltar interior industrial;lucios;0.45;buc;desfasurata 417 mm, bucata 2.00 m;5.66;
06. INDUSTRIAL;Accesorii tinichigerie industrial - finisaj lucios;;Coltar interior industrial;lucios;0.40;buc;desfasurata 417 mm, bucata 2.00 m;4.85;
06. INDUSTRIAL;Accesorii tinichigerie industrial - finisaj lucios;;Coltar interior industrial;lucios;0.70;buc;desfasurata 312 mm, bucata 2.00 m;6.58;
06. INDUSTRIAL;Accesorii tinichigerie industrial - finisaj lucios;;Coltar interior industrial;lucios;0.60;buc;desfasurata 312 mm, bucata 2.00 m;5.16;
06. INDUSTRIAL;Accesorii tinichigerie industrial - finisaj lucios;;Coltar interior industrial;lucios;0.50;buc;desfasurata 312 mm, bucata 2.00 m;4.55;
06. INDUSTRIAL;Accesorii tinichigerie industrial - finisaj lucios;;Coltar interior industrial;lucios;0.45;buc;desfasurata 312 mm, bucata 2.00 m;4.25;
06. INDUSTRIAL;Accesorii tinichigerie industrial - finisaj lucios;;Coltar interior industrial;lucios;0.40;buc;desfasurata 312 mm, bucata 2.00 m;3.64;
06. INDUSTRIAL;Accesorii tinichigerie industrial - finisaj lucios;;Coltar interior industrial;lucios;0.70;buc;desfasurata 250 mm, bucata 2.00 m;5.26;
06. INDUSTRIAL;Accesorii tinichigerie industrial - finisaj lucios;;Coltar interior industrial;lucios;0.60;buc;desfasurata 250 mm, bucata 2.00 m;4.13;
06. INDUSTRIAL;Accesorii tinichigerie industrial - finisaj lucios;;Coltar interior industrial;lucios;0.50;buc;desfasurata 250 mm, bucata 2.00 m;3.64;
06. INDUSTRIAL;Accesorii tinichigerie industrial - finisaj lucios;;Coltar interior industrial;lucios;0.45;buc;desfasurata 250 mm, bucata 2.00 m;3.40;
06. INDUSTRIAL;Accesorii tinichigerie industrial - finisaj lucios;;Coltar interior industrial;lucios;0.40;buc;desfasurata 250 mm, bucata 2.00 m;2.91;
06. INDUSTRIAL;Accesorii tinichigerie industrial - finisaj lucios;;Profil ,,U'' tabla cutata - T8;lucios;0.70;buc;desfasurata 45 mm, bucata 2.00 m;0.97;
06. INDUSTRIAL;Accesorii tinichigerie industrial - finisaj lucios;;Profil ,,U'' tabla cutata - T8;lucios;0.60;buc;desfasurata 45 mm, bucata 2.00 m;0.76;
06. INDUSTRIAL;Accesorii tinichigerie industrial - finisaj lucios;;Profil ,,U'' tabla cutata - T8;lucios;0.50;buc;desfasurata 45 mm, bucata 2.00 m;0.67;
06. INDUSTRIAL;Accesorii tinichigerie industrial - finisaj lucios;;Profil ,,U'' tabla cutata - T8;lucios;0.45;buc;desfasurata 45 mm, bucata 2.00 m;0.63;
06. INDUSTRIAL;Accesorii tinichigerie industrial - finisaj lucios;;Profil ,,U'' tabla cutata - T8;lucios;0.40;buc;desfasurata 45 mm, bucata 2.00 m;0.54;
06. INDUSTRIAL;Accesorii tinichigerie industrial - finisaj lucios;;Profil ,,U'' tabla cutata - T12;lucios;0.70;buc;desfasurata 45 mm, bucata 2.00 m;0.97;
06. INDUSTRIAL;Accesorii tinichigerie industrial - finisaj lucios;;Profil ,,U'' tabla cutata - T12;lucios;0.60;buc;desfasurata 45 mm, bucata 2.00 m;0.76;
06. INDUSTRIAL;Accesorii tinichigerie industrial - finisaj lucios;;Profil ,,U'' tabla cutata - T12;lucios;0.50;buc;desfasurata 45 mm, bucata 2.00 m;0.67;
06. INDUSTRIAL;Accesorii tinichigerie industrial - finisaj lucios;;Profil ,,U'' tabla cutata - T12;lucios;0.45;buc;desfasurata 45 mm, bucata 2.00 m;0.63;
06. INDUSTRIAL;Accesorii tinichigerie industrial - finisaj lucios;;Profil ,,U'' tabla cutata - T12;lucios;0.40;buc;desfasurata 45 mm, bucata 2.00 m;0.54;
06. INDUSTRIAL;Accesorii tinichigerie industrial - finisaj lucios;;Profil ,,U'' tabla cutata - T18;lucios;0.70;buc;desfasurata 60 mm, bucata 2.00 m;1.32;
06. INDUSTRIAL;Accesorii tinichigerie industrial - finisaj lucios;;Profil ,,U'' tabla cutata - T18;lucios;0.60;buc;desfasurata 60 mm, bucata 2.00 m;1.03;
06. INDUSTRIAL;Accesorii tinichigerie industrial - finisaj lucios;;Profil ,,U'' tabla cutata - T18;lucios;0.50;buc;desfasurata 60 mm, bucata 2.00 m;0.91;
06. INDUSTRIAL;Accesorii tinichigerie industrial - finisaj lucios;;Profil ,,U'' tabla cutata - T18;lucios;0.45;buc;desfasurata 60 mm, bucata 2.00 m;0.85;
06. INDUSTRIAL;Accesorii tinichigerie industrial - finisaj lucios;;Profil ,,U'' tabla cutata - T18;lucios;0.40;buc;desfasurata 60 mm, bucata 2.00 m;0.73;
06. INDUSTRIAL;Accesorii tinichigerie industrial - finisaj lucios;;Profil ,,U'' tabla cutata - T35;lucios;0.70;buc;desfasurata 100 mm, bucata 2.00 m;2.19;
06. INDUSTRIAL;Accesorii tinichigerie industrial - finisaj lucios;;Profil ,,U'' tabla cutata - T35;lucios;0.60;buc;desfasurata 100 mm, bucata 2.00 m;1.72;
06. INDUSTRIAL;Accesorii tinichigerie industrial - finisaj lucios;;Profil ,,U'' tabla cutata - T35;lucios;0.50;buc;desfasurata 100 mm, bucata 2.00 m;1.52;
06. INDUSTRIAL;Accesorii tinichigerie industrial - finisaj lucios;;Profil ,,U'' tabla cutata - T35;lucios;0.45;buc;desfasurata 100 mm, bucata 2.00 m;1.42;
06. INDUSTRIAL;Accesorii tinichigerie industrial - finisaj lucios;;Profil ,,U'' tabla cutata - T35;lucios;0.40;buc;desfasurata 100 mm, bucata 2.00 m;1.21;
06. INDUSTRIAL;Accesorii tinichigerie industrial - finisaj lucios;;Profil ,,U'' tabla cutata - T45;lucios;0.70;buc;desfasurata 110 mm, bucata 2.00 m;2.39;
06. INDUSTRIAL;Accesorii tinichigerie industrial - finisaj lucios;;Profil ,,U'' tabla cutata - T45;lucios;0.60;buc;desfasurata 110 mm, bucata 2.00 m;1.88;
06. INDUSTRIAL;Accesorii tinichigerie industrial - finisaj lucios;;Profil ,,U'' tabla cutata - T45;lucios;0.50;buc;desfasurata 110 mm, bucata 2.00 m;1.66;
06. INDUSTRIAL;Accesorii tinichigerie industrial - finisaj lucios;;Profil ,,U'' tabla cutata - T45;lucios;0.45;buc;desfasurata 110 mm, bucata 2.00 m;1.54;
06. INDUSTRIAL;Accesorii tinichigerie industrial - finisaj lucios;;Profil ,,U'' tabla cutata - T45;lucios;0.40;buc;desfasurata 110 mm, bucata 2.00 m;1.32;
06. INDUSTRIAL;Accesorii tinichigerie industrial - finisaj lucios;;Opritor zapada;lucios;0.70;buc;desfasurata 208 mm, bucata 2.00 m;4.38;
06. INDUSTRIAL;Accesorii tinichigerie industrial - finisaj lucios;;Opritor zapada;lucios;0.60;buc;desfasurata 208 mm, bucata 2.00 m;3.44;
06. INDUSTRIAL;Accesorii tinichigerie industrial - finisaj lucios;;Opritor zapada;lucios;0.50;buc;desfasurata 208 mm, bucata 2.00 m;3.03;
06. INDUSTRIAL;Accesorii tinichigerie industrial - finisaj lucios;;Opritor zapada;lucios;0.45;buc;desfasurata 208 mm, bucata 2.00 m;2.83;
06. INDUSTRIAL;Accesorii tinichigerie industrial - finisaj lucios;;Opritor zapada;lucios;0.40;buc;desfasurata 208 mm, bucata 2.00 m;2.43;
06. INDUSTRIAL;Accesorii tinichigerie industrial - finisaj lucios;;Opritor zapada;lucios;0.70;buc;desfasurata 208 mm, bucata 1.25 m;2.74;
06. INDUSTRIAL;Accesorii tinichigerie industrial - finisaj lucios;;Opritor zapada;lucios;0.60;buc;desfasurata 208 mm, bucata 1.25 m;2.15;
06. INDUSTRIAL;Accesorii tinichigerie industrial - finisaj lucios;;Opritor zapada;lucios;0.50;buc;desfasurata 208 mm, bucata 1.25 m;1.90;
06. INDUSTRIAL;Accesorii tinichigerie industrial - finisaj lucios;;Opritor zapada;lucios;0.45;buc;desfasurata 208 mm, bucata 1.25 m;1.77;
06. INDUSTRIAL;Accesorii tinichigerie industrial - finisaj lucios;;Opritor zapada;lucios;0.40;buc;desfasurata 208 mm, bucata 1.25 m;1.52;
06. INDUSTRIAL;Accesorii tinichigerie industrial - finisaj lucios;;Opritor zapada omega;lucios;0.40-0.70;buc;;0.47;pret unic pentru toate grosimile lucioase
06. INDUSTRIAL;Accesorii tinichigerie industrial - finisaj lucios;;Bordura Streasina;lucios;0.70;buc;desfasurata 250 mm, bucata 2.00 m;5.26;
06. INDUSTRIAL;Accesorii tinichigerie industrial - finisaj lucios;;Bordura Streasina;lucios;0.60;buc;desfasurata 250 mm, bucata 2.00 m;4.13;
06. INDUSTRIAL;Accesorii tinichigerie industrial - finisaj lucios;;Bordura Streasina;lucios;0.50;buc;desfasurata 250 mm, bucata 2.00 m;3.64;
06. INDUSTRIAL;Accesorii tinichigerie industrial - finisaj lucios;;Bordura Streasina;lucios;0.45;buc;desfasurata 250 mm, bucata 2.00 m;3.40;
06. INDUSTRIAL;Accesorii tinichigerie industrial - finisaj lucios;;Bordura Streasina;lucios;0.40;buc;desfasurata 250 mm, bucata 2.00 m;2.91;
06. INDUSTRIAL;Accesorii tinichigerie industrial - finisaj lucios;;Bordura streasina;lucios;0.70;buc;desfasurata 208 mm, bucata 2.00 m;4.38;
06. INDUSTRIAL;Accesorii tinichigerie industrial - finisaj lucios;;Bordura streasina;lucios;0.60;buc;desfasurata 208 mm, bucata 2.00 m;3.44;
06. INDUSTRIAL;Accesorii tinichigerie industrial - finisaj lucios;;Bordura streasina;lucios;0.50;buc;desfasurata 208 mm, bucata 2.00 m;3.03;
06. INDUSTRIAL;Accesorii tinichigerie industrial - finisaj lucios;;Bordura streasina;lucios;0.45;buc;desfasurata 208 mm, bucata 2.00 m;2.83;
06. INDUSTRIAL;Accesorii tinichigerie industrial - finisaj lucios;;Bordura streasina;lucios;0.40;buc;desfasurata 208 mm, bucata 2.00 m;2.43;
06. INDUSTRIAL;Accesorii tinichigerie industrial - finisaj lucios;;Bordura Streasina;lucios;0.70;buc;desfasurata 178 mm, bucata 2.00 m;3.76;
06. INDUSTRIAL;Accesorii tinichigerie industrial - finisaj lucios;;Bordura Streasina;lucios;0.60;buc;desfasurata 178 mm, bucata 2.00 m;2.95;
06. INDUSTRIAL;Accesorii tinichigerie industrial - finisaj lucios;;Bordura Streasina;lucios;0.50;buc;desfasurata 178 mm, bucata 2.00 m;2.60;
06. INDUSTRIAL;Accesorii tinichigerie industrial - finisaj lucios;;Bordura Streasina;lucios;0.45;buc;desfasurata 178 mm, bucata 2.00 m;2.43;
06. INDUSTRIAL;Accesorii tinichigerie industrial - finisaj lucios;;Bordura Streasina;lucios;0.40;buc;desfasurata 178 mm, bucata 2.00 m;2.08;
06. INDUSTRIAL;Accesorii tinichigerie industrial - finisaj lucios;;Bordura streasina;lucios;0.70;buc;desfasurata 156 mm, bucata 2.00 m;3.29;
06. INDUSTRIAL;Accesorii tinichigerie industrial - finisaj lucios;;Bordura streasina;lucios;0.60;buc;desfasurata 156 mm, bucata 2.00 m;2.58;
06. INDUSTRIAL;Accesorii tinichigerie industrial - finisaj lucios;;Bordura streasina;lucios;0.50;buc;desfasurata 156 mm, bucata 2.00 m;2.28;
06. INDUSTRIAL;Accesorii tinichigerie industrial - finisaj lucios;;Bordura streasina;lucios;0.45;buc;desfasurata 156 mm, bucata 2.00 m;2.12;
06. INDUSTRIAL;Accesorii tinichigerie industrial - finisaj lucios;;Bordura streasina;lucios;0.40;buc;desfasurata 156 mm, bucata 2.00 m;1.82;
06. INDUSTRIAL;Accesorii tinichigerie industrial - finisaj lucios;;Fixarea placilor pe zid;lucios;0.70;buc;desfasurata 250 mm, bucata 2.00 m;5.26;
06. INDUSTRIAL;Accesorii tinichigerie industrial - finisaj lucios;;Fixarea placilor pe zid;lucios;0.60;buc;desfasurata 250 mm, bucata 2.00 m;4.13;
06. INDUSTRIAL;Accesorii tinichigerie industrial - finisaj lucios;;Fixarea placilor pe zid;lucios;0.50;buc;desfasurata 250 mm, bucata 2.00 m;3.64;
06. INDUSTRIAL;Accesorii tinichigerie industrial - finisaj lucios;;Fixarea placilor pe zid;lucios;0.45;buc;desfasurata 250 mm, bucata 2.00 m;3.40;
06. INDUSTRIAL;Accesorii tinichigerie industrial - finisaj lucios;;Fixarea placilor pe zid;lucios;0.40;buc;desfasurata 250 mm, bucata 2.00 m;2.91;
06. INDUSTRIAL;Accesorii tinichigerie industrial - finisaj lucios;;Fixarea placilor pe zid;lucios;0.70;buc;desfasurata 208 mm, bucata 2.00 m;4.38;
06. INDUSTRIAL;Accesorii tinichigerie industrial - finisaj lucios;;Fixarea placilor pe zid;lucios;0.60;buc;desfasurata 208 mm, bucata 2.00 m;3.44;
06. INDUSTRIAL;Accesorii tinichigerie industrial - finisaj lucios;;Fixarea placilor pe zid;lucios;0.50;buc;desfasurata 208 mm, bucata 2.00 m;3.03;
06. INDUSTRIAL;Accesorii tinichigerie industrial - finisaj lucios;;Fixarea placilor pe zid;lucios;0.45;buc;desfasurata 208 mm, bucata 2.00 m;2.83;
06. INDUSTRIAL;Accesorii tinichigerie industrial - finisaj lucios;;Fixarea placilor pe zid;lucios;0.40;buc;desfasurata 208 mm, bucata 2.00 m;2.43;
06. INDUSTRIAL;Accesorii tinichigerie industrial - finisaj lucios;;Bordura Fronton;lucios;0.70;buc;desfasurata 360 mm, bucata 2.00 m;8.77;
06. INDUSTRIAL;Accesorii tinichigerie industrial - finisaj lucios;;Bordura Fronton;lucios;0.60;buc;desfasurata 360 mm, bucata 2.00 m;6.88;
06. INDUSTRIAL;Accesorii tinichigerie industrial - finisaj lucios;;Bordura Fronton;lucios;0.50;buc;desfasurata 360 mm, bucata 2.00 m;6.07;
06. INDUSTRIAL;Accesorii tinichigerie industrial - finisaj lucios;;Bordura Fronton;lucios;0.45;buc;desfasurata 360 mm, bucata 2.00 m;5.66;
06. INDUSTRIAL;Accesorii tinichigerie industrial - finisaj lucios;;Bordura Fronton;lucios;0.40;buc;desfasurata 360 mm, bucata 2.00 m;4.85;
06. INDUSTRIAL;Accesorii tinichigerie industrial - finisaj lucios;;Bordura Fronton;lucios;0.70;buc;desfasurata 312 mm, bucata 2.00 m;6.58;
06. INDUSTRIAL;Accesorii tinichigerie industrial - finisaj lucios;;Bordura Fronton;lucios;0.60;buc;desfasurata 312 mm, bucata 2.00 m;5.16;
06. INDUSTRIAL;Accesorii tinichigerie industrial - finisaj lucios;;Bordura Fronton;lucios;0.50;buc;desfasurata 312 mm, bucata 2.00 m;4.55;
06. INDUSTRIAL;Accesorii tinichigerie industrial - finisaj lucios;;Bordura Fronton;lucios;0.45;buc;desfasurata 312 mm, bucata 2.00 m;4.25;
06. INDUSTRIAL;Accesorii tinichigerie industrial - finisaj lucios;;Bordura Fronton;lucios;0.40;buc;desfasurata 312 mm, bucata 2.00 m;3.64;
06. INDUSTRIAL;Accesorii tinichigerie industrial - finisaj lucios;;Bordura Fronton;lucios;0.70;buc;desfasurata 250 mm, bucata 2.00 m;5.26;
06. INDUSTRIAL;Accesorii tinichigerie industrial - finisaj lucios;;Bordura Fronton;lucios;0.60;buc;desfasurata 250 mm, bucata 2.00 m;4.13;
06. INDUSTRIAL;Accesorii tinichigerie industrial - finisaj lucios;;Bordura Fronton;lucios;0.50;buc;desfasurata 250 mm, bucata 2.00 m;3.64;
06. INDUSTRIAL;Accesorii tinichigerie industrial - finisaj lucios;;Bordura Fronton;lucios;0.45;buc;desfasurata 250 mm, bucata 2.00 m;3.40;
06. INDUSTRIAL;Accesorii tinichigerie industrial - finisaj lucios;;Bordura Fronton;lucios;0.40;buc;desfasurata 250 mm, bucata 2.00 m;2.91;
06. INDUSTRIAL;Accesorii tinichigerie industrial - finisaj lucios;;Paravant de baza;lucios;0.70;buc;desfasurata 312 mm, bucata 2.00 m;6.58;
06. INDUSTRIAL;Accesorii tinichigerie industrial - finisaj lucios;;Paravant de baza;lucios;0.60;buc;desfasurata 312 mm, bucata 2.00 m;5.16;
06. INDUSTRIAL;Accesorii tinichigerie industrial - finisaj lucios;;Paravant de baza;lucios;0.50;buc;desfasurata 312 mm, bucata 2.00 m;4.55;
06. INDUSTRIAL;Accesorii tinichigerie industrial - finisaj lucios;;Paravant de baza;lucios;0.45;buc;desfasurata 312 mm, bucata 2.00 m;4.25;
06. INDUSTRIAL;Accesorii tinichigerie industrial - finisaj lucios;;Paravant de baza;lucios;0.40;buc;desfasurata 312 mm, bucata 2.00 m;3.64;
06. INDUSTRIAL;Accesorii tinichigerie industrial - finisaj lucios;;Colector Fronton;lucios;0.70;buc;desfasurata 250 mm, bucata 2.00 m;5.26;
06. INDUSTRIAL;Accesorii tinichigerie industrial - finisaj lucios;;Colector Fronton;lucios;0.60;buc;desfasurata 250 mm, bucata 2.00 m;4.13;
06. INDUSTRIAL;Accesorii tinichigerie industrial - finisaj lucios;;Colector Fronton;lucios;0.50;buc;desfasurata 250 mm, bucata 2.00 m;3.64;
06. INDUSTRIAL;Accesorii tinichigerie industrial - finisaj lucios;;Colector Fronton;lucios;0.45;buc;desfasurata 250 mm, bucata 2.00 m;3.40;
06. INDUSTRIAL;Accesorii tinichigerie industrial - finisaj lucios;;Colector Fronton;lucios;0.40;buc;desfasurata 250 mm, bucata 2.00 m;2.91;
06. INDUSTRIAL;Accesorii tinichigerie industrial - finisaj lucios;;Colector Fronton;lucios;0.70;buc;desfasurata 156 mm, bucata 2.00 m;3.29;
06. INDUSTRIAL;Accesorii tinichigerie industrial - finisaj lucios;;Colector Fronton;lucios;0.60;buc;desfasurata 156 mm, bucata 2.00 m;2.58;
06. INDUSTRIAL;Accesorii tinichigerie industrial - finisaj lucios;;Colector Fronton;lucios;0.50;buc;desfasurata 156 mm, bucata 2.00 m;2.28;
06. INDUSTRIAL;Accesorii tinichigerie industrial - finisaj lucios;;Colector Fronton;lucios;0.45;buc;desfasurata 156 mm, bucata 2.00 m;2.12;
06. INDUSTRIAL;Accesorii tinichigerie industrial - finisaj lucios;;Colector Fronton;lucios;0.40;buc;desfasurata 156 mm, bucata 2.00 m;1.82;
06. INDUSTRIAL;Accesorii tinichigerie industrial - finisaj lucios;;Ruperea pantei convexa;lucios;0.70;buc;desfasurata 250 mm, bucata 2.00 m;5.26;
06. INDUSTRIAL;Accesorii tinichigerie industrial - finisaj lucios;;Ruperea pantei convexa;lucios;0.60;buc;desfasurata 250 mm, bucata 2.00 m;4.13;
06. INDUSTRIAL;Accesorii tinichigerie industrial - finisaj lucios;;Ruperea pantei convexa;lucios;0.50;buc;desfasurata 250 mm, bucata 2.00 m;3.64;
06. INDUSTRIAL;Accesorii tinichigerie industrial - finisaj lucios;;Ruperea pantei convexa;lucios;0.45;buc;desfasurata 250 mm, bucata 2.00 m;3.40;
06. INDUSTRIAL;Accesorii tinichigerie industrial - finisaj lucios;;Ruperea pantei convexa;lucios;0.40;buc;desfasurata 250 mm, bucata 2.00 m;2.91;
06. INDUSTRIAL;Accesorii tinichigerie industrial - finisaj lucios;;Ruperea pantei convexa;lucios;0.70;buc;desfasurata 208 mm, bucata 2.00 m;4.38;
06. INDUSTRIAL;Accesorii tinichigerie industrial - finisaj lucios;;Ruperea pantei convexa;lucios;0.60;buc;desfasurata 208 mm, bucata 2.00 m;3.44;
06. INDUSTRIAL;Accesorii tinichigerie industrial - finisaj lucios;;Ruperea pantei convexa;lucios;0.50;buc;desfasurata 208 mm, bucata 2.00 m;3.03;
06. INDUSTRIAL;Accesorii tinichigerie industrial - finisaj lucios;;Ruperea pantei convexa;lucios;0.45;buc;desfasurata 208 mm, bucata 2.00 m;2.83;
06. INDUSTRIAL;Accesorii tinichigerie industrial - finisaj lucios;;Ruperea pantei convexa;lucios;0.40;buc;desfasurata 208 mm, bucata 2.00 m;2.43;
06. INDUSTRIAL;Accesorii tinichigerie industrial - finisaj lucios;;Ruperea pantei concava;lucios;0.70;buc;desfasurata 250 mm, bucata 2.00 m;5.26;
06. INDUSTRIAL;Accesorii tinichigerie industrial - finisaj lucios;;Ruperea pantei concava;lucios;0.60;buc;desfasurata 250 mm, bucata 2.00 m;4.13;
06. INDUSTRIAL;Accesorii tinichigerie industrial - finisaj lucios;;Ruperea pantei concava;lucios;0.50;buc;desfasurata 250 mm, bucata 2.00 m;3.64;
06. INDUSTRIAL;Accesorii tinichigerie industrial - finisaj lucios;;Ruperea pantei concava;lucios;0.45;buc;desfasurata 250 mm, bucata 2.00 m;3.40;
06. INDUSTRIAL;Accesorii tinichigerie industrial - finisaj lucios;;Ruperea pantei concava;lucios;0.40;buc;desfasurata 250 mm, bucata 2.00 m;2.91;
06. INDUSTRIAL;Accesorii tinichigerie industrial - finisaj lucios;;Ruperea pantei concava;lucios;0.70;buc;desfasurata 208 mm, bucata 2.00 m;4.38;
06. INDUSTRIAL;Accesorii tinichigerie industrial - finisaj lucios;;Ruperea pantei concava;lucios;0.60;buc;desfasurata 208 mm, bucata 2.00 m;3.44;
06. INDUSTRIAL;Accesorii tinichigerie industrial - finisaj lucios;;Ruperea pantei concava;lucios;0.50;buc;desfasurata 208 mm, bucata 2.00 m;3.03;
06. INDUSTRIAL;Accesorii tinichigerie industrial - finisaj lucios;;Ruperea pantei concava;lucios;0.45;buc;desfasurata 208 mm, bucata 2.00 m;2.83;
06. INDUSTRIAL;Accesorii tinichigerie industrial - finisaj lucios;;Ruperea pantei concava;lucios;0.40;buc;desfasurata 208 mm, bucata 2.00 m;2.43;
06. INDUSTRIAL;Accesorii tinichigerie industrial - finisaj lucios;;Dolie;lucios;0.70;buc;desfasurata 625 mm, bucata 2.00 m;13.15;
06. INDUSTRIAL;Accesorii tinichigerie industrial - finisaj lucios;;Dolie;lucios;0.60;buc;desfasurata 625 mm, bucata 2.00 m;10.31;
06. INDUSTRIAL;Accesorii tinichigerie industrial - finisaj lucios;;Dolie;lucios;0.50;buc;desfasurata 625 mm, bucata 2.00 m;9.10;
06. INDUSTRIAL;Accesorii tinichigerie industrial - finisaj lucios;;Dolie;lucios;0.45;buc;desfasurata 625 mm, bucata 2.00 m;8.49;
06. INDUSTRIAL;Accesorii tinichigerie industrial - finisaj lucios;;Dolie;lucios;0.40;buc;desfasurata 625 mm, bucata 2.00 m;7.28;
06. INDUSTRIAL;Accesorii tinichigerie industrial - finisaj lucios;;Dolie;lucios;0.70;buc;desfasurata 417 mm, bucata 2.00 m;8.77;
06. INDUSTRIAL;Accesorii tinichigerie industrial - finisaj lucios;;Dolie;lucios;0.60;buc;desfasurata 417 mm, bucata 2.00 m;6.88;
06. INDUSTRIAL;Accesorii tinichigerie industrial - finisaj lucios;;Dolie;lucios;0.50;buc;desfasurata 417 mm, bucata 2.00 m;6.07;
06. INDUSTRIAL;Accesorii tinichigerie industrial - finisaj lucios;;Dolie;lucios;0.45;buc;desfasurata 417 mm, bucata 2.00 m;5.66;
06. INDUSTRIAL;Accesorii tinichigerie industrial - finisaj lucios;;Dolie;lucios;0.40;buc;desfasurata 417 mm, bucata 2.00 m;4.85;
06. INDUSTRIAL;Accesorii tinichigerie industrial - finisaj lucios;;Dolie;lucios;0.70;buc;desfasurata 312 mm, bucata 2.00 m;6.58;
06. INDUSTRIAL;Accesorii tinichigerie industrial - finisaj lucios;;Dolie;lucios;0.60;buc;desfasurata 312 mm, bucata 2.00 m;5.16;
06. INDUSTRIAL;Accesorii tinichigerie industrial - finisaj lucios;;Dolie;lucios;0.50;buc;desfasurata 312 mm, bucata 2.00 m;4.55;
06. INDUSTRIAL;Accesorii tinichigerie industrial - finisaj lucios;;Dolie;lucios;0.45;buc;desfasurata 312 mm, bucata 2.00 m;4.25;
06. INDUSTRIAL;Accesorii tinichigerie industrial - finisaj lucios;;Dolie;lucios;0.40;buc;desfasurata 312 mm, bucata 2.00 m;3.64;
06. INDUSTRIAL;Accesorii tinichigerie industrial - finisaj lucios;;Bordura la perete;lucios;0.70;buc;desfasurata 250 mm, bucata 2.00 m;5.26;
06. INDUSTRIAL;Accesorii tinichigerie industrial - finisaj lucios;;Bordura la perete;lucios;0.60;buc;desfasurata 250 mm, bucata 2.00 m;4.13;
06. INDUSTRIAL;Accesorii tinichigerie industrial - finisaj lucios;;Bordura la perete;lucios;0.50;buc;desfasurata 250 mm, bucata 2.00 m;3.64;
06. INDUSTRIAL;Accesorii tinichigerie industrial - finisaj lucios;;Bordura la perete;lucios;0.45;buc;desfasurata 250 mm, bucata 2.00 m;3.40;
06. INDUSTRIAL;Accesorii tinichigerie industrial - finisaj lucios;;Bordura la perete;lucios;0.40;buc;desfasurata 250 mm, bucata 2.00 m;2.91;
06. INDUSTRIAL;Accesorii tinichigerie industrial - finisaj lucios;;Bordura la perete;lucios;0.70;buc;desfasurata 208 mm, bucata 2.00 m;4.38;
06. INDUSTRIAL;Accesorii tinichigerie industrial - finisaj lucios;;Bordura la perete;lucios;0.60;buc;desfasurata 208 mm, bucata 2.00 m;3.44;
06. INDUSTRIAL;Accesorii tinichigerie industrial - finisaj lucios;;Bordura la perete;lucios;0.50;buc;desfasurata 208 mm, bucata 2.00 m;3.03;
06. INDUSTRIAL;Accesorii tinichigerie industrial - finisaj lucios;;Bordura la perete;lucios;0.45;buc;desfasurata 208 mm, bucata 2.00 m;2.83;
06. INDUSTRIAL;Accesorii tinichigerie industrial - finisaj lucios;;Bordura la perete;lucios;0.40;buc;desfasurata 208 mm, bucata 2.00 m;2.43;
06. INDUSTRIAL;Accesorii tinichigerie industrial - finisaj lucios;;Bordura la perete;lucios;0.70;buc;desfasurata 178 mm, bucata 2.00 m;3.76;
06. INDUSTRIAL;Accesorii tinichigerie industrial - finisaj lucios;;Bordura la perete;lucios;0.60;buc;desfasurata 178 mm, bucata 2.00 m;2.95;
06. INDUSTRIAL;Accesorii tinichigerie industrial - finisaj lucios;;Bordura la perete;lucios;0.50;buc;desfasurata 178 mm, bucata 2.00 m;2.60;
06. INDUSTRIAL;Accesorii tinichigerie industrial - finisaj lucios;;Bordura la perete;lucios;0.45;buc;desfasurata 178 mm, bucata 2.00 m;2.43;
06. INDUSTRIAL;Accesorii tinichigerie industrial - finisaj lucios;;Bordura la perete;lucios;0.40;buc;desfasurata 178 mm, bucata 2.00 m;2.08;
06. INDUSTRIAL;Accesorii tinichigerie industrial - finisaj lucios;;Semicoama;lucios;0.70;buc;desfasurata 312 mm, bucata 2.00 m;6.58;
06. INDUSTRIAL;Accesorii tinichigerie industrial - finisaj lucios;;Semicoama;lucios;0.60;buc;desfasurata 312 mm, bucata 2.00 m;5.16;
06. INDUSTRIAL;Accesorii tinichigerie industrial - finisaj lucios;;Semicoama;lucios;0.50;buc;desfasurata 312 mm, bucata 2.00 m;4.55;
06. INDUSTRIAL;Accesorii tinichigerie industrial - finisaj lucios;;Semicoama;lucios;0.45;buc;desfasurata 312 mm, bucata 2.00 m;4.25;
06. INDUSTRIAL;Accesorii tinichigerie industrial - finisaj lucios;;Semicoama;lucios;0.40;buc;desfasurata 312 mm, bucata 2.00 m;3.64;
06. INDUSTRIAL;Accesorii tinichigerie industrial - finisaj lucios;;Set cos fum (4 piese);lucios;0.70;buc;bucata 1.25 m;26.31;set 4 piese
06. INDUSTRIAL;Accesorii tinichigerie industrial - finisaj lucios;;Set cos fum (4 piese);lucios;0.60;buc;bucata 1.25 m;20.63;set 4 piese
06. INDUSTRIAL;Accesorii tinichigerie industrial - finisaj lucios;;Set cos fum (4 piese);lucios;0.50;buc;bucata 1.25 m;18.21;set 4 piese
06. INDUSTRIAL;Accesorii tinichigerie industrial - finisaj lucios;;Set cos fum (4 piese);lucios;0.45;buc;bucata 1.25 m;16.98;set 4 piese
06. INDUSTRIAL;Accesorii tinichigerie industrial - finisaj lucios;;Set cos fum (4 piese);lucios;0.40;buc;bucata 1.25 m;14.56;set 4 piese
06. INDUSTRIAL;Accesorii tinichigerie industrial - finisaj mat;;Coama unghiulara industriala;mat;0.60;buc;desfasurata 417 mm, bucata 2.00 m;7.16;
06. INDUSTRIAL;Accesorii tinichigerie industrial - finisaj mat;;Coama unghiulara industriala;mat;0.50;buc;desfasurata 417 mm, bucata 2.00 m;6.32;
06. INDUSTRIAL;Accesorii tinichigerie industrial - finisaj mat;;Coama unghiulara industriala;mat;0.45;buc;desfasurata 417 mm, bucata 2.00 m;6.05;
06. INDUSTRIAL;Accesorii tinichigerie industrial - finisaj mat;;Coama unghiulara industriala;mat;0.40;buc;desfasurata 417 mm, bucata 2.00 m;5.30;
06. INDUSTRIAL;Accesorii tinichigerie industrial - finisaj mat;;Coama unghiulara industriala;mat;0.60;buc;desfasurata 312 mm, bucata 2.00 m;5.37;
06. INDUSTRIAL;Accesorii tinichigerie industrial - finisaj mat;;Coama unghiulara industriala;mat;0.50;buc;desfasurata 312 mm, bucata 2.00 m;4.74;
06. INDUSTRIAL;Accesorii tinichigerie industrial - finisaj mat;;Coama unghiulara industriala;mat;0.45;buc;desfasurata 312 mm, bucata 2.00 m;4.54;
06. INDUSTRIAL;Accesorii tinichigerie industrial - finisaj mat;;Coama unghiulara industriala;mat;0.40;buc;desfasurata 312 mm, bucata 2.00 m;3.97;
06. INDUSTRIAL;Accesorii tinichigerie industrial - finisaj mat;;Subcoama industriala;mat;0.60;buc;desfasurata 417 mm, bucata 2.00 m;7.16;
06. INDUSTRIAL;Accesorii tinichigerie industrial - finisaj mat;;Subcoama industriala;mat;0.50;buc;desfasurata 417 mm, bucata 2.00 m;6.32;
06. INDUSTRIAL;Accesorii tinichigerie industrial - finisaj mat;;Subcoama industriala;mat;0.45;buc;desfasurata 417 mm, bucata 2.00 m;6.05;
06. INDUSTRIAL;Accesorii tinichigerie industrial - finisaj mat;;Subcoama industriala;mat;0.40;buc;desfasurata 417 mm, bucata 2.00 m;5.30;
06. INDUSTRIAL;Accesorii tinichigerie industrial - finisaj mat;;Subcoama industriala;mat;0.60;buc;desfasurata 312 mm, bucata 2.00 m;5.37;
06. INDUSTRIAL;Accesorii tinichigerie industrial - finisaj mat;;Subcoama industriala;mat;0.50;buc;desfasurata 312 mm, bucata 2.00 m;4.74;
06. INDUSTRIAL;Accesorii tinichigerie industrial - finisaj mat;;Subcoama industriala;mat;0.45;buc;desfasurata 312 mm, bucata 2.00 m;4.54;
06. INDUSTRIAL;Accesorii tinichigerie industrial - finisaj mat;;Subcoama industriala;mat;0.40;buc;desfasurata 312 mm, bucata 2.00 m;3.97;
06. INDUSTRIAL;Accesorii tinichigerie industrial - finisaj mat;;Coltar interior industrial;mat;0.60;buc;desfasurata 417 mm, bucata 2.00 m;7.16;
06. INDUSTRIAL;Accesorii tinichigerie industrial - finisaj mat;;Coltar interior industrial;mat;0.50;buc;desfasurata 417 mm, bucata 2.00 m;6.32;
06. INDUSTRIAL;Accesorii tinichigerie industrial - finisaj mat;;Coltar interior industrial;mat;0.45;buc;desfasurata 417 mm, bucata 2.00 m;6.05;
06. INDUSTRIAL;Accesorii tinichigerie industrial - finisaj mat;;Coltar interior industrial;mat;0.40;buc;desfasurata 417 mm, bucata 2.00 m;5.30;
06. INDUSTRIAL;Accesorii tinichigerie industrial - finisaj mat;;Coltar interior industrial;mat;0.60;buc;desfasurata 312 mm, bucata 2.00 m;5.37;
06. INDUSTRIAL;Accesorii tinichigerie industrial - finisaj mat;;Coltar interior industrial;mat;0.50;buc;desfasurata 312 mm, bucata 2.00 m;4.74;
06. INDUSTRIAL;Accesorii tinichigerie industrial - finisaj mat;;Coltar interior industrial;mat;0.45;buc;desfasurata 312 mm, bucata 2.00 m;4.54;
06. INDUSTRIAL;Accesorii tinichigerie industrial - finisaj mat;;Coltar interior industrial;mat;0.40;buc;desfasurata 312 mm, bucata 2.00 m;3.97;
06. INDUSTRIAL;Accesorii tinichigerie industrial - finisaj mat;;Coltar interior industrial;mat;0.60;buc;desfasurata 250 mm, bucata 2.00 m;4.29;
06. INDUSTRIAL;Accesorii tinichigerie industrial - finisaj mat;;Coltar interior industrial;mat;0.50;buc;desfasurata 250 mm, bucata 2.00 m;3.79;
06. INDUSTRIAL;Accesorii tinichigerie industrial - finisaj mat;;Coltar interior industrial;mat;0.45;buc;desfasurata 250 mm, bucata 2.00 m;3.63;
06. INDUSTRIAL;Accesorii tinichigerie industrial - finisaj mat;;Coltar interior industrial;mat;0.40;buc;desfasurata 250 mm, bucata 2.00 m;3.18;
06. INDUSTRIAL;Accesorii tinichigerie industrial - finisaj mat;;Coltar exterior industrial;mat;0.60;buc;desfasurata 417 mm, bucata 2.00 m;7.16;
06. INDUSTRIAL;Accesorii tinichigerie industrial - finisaj mat;;Coltar exterior industrial;mat;0.50;buc;desfasurata 417 mm, bucata 2.00 m;6.32;
06. INDUSTRIAL;Accesorii tinichigerie industrial - finisaj mat;;Coltar exterior industrial;mat;0.45;buc;desfasurata 417 mm, bucata 2.00 m;6.05;
06. INDUSTRIAL;Accesorii tinichigerie industrial - finisaj mat;;Coltar exterior industrial;mat;0.40;buc;desfasurata 417 mm, bucata 2.00 m;5.30;
06. INDUSTRIAL;Accesorii tinichigerie industrial - finisaj mat;;Coltar exterior industrial;mat;0.60;buc;desfasurata 312 mm, bucata 2.00 m;5.37;
06. INDUSTRIAL;Accesorii tinichigerie industrial - finisaj mat;;Coltar exterior industrial;mat;0.50;buc;desfasurata 312 mm, bucata 2.00 m;4.74;
06. INDUSTRIAL;Accesorii tinichigerie industrial - finisaj mat;;Coltar exterior industrial;mat;0.45;buc;desfasurata 312 mm, bucata 2.00 m;4.54;
06. INDUSTRIAL;Accesorii tinichigerie industrial - finisaj mat;;Coltar exterior industrial;mat;0.40;buc;desfasurata 312 mm, bucata 2.00 m;3.97;
06. INDUSTRIAL;Accesorii tinichigerie industrial - finisaj mat;;Coltar exterior industrial;mat;0.60;buc;desfasurata 250 mm, bucata 2.00 m;4.29;
06. INDUSTRIAL;Accesorii tinichigerie industrial - finisaj mat;;Coltar exterior industrial;mat;0.50;buc;desfasurata 250 mm, bucata 2.00 m;3.79;
06. INDUSTRIAL;Accesorii tinichigerie industrial - finisaj mat;;Coltar exterior industrial;mat;0.45;buc;desfasurata 250 mm, bucata 2.00 m;3.63;
06. INDUSTRIAL;Accesorii tinichigerie industrial - finisaj mat;;Coltar exterior industrial;mat;0.40;buc;desfasurata 250 mm, bucata 2.00 m;3.18;
06. INDUSTRIAL;Accesorii tinichigerie industrial - finisaj mat;;Profil ,,U'' tabla cutata - T8;mat;0.60;buc;desfasurata 45 mm, bucata 2.00 m;0.80;
06. INDUSTRIAL;Accesorii tinichigerie industrial - finisaj mat;;Profil ,,U'' tabla cutata - T8;mat;0.50;buc;desfasurata 45 mm, bucata 2.00 m;0.70;
06. INDUSTRIAL;Accesorii tinichigerie industrial - finisaj mat;;Profil ,,U'' tabla cutata - T8;mat;0.45;buc;desfasurata 45 mm, bucata 2.00 m;0.67;
06. INDUSTRIAL;Accesorii tinichigerie industrial - finisaj mat;;Profil ,,U'' tabla cutata - T8;mat;0.40;buc;desfasurata 45 mm, bucata 2.00 m;0.59;
06. INDUSTRIAL;Accesorii tinichigerie industrial - finisaj mat;;Profil ,,U'' tabla cutata - T12;mat;0.60;buc;desfasurata 45 mm, bucata 2.00 m;0.80;
06. INDUSTRIAL;Accesorii tinichigerie industrial - finisaj mat;;Profil ,,U'' tabla cutata - T12;mat;0.50;buc;desfasurata 45 mm, bucata 2.00 m;0.70;
06. INDUSTRIAL;Accesorii tinichigerie industrial - finisaj mat;;Profil ,,U'' tabla cutata - T12;mat;0.45;buc;desfasurata 45 mm, bucata 2.00 m;0.67;
06. INDUSTRIAL;Accesorii tinichigerie industrial - finisaj mat;;Profil ,,U'' tabla cutata - T12;mat;0.40;buc;desfasurata 45 mm, bucata 2.00 m;0.59;
06. INDUSTRIAL;Accesorii tinichigerie industrial - finisaj mat;;Profil ,,U'' tabla cutata - T18;mat;0.60;buc;desfasurata 60 mm, bucata 2.00 m;1.07;
06. INDUSTRIAL;Accesorii tinichigerie industrial - finisaj mat;;Profil ,,U'' tabla cutata - T18;mat;0.50;buc;desfasurata 60 mm, bucata 2.00 m;0.95;
06. INDUSTRIAL;Accesorii tinichigerie industrial - finisaj mat;;Profil ,,U'' tabla cutata - T18;mat;0.45;buc;desfasurata 60 mm, bucata 2.00 m;0.91;
06. INDUSTRIAL;Accesorii tinichigerie industrial - finisaj mat;;Profil ,,U'' tabla cutata - T18;mat;0.40;buc;desfasurata 60 mm, bucata 2.00 m;0.79;
06. INDUSTRIAL;Accesorii tinichigerie industrial - finisaj mat;;Profil ,,U'' tabla cutata - T35;mat;0.60;buc;desfasurata 100 mm, bucata 2.00 m;1.79;
06. INDUSTRIAL;Accesorii tinichigerie industrial - finisaj mat;;Profil ,,U'' tabla cutata - T35;mat;0.50;buc;desfasurata 100 mm, bucata 2.00 m;1.58;
06. INDUSTRIAL;Accesorii tinichigerie industrial - finisaj mat;;Profil ,,U'' tabla cutata - T35;mat;0.45;buc;desfasurata 100 mm, bucata 2.00 m;1.51;
06. INDUSTRIAL;Accesorii tinichigerie industrial - finisaj mat;;Profil ,,U'' tabla cutata - T35;mat;0.40;buc;desfasurata 100 mm, bucata 2.00 m;1.32;
06. INDUSTRIAL;Accesorii tinichigerie industrial - finisaj mat;;Profil ,,U'' tabla cutata - T45;mat;0.60;buc;desfasurata 110 mm, bucata 2.00 m;1.95;
06. INDUSTRIAL;Accesorii tinichigerie industrial - finisaj mat;;Profil ,,U'' tabla cutata - T45;mat;0.50;buc;desfasurata 110 mm, bucata 2.00 m;1.72;
06. INDUSTRIAL;Accesorii tinichigerie industrial - finisaj mat;;Profil ,,U'' tabla cutata - T45;mat;0.45;buc;desfasurata 110 mm, bucata 2.00 m;1.65;
06. INDUSTRIAL;Accesorii tinichigerie industrial - finisaj mat;;Profil ,,U'' tabla cutata - T45;mat;0.40;buc;desfasurata 110 mm, bucata 2.00 m;1.44;
06. INDUSTRIAL;Accesorii tinichigerie industrial - finisaj mat;;Opritor zapada;mat;0.60;buc;desfasurata 208 mm, bucata 2.00 m;3.58;
06. INDUSTRIAL;Accesorii tinichigerie industrial - finisaj mat;;Opritor zapada;mat;0.50;buc;desfasurata 208 mm, bucata 2.00 m;3.16;
06. INDUSTRIAL;Accesorii tinichigerie industrial - finisaj mat;;Opritor zapada;mat;0.45;buc;desfasurata 208 mm, bucata 2.00 m;3.03;
06. INDUSTRIAL;Accesorii tinichigerie industrial - finisaj mat;;Opritor zapada;mat;0.40;buc;desfasurata 208 mm, bucata 2.00 m;2.65;
06. INDUSTRIAL;Accesorii tinichigerie industrial - finisaj mat;;Opritor zapada;mat;0.60;buc;desfasurata 208 mm, bucata 1.25 m;2.24;
06. INDUSTRIAL;Accesorii tinichigerie industrial - finisaj mat;;Opritor zapada;mat;0.50;buc;desfasurata 208 mm, bucata 1.25 m;1.97;
06. INDUSTRIAL;Accesorii tinichigerie industrial - finisaj mat;;Opritor zapada;mat;0.45;buc;desfasurata 208 mm, bucata 1.25 m;1.89;
06. INDUSTRIAL;Accesorii tinichigerie industrial - finisaj mat;;Opritor zapada;mat;0.40;buc;desfasurata 208 mm, bucata 1.25 m;1.65;
06. INDUSTRIAL;Accesorii tinichigerie industrial - finisaj mat;;Opritor zapada omega;mat;0.40-0.60;buc;;0.55;pret unic pentru toate grosimile mat
06. INDUSTRIAL;Accesorii tinichigerie industrial - finisaj mat;;Bordura Streasina;mat;0.60;buc;desfasurata 250 mm, bucata 2.00 m;4.29;
06. INDUSTRIAL;Accesorii tinichigerie industrial - finisaj mat;;Bordura Streasina;mat;0.50;buc;desfasurata 250 mm, bucata 2.00 m;3.79;
06. INDUSTRIAL;Accesorii tinichigerie industrial - finisaj mat;;Bordura Streasina;mat;0.45;buc;desfasurata 250 mm, bucata 2.00 m;3.63;
06. INDUSTRIAL;Accesorii tinichigerie industrial - finisaj mat;;Bordura Streasina;mat;0.40;buc;desfasurata 250 mm, bucata 2.00 m;3.18;
06. INDUSTRIAL;Accesorii tinichigerie industrial - finisaj mat;;Bordura Streasina;mat;0.60;buc;desfasurata 208 mm, bucata 2.00 m;3.58;
06. INDUSTRIAL;Accesorii tinichigerie industrial - finisaj mat;;Bordura Streasina;mat;0.50;buc;desfasurata 208 mm, bucata 2.00 m;3.16;
06. INDUSTRIAL;Accesorii tinichigerie industrial - finisaj mat;;Bordura Streasina;mat;0.45;buc;desfasurata 208 mm, bucata 2.00 m;3.03;
06. INDUSTRIAL;Accesorii tinichigerie industrial - finisaj mat;;Bordura Streasina;mat;0.40;buc;desfasurata 208 mm, bucata 2.00 m;2.65;
06. INDUSTRIAL;Accesorii tinichigerie industrial - finisaj mat;;Bordura streasina;mat;0.60;buc;desfasurata 178 mm, bucata 2.00 m;3.07;
06. INDUSTRIAL;Accesorii tinichigerie industrial - finisaj mat;;Bordura streasina;mat;0.50;buc;desfasurata 178 mm, bucata 2.00 m;2.71;
06. INDUSTRIAL;Accesorii tinichigerie industrial - finisaj mat;;Bordura streasina;mat;0.45;buc;desfasurata 178 mm, bucata 2.00 m;2.59;
06. INDUSTRIAL;Accesorii tinichigerie industrial - finisaj mat;;Bordura streasina;mat;0.40;buc;desfasurata 178 mm, bucata 2.00 m;2.27;
06. INDUSTRIAL;Accesorii tinichigerie industrial - finisaj mat;;Bordura Streasina;mat;0.60;buc;desfasurata 156 mm, bucata 2.00 m;2.68;
06. INDUSTRIAL;Accesorii tinichigerie industrial - finisaj mat;;Bordura Streasina;mat;0.50;buc;desfasurata 156 mm, bucata 2.00 m;2.37;
06. INDUSTRIAL;Accesorii tinichigerie industrial - finisaj mat;;Bordura Streasina;mat;0.45;buc;desfasurata 156 mm, bucata 2.00 m;2.27;
06. INDUSTRIAL;Accesorii tinichigerie industrial - finisaj mat;;Bordura Streasina;mat;0.40;buc;desfasurata 156 mm, bucata 2.00 m;1.99;
06. INDUSTRIAL;Accesorii tinichigerie industrial - finisaj mat;;Fixarea placilor pe zid;mat;0.60;buc;desfasurata 250 mm, bucata 2.00 m;4.29;
06. INDUSTRIAL;Accesorii tinichigerie industrial - finisaj mat;;Fixarea placilor pe zid;mat;0.50;buc;desfasurata 250 mm, bucata 2.00 m;3.79;
06. INDUSTRIAL;Accesorii tinichigerie industrial - finisaj mat;;Fixarea placilor pe zid;mat;0.45;buc;desfasurata 250 mm, bucata 2.00 m;3.63;
06. INDUSTRIAL;Accesorii tinichigerie industrial - finisaj mat;;Fixarea placilor pe zid;mat;0.40;buc;desfasurata 250 mm, bucata 2.00 m;3.18;
06. INDUSTRIAL;Accesorii tinichigerie industrial - finisaj mat;;Fixarea placilor pe zid;mat;0.60;buc;desfasurata 208 mm, bucata 2.00 m;3.58;
06. INDUSTRIAL;Accesorii tinichigerie industrial - finisaj mat;;Fixarea placilor pe zid;mat;0.50;buc;desfasurata 208 mm, bucata 2.00 m;3.16;
06. INDUSTRIAL;Accesorii tinichigerie industrial - finisaj mat;;Fixarea placilor pe zid;mat;0.45;buc;desfasurata 208 mm, bucata 2.00 m;3.03;
06. INDUSTRIAL;Accesorii tinichigerie industrial - finisaj mat;;Fixarea placilor pe zid;mat;0.40;buc;desfasurata 208 mm, bucata 2.00 m;2.65;
06. INDUSTRIAL;Accesorii tinichigerie industrial - finisaj mat;;Bordura Fronton;mat;0.60;buc;desfasurata 360 mm, bucata 2.00 m;7.16;
06. INDUSTRIAL;Accesorii tinichigerie industrial - finisaj mat;;Bordura Fronton;mat;0.50;buc;desfasurata 360 mm, bucata 2.00 m;6.32;
06. INDUSTRIAL;Accesorii tinichigerie industrial - finisaj mat;;Bordura Fronton;mat;0.45;buc;desfasurata 360 mm, bucata 2.00 m;6.05;
06. INDUSTRIAL;Accesorii tinichigerie industrial - finisaj mat;;Bordura Fronton;mat;0.40;buc;desfasurata 360 mm, bucata 2.00 m;5.30;
06. INDUSTRIAL;Accesorii tinichigerie industrial - finisaj mat;;Bordura Fronton;mat;0.60;buc;desfasurata 312 mm, bucata 2.00 m;5.37;
06. INDUSTRIAL;Accesorii tinichigerie industrial - finisaj mat;;Bordura Fronton;mat;0.50;buc;desfasurata 312 mm, bucata 2.00 m;4.74;
06. INDUSTRIAL;Accesorii tinichigerie industrial - finisaj mat;;Bordura Fronton;mat;0.45;buc;desfasurata 312 mm, bucata 2.00 m;4.54;
06. INDUSTRIAL;Accesorii tinichigerie industrial - finisaj mat;;Bordura Fronton;mat;0.40;buc;desfasurata 312 mm, bucata 2.00 m;3.97;
06. INDUSTRIAL;Accesorii tinichigerie industrial - finisaj mat;;Bordura Fronton;mat;0.60;buc;desfasurata 250 mm, bucata 2.00 m;4.29;
06. INDUSTRIAL;Accesorii tinichigerie industrial - finisaj mat;;Bordura Fronton;mat;0.50;buc;desfasurata 250 mm, bucata 2.00 m;3.79;
06. INDUSTRIAL;Accesorii tinichigerie industrial - finisaj mat;;Bordura Fronton;mat;0.45;buc;desfasurata 250 mm, bucata 2.00 m;3.63;
06. INDUSTRIAL;Accesorii tinichigerie industrial - finisaj mat;;Bordura Fronton;mat;0.40;buc;desfasurata 250 mm, bucata 2.00 m;3.18;
06. INDUSTRIAL;Accesorii tinichigerie industrial - finisaj mat;;Paravant de baza;mat;0.60;buc;desfasurata 312 mm, bucata 2.00 m;5.37;
06. INDUSTRIAL;Accesorii tinichigerie industrial - finisaj mat;;Paravant de baza;mat;0.50;buc;desfasurata 312 mm, bucata 2.00 m;4.74;
06. INDUSTRIAL;Accesorii tinichigerie industrial - finisaj mat;;Paravant de baza;mat;0.45;buc;desfasurata 312 mm, bucata 2.00 m;4.54;
06. INDUSTRIAL;Accesorii tinichigerie industrial - finisaj mat;;Paravant de baza;mat;0.40;buc;desfasurata 312 mm, bucata 2.00 m;3.97;
06. INDUSTRIAL;Accesorii tinichigerie industrial - finisaj mat;;Colector Fronton;mat;0.60;buc;desfasurata 250 mm, bucata 2.00 m;4.29;
06. INDUSTRIAL;Accesorii tinichigerie industrial - finisaj mat;;Colector Fronton;mat;0.50;buc;desfasurata 250 mm, bucata 2.00 m;3.79;
06. INDUSTRIAL;Accesorii tinichigerie industrial - finisaj mat;;Colector Fronton;mat;0.45;buc;desfasurata 250 mm, bucata 2.00 m;3.63;
06. INDUSTRIAL;Accesorii tinichigerie industrial - finisaj mat;;Colector Fronton;mat;0.40;buc;desfasurata 250 mm, bucata 2.00 m;3.18;
06. INDUSTRIAL;Accesorii tinichigerie industrial - finisaj mat;;Colector Fronton;mat;0.60;buc;desfasurata 156 mm, bucata 2.00 m;2.68;
06. INDUSTRIAL;Accesorii tinichigerie industrial - finisaj mat;;Colector Fronton;mat;0.50;buc;desfasurata 156 mm, bucata 2.00 m;2.37;
06. INDUSTRIAL;Accesorii tinichigerie industrial - finisaj mat;;Colector Fronton;mat;0.45;buc;desfasurata 156 mm, bucata 2.00 m;2.27;
06. INDUSTRIAL;Accesorii tinichigerie industrial - finisaj mat;;Colector Fronton;mat;0.40;buc;desfasurata 156 mm, bucata 2.00 m;1.99;
06. INDUSTRIAL;Accesorii tinichigerie industrial - finisaj mat;;Ruperea pantei convexa;mat;0.60;buc;desfasurata 250 mm, bucata 2.00 m;4.29;
06. INDUSTRIAL;Accesorii tinichigerie industrial - finisaj mat;;Ruperea pantei convexa;mat;0.50;buc;desfasurata 250 mm, bucata 2.00 m;3.79;
06. INDUSTRIAL;Accesorii tinichigerie industrial - finisaj mat;;Ruperea pantei convexa;mat;0.45;buc;desfasurata 250 mm, bucata 2.00 m;3.63;
06. INDUSTRIAL;Accesorii tinichigerie industrial - finisaj mat;;Ruperea pantei convexa;mat;0.40;buc;desfasurata 250 mm, bucata 2.00 m;3.18;
06. INDUSTRIAL;Accesorii tinichigerie industrial - finisaj mat;;Ruperea pantei convexa;mat;0.60;buc;desfasurata 208 mm, bucata 2.00 m;3.58;
06. INDUSTRIAL;Accesorii tinichigerie industrial - finisaj mat;;Ruperea pantei convexa;mat;0.50;buc;desfasurata 208 mm, bucata 2.00 m;3.16;
06. INDUSTRIAL;Accesorii tinichigerie industrial - finisaj mat;;Ruperea pantei convexa;mat;0.45;buc;desfasurata 208 mm, bucata 2.00 m;3.03;
06. INDUSTRIAL;Accesorii tinichigerie industrial - finisaj mat;;Ruperea pantei convexa;mat;0.40;buc;desfasurata 208 mm, bucata 2.00 m;2.65;
06. INDUSTRIAL;Accesorii tinichigerie industrial - finisaj mat;;Ruperea pantei concava;mat;0.60;buc;desfasurata 250 mm, bucata 2.00 m;4.29;
06. INDUSTRIAL;Accesorii tinichigerie industrial - finisaj mat;;Ruperea pantei concava;mat;0.50;buc;desfasurata 250 mm, bucata 2.00 m;3.79;
06. INDUSTRIAL;Accesorii tinichigerie industrial - finisaj mat;;Ruperea pantei concava;mat;0.45;buc;desfasurata 250 mm, bucata 2.00 m;3.63;
06. INDUSTRIAL;Accesorii tinichigerie industrial - finisaj mat;;Ruperea pantei concava;mat;0.40;buc;desfasurata 250 mm, bucata 2.00 m;3.18;
06. INDUSTRIAL;Accesorii tinichigerie industrial - finisaj mat;;Ruperea pantei concava;mat;0.60;buc;desfasurata 208 mm, bucata 2.00 m;3.58;
06. INDUSTRIAL;Accesorii tinichigerie industrial - finisaj mat;;Ruperea pantei concava;mat;0.50;buc;desfasurata 208 mm, bucata 2.00 m;3.16;
06. INDUSTRIAL;Accesorii tinichigerie industrial - finisaj mat;;Ruperea pantei concava;mat;0.45;buc;desfasurata 208 mm, bucata 2.00 m;3.03;
06. INDUSTRIAL;Accesorii tinichigerie industrial - finisaj mat;;Ruperea pantei concava;mat;0.40;buc;desfasurata 208 mm, bucata 2.00 m;2.65;
06. INDUSTRIAL;Accesorii tinichigerie industrial - finisaj mat;;Dolie;mat;0.60;buc;desfasurata 625 mm, bucata 2.00 m;10.74;
06. INDUSTRIAL;Accesorii tinichigerie industrial - finisaj mat;;Dolie;mat;0.50;buc;desfasurata 625 mm, bucata 2.00 m;9.47;
06. INDUSTRIAL;Accesorii tinichigerie industrial - finisaj mat;;Dolie;mat;0.45;buc;desfasurata 625 mm, bucata 2.00 m;9.08;
06. INDUSTRIAL;Accesorii tinichigerie industrial - finisaj mat;;Dolie;mat;0.40;buc;desfasurata 625 mm, bucata 2.00 m;7.94;
06. INDUSTRIAL;Accesorii tinichigerie industrial - finisaj mat;;Dolie;mat;0.60;buc;desfasurata 417 mm, bucata 2.00 m;7.16;
06. INDUSTRIAL;Accesorii tinichigerie industrial - finisaj mat;;Dolie;mat;0.50;buc;desfasurata 417 mm, bucata 2.00 m;6.32;
06. INDUSTRIAL;Accesorii tinichigerie industrial - finisaj mat;;Dolie;mat;0.45;buc;desfasurata 417 mm, bucata 2.00 m;6.05;
06. INDUSTRIAL;Accesorii tinichigerie industrial - finisaj mat;;Dolie;mat;0.40;buc;desfasurata 417 mm, bucata 2.00 m;5.30;
06. INDUSTRIAL;Accesorii tinichigerie industrial - finisaj mat;;Dolie;mat;0.60;buc;desfasurata 312 mm, bucata 2.00 m;5.37;
06. INDUSTRIAL;Accesorii tinichigerie industrial - finisaj mat;;Dolie;mat;0.50;buc;desfasurata 312 mm, bucata 2.00 m;4.74;
06. INDUSTRIAL;Accesorii tinichigerie industrial - finisaj mat;;Dolie;mat;0.45;buc;desfasurata 312 mm, bucata 2.00 m;4.54;
06. INDUSTRIAL;Accesorii tinichigerie industrial - finisaj mat;;Dolie;mat;0.40;buc;desfasurata 312 mm, bucata 2.00 m;3.97;
06. INDUSTRIAL;Accesorii tinichigerie industrial - finisaj mat;;Bordura la perete;mat;0.60;buc;desfasurata 250 mm, bucata 2.00 m;4.29;
06. INDUSTRIAL;Accesorii tinichigerie industrial - finisaj mat;;Bordura la perete;mat;0.50;buc;desfasurata 250 mm, bucata 2.00 m;3.79;
06. INDUSTRIAL;Accesorii tinichigerie industrial - finisaj mat;;Bordura la perete;mat;0.45;buc;desfasurata 250 mm, bucata 2.00 m;3.63;
06. INDUSTRIAL;Accesorii tinichigerie industrial - finisaj mat;;Bordura la perete;mat;0.40;buc;desfasurata 250 mm, bucata 2.00 m;3.18;
06. INDUSTRIAL;Accesorii tinichigerie industrial - finisaj mat;;Bordura la perete;mat;0.60;buc;desfasurata 208 mm, bucata 2.00 m;3.58;
06. INDUSTRIAL;Accesorii tinichigerie industrial - finisaj mat;;Bordura la perete;mat;0.50;buc;desfasurata 208 mm, bucata 2.00 m;3.16;
06. INDUSTRIAL;Accesorii tinichigerie industrial - finisaj mat;;Bordura la perete;mat;0.45;buc;desfasurata 208 mm, bucata 2.00 m;3.03;
06. INDUSTRIAL;Accesorii tinichigerie industrial - finisaj mat;;Bordura la perete;mat;0.40;buc;desfasurata 208 mm, bucata 2.00 m;2.65;
06. INDUSTRIAL;Accesorii tinichigerie industrial - finisaj mat;;Bordura la perete;mat;0.60;buc;desfasurata 178 mm, bucata 2.00 m;3.07;
06. INDUSTRIAL;Accesorii tinichigerie industrial - finisaj mat;;Bordura la perete;mat;0.50;buc;desfasurata 178 mm, bucata 2.00 m;2.71;
06. INDUSTRIAL;Accesorii tinichigerie industrial - finisaj mat;;Bordura la perete;mat;0.45;buc;desfasurata 178 mm, bucata 2.00 m;2.59;
06. INDUSTRIAL;Accesorii tinichigerie industrial - finisaj mat;;Bordura la perete;mat;0.40;buc;desfasurata 178 mm, bucata 2.00 m;2.27;
06. INDUSTRIAL;Accesorii tinichigerie industrial - finisaj mat;;Semicoama;mat;0.60;buc;desfasurata 312 mm, bucata 2.00 m;5.37;
06. INDUSTRIAL;Accesorii tinichigerie industrial - finisaj mat;;Semicoama;mat;0.50;buc;desfasurata 312 mm, bucata 2.00 m;4.74;
06. INDUSTRIAL;Accesorii tinichigerie industrial - finisaj mat;;Semicoama;mat;0.45;buc;desfasurata 312 mm, bucata 2.00 m;4.54;
06. INDUSTRIAL;Accesorii tinichigerie industrial - finisaj mat;;Semicoama;mat;0.40;buc;desfasurata 312 mm, bucata 2.00 m;3.97;
06. INDUSTRIAL;Accesorii tinichigerie industrial - finisaj mat;;Set cos fum (4 piese);mat;0.60;buc;desfasurata 312 mm, bucata 2.00 m;21.47;set 4 piese
06. INDUSTRIAL;Accesorii tinichigerie industrial - finisaj mat;;Set cos fum (4 piese);mat;0.50;buc;desfasurata 312 mm, bucata 2.00 m;18.95;set 4 piese
06. INDUSTRIAL;Accesorii tinichigerie industrial - finisaj mat;;Set cos fum (4 piese);mat;0.45;buc;desfasurata 312 mm, bucata 2.00 m;18.16;set 4 piese
06. INDUSTRIAL;Accesorii tinichigerie industrial - finisaj mat;;Set cos fum (4 piese);mat;0.40;buc;desfasurata 312 mm, bucata 2.00 m;15.89;set 4 piese
06. INDUSTRIAL;Accesorii tinichigerie industrial - finisaj GDM + Wood + RAL 8003;;Coama unghiulara industriala;Grande Mat (GDM);0.50;buc;desfasurata 417 mm, bucata 2.00 m;8.28;
06. INDUSTRIAL;Accesorii tinichigerie industrial - finisaj GDM + Wood + RAL 8003;;Coama unghiulara industriala;Wood (imitatie lemn);0.50;buc;desfasurata 417 mm, bucata 2.00 m;8.28;
06. INDUSTRIAL;Accesorii tinichigerie industrial - finisaj GDM + Wood + RAL 8003;;Coama unghiulara industriala;Wood (imitatie lemn);0.45;buc;desfasurata 417 mm, bucata 2.00 m;8.18;
06. INDUSTRIAL;Accesorii tinichigerie industrial - finisaj GDM + Wood + RAL 8003;;Coama unghiulara industriala;lucios RAL 8003 (alama);0.45;buc;desfasurata 417 mm, bucata 2.00 m;8.18;
06. INDUSTRIAL;Accesorii tinichigerie industrial - finisaj GDM + Wood + RAL 8003;;Coama unghiulara industriala;Grande Mat (GDM);0.50;buc;desfasurata 312 mm, bucata 2.00 m;6.21;
06. INDUSTRIAL;Accesorii tinichigerie industrial - finisaj GDM + Wood + RAL 8003;;Coama unghiulara industriala;Wood (imitatie lemn);0.50;buc;desfasurata 312 mm, bucata 2.00 m;6.21;
06. INDUSTRIAL;Accesorii tinichigerie industrial - finisaj GDM + Wood + RAL 8003;;Coama unghiulara industriala;Wood (imitatie lemn);0.45;buc;desfasurata 312 mm, bucata 2.00 m;6.13;
06. INDUSTRIAL;Accesorii tinichigerie industrial - finisaj GDM + Wood + RAL 8003;;Coama unghiulara industriala;lucios RAL 8003 (alama);0.45;buc;desfasurata 312 mm, bucata 2.00 m;6.13;
06. INDUSTRIAL;Accesorii tinichigerie industrial - finisaj GDM + Wood + RAL 8003;;Subcoama industriala;Grande Mat (GDM);0.50;buc;desfasurata 417 mm, bucata 2.00 m;8.28;
06. INDUSTRIAL;Accesorii tinichigerie industrial - finisaj GDM + Wood + RAL 8003;;Subcoama industriala;Wood (imitatie lemn);0.50;buc;desfasurata 417 mm, bucata 2.00 m;8.28;
06. INDUSTRIAL;Accesorii tinichigerie industrial - finisaj GDM + Wood + RAL 8003;;Subcoama industriala;Wood (imitatie lemn);0.45;buc;desfasurata 417 mm, bucata 2.00 m;8.18;
06. INDUSTRIAL;Accesorii tinichigerie industrial - finisaj GDM + Wood + RAL 8003;;Subcoama industriala;lucios RAL 8003 (alama);0.45;buc;desfasurata 417 mm, bucata 2.00 m;8.18;
06. INDUSTRIAL;Accesorii tinichigerie industrial - finisaj GDM + Wood + RAL 8003;;Subcoama industriala;Grande Mat (GDM);0.50;buc;desfasurata 312 mm, bucata 2.00 m;6.21;
06. INDUSTRIAL;Accesorii tinichigerie industrial - finisaj GDM + Wood + RAL 8003;;Subcoama industriala;Wood (imitatie lemn);0.50;buc;desfasurata 312 mm, bucata 2.00 m;6.21;
06. INDUSTRIAL;Accesorii tinichigerie industrial - finisaj GDM + Wood + RAL 8003;;Subcoama industriala;Wood (imitatie lemn);0.45;buc;desfasurata 312 mm, bucata 2.00 m;6.13;
06. INDUSTRIAL;Accesorii tinichigerie industrial - finisaj GDM + Wood + RAL 8003;;Subcoama industriala;lucios RAL 8003 (alama);0.45;buc;desfasurata 312 mm, bucata 2.00 m;6.13;
06. INDUSTRIAL;Accesorii tinichigerie industrial - finisaj GDM + Wood + RAL 8003;;Coltar interior industrial;Grande Mat (GDM);0.50;buc;desfasurata 417 mm, bucata 2.00 m;8.28;
06. INDUSTRIAL;Accesorii tinichigerie industrial - finisaj GDM + Wood + RAL 8003;;Coltar interior industrial;Wood (imitatie lemn);0.50;buc;desfasurata 417 mm, bucata 2.00 m;8.28;
06. INDUSTRIAL;Accesorii tinichigerie industrial - finisaj GDM + Wood + RAL 8003;;Coltar interior industrial;Wood (imitatie lemn);0.45;buc;desfasurata 417 mm, bucata 2.00 m;8.18;
06. INDUSTRIAL;Accesorii tinichigerie industrial - finisaj GDM + Wood + RAL 8003;;Coltar interior industrial;lucios RAL 8003 (alama);0.45;buc;desfasurata 417 mm, bucata 2.00 m;8.18;
06. INDUSTRIAL;Accesorii tinichigerie industrial - finisaj GDM + Wood + RAL 8003;;Coltar interior industrial;Grande Mat (GDM);0.50;buc;desfasurata 312 mm, bucata 2.00 m;6.21;
06. INDUSTRIAL;Accesorii tinichigerie industrial - finisaj GDM + Wood + RAL 8003;;Coltar interior industrial;Wood (imitatie lemn);0.50;buc;desfasurata 312 mm, bucata 2.00 m;6.21;
06. INDUSTRIAL;Accesorii tinichigerie industrial - finisaj GDM + Wood + RAL 8003;;Coltar interior industrial;Wood (imitatie lemn);0.45;buc;desfasurata 312 mm, bucata 2.00 m;6.13;
06. INDUSTRIAL;Accesorii tinichigerie industrial - finisaj GDM + Wood + RAL 8003;;Coltar interior industrial;lucios RAL 8003 (alama);0.45;buc;desfasurata 312 mm, bucata 2.00 m;6.13;
06. INDUSTRIAL;Accesorii tinichigerie industrial - finisaj GDM + Wood + RAL 8003;;Coltar interior industrial;Grande Mat (GDM);0.50;buc;desfasurata 250 mm, bucata 2.00 m;4.97;
06. INDUSTRIAL;Accesorii tinichigerie industrial - finisaj GDM + Wood + RAL 8003;;Coltar interior industrial;Wood (imitatie lemn);0.50;buc;desfasurata 250 mm, bucata 2.00 m;4.97;
06. INDUSTRIAL;Accesorii tinichigerie industrial - finisaj GDM + Wood + RAL 8003;;Coltar interior industrial;Wood (imitatie lemn);0.45;buc;desfasurata 250 mm, bucata 2.00 m;4.91;
06. INDUSTRIAL;Accesorii tinichigerie industrial - finisaj GDM + Wood + RAL 8003;;Coltar interior industrial;lucios RAL 8003 (alama);0.45;buc;desfasurata 250 mm, bucata 2.00 m;4.91;
06. INDUSTRIAL;Accesorii tinichigerie industrial - finisaj GDM + Wood + RAL 8003;;Coltar exterior industrial;Grande Mat (GDM);0.50;buc;desfasurata 417 mm, bucata 2.00 m;8.28;
06. INDUSTRIAL;Accesorii tinichigerie industrial - finisaj GDM + Wood + RAL 8003;;Coltar exterior industrial;Wood (imitatie lemn);0.50;buc;desfasurata 417 mm, bucata 2.00 m;8.28;
06. INDUSTRIAL;Accesorii tinichigerie industrial - finisaj GDM + Wood + RAL 8003;;Coltar exterior industrial;Wood (imitatie lemn);0.45;buc;desfasurata 417 mm, bucata 2.00 m;8.18;
06. INDUSTRIAL;Accesorii tinichigerie industrial - finisaj GDM + Wood + RAL 8003;;Coltar exterior industrial;lucios RAL 8003 (alama);0.45;buc;desfasurata 417 mm, bucata 2.00 m;8.18;
06. INDUSTRIAL;Accesorii tinichigerie industrial - finisaj GDM + Wood + RAL 8003;;Coltar exterior industrial;Grande Mat (GDM);0.50;buc;desfasurata 312 mm, bucata 2.00 m;6.21;
06. INDUSTRIAL;Accesorii tinichigerie industrial - finisaj GDM + Wood + RAL 8003;;Coltar exterior industrial;Wood (imitatie lemn);0.50;buc;desfasurata 312 mm, bucata 2.00 m;6.21;
06. INDUSTRIAL;Accesorii tinichigerie industrial - finisaj GDM + Wood + RAL 8003;;Coltar exterior industrial;Wood (imitatie lemn);0.45;buc;desfasurata 312 mm, bucata 2.00 m;6.13;
06. INDUSTRIAL;Accesorii tinichigerie industrial - finisaj GDM + Wood + RAL 8003;;Coltar exterior industrial;lucios RAL 8003 (alama);0.45;buc;desfasurata 312 mm, bucata 2.00 m;6.13;
06. INDUSTRIAL;Accesorii tinichigerie industrial - finisaj GDM + Wood + RAL 8003;;Coltar exterior industrial;Grande Mat (GDM);0.50;buc;desfasurata 250 mm, bucata 2.00 m;4.97;
06. INDUSTRIAL;Accesorii tinichigerie industrial - finisaj GDM + Wood + RAL 8003;;Coltar exterior industrial;Wood (imitatie lemn);0.50;buc;desfasurata 250 mm, bucata 2.00 m;4.97;
06. INDUSTRIAL;Accesorii tinichigerie industrial - finisaj GDM + Wood + RAL 8003;;Coltar exterior industrial;Wood (imitatie lemn);0.45;buc;desfasurata 250 mm, bucata 2.00 m;4.91;
06. INDUSTRIAL;Accesorii tinichigerie industrial - finisaj GDM + Wood + RAL 8003;;Coltar exterior industrial;lucios RAL 8003 (alama);0.45;buc;desfasurata 250 mm, bucata 2.00 m;4.91;
06. INDUSTRIAL;Accesorii tinichigerie industrial - finisaj GDM + Wood + RAL 8003;;Profil ,,U'' tabla cutata - T8;Grande Mat (GDM);0.50;buc;desfasurata 45 mm, bucata 2.00 m;0.92;
06. INDUSTRIAL;Accesorii tinichigerie industrial - finisaj GDM + Wood + RAL 8003;;Profil ,,U'' tabla cutata - T8;Wood (imitatie lemn);0.50;buc;desfasurata 45 mm, bucata 2.00 m;0.92;
06. INDUSTRIAL;Accesorii tinichigerie industrial - finisaj GDM + Wood + RAL 8003;;Profil ,,U'' tabla cutata - T8;Wood (imitatie lemn);0.45;buc;desfasurata 45 mm, bucata 2.00 m;0.91;
06. INDUSTRIAL;Accesorii tinichigerie industrial - finisaj GDM + Wood + RAL 8003;;Profil ,,U'' tabla cutata - T8;lucios RAL 8003 (alama);0.45;buc;desfasurata 45 mm, bucata 2.00 m;0.91;
06. INDUSTRIAL;Accesorii tinichigerie industrial - finisaj GDM + Wood + RAL 8003;;Profil ,,U'' tabla cutata - T12;Grande Mat (GDM);0.50;buc;desfasurata 45 mm, bucata 2.00 m;0.92;
06. INDUSTRIAL;Accesorii tinichigerie industrial - finisaj GDM + Wood + RAL 8003;;Profil ,,U'' tabla cutata - T12;Wood (imitatie lemn);0.50;buc;desfasurata 45 mm, bucata 2.00 m;0.92;
06. INDUSTRIAL;Accesorii tinichigerie industrial - finisaj GDM + Wood + RAL 8003;;Profil ,,U'' tabla cutata - T12;Wood (imitatie lemn);0.45;buc;desfasurata 45 mm, bucata 2.00 m;0.91;
06. INDUSTRIAL;Accesorii tinichigerie industrial - finisaj GDM + Wood + RAL 8003;;Profil ,,U'' tabla cutata - T12;lucios RAL 8003 (alama);0.45;buc;desfasurata 45 mm, bucata 2.00 m;0.91;
06. INDUSTRIAL;Accesorii tinichigerie industrial - finisaj GDM + Wood + RAL 8003;;Profil ,,U'' tabla cutata - T18;Grande Mat (GDM);0.50;buc;desfasurata 60 mm, bucata 2.00 m;1.24;
06. INDUSTRIAL;Accesorii tinichigerie industrial - finisaj GDM + Wood + RAL 8003;;Profil ,,U'' tabla cutata - T18;Wood (imitatie lemn);0.50;buc;desfasurata 60 mm, bucata 2.00 m;1.24;
06. INDUSTRIAL;Accesorii tinichigerie industrial - finisaj GDM + Wood + RAL 8003;;Profil ,,U'' tabla cutata - T18;Wood (imitatie lemn);0.45;buc;desfasurata 60 mm, bucata 2.00 m;1.23;
06. INDUSTRIAL;Accesorii tinichigerie industrial - finisaj GDM + Wood + RAL 8003;;Profil ,,U'' tabla cutata - T18;lucios RAL 8003 (alama);0.45;buc;desfasurata 60 mm, bucata 2.00 m;1.23;
06. INDUSTRIAL;Accesorii tinichigerie industrial - finisaj GDM + Wood + RAL 8003;;Profil ,,U'' tabla cutata - T35;Grande Mat (GDM);0.50;buc;desfasurata 100 mm, bucata 2.00 m;2.07;
06. INDUSTRIAL;Accesorii tinichigerie industrial - finisaj GDM + Wood + RAL 8003;;Profil ,,U'' tabla cutata - T35;Wood (imitatie lemn);0.50;buc;desfasurata 100 mm, bucata 2.00 m;2.07;
06. INDUSTRIAL;Accesorii tinichigerie industrial - finisaj GDM + Wood + RAL 8003;;Profil ,,U'' tabla cutata - T35;Wood (imitatie lemn);0.45;buc;desfasurata 100 mm, bucata 2.00 m;2.04;
06. INDUSTRIAL;Accesorii tinichigerie industrial - finisaj GDM + Wood + RAL 8003;;Profil ,,U'' tabla cutata - T35;lucios RAL 8003 (alama);0.45;buc;desfasurata 100 mm, bucata 2.00 m;2.04;
06. INDUSTRIAL;Accesorii tinichigerie industrial - finisaj GDM + Wood + RAL 8003;;Profil ,,U'' tabla cutata - T45;Grande Mat (GDM);0.50;buc;desfasurata 110 mm, bucata 2.00 m;2.26;
06. INDUSTRIAL;Accesorii tinichigerie industrial - finisaj GDM + Wood + RAL 8003;;Profil ,,U'' tabla cutata - T45;Wood (imitatie lemn);0.50;buc;desfasurata 110 mm, bucata 2.00 m;2.26;
06. INDUSTRIAL;Accesorii tinichigerie industrial - finisaj GDM + Wood + RAL 8003;;Profil ,,U'' tabla cutata - T45;Wood (imitatie lemn);0.45;buc;desfasurata 110 mm, bucata 2.00 m;2.23;
06. INDUSTRIAL;Accesorii tinichigerie industrial - finisaj GDM + Wood + RAL 8003;;Profil ,,U'' tabla cutata - T45;lucios RAL 8003 (alama);0.45;buc;desfasurata 110 mm, bucata 2.00 m;2.23;
06. INDUSTRIAL;Accesorii tinichigerie industrial - finisaj GDM + Wood + RAL 8003;;Opritor zapada;Grande Mat (GDM);0.50;buc;desfasurata 208 mm, bucata 2.00 m;4.14;
06. INDUSTRIAL;Accesorii tinichigerie industrial - finisaj GDM + Wood + RAL 8003;;Opritor zapada;Wood (imitatie lemn);0.50;buc;desfasurata 208 mm, bucata 2.00 m;4.14;
06. INDUSTRIAL;Accesorii tinichigerie industrial - finisaj GDM + Wood + RAL 8003;;Opritor zapada;Wood (imitatie lemn);0.45;buc;desfasurata 208 mm, bucata 2.00 m;4.09;
06. INDUSTRIAL;Accesorii tinichigerie industrial - finisaj GDM + Wood + RAL 8003;;Opritor zapada;lucios RAL 8003 (alama);0.45;buc;desfasurata 208 mm, bucata 2.00 m;4.09;
06. INDUSTRIAL;Accesorii tinichigerie industrial - finisaj GDM + Wood + RAL 8003;;Opritor zapada;Grande Mat (GDM);0.50;buc;desfasurata 208 mm, bucata 1.25 m;2.59;
06. INDUSTRIAL;Accesorii tinichigerie industrial - finisaj GDM + Wood + RAL 8003;;Opritor zapada;Wood (imitatie lemn);0.50;buc;desfasurata 208 mm, bucata 1.25 m;2.59;
06. INDUSTRIAL;Accesorii tinichigerie industrial - finisaj GDM + Wood + RAL 8003;;Opritor zapada;Wood (imitatie lemn);0.45;buc;desfasurata 208 mm, bucata 1.25 m;2.56;
06. INDUSTRIAL;Accesorii tinichigerie industrial - finisaj GDM + Wood + RAL 8003;;Opritor zapada;lucios RAL 8003 (alama);0.45;buc;desfasurata 208 mm, bucata 1.25 m;2.56;
06. INDUSTRIAL;Accesorii tinichigerie industrial - finisaj GDM + Wood + RAL 8003;;Opritor zapada omega;Grande Mat (GDM);0.50;buc;;0.64;
06. INDUSTRIAL;Accesorii tinichigerie industrial - finisaj GDM + Wood + RAL 8003;;Opritor zapada omega;Wood (imitatie lemn);0.45-0.50;buc;;0.63;pret unic Wood 0.50/0.45
06. INDUSTRIAL;Accesorii tinichigerie industrial - finisaj GDM + Wood + RAL 8003;;Opritor zapada omega;lucios RAL 8003 (alama);0.45;buc;;0.63;
06. INDUSTRIAL;Accesorii tinichigerie industrial - finisaj GDM + Wood + RAL 8003;;Bordura Streasina;Grande Mat (GDM);0.50;buc;desfasurata 250 mm, bucata 2.00 m;4.97;
06. INDUSTRIAL;Accesorii tinichigerie industrial - finisaj GDM + Wood + RAL 8003;;Bordura Streasina;Wood (imitatie lemn);0.50;buc;desfasurata 250 mm, bucata 2.00 m;4.97;
06. INDUSTRIAL;Accesorii tinichigerie industrial - finisaj GDM + Wood + RAL 8003;;Bordura Streasina;Wood (imitatie lemn);0.45;buc;desfasurata 250 mm, bucata 2.00 m;4.91;
06. INDUSTRIAL;Accesorii tinichigerie industrial - finisaj GDM + Wood + RAL 8003;;Bordura Streasina;lucios RAL 8003 (alama);0.45;buc;desfasurata 250 mm, bucata 2.00 m;4.91;
06. INDUSTRIAL;Accesorii tinichigerie industrial - finisaj GDM + Wood + RAL 8003;;Bordura Streasina;Grande Mat (GDM);0.50;buc;desfasurata 208 mm, bucata 2.00 m;4.14;
06. INDUSTRIAL;Accesorii tinichigerie industrial - finisaj GDM + Wood + RAL 8003;;Bordura Streasina;Wood (imitatie lemn);0.50;buc;desfasurata 208 mm, bucata 2.00 m;4.14;
06. INDUSTRIAL;Accesorii tinichigerie industrial - finisaj GDM + Wood + RAL 8003;;Bordura Streasina;Wood (imitatie lemn);0.45;buc;desfasurata 208 mm, bucata 2.00 m;4.09;
06. INDUSTRIAL;Accesorii tinichigerie industrial - finisaj GDM + Wood + RAL 8003;;Bordura Streasina;lucios RAL 8003 (alama);0.45;buc;desfasurata 208 mm, bucata 2.00 m;4.09;
06. INDUSTRIAL;Accesorii tinichigerie industrial - finisaj GDM + Wood + RAL 8003;;Bordura streasina;Grande Mat (GDM);0.50;buc;desfasurata 178 mm, bucata 2.00 m;3.55;
06. INDUSTRIAL;Accesorii tinichigerie industrial - finisaj GDM + Wood + RAL 8003;;Bordura streasina;Wood (imitatie lemn);0.50;buc;desfasurata 178 mm, bucata 2.00 m;3.55;
06. INDUSTRIAL;Accesorii tinichigerie industrial - finisaj GDM + Wood + RAL 8003;;Bordura streasina;Wood (imitatie lemn);0.45;buc;desfasurata 178 mm, bucata 2.00 m;3.51;
06. INDUSTRIAL;Accesorii tinichigerie industrial - finisaj GDM + Wood + RAL 8003;;Bordura streasina;lucios RAL 8003 (alama);0.45;buc;desfasurata 178 mm, bucata 2.00 m;3.50;
06. INDUSTRIAL;Accesorii tinichigerie industrial - finisaj GDM + Wood + RAL 8003;;Bordura Streasina;Grande Mat (GDM);0.50;buc;desfasurata 156 mm, bucata 2.00 m;3.10;
06. INDUSTRIAL;Accesorii tinichigerie industrial - finisaj GDM + Wood + RAL 8003;;Bordura Streasina;Wood (imitatie lemn);0.50;buc;desfasurata 156 mm, bucata 2.00 m;3.10;
06. INDUSTRIAL;Accesorii tinichigerie industrial - finisaj GDM + Wood + RAL 8003;;Bordura Streasina;Wood (imitatie lemn);0.45;buc;desfasurata 156 mm, bucata 2.00 m;3.07;
06. INDUSTRIAL;Accesorii tinichigerie industrial - finisaj GDM + Wood + RAL 8003;;Bordura Streasina;lucios RAL 8003 (alama);0.45;buc;desfasurata 156 mm, bucata 2.00 m;3.07;
06. INDUSTRIAL;Accesorii tinichigerie industrial - finisaj GDM + Wood + RAL 8003;;Fixarea placilor pe zid;Grande Mat (GDM);0.50;buc;desfasurata 250 mm, bucata 2.00 m;4.97;
06. INDUSTRIAL;Accesorii tinichigerie industrial - finisaj GDM + Wood + RAL 8003;;Fixarea placilor pe zid;Wood (imitatie lemn);0.50;buc;desfasurata 250 mm, bucata 2.00 m;4.97;
06. INDUSTRIAL;Accesorii tinichigerie industrial - finisaj GDM + Wood + RAL 8003;;Fixarea placilor pe zid;Wood (imitatie lemn);0.45;buc;desfasurata 250 mm, bucata 2.00 m;4.91;
06. INDUSTRIAL;Accesorii tinichigerie industrial - finisaj GDM + Wood + RAL 8003;;Fixarea placilor pe zid;lucios RAL 8003 (alama);0.45;buc;desfasurata 250 mm, bucata 2.00 m;4.91;
06. INDUSTRIAL;Accesorii tinichigerie industrial - finisaj GDM + Wood + RAL 8003;;Fixarea placilor pe zid;Grande Mat (GDM);0.50;buc;desfasurata 208 mm, bucata 2.00 m;4.14;
06. INDUSTRIAL;Accesorii tinichigerie industrial - finisaj GDM + Wood + RAL 8003;;Fixarea placilor pe zid;Wood (imitatie lemn);0.50;buc;desfasurata 208 mm, bucata 2.00 m;4.14;
06. INDUSTRIAL;Accesorii tinichigerie industrial - finisaj GDM + Wood + RAL 8003;;Fixarea placilor pe zid;Wood (imitatie lemn);0.45;buc;desfasurata 208 mm, bucata 2.00 m;4.09;
06. INDUSTRIAL;Accesorii tinichigerie industrial - finisaj GDM + Wood + RAL 8003;;Fixarea placilor pe zid;lucios RAL 8003 (alama);0.45;buc;desfasurata 208 mm, bucata 2.00 m;4.09;
06. INDUSTRIAL;Accesorii tinichigerie industrial - finisaj GDM + Wood + RAL 8003;;Bordura Fronton;Grande Mat (GDM);0.50;buc;desfasurata 360 mm, bucata 2.00 m;8.28;
06. INDUSTRIAL;Accesorii tinichigerie industrial - finisaj GDM + Wood + RAL 8003;;Bordura Fronton;Wood (imitatie lemn);0.50;buc;desfasurata 360 mm, bucata 2.00 m;8.28;
06. INDUSTRIAL;Accesorii tinichigerie industrial - finisaj GDM + Wood + RAL 8003;;Bordura Fronton;Wood (imitatie lemn);0.45;buc;desfasurata 360 mm, bucata 2.00 m;8.18;
06. INDUSTRIAL;Accesorii tinichigerie industrial - finisaj GDM + Wood + RAL 8003;;Bordura Fronton;lucios RAL 8003 (alama);0.45;buc;desfasurata 360 mm, bucata 2.00 m;8.18;
06. INDUSTRIAL;Accesorii tinichigerie industrial - finisaj GDM + Wood + RAL 8003;;Bordura Fronton;Grande Mat (GDM);0.50;buc;desfasurata 312 mm, bucata 2.00 m;6.21;
06. INDUSTRIAL;Accesorii tinichigerie industrial - finisaj GDM + Wood + RAL 8003;;Bordura Fronton;Wood (imitatie lemn);0.50;buc;desfasurata 312 mm, bucata 2.00 m;6.21;
06. INDUSTRIAL;Accesorii tinichigerie industrial - finisaj GDM + Wood + RAL 8003;;Bordura Fronton;Wood (imitatie lemn);0.45;buc;desfasurata 312 mm, bucata 2.00 m;6.13;
06. INDUSTRIAL;Accesorii tinichigerie industrial - finisaj GDM + Wood + RAL 8003;;Bordura Fronton;lucios RAL 8003 (alama);0.45;buc;desfasurata 312 mm, bucata 2.00 m;6.13;
06. INDUSTRIAL;Accesorii tinichigerie industrial - finisaj GDM + Wood + RAL 8003;;Bordura Fronton;Grande Mat (GDM);0.50;buc;desfasurata 250 mm, bucata 2.00 m;4.97;
06. INDUSTRIAL;Accesorii tinichigerie industrial - finisaj GDM + Wood + RAL 8003;;Bordura Fronton;Wood (imitatie lemn);0.50;buc;desfasurata 250 mm, bucata 2.00 m;4.97;
06. INDUSTRIAL;Accesorii tinichigerie industrial - finisaj GDM + Wood + RAL 8003;;Bordura Fronton;Wood (imitatie lemn);0.45;buc;desfasurata 250 mm, bucata 2.00 m;4.91;
06. INDUSTRIAL;Accesorii tinichigerie industrial - finisaj GDM + Wood + RAL 8003;;Bordura Fronton;lucios RAL 8003 (alama);0.45;buc;desfasurata 250 mm, bucata 2.00 m;4.91;
06. INDUSTRIAL;Accesorii tinichigerie industrial - finisaj GDM + Wood + RAL 8003;;Paravant de baza;Grande Mat (GDM);0.50;buc;desfasurata 312 mm, bucata 2.00 m;6.21;
06. INDUSTRIAL;Accesorii tinichigerie industrial - finisaj GDM + Wood + RAL 8003;;Paravant de baza;Wood (imitatie lemn);0.50;buc;desfasurata 312 mm, bucata 2.00 m;6.21;
06. INDUSTRIAL;Accesorii tinichigerie industrial - finisaj GDM + Wood + RAL 8003;;Paravant de baza;Wood (imitatie lemn);0.45;buc;desfasurata 312 mm, bucata 2.00 m;6.13;
06. INDUSTRIAL;Accesorii tinichigerie industrial - finisaj GDM + Wood + RAL 8003;;Paravant de baza;lucios RAL 8003 (alama);0.45;buc;desfasurata 312 mm, bucata 2.00 m;6.13;
06. INDUSTRIAL;Accesorii tinichigerie industrial - finisaj GDM + Wood + RAL 8003;;Colector Fronton;Grande Mat (GDM);0.50;buc;desfasurata 250 mm, bucata 2.00 m;4.97;
06. INDUSTRIAL;Accesorii tinichigerie industrial - finisaj GDM + Wood + RAL 8003;;Colector Fronton;Wood (imitatie lemn);0.50;buc;desfasurata 250 mm, bucata 2.00 m;4.97;
06. INDUSTRIAL;Accesorii tinichigerie industrial - finisaj GDM + Wood + RAL 8003;;Colector Fronton;Wood (imitatie lemn);0.45;buc;desfasurata 250 mm, bucata 2.00 m;4.91;
06. INDUSTRIAL;Accesorii tinichigerie industrial - finisaj GDM + Wood + RAL 8003;;Colector Fronton;lucios RAL 8003 (alama);0.45;buc;desfasurata 250 mm, bucata 2.00 m;4.91;
06. INDUSTRIAL;Accesorii tinichigerie industrial - finisaj GDM + Wood + RAL 8003;;Colector Fronton;Grande Mat (GDM);0.50;buc;desfasurata 156 mm, bucata 2.00 m;3.10;
06. INDUSTRIAL;Accesorii tinichigerie industrial - finisaj GDM + Wood + RAL 8003;;Colector Fronton;Wood (imitatie lemn);0.50;buc;desfasurata 156 mm, bucata 2.00 m;3.10;
06. INDUSTRIAL;Accesorii tinichigerie industrial - finisaj GDM + Wood + RAL 8003;;Colector Fronton;Wood (imitatie lemn);0.45;buc;desfasurata 156 mm, bucata 2.00 m;3.07;
06. INDUSTRIAL;Accesorii tinichigerie industrial - finisaj GDM + Wood + RAL 8003;;Colector Fronton;lucios RAL 8003 (alama);0.45;buc;desfasurata 156 mm, bucata 2.00 m;3.07;
06. INDUSTRIAL;Accesorii tinichigerie industrial - finisaj GDM + Wood + RAL 8003;;Ruperea pantei convexa;Grande Mat (GDM);0.50;buc;desfasurata 250 mm, bucata 2.00 m;4.97;
06. INDUSTRIAL;Accesorii tinichigerie industrial - finisaj GDM + Wood + RAL 8003;;Ruperea pantei convexa;Wood (imitatie lemn);0.50;buc;desfasurata 250 mm, bucata 2.00 m;4.97;
06. INDUSTRIAL;Accesorii tinichigerie industrial - finisaj GDM + Wood + RAL 8003;;Ruperea pantei convexa;Wood (imitatie lemn);0.45;buc;desfasurata 250 mm, bucata 2.00 m;4.91;
06. INDUSTRIAL;Accesorii tinichigerie industrial - finisaj GDM + Wood + RAL 8003;;Ruperea pantei convexa;lucios RAL 8003 (alama);0.45;buc;desfasurata 250 mm, bucata 2.00 m;4.91;
06. INDUSTRIAL;Accesorii tinichigerie industrial - finisaj GDM + Wood + RAL 8003;;Ruperea pantei convexa;Grande Mat (GDM);0.50;buc;desfasurata 208 mm, bucata 2.00 m;4.14;
06. INDUSTRIAL;Accesorii tinichigerie industrial - finisaj GDM + Wood + RAL 8003;;Ruperea pantei convexa;Wood (imitatie lemn);0.50;buc;desfasurata 208 mm, bucata 2.00 m;4.14;
06. INDUSTRIAL;Accesorii tinichigerie industrial - finisaj GDM + Wood + RAL 8003;;Ruperea pantei convexa;Wood (imitatie lemn);0.45;buc;desfasurata 208 mm, bucata 2.00 m;4.09;
06. INDUSTRIAL;Accesorii tinichigerie industrial - finisaj GDM + Wood + RAL 8003;;Ruperea pantei convexa;lucios RAL 8003 (alama);0.45;buc;desfasurata 208 mm, bucata 2.00 m;4.09;
06. INDUSTRIAL;Accesorii tinichigerie industrial - finisaj GDM + Wood + RAL 8003;;Ruperea pantei concava;Grande Mat (GDM);0.50;buc;desfasurata 250 mm, bucata 2.00 m;4.97;
06. INDUSTRIAL;Accesorii tinichigerie industrial - finisaj GDM + Wood + RAL 8003;;Ruperea pantei concava;Wood (imitatie lemn);0.50;buc;desfasurata 250 mm, bucata 2.00 m;4.97;
06. INDUSTRIAL;Accesorii tinichigerie industrial - finisaj GDM + Wood + RAL 8003;;Ruperea pantei concava;Wood (imitatie lemn);0.45;buc;desfasurata 250 mm, bucata 2.00 m;4.91;
06. INDUSTRIAL;Accesorii tinichigerie industrial - finisaj GDM + Wood + RAL 8003;;Ruperea pantei concava;lucios RAL 8003 (alama);0.45;buc;desfasurata 250 mm, bucata 2.00 m;4.91;
06. INDUSTRIAL;Accesorii tinichigerie industrial - finisaj GDM + Wood + RAL 8003;;Ruperea pantei concava;Grande Mat (GDM);0.50;buc;desfasurata 208 mm, bucata 2.00 m;4.14;
06. INDUSTRIAL;Accesorii tinichigerie industrial - finisaj GDM + Wood + RAL 8003;;Ruperea pantei concava;Wood (imitatie lemn);0.50;buc;desfasurata 208 mm, bucata 2.00 m;4.14;
06. INDUSTRIAL;Accesorii tinichigerie industrial - finisaj GDM + Wood + RAL 8003;;Ruperea pantei concava;Wood (imitatie lemn);0.45;buc;desfasurata 208 mm, bucata 2.00 m;4.09;
06. INDUSTRIAL;Accesorii tinichigerie industrial - finisaj GDM + Wood + RAL 8003;;Ruperea pantei concava;lucios RAL 8003 (alama);0.45;buc;desfasurata 208 mm, bucata 2.00 m;4.09;
06. INDUSTRIAL;Accesorii tinichigerie industrial - finisaj GDM + Wood + RAL 8003;;Dolie;Grande Mat (GDM);0.50;buc;desfasurata 625 mm, bucata 2.00 m;12.42;
06. INDUSTRIAL;Accesorii tinichigerie industrial - finisaj GDM + Wood + RAL 8003;;Dolie;Wood (imitatie lemn);0.50;buc;desfasurata 625 mm, bucata 2.00 m;12.42;
06. INDUSTRIAL;Accesorii tinichigerie industrial - finisaj GDM + Wood + RAL 8003;;Dolie;Wood (imitatie lemn);0.45;buc;desfasurata 625 mm, bucata 2.00 m;12.27;
06. INDUSTRIAL;Accesorii tinichigerie industrial - finisaj GDM + Wood + RAL 8003;;Dolie;lucios RAL 8003 (alama);0.45;buc;desfasurata 625 mm, bucata 2.00 m;12.27;
06. INDUSTRIAL;Accesorii tinichigerie industrial - finisaj GDM + Wood + RAL 8003;;Dolie;Grande Mat (GDM);0.50;buc;desfasurata 417 mm, bucata 2.00 m;8.28;
06. INDUSTRIAL;Accesorii tinichigerie industrial - finisaj GDM + Wood + RAL 8003;;Dolie;Wood (imitatie lemn);0.50;buc;desfasurata 417 mm, bucata 2.00 m;8.28;
06. INDUSTRIAL;Accesorii tinichigerie industrial - finisaj GDM + Wood + RAL 8003;;Dolie;Wood (imitatie lemn);0.45;buc;desfasurata 417 mm, bucata 2.00 m;8.18;
06. INDUSTRIAL;Accesorii tinichigerie industrial - finisaj GDM + Wood + RAL 8003;;Dolie;lucios RAL 8003 (alama);0.45;buc;desfasurata 417 mm, bucata 2.00 m;8.18;
06. INDUSTRIAL;Accesorii tinichigerie industrial - finisaj GDM + Wood + RAL 8003;;Dolie;Grande Mat (GDM);0.50;buc;desfasurata 312 mm, bucata 2.00 m;6.21;
06. INDUSTRIAL;Accesorii tinichigerie industrial - finisaj GDM + Wood + RAL 8003;;Dolie;Wood (imitatie lemn);0.50;buc;desfasurata 312 mm, bucata 2.00 m;6.21;
06. INDUSTRIAL;Accesorii tinichigerie industrial - finisaj GDM + Wood + RAL 8003;;Dolie;Wood (imitatie lemn);0.45;buc;desfasurata 312 mm, bucata 2.00 m;6.13;
06. INDUSTRIAL;Accesorii tinichigerie industrial - finisaj GDM + Wood + RAL 8003;;Dolie;lucios RAL 8003 (alama);0.45;buc;desfasurata 312 mm, bucata 2.00 m;6.13;
06. INDUSTRIAL;Accesorii tinichigerie industrial - finisaj GDM + Wood + RAL 8003;;Bordura la perete;Grande Mat (GDM);0.50;buc;desfasurata 250 mm, bucata 2.00 m;4.97;
06. INDUSTRIAL;Accesorii tinichigerie industrial - finisaj GDM + Wood + RAL 8003;;Bordura la perete;Wood (imitatie lemn);0.50;buc;desfasurata 250 mm, bucata 2.00 m;4.97;
06. INDUSTRIAL;Accesorii tinichigerie industrial - finisaj GDM + Wood + RAL 8003;;Bordura la perete;Wood (imitatie lemn);0.45;buc;desfasurata 250 mm, bucata 2.00 m;4.91;
06. INDUSTRIAL;Accesorii tinichigerie industrial - finisaj GDM + Wood + RAL 8003;;Bordura la perete;lucios RAL 8003 (alama);0.45;buc;desfasurata 250 mm, bucata 2.00 m;4.91;
06. INDUSTRIAL;Accesorii tinichigerie industrial - finisaj GDM + Wood + RAL 8003;;Bordura la perete;Grande Mat (GDM);0.50;buc;desfasurata 208 mm, bucata 2.00 m;4.14;
06. INDUSTRIAL;Accesorii tinichigerie industrial - finisaj GDM + Wood + RAL 8003;;Bordura la perete;Wood (imitatie lemn);0.50;buc;desfasurata 208 mm, bucata 2.00 m;4.14;
06. INDUSTRIAL;Accesorii tinichigerie industrial - finisaj GDM + Wood + RAL 8003;;Bordura la perete;Wood (imitatie lemn);0.45;buc;desfasurata 208 mm, bucata 2.00 m;4.09;
06. INDUSTRIAL;Accesorii tinichigerie industrial - finisaj GDM + Wood + RAL 8003;;Bordura la perete;lucios RAL 8003 (alama);0.45;buc;desfasurata 208 mm, bucata 2.00 m;4.09;
06. INDUSTRIAL;Accesorii tinichigerie industrial - finisaj GDM + Wood + RAL 8003;;Bordura la perete;Grande Mat (GDM);0.50;buc;desfasurata 178 mm, bucata 2.00 m;3.55;
06. INDUSTRIAL;Accesorii tinichigerie industrial - finisaj GDM + Wood + RAL 8003;;Bordura la perete;Wood (imitatie lemn);0.50;buc;desfasurata 178 mm, bucata 2.00 m;3.55;
06. INDUSTRIAL;Accesorii tinichigerie industrial - finisaj GDM + Wood + RAL 8003;;Bordura la perete;Wood (imitatie lemn);0.45;buc;desfasurata 178 mm, bucata 2.00 m;3.51;
06. INDUSTRIAL;Accesorii tinichigerie industrial - finisaj GDM + Wood + RAL 8003;;Bordura la perete;lucios RAL 8003 (alama);0.45;buc;desfasurata 178 mm, bucata 2.00 m;3.50;
06. INDUSTRIAL;Accesorii tinichigerie industrial - finisaj GDM + Wood + RAL 8003;;Semicoama;Grande Mat (GDM);0.50;buc;desfasurata 312 mm, bucata 2.00 m;6.21;
06. INDUSTRIAL;Accesorii tinichigerie industrial - finisaj GDM + Wood + RAL 8003;;Semicoama;Wood (imitatie lemn);0.50;buc;desfasurata 312 mm, bucata 2.00 m;6.21;
06. INDUSTRIAL;Accesorii tinichigerie industrial - finisaj GDM + Wood + RAL 8003;;Semicoama;Wood (imitatie lemn);0.45;buc;desfasurata 312 mm, bucata 2.00 m;6.13;
06. INDUSTRIAL;Accesorii tinichigerie industrial - finisaj GDM + Wood + RAL 8003;;Semicoama;lucios RAL 8003 (alama);0.45;buc;desfasurata 312 mm, bucata 2.00 m;6.13;
06. INDUSTRIAL;Accesorii tinichigerie industrial - finisaj GDM + Wood + RAL 8003;;Set cos fum (4 piese);Grande Mat (GDM);0.50;buc;desfasurata 312 mm, bucata 2.00 m;24.84;set 4 piese
06. INDUSTRIAL;Accesorii tinichigerie industrial - finisaj GDM + Wood + RAL 8003;;Set cos fum (4 piese);Wood (imitatie lemn);0.50;buc;desfasurata 312 mm, bucata 2.00 m;24.84;set 4 piese
06. INDUSTRIAL;Accesorii tinichigerie industrial - finisaj GDM + Wood + RAL 8003;;Set cos fum (4 piese);Wood (imitatie lemn);0.45;buc;desfasurata 312 mm, bucata 2.00 m;24.54;set 4 piese
06. INDUSTRIAL;Accesorii tinichigerie industrial - finisaj GDM + Wood + RAL 8003;;Set cos fum (4 piese);lucios RAL 8003 (alama);0.45;buc;desfasurata 312 mm, bucata 2.00 m;24.53;set 4 piese
06. INDUSTRIAL;Accesorii tinichigerie industrial - finisaj dublu vopsit;;Coama unghiulara industriala;dublu vopsit lucios;0.40;buc;desfasurata 417 mm, bucata 2.00 m;5.34;
06. INDUSTRIAL;Accesorii tinichigerie industrial - finisaj dublu vopsit;;Coama unghiulara industriala;dublu vopsit mat;0.40;buc;desfasurata 417 mm, bucata 2.00 m;5.83;
06. INDUSTRIAL;Accesorii tinichigerie industrial - finisaj dublu vopsit;;Coama unghiulara industriala;dublu vopsit lucios;0.50;buc;desfasurata 417 mm, bucata 2.00 m;6.68;
06. INDUSTRIAL;Accesorii tinichigerie industrial - finisaj dublu vopsit;;Coama unghiulara industriala;dublu vopsit mat;0.50;buc;desfasurata 417 mm, bucata 2.00 m;6.95;
06. INDUSTRIAL;Accesorii tinichigerie industrial - finisaj dublu vopsit;;Coama unghiulara industriala;dublu vopsit lucios SSAB;0.60;buc;desfasurata 417 mm, bucata 2.00 m;9.95;
06. INDUSTRIAL;Accesorii tinichigerie industrial - finisaj dublu vopsit;;Coama unghiulara industriala;dublu vopsit mat SSAB;0.60;buc;desfasurata 417 mm, bucata 2.00 m;14.20;
06. INDUSTRIAL;Accesorii tinichigerie industrial - finisaj dublu vopsit;;Coama unghiulara industriala;dublu vopsit lucios;0.40;buc;desfasurata 312 mm, bucata 2.00 m;4.00;
06. INDUSTRIAL;Accesorii tinichigerie industrial - finisaj dublu vopsit;;Coama unghiulara industriala;dublu vopsit mat;0.40;buc;desfasurata 312 mm, bucata 2.00 m;4.37;
06. INDUSTRIAL;Accesorii tinichigerie industrial - finisaj dublu vopsit;;Coama unghiulara industriala;dublu vopsit lucios;0.50;buc;desfasurata 312 mm, bucata 2.00 m;5.01;
06. INDUSTRIAL;Accesorii tinichigerie industrial - finisaj dublu vopsit;;Coama unghiulara industriala;dublu vopsit mat;0.50;buc;desfasurata 312 mm, bucata 2.00 m;5.21;
06. INDUSTRIAL;Accesorii tinichigerie industrial - finisaj dublu vopsit;;Coama unghiulara industriala;dublu vopsit lucios SSAB;0.60;buc;desfasurata 312 mm, bucata 2.00 m;7.46;
06. INDUSTRIAL;Accesorii tinichigerie industrial - finisaj dublu vopsit;;Coama unghiulara industriala;dublu vopsit mat SSAB;0.60;buc;desfasurata 312 mm, bucata 2.00 m;10.65;
06. INDUSTRIAL;Accesorii tinichigerie industrial - finisaj dublu vopsit;;Subcoama industriala;dublu vopsit lucios;0.40;buc;desfasurata 417 mm, bucata 2.00 m;5.34;
06. INDUSTRIAL;Accesorii tinichigerie industrial - finisaj dublu vopsit;;Subcoama industriala;dublu vopsit mat;0.40;buc;desfasurata 417 mm, bucata 2.00 m;5.83;
06. INDUSTRIAL;Accesorii tinichigerie industrial - finisaj dublu vopsit;;Subcoama industriala;dublu vopsit lucios;0.50;buc;desfasurata 417 mm, bucata 2.00 m;6.68;
06. INDUSTRIAL;Accesorii tinichigerie industrial - finisaj dublu vopsit;;Subcoama industriala;dublu vopsit mat;0.50;buc;desfasurata 417 mm, bucata 2.00 m;6.95;
06. INDUSTRIAL;Accesorii tinichigerie industrial - finisaj dublu vopsit;;Subcoama industriala;dublu vopsit lucios SSAB;0.60;buc;desfasurata 417 mm, bucata 2.00 m;9.95;
06. INDUSTRIAL;Accesorii tinichigerie industrial - finisaj dublu vopsit;;Subcoama industriala;dublu vopsit mat SSAB;0.60;buc;desfasurata 417 mm, bucata 2.00 m;14.20;
06. INDUSTRIAL;Accesorii tinichigerie industrial - finisaj dublu vopsit;;Subcoama industriala;dublu vopsit lucios;0.40;buc;desfasurata 312 mm, bucata 2.00 m;4.00;
06. INDUSTRIAL;Accesorii tinichigerie industrial - finisaj dublu vopsit;;Subcoama industriala;dublu vopsit mat;0.40;buc;desfasurata 312 mm, bucata 2.00 m;4.37;
06. INDUSTRIAL;Accesorii tinichigerie industrial - finisaj dublu vopsit;;Subcoama industriala;dublu vopsit lucios;0.50;buc;desfasurata 312 mm, bucata 2.00 m;5.01;
06. INDUSTRIAL;Accesorii tinichigerie industrial - finisaj dublu vopsit;;Subcoama industriala;dublu vopsit mat;0.50;buc;desfasurata 312 mm, bucata 2.00 m;5.21;
06. INDUSTRIAL;Accesorii tinichigerie industrial - finisaj dublu vopsit;;Subcoama industriala;dublu vopsit lucios SSAB;0.60;buc;desfasurata 312 mm, bucata 2.00 m;7.46;
06. INDUSTRIAL;Accesorii tinichigerie industrial - finisaj dublu vopsit;;Subcoama industriala;dublu vopsit mat SSAB;0.60;buc;desfasurata 312 mm, bucata 2.00 m;10.65;
06. INDUSTRIAL;Accesorii tinichigerie industrial - finisaj dublu vopsit;;Coltar exterior industrial;dublu vopsit lucios;0.40;buc;desfasurata 417 mm, bucata 2.00 m;5.34;
06. INDUSTRIAL;Accesorii tinichigerie industrial - finisaj dublu vopsit;;Coltar exterior industrial;dublu vopsit mat;0.40;buc;desfasurata 417 mm, bucata 2.00 m;5.83;
06. INDUSTRIAL;Accesorii tinichigerie industrial - finisaj dublu vopsit;;Coltar exterior industrial;dublu vopsit lucios;0.50;buc;desfasurata 417 mm, bucata 2.00 m;6.68;
06. INDUSTRIAL;Accesorii tinichigerie industrial - finisaj dublu vopsit;;Coltar exterior industrial;dublu vopsit mat;0.50;buc;desfasurata 417 mm, bucata 2.00 m;6.95;
06. INDUSTRIAL;Accesorii tinichigerie industrial - finisaj dublu vopsit;;Coltar exterior industrial;dublu vopsit lucios SSAB;0.60;buc;desfasurata 417 mm, bucata 2.00 m;9.95;
06. INDUSTRIAL;Accesorii tinichigerie industrial - finisaj dublu vopsit;;Coltar exterior industrial;dublu vopsit mat SSAB;0.60;buc;desfasurata 417 mm, bucata 2.00 m;14.20;
06. INDUSTRIAL;Accesorii tinichigerie industrial - finisaj dublu vopsit;;Coltar exterior industrial;dublu vopsit lucios;0.40;buc;desfasurata 312 mm, bucata 2.00 m;4.00;
06. INDUSTRIAL;Accesorii tinichigerie industrial - finisaj dublu vopsit;;Coltar exterior industrial;dublu vopsit mat;0.40;buc;desfasurata 312 mm, bucata 2.00 m;4.37;
06. INDUSTRIAL;Accesorii tinichigerie industrial - finisaj dublu vopsit;;Coltar exterior industrial;dublu vopsit lucios;0.50;buc;desfasurata 312 mm, bucata 2.00 m;5.01;
06. INDUSTRIAL;Accesorii tinichigerie industrial - finisaj dublu vopsit;;Coltar exterior industrial;dublu vopsit mat;0.50;buc;desfasurata 312 mm, bucata 2.00 m;5.21;
06. INDUSTRIAL;Accesorii tinichigerie industrial - finisaj dublu vopsit;;Coltar exterior industrial;dublu vopsit lucios SSAB;0.60;buc;desfasurata 312 mm, bucata 2.00 m;7.46;
06. INDUSTRIAL;Accesorii tinichigerie industrial - finisaj dublu vopsit;;Coltar exterior industrial;dublu vopsit mat SSAB;0.60;buc;desfasurata 312 mm, bucata 2.00 m;10.65;
06. INDUSTRIAL;Accesorii tinichigerie industrial - finisaj dublu vopsit;;Coltar exterior industrial;dublu vopsit lucios;0.40;buc;desfasurata 250 mm, bucata 2.00 m;3.20;
06. INDUSTRIAL;Accesorii tinichigerie industrial - finisaj dublu vopsit;;Coltar exterior industrial;dublu vopsit mat;0.40;buc;desfasurata 250 mm, bucata 2.00 m;3.50;
06. INDUSTRIAL;Accesorii tinichigerie industrial - finisaj dublu vopsit;;Coltar exterior industrial;dublu vopsit lucios;0.50;buc;desfasurata 250 mm, bucata 2.00 m;4.01;
06. INDUSTRIAL;Accesorii tinichigerie industrial - finisaj dublu vopsit;;Coltar exterior industrial;dublu vopsit mat;0.50;buc;desfasurata 250 mm, bucata 2.00 m;4.17;
06. INDUSTRIAL;Accesorii tinichigerie industrial - finisaj dublu vopsit;;Coltar exterior industrial;dublu vopsit lucios SSAB;0.60;buc;desfasurata 250 mm, bucata 2.00 m;5.97;
06. INDUSTRIAL;Accesorii tinichigerie industrial - finisaj dublu vopsit;;Coltar exterior industrial;dublu vopsit mat SSAB;0.60;buc;desfasurata 250 mm, bucata 2.00 m;8.52;
06. INDUSTRIAL;Accesorii tinichigerie industrial - finisaj dublu vopsit;;Coltar interior industrial;dublu vopsit lucios;0.40;buc;desfasurata 417 mm, bucata 2.00 m;5.34;
06. INDUSTRIAL;Accesorii tinichigerie industrial - finisaj dublu vopsit;;Coltar interior industrial;dublu vopsit mat;0.40;buc;desfasurata 417 mm, bucata 2.00 m;5.83;
06. INDUSTRIAL;Accesorii tinichigerie industrial - finisaj dublu vopsit;;Coltar interior industrial;dublu vopsit lucios;0.50;buc;desfasurata 417 mm, bucata 2.00 m;6.68;
06. INDUSTRIAL;Accesorii tinichigerie industrial - finisaj dublu vopsit;;Coltar interior industrial;dublu vopsit mat;0.50;buc;desfasurata 417 mm, bucata 2.00 m;6.95;
06. INDUSTRIAL;Accesorii tinichigerie industrial - finisaj dublu vopsit;;Coltar interior industrial;dublu vopsit lucios SSAB;0.60;buc;desfasurata 417 mm, bucata 2.00 m;9.95;
06. INDUSTRIAL;Accesorii tinichigerie industrial - finisaj dublu vopsit;;Coltar interior industrial;dublu vopsit mat SSAB;0.60;buc;desfasurata 417 mm, bucata 2.00 m;14.20;
06. INDUSTRIAL;Accesorii tinichigerie industrial - finisaj dublu vopsit;;Coltar interior industrial;dublu vopsit lucios;0.40;buc;desfasurata 312 mm, bucata 2.00 m;4.00;
06. INDUSTRIAL;Accesorii tinichigerie industrial - finisaj dublu vopsit;;Coltar interior industrial;dublu vopsit mat;0.40;buc;desfasurata 312 mm, bucata 2.00 m;4.37;
06. INDUSTRIAL;Accesorii tinichigerie industrial - finisaj dublu vopsit;;Coltar interior industrial;dublu vopsit lucios;0.50;buc;desfasurata 312 mm, bucata 2.00 m;5.01;
06. INDUSTRIAL;Accesorii tinichigerie industrial - finisaj dublu vopsit;;Coltar interior industrial;dublu vopsit mat;0.50;buc;desfasurata 312 mm, bucata 2.00 m;5.21;
06. INDUSTRIAL;Accesorii tinichigerie industrial - finisaj dublu vopsit;;Coltar interior industrial;dublu vopsit lucios SSAB;0.60;buc;desfasurata 312 mm, bucata 2.00 m;7.46;
06. INDUSTRIAL;Accesorii tinichigerie industrial - finisaj dublu vopsit;;Coltar interior industrial;dublu vopsit mat SSAB;0.60;buc;desfasurata 312 mm, bucata 2.00 m;10.65;
06. INDUSTRIAL;Accesorii tinichigerie industrial - finisaj dublu vopsit;;Coltar interior industrial;dublu vopsit lucios;0.40;buc;desfasurata 250 mm, bucata 2.00 m;3.20;
06. INDUSTRIAL;Accesorii tinichigerie industrial - finisaj dublu vopsit;;Coltar interior industrial;dublu vopsit mat;0.40;buc;desfasurata 250 mm, bucata 2.00 m;3.50;
06. INDUSTRIAL;Accesorii tinichigerie industrial - finisaj dublu vopsit;;Coltar interior industrial;dublu vopsit lucios;0.50;buc;desfasurata 250 mm, bucata 2.00 m;4.01;
06. INDUSTRIAL;Accesorii tinichigerie industrial - finisaj dublu vopsit;;Coltar interior industrial;dublu vopsit mat;0.50;buc;desfasurata 250 mm, bucata 2.00 m;4.17;
06. INDUSTRIAL;Accesorii tinichigerie industrial - finisaj dublu vopsit;;Coltar interior industrial;dublu vopsit lucios SSAB;0.60;buc;desfasurata 250 mm, bucata 2.00 m;5.97;
06. INDUSTRIAL;Accesorii tinichigerie industrial - finisaj dublu vopsit;;Coltar interior industrial;dublu vopsit mat SSAB;0.60;buc;desfasurata 250 mm, bucata 2.00 m;8.52;
06. INDUSTRIAL;Accesorii tinichigerie industrial - finisaj dublu vopsit;;Profil ,,U'' tabla cutata - T8;dublu vopsit lucios;0.40;buc;desfasurata 45 mm, bucata 2.00 m;0.59;
06. INDUSTRIAL;Accesorii tinichigerie industrial - finisaj dublu vopsit;;Profil ,,U'' tabla cutata - T8;dublu vopsit mat;0.40;buc;desfasurata 45 mm, bucata 2.00 m;0.65;
06. INDUSTRIAL;Accesorii tinichigerie industrial - finisaj dublu vopsit;;Profil ,,U'' tabla cutata - T8;dublu vopsit lucios;0.50;buc;desfasurata 45 mm, bucata 2.00 m;0.74;
06. INDUSTRIAL;Accesorii tinichigerie industrial - finisaj dublu vopsit;;Profil ,,U'' tabla cutata - T8;dublu vopsit mat;0.50;buc;desfasurata 45 mm, bucata 2.00 m;0.77;
06. INDUSTRIAL;Accesorii tinichigerie industrial - finisaj dublu vopsit;;Profil ,,U'' tabla cutata - T8;dublu vopsit lucios SSAB;0.60;buc;desfasurata 45 mm, bucata 2.00 m;1.11;
06. INDUSTRIAL;Accesorii tinichigerie industrial - finisaj dublu vopsit;;Profil ,,U'' tabla cutata - T8;dublu vopsit mat SSAB;0.60;buc;desfasurata 45 mm, bucata 2.00 m;1.58;
06. INDUSTRIAL;Accesorii tinichigerie industrial - finisaj dublu vopsit;;Profil ,,U'' tabla cutata - T12;dublu vopsit lucios;0.40;buc;desfasurata 45 mm, bucata 2.00 m;0.59;
06. INDUSTRIAL;Accesorii tinichigerie industrial - finisaj dublu vopsit;;Profil ,,U'' tabla cutata - T12;dublu vopsit mat;0.40;buc;desfasurata 45 mm, bucata 2.00 m;0.65;
06. INDUSTRIAL;Accesorii tinichigerie industrial - finisaj dublu vopsit;;Profil ,,U'' tabla cutata - T12;dublu vopsit lucios;0.50;buc;desfasurata 45 mm, bucata 2.00 m;0.74;
06. INDUSTRIAL;Accesorii tinichigerie industrial - finisaj dublu vopsit;;Profil ,,U'' tabla cutata - T12;dublu vopsit mat;0.50;buc;desfasurata 45 mm, bucata 2.00 m;0.77;
06. INDUSTRIAL;Accesorii tinichigerie industrial - finisaj dublu vopsit;;Profil ,,U'' tabla cutata - T12;dublu vopsit lucios SSAB;0.60;buc;desfasurata 45 mm, bucata 2.00 m;1.11;
06. INDUSTRIAL;Accesorii tinichigerie industrial - finisaj dublu vopsit;;Profil ,,U'' tabla cutata - T12;dublu vopsit mat SSAB;0.60;buc;desfasurata 45 mm, bucata 2.00 m;1.58;
06. INDUSTRIAL;Accesorii tinichigerie industrial - finisaj dublu vopsit;;Profil ,,U'' tabla cutata - T18;dublu vopsit lucios;0.40;buc;desfasurata 60 mm, bucata 2.00 m;0.80;
06. INDUSTRIAL;Accesorii tinichigerie industrial - finisaj dublu vopsit;;Profil ,,U'' tabla cutata - T18;dublu vopsit mat;0.40;buc;desfasurata 60 mm, bucata 2.00 m;0.87;
06. INDUSTRIAL;Accesorii tinichigerie industrial - finisaj dublu vopsit;;Profil ,,U'' tabla cutata - T18;dublu vopsit lucios;0.50;buc;desfasurata 60 mm, bucata 2.00 m;1.00;
06. INDUSTRIAL;Accesorii tinichigerie industrial - finisaj dublu vopsit;;Profil ,,U'' tabla cutata - T18;dublu vopsit mat;0.50;buc;desfasurata 60 mm, bucata 2.00 m;1.04;
06. INDUSTRIAL;Accesorii tinichigerie industrial - finisaj dublu vopsit;;Profil ,,U'' tabla cutata - T18;dublu vopsit lucios SSAB;0.60;buc;desfasurata 60 mm, bucata 2.00 m;1.49;
06. INDUSTRIAL;Accesorii tinichigerie industrial - finisaj dublu vopsit;;Profil ,,U'' tabla cutata - T18;dublu vopsit mat SSAB;0.60;buc;desfasurata 60 mm, bucata 2.00 m;2.13;
06. INDUSTRIAL;Accesorii tinichigerie industrial - finisaj dublu vopsit;;Profil ,,U'' tabla cutata - T35;dublu vopsit lucios;0.40;buc;desfasurata 100 mm, bucata 2.00 m;1.33;
06. INDUSTRIAL;Accesorii tinichigerie industrial - finisaj dublu vopsit;;Profil ,,U'' tabla cutata - T35;dublu vopsit mat;0.40;buc;desfasurata 100 mm, bucata 2.00 m;1.46;
06. INDUSTRIAL;Accesorii tinichigerie industrial - finisaj dublu vopsit;;Profil ,,U'' tabla cutata - T35;dublu vopsit lucios;0.50;buc;desfasurata 100 mm, bucata 2.00 m;1.67;
06. INDUSTRIAL;Accesorii tinichigerie industrial - finisaj dublu vopsit;;Profil ,,U'' tabla cutata - T35;dublu vopsit mat;0.50;buc;desfasurata 100 mm, bucata 2.00 m;1.74;
06. INDUSTRIAL;Accesorii tinichigerie industrial - finisaj dublu vopsit;;Profil ,,U'' tabla cutata - T35;dublu vopsit lucios SSAB;0.60;buc;desfasurata 100 mm, bucata 2.00 m;2.49;
06. INDUSTRIAL;Accesorii tinichigerie industrial - finisaj dublu vopsit;;Profil ,,U'' tabla cutata - T35;dublu vopsit mat SSAB;0.60;buc;desfasurata 100 mm, bucata 2.00 m;3.55;
06. INDUSTRIAL;Accesorii tinichigerie industrial - finisaj dublu vopsit;;Profil ,,U'' tabla cutata - T45;dublu vopsit lucios;0.40;buc;desfasurata 110 mm, bucata 2.00 m;1.46;
06. INDUSTRIAL;Accesorii tinichigerie industrial - finisaj dublu vopsit;;Profil ,,U'' tabla cutata - T45;dublu vopsit mat;0.40;buc;desfasurata 110 mm, bucata 2.00 m;1.59;
06. INDUSTRIAL;Accesorii tinichigerie industrial - finisaj dublu vopsit;;Profil ,,U'' tabla cutata - T45;dublu vopsit lucios;0.50;buc;desfasurata 110 mm, bucata 2.00 m;1.82;
06. INDUSTRIAL;Accesorii tinichigerie industrial - finisaj dublu vopsit;;Profil ,,U'' tabla cutata - T45;dublu vopsit mat;0.50;buc;desfasurata 110 mm, bucata 2.00 m;1.89;
06. INDUSTRIAL;Accesorii tinichigerie industrial - finisaj dublu vopsit;;Profil ,,U'' tabla cutata - T45;dublu vopsit lucios SSAB;0.60;buc;desfasurata 110 mm, bucata 2.00 m;2.71;
06. INDUSTRIAL;Accesorii tinichigerie industrial - finisaj dublu vopsit;;Profil ,,U'' tabla cutata - T45;dublu vopsit mat SSAB;0.60;buc;desfasurata 110 mm, bucata 2.00 m;3.87;
06. INDUSTRIAL;Accesorii tinichigerie industrial - finisaj dublu vopsit;;Opritor zapada;dublu vopsit lucios;0.40;buc;desfasurata 208 mm, bucata 2.00 m;2.67;
06. INDUSTRIAL;Accesorii tinichigerie industrial - finisaj dublu vopsit;;Opritor zapada;dublu vopsit mat;0.40;buc;desfasurata 208 mm, bucata 2.00 m;2.91;
06. INDUSTRIAL;Accesorii tinichigerie industrial - finisaj dublu vopsit;;Opritor zapada;dublu vopsit lucios;0.50;buc;desfasurata 208 mm, bucata 2.00 m;3.34;
06. INDUSTRIAL;Accesorii tinichigerie industrial - finisaj dublu vopsit;;Opritor zapada;dublu vopsit mat;0.50;buc;desfasurata 208 mm, bucata 2.00 m;3.47;
06. INDUSTRIAL;Accesorii tinichigerie industrial - finisaj dublu vopsit;;Opritor zapada;dublu vopsit lucios SSAB;0.60;buc;desfasurata 208 mm, bucata 2.00 m;4.97;
06. INDUSTRIAL;Accesorii tinichigerie industrial - finisaj dublu vopsit;;Opritor zapada;dublu vopsit mat SSAB;0.60;buc;desfasurata 208 mm, bucata 2.00 m;7.10;
06. INDUSTRIAL;Accesorii tinichigerie industrial - finisaj dublu vopsit;;Opritor zapada;dublu vopsit lucios;0.40;buc;desfasurata 208 mm, bucata 1.25 m;1.67;
06. INDUSTRIAL;Accesorii tinichigerie industrial - finisaj dublu vopsit;;Opritor zapada;dublu vopsit mat;0.40;buc;desfasurata 208 mm, bucata 1.25 m;1.82;
06. INDUSTRIAL;Accesorii tinichigerie industrial - finisaj dublu vopsit;;Opritor zapada;dublu vopsit lucios;0.50;buc;desfasurata 208 mm, bucata 1.25 m;2.09;
06. INDUSTRIAL;Accesorii tinichigerie industrial - finisaj dublu vopsit;;Opritor zapada;dublu vopsit mat;0.50;buc;desfasurata 208 mm, bucata 1.25 m;2.17;
06. INDUSTRIAL;Accesorii tinichigerie industrial - finisaj dublu vopsit;;Opritor zapada;dublu vopsit lucios SSAB;0.60;buc;desfasurata 208 mm, bucata 1.25 m;3.11;
06. INDUSTRIAL;Accesorii tinichigerie industrial - finisaj dublu vopsit;;Opritor zapada;dublu vopsit mat SSAB;0.60;buc;desfasurata 208 mm, bucata 1.25 m;4.44;
06. INDUSTRIAL;Accesorii tinichigerie industrial - finisaj dublu vopsit;;Bordura Streasina;dublu vopsit lucios;0.40;buc;desfasurata 250 mm, bucata 2.00 m;3.20;
06. INDUSTRIAL;Accesorii tinichigerie industrial - finisaj dublu vopsit;;Bordura Streasina;dublu vopsit mat;0.40;buc;desfasurata 250 mm, bucata 2.00 m;3.50;
06. INDUSTRIAL;Accesorii tinichigerie industrial - finisaj dublu vopsit;;Bordura Streasina;dublu vopsit lucios;0.50;buc;desfasurata 250 mm, bucata 2.00 m;4.01;
06. INDUSTRIAL;Accesorii tinichigerie industrial - finisaj dublu vopsit;;Bordura Streasina;dublu vopsit mat;0.50;buc;desfasurata 250 mm, bucata 2.00 m;4.17;
06. INDUSTRIAL;Accesorii tinichigerie industrial - finisaj dublu vopsit;;Bordura Streasina;dublu vopsit lucios SSAB;0.60;buc;desfasurata 250 mm, bucata 2.00 m;5.97;
06. INDUSTRIAL;Accesorii tinichigerie industrial - finisaj dublu vopsit;;Bordura Streasina;dublu vopsit mat SSAB;0.60;buc;desfasurata 250 mm, bucata 2.00 m;8.52;
06. INDUSTRIAL;Accesorii tinichigerie industrial - finisaj dublu vopsit;;Bordura streasina;dublu vopsit lucios;0.40;buc;desfasurata 208 mm, bucata 2.00 m;2.67;
06. INDUSTRIAL;Accesorii tinichigerie industrial - finisaj dublu vopsit;;Bordura streasina;dublu vopsit mat;0.40;buc;desfasurata 208 mm, bucata 2.00 m;2.91;
06. INDUSTRIAL;Accesorii tinichigerie industrial - finisaj dublu vopsit;;Bordura streasina;dublu vopsit lucios;0.50;buc;desfasurata 208 mm, bucata 2.00 m;3.34;
06. INDUSTRIAL;Accesorii tinichigerie industrial - finisaj dublu vopsit;;Bordura streasina;dublu vopsit mat;0.50;buc;desfasurata 208 mm, bucata 2.00 m;3.47;
06. INDUSTRIAL;Accesorii tinichigerie industrial - finisaj dublu vopsit;;Bordura streasina;dublu vopsit lucios SSAB;0.60;buc;desfasurata 208 mm, bucata 2.00 m;4.97;
06. INDUSTRIAL;Accesorii tinichigerie industrial - finisaj dublu vopsit;;Bordura streasina;dublu vopsit mat SSAB;0.60;buc;desfasurata 208 mm, bucata 2.00 m;7.10;
06. INDUSTRIAL;Accesorii tinichigerie industrial - finisaj dublu vopsit;;Bordura Streasina;dublu vopsit lucios;0.40;buc;desfasurata 178 mm, bucata 2.00 m;2.29;
06. INDUSTRIAL;Accesorii tinichigerie industrial - finisaj dublu vopsit;;Bordura Streasina;dublu vopsit mat;0.40;buc;desfasurata 178 mm, bucata 2.00 m;2.50;
06. INDUSTRIAL;Accesorii tinichigerie industrial - finisaj dublu vopsit;;Bordura Streasina;dublu vopsit lucios;0.50;buc;desfasurata 178 mm, bucata 2.00 m;2.86;
06. INDUSTRIAL;Accesorii tinichigerie industrial - finisaj dublu vopsit;;Bordura Streasina;dublu vopsit mat;0.50;buc;desfasurata 178 mm, bucata 2.00 m;2.98;
06. INDUSTRIAL;Accesorii tinichigerie industrial - finisaj dublu vopsit;;Bordura Streasina;dublu vopsit lucios SSAB;0.60;buc;desfasurata 178 mm, bucata 2.00 m;4.26;
06. INDUSTRIAL;Accesorii tinichigerie industrial - finisaj dublu vopsit;;Bordura Streasina;dublu vopsit mat SSAB;0.60;buc;desfasurata 178 mm, bucata 2.00 m;6.08;
06. INDUSTRIAL;Accesorii tinichigerie industrial - finisaj dublu vopsit;;Bordura streasina;dublu vopsit lucios;0.40;buc;desfasurata 156 mm, bucata 2.00 m;2.00;
06. INDUSTRIAL;Accesorii tinichigerie industrial - finisaj dublu vopsit;;Bordura streasina;dublu vopsit mat;0.40;buc;desfasurata 156 mm, bucata 2.00 m;2.18;
06. INDUSTRIAL;Accesorii tinichigerie industrial - finisaj dublu vopsit;;Bordura streasina;dublu vopsit lucios;0.50;buc;desfasurata 156 mm, bucata 2.00 m;2.50;
06. INDUSTRIAL;Accesorii tinichigerie industrial - finisaj dublu vopsit;;Bordura streasina;dublu vopsit mat;0.50;buc;desfasurata 156 mm, bucata 2.00 m;2.61;
06. INDUSTRIAL;Accesorii tinichigerie industrial - finisaj dublu vopsit;;Bordura streasina;dublu vopsit lucios SSAB;0.60;buc;desfasurata 156 mm, bucata 2.00 m;3.73;
06. INDUSTRIAL;Accesorii tinichigerie industrial - finisaj dublu vopsit;;Bordura streasina;dublu vopsit mat SSAB;0.60;buc;desfasurata 156 mm, bucata 2.00 m;5.32;
06. INDUSTRIAL;Accesorii tinichigerie industrial - finisaj dublu vopsit;;Fixarea placilor pe zid;dublu vopsit lucios;0.40;buc;desfasurata 250 mm, bucata 2.00 m;3.20;
06. INDUSTRIAL;Accesorii tinichigerie industrial - finisaj dublu vopsit;;Fixarea placilor pe zid;dublu vopsit mat;0.40;buc;desfasurata 250 mm, bucata 2.00 m;3.50;
06. INDUSTRIAL;Accesorii tinichigerie industrial - finisaj dublu vopsit;;Fixarea placilor pe zid;dublu vopsit lucios;0.50;buc;desfasurata 250 mm, bucata 2.00 m;4.01;
06. INDUSTRIAL;Accesorii tinichigerie industrial - finisaj dublu vopsit;;Fixarea placilor pe zid;dublu vopsit mat;0.50;buc;desfasurata 250 mm, bucata 2.00 m;4.17;
06. INDUSTRIAL;Accesorii tinichigerie industrial - finisaj dublu vopsit;;Fixarea placilor pe zid;dublu vopsit lucios SSAB;0.60;buc;desfasurata 250 mm, bucata 2.00 m;5.97;
06. INDUSTRIAL;Accesorii tinichigerie industrial - finisaj dublu vopsit;;Fixarea placilor pe zid;dublu vopsit mat SSAB;0.60;buc;desfasurata 250 mm, bucata 2.00 m;8.52;
06. INDUSTRIAL;Accesorii tinichigerie industrial - finisaj dublu vopsit;;Fixarea placilor pe zid;dublu vopsit lucios;0.40;buc;desfasurata 208 mm, bucata 2.00 m;2.67;
06. INDUSTRIAL;Accesorii tinichigerie industrial - finisaj dublu vopsit;;Fixarea placilor pe zid;dublu vopsit mat;0.40;buc;desfasurata 208 mm, bucata 2.00 m;2.91;
06. INDUSTRIAL;Accesorii tinichigerie industrial - finisaj dublu vopsit;;Fixarea placilor pe zid;dublu vopsit lucios;0.50;buc;desfasurata 208 mm, bucata 2.00 m;3.34;
06. INDUSTRIAL;Accesorii tinichigerie industrial - finisaj dublu vopsit;;Fixarea placilor pe zid;dublu vopsit mat;0.50;buc;desfasurata 208 mm, bucata 2.00 m;3.47;
06. INDUSTRIAL;Accesorii tinichigerie industrial - finisaj dublu vopsit;;Fixarea placilor pe zid;dublu vopsit lucios SSAB;0.60;buc;desfasurata 208 mm, bucata 2.00 m;4.97;
06. INDUSTRIAL;Accesorii tinichigerie industrial - finisaj dublu vopsit;;Fixarea placilor pe zid;dublu vopsit mat SSAB;0.60;buc;desfasurata 208 mm, bucata 2.00 m;7.10;
06. INDUSTRIAL;Accesorii tinichigerie industrial - finisaj dublu vopsit;;Bordura Fronton;dublu vopsit lucios;0.40;buc;desfasurata 360 mm, bucata 2.00 m;5.34;
06. INDUSTRIAL;Accesorii tinichigerie industrial - finisaj dublu vopsit;;Bordura Fronton;dublu vopsit mat;0.40;buc;desfasurata 360 mm, bucata 2.00 m;5.83;
06. INDUSTRIAL;Accesorii tinichigerie industrial - finisaj dublu vopsit;;Bordura Fronton;dublu vopsit lucios;0.50;buc;desfasurata 360 mm, bucata 2.00 m;6.68;
06. INDUSTRIAL;Accesorii tinichigerie industrial - finisaj dublu vopsit;;Bordura Fronton;dublu vopsit mat;0.50;buc;desfasurata 360 mm, bucata 2.00 m;6.95;
06. INDUSTRIAL;Accesorii tinichigerie industrial - finisaj dublu vopsit;;Bordura Fronton;dublu vopsit lucios SSAB;0.60;buc;desfasurata 360 mm, bucata 2.00 m;9.95;
06. INDUSTRIAL;Accesorii tinichigerie industrial - finisaj dublu vopsit;;Bordura Fronton;dublu vopsit mat SSAB;0.60;buc;desfasurata 360 mm, bucata 2.00 m;14.20;
06. INDUSTRIAL;Accesorii tinichigerie industrial - finisaj dublu vopsit;;Bordura Fronton;dublu vopsit lucios;0.40;buc;desfasurata 312 mm, bucata 2.00 m;4.00;
06. INDUSTRIAL;Accesorii tinichigerie industrial - finisaj dublu vopsit;;Bordura Fronton;dublu vopsit mat;0.40;buc;desfasurata 312 mm, bucata 2.00 m;4.37;
06. INDUSTRIAL;Accesorii tinichigerie industrial - finisaj dublu vopsit;;Bordura Fronton;dublu vopsit lucios;0.50;buc;desfasurata 312 mm, bucata 2.00 m;5.01;
06. INDUSTRIAL;Accesorii tinichigerie industrial - finisaj dublu vopsit;;Bordura Fronton;dublu vopsit mat;0.50;buc;desfasurata 312 mm, bucata 2.00 m;5.21;
06. INDUSTRIAL;Accesorii tinichigerie industrial - finisaj dublu vopsit;;Bordura Fronton;dublu vopsit lucios SSAB;0.60;buc;desfasurata 312 mm, bucata 2.00 m;7.46;
06. INDUSTRIAL;Accesorii tinichigerie industrial - finisaj dublu vopsit;;Bordura Fronton;dublu vopsit mat SSAB;0.60;buc;desfasurata 312 mm, bucata 2.00 m;10.65;
06. INDUSTRIAL;Accesorii tinichigerie industrial - finisaj dublu vopsit;;Bordura Fronton;dublu vopsit lucios;0.40;buc;desfasurata 250 mm, bucata 2.00 m;3.20;
06. INDUSTRIAL;Accesorii tinichigerie industrial - finisaj dublu vopsit;;Bordura Fronton;dublu vopsit mat;0.40;buc;desfasurata 250 mm, bucata 2.00 m;3.50;
06. INDUSTRIAL;Accesorii tinichigerie industrial - finisaj dublu vopsit;;Bordura Fronton;dublu vopsit lucios;0.50;buc;desfasurata 250 mm, bucata 2.00 m;4.01;
06. INDUSTRIAL;Accesorii tinichigerie industrial - finisaj dublu vopsit;;Bordura Fronton;dublu vopsit mat;0.50;buc;desfasurata 250 mm, bucata 2.00 m;4.17;
06. INDUSTRIAL;Accesorii tinichigerie industrial - finisaj dublu vopsit;;Bordura Fronton;dublu vopsit lucios SSAB;0.60;buc;desfasurata 250 mm, bucata 2.00 m;5.97;
06. INDUSTRIAL;Accesorii tinichigerie industrial - finisaj dublu vopsit;;Bordura Fronton;dublu vopsit mat SSAB;0.60;buc;desfasurata 250 mm, bucata 2.00 m;8.52;
06. INDUSTRIAL;Accesorii tinichigerie industrial - finisaj dublu vopsit;;Paravant de baza;dublu vopsit lucios;0.40;buc;desfasurata 312 mm, bucata 2.00 m;4.00;
06. INDUSTRIAL;Accesorii tinichigerie industrial - finisaj dublu vopsit;;Paravant de baza;dublu vopsit mat;0.40;buc;desfasurata 312 mm, bucata 2.00 m;4.37;
06. INDUSTRIAL;Accesorii tinichigerie industrial - finisaj dublu vopsit;;Paravant de baza;dublu vopsit lucios;0.50;buc;desfasurata 312 mm, bucata 2.00 m;5.01;
06. INDUSTRIAL;Accesorii tinichigerie industrial - finisaj dublu vopsit;;Paravant de baza;dublu vopsit mat;0.50;buc;desfasurata 312 mm, bucata 2.00 m;5.21;
06. INDUSTRIAL;Accesorii tinichigerie industrial - finisaj dublu vopsit;;Paravant de baza;dublu vopsit lucios SSAB;0.60;buc;desfasurata 312 mm, bucata 2.00 m;7.46;
06. INDUSTRIAL;Accesorii tinichigerie industrial - finisaj dublu vopsit;;Paravant de baza;dublu vopsit mat SSAB;0.60;buc;desfasurata 312 mm, bucata 2.00 m;10.65;
06. INDUSTRIAL;Accesorii tinichigerie industrial - finisaj dublu vopsit;;Colector Fronton;dublu vopsit lucios;0.40;buc;desfasurata 250 mm, bucata 2.00 m;3.20;
06. INDUSTRIAL;Accesorii tinichigerie industrial - finisaj dublu vopsit;;Colector Fronton;dublu vopsit mat;0.40;buc;desfasurata 250 mm, bucata 2.00 m;3.50;
06. INDUSTRIAL;Accesorii tinichigerie industrial - finisaj dublu vopsit;;Colector Fronton;dublu vopsit lucios;0.50;buc;desfasurata 250 mm, bucata 2.00 m;4.01;
06. INDUSTRIAL;Accesorii tinichigerie industrial - finisaj dublu vopsit;;Colector Fronton;dublu vopsit mat;0.50;buc;desfasurata 250 mm, bucata 2.00 m;4.17;
06. INDUSTRIAL;Accesorii tinichigerie industrial - finisaj dublu vopsit;;Colector Fronton;dublu vopsit lucios SSAB;0.60;buc;desfasurata 250 mm, bucata 2.00 m;5.97;
06. INDUSTRIAL;Accesorii tinichigerie industrial - finisaj dublu vopsit;;Colector Fronton;dublu vopsit mat SSAB;0.60;buc;desfasurata 250 mm, bucata 2.00 m;8.52;
06. INDUSTRIAL;Accesorii tinichigerie industrial - finisaj dublu vopsit;;Colector Fronton;dublu vopsit lucios;0.40;buc;desfasurata 156 mm, bucata 2.00 m;2.00;
06. INDUSTRIAL;Accesorii tinichigerie industrial - finisaj dublu vopsit;;Colector Fronton;dublu vopsit mat;0.40;buc;desfasurata 156 mm, bucata 2.00 m;2.18;
06. INDUSTRIAL;Accesorii tinichigerie industrial - finisaj dublu vopsit;;Colector Fronton;dublu vopsit lucios;0.50;buc;desfasurata 156 mm, bucata 2.00 m;2.50;
06. INDUSTRIAL;Accesorii tinichigerie industrial - finisaj dublu vopsit;;Colector Fronton;dublu vopsit mat;0.50;buc;desfasurata 156 mm, bucata 2.00 m;2.61;
06. INDUSTRIAL;Accesorii tinichigerie industrial - finisaj dublu vopsit;;Colector Fronton;dublu vopsit lucios SSAB;0.60;buc;desfasurata 156 mm, bucata 2.00 m;3.73;
06. INDUSTRIAL;Accesorii tinichigerie industrial - finisaj dublu vopsit;;Colector Fronton;dublu vopsit mat SSAB;0.60;buc;desfasurata 156 mm, bucata 2.00 m;5.32;
06. INDUSTRIAL;Accesorii tinichigerie industrial - finisaj dublu vopsit;;Ruperea pantei convexa;dublu vopsit lucios;0.40;buc;desfasurata 250 mm, bucata 2.00 m;3.20;
06. INDUSTRIAL;Accesorii tinichigerie industrial - finisaj dublu vopsit;;Ruperea pantei convexa;dublu vopsit mat;0.40;buc;desfasurata 250 mm, bucata 2.00 m;3.50;
06. INDUSTRIAL;Accesorii tinichigerie industrial - finisaj dublu vopsit;;Ruperea pantei convexa;dublu vopsit lucios;0.50;buc;desfasurata 250 mm, bucata 2.00 m;4.01;
06. INDUSTRIAL;Accesorii tinichigerie industrial - finisaj dublu vopsit;;Ruperea pantei convexa;dublu vopsit mat;0.50;buc;desfasurata 250 mm, bucata 2.00 m;4.17;
06. INDUSTRIAL;Accesorii tinichigerie industrial - finisaj dublu vopsit;;Ruperea pantei convexa;dublu vopsit lucios SSAB;0.60;buc;desfasurata 250 mm, bucata 2.00 m;5.97;
06. INDUSTRIAL;Accesorii tinichigerie industrial - finisaj dublu vopsit;;Ruperea pantei convexa;dublu vopsit mat SSAB;0.60;buc;desfasurata 250 mm, bucata 2.00 m;8.52;
06. INDUSTRIAL;Accesorii tinichigerie industrial - finisaj dublu vopsit;;Ruperea pantei convexa;dublu vopsit lucios;0.40;buc;desfasurata 208 mm, bucata 2.00 m;2.67;
06. INDUSTRIAL;Accesorii tinichigerie industrial - finisaj dublu vopsit;;Ruperea pantei convexa;dublu vopsit mat;0.40;buc;desfasurata 208 mm, bucata 2.00 m;2.91;
06. INDUSTRIAL;Accesorii tinichigerie industrial - finisaj dublu vopsit;;Ruperea pantei convexa;dublu vopsit lucios;0.50;buc;desfasurata 208 mm, bucata 2.00 m;3.34;
06. INDUSTRIAL;Accesorii tinichigerie industrial - finisaj dublu vopsit;;Ruperea pantei convexa;dublu vopsit mat;0.50;buc;desfasurata 208 mm, bucata 2.00 m;3.47;
06. INDUSTRIAL;Accesorii tinichigerie industrial - finisaj dublu vopsit;;Ruperea pantei convexa;dublu vopsit lucios SSAB;0.60;buc;desfasurata 208 mm, bucata 2.00 m;4.97;
06. INDUSTRIAL;Accesorii tinichigerie industrial - finisaj dublu vopsit;;Ruperea pantei convexa;dublu vopsit mat SSAB;0.60;buc;desfasurata 208 mm, bucata 2.00 m;7.10;
06. INDUSTRIAL;Accesorii tinichigerie industrial - finisaj dublu vopsit;;Ruperea pantei concava;dublu vopsit lucios;0.40;buc;desfasurata 250 mm, bucata 2.00 m;3.20;
06. INDUSTRIAL;Accesorii tinichigerie industrial - finisaj dublu vopsit;;Ruperea pantei concava;dublu vopsit mat;0.40;buc;desfasurata 250 mm, bucata 2.00 m;3.50;
06. INDUSTRIAL;Accesorii tinichigerie industrial - finisaj dublu vopsit;;Ruperea pantei concava;dublu vopsit lucios;0.50;buc;desfasurata 250 mm, bucata 2.00 m;4.01;
06. INDUSTRIAL;Accesorii tinichigerie industrial - finisaj dublu vopsit;;Ruperea pantei concava;dublu vopsit mat;0.50;buc;desfasurata 250 mm, bucata 2.00 m;4.17;
06. INDUSTRIAL;Accesorii tinichigerie industrial - finisaj dublu vopsit;;Ruperea pantei concava;dublu vopsit lucios SSAB;0.60;buc;desfasurata 250 mm, bucata 2.00 m;5.97;
06. INDUSTRIAL;Accesorii tinichigerie industrial - finisaj dublu vopsit;;Ruperea pantei concava;dublu vopsit mat SSAB;0.60;buc;desfasurata 250 mm, bucata 2.00 m;8.52;
06. INDUSTRIAL;Accesorii tinichigerie industrial - finisaj dublu vopsit;;Ruperea pantei concava;dublu vopsit lucios;0.40;buc;desfasurata 208 mm, bucata 2.00 m;2.67;
06. INDUSTRIAL;Accesorii tinichigerie industrial - finisaj dublu vopsit;;Ruperea pantei concava;dublu vopsit mat;0.40;buc;desfasurata 208 mm, bucata 2.00 m;2.91;
06. INDUSTRIAL;Accesorii tinichigerie industrial - finisaj dublu vopsit;;Ruperea pantei concava;dublu vopsit lucios;0.50;buc;desfasurata 208 mm, bucata 2.00 m;3.34;
06. INDUSTRIAL;Accesorii tinichigerie industrial - finisaj dublu vopsit;;Ruperea pantei concava;dublu vopsit mat;0.50;buc;desfasurata 208 mm, bucata 2.00 m;3.47;
06. INDUSTRIAL;Accesorii tinichigerie industrial - finisaj dublu vopsit;;Ruperea pantei concava;dublu vopsit lucios SSAB;0.60;buc;desfasurata 208 mm, bucata 2.00 m;4.97;
06. INDUSTRIAL;Accesorii tinichigerie industrial - finisaj dublu vopsit;;Ruperea pantei concava;dublu vopsit mat SSAB;0.60;buc;desfasurata 208 mm, bucata 2.00 m;7.10;
06. INDUSTRIAL;Accesorii tinichigerie industrial - finisaj dublu vopsit;;Dolie;dublu vopsit lucios;0.40;buc;desfasurata 625 mm, bucata 2.00 m;8.01;
06. INDUSTRIAL;Accesorii tinichigerie industrial - finisaj dublu vopsit;;Dolie;dublu vopsit mat;0.40;buc;desfasurata 625 mm, bucata 2.00 m;8.74;
06. INDUSTRIAL;Accesorii tinichigerie industrial - finisaj dublu vopsit;;Dolie;dublu vopsit lucios;0.50;buc;desfasurata 625 mm, bucata 2.00 m;10.01;
06. INDUSTRIAL;Accesorii tinichigerie industrial - finisaj dublu vopsit;;Dolie;dublu vopsit mat;0.50;buc;desfasurata 625 mm, bucata 2.00 m;10.42;
06. INDUSTRIAL;Accesorii tinichigerie industrial - finisaj dublu vopsit;;Dolie;dublu vopsit lucios SSAB;0.60;buc;desfasurata 625 mm, bucata 2.00 m;14.92;
06. INDUSTRIAL;Accesorii tinichigerie industrial - finisaj dublu vopsit;;Dolie;dublu vopsit mat SSAB;0.60;buc;desfasurata 625 mm, bucata 2.00 m;21.29;
06. INDUSTRIAL;Accesorii tinichigerie industrial - finisaj dublu vopsit;;Dolie;dublu vopsit lucios;0.40;buc;desfasurata 417 mm, bucata 2.00 m;5.34;
06. INDUSTRIAL;Accesorii tinichigerie industrial - finisaj dublu vopsit;;Dolie;dublu vopsit mat;0.40;buc;desfasurata 417 mm, bucata 2.00 m;5.83;
06. INDUSTRIAL;Accesorii tinichigerie industrial - finisaj dublu vopsit;;Dolie;dublu vopsit lucios;0.50;buc;desfasurata 417 mm, bucata 2.00 m;6.68;
06. INDUSTRIAL;Accesorii tinichigerie industrial - finisaj dublu vopsit;;Dolie;dublu vopsit mat;0.50;buc;desfasurata 417 mm, bucata 2.00 m;6.95;
06. INDUSTRIAL;Accesorii tinichigerie industrial - finisaj dublu vopsit;;Dolie;dublu vopsit lucios SSAB;0.60;buc;desfasurata 417 mm, bucata 2.00 m;9.95;
06. INDUSTRIAL;Accesorii tinichigerie industrial - finisaj dublu vopsit;;Dolie;dublu vopsit mat SSAB;0.60;buc;desfasurata 417 mm, bucata 2.00 m;14.20;
06. INDUSTRIAL;Accesorii tinichigerie industrial - finisaj dublu vopsit;;Dolie;dublu vopsit lucios;0.40;buc;desfasurata 312 mm, bucata 2.00 m;4.00;
06. INDUSTRIAL;Accesorii tinichigerie industrial - finisaj dublu vopsit;;Dolie;dublu vopsit mat;0.40;buc;desfasurata 312 mm, bucata 2.00 m;4.37;
06. INDUSTRIAL;Accesorii tinichigerie industrial - finisaj dublu vopsit;;Dolie;dublu vopsit lucios;0.50;buc;desfasurata 312 mm, bucata 2.00 m;5.01;
06. INDUSTRIAL;Accesorii tinichigerie industrial - finisaj dublu vopsit;;Dolie;dublu vopsit mat;0.50;buc;desfasurata 312 mm, bucata 2.00 m;5.21;
06. INDUSTRIAL;Accesorii tinichigerie industrial - finisaj dublu vopsit;;Dolie;dublu vopsit lucios SSAB;0.60;buc;desfasurata 312 mm, bucata 2.00 m;7.46;
06. INDUSTRIAL;Accesorii tinichigerie industrial - finisaj dublu vopsit;;Dolie;dublu vopsit mat SSAB;0.60;buc;desfasurata 312 mm, bucata 2.00 m;10.65;
06. INDUSTRIAL;Accesorii tinichigerie industrial - finisaj dublu vopsit;;Bordura la perete;dublu vopsit lucios;0.40;buc;desfasurata 250 mm, bucata 2.00 m;3.20;
06. INDUSTRIAL;Accesorii tinichigerie industrial - finisaj dublu vopsit;;Bordura la perete;dublu vopsit mat;0.40;buc;desfasurata 250 mm, bucata 2.00 m;3.50;
06. INDUSTRIAL;Accesorii tinichigerie industrial - finisaj dublu vopsit;;Bordura la perete;dublu vopsit lucios;0.50;buc;desfasurata 250 mm, bucata 2.00 m;4.01;
06. INDUSTRIAL;Accesorii tinichigerie industrial - finisaj dublu vopsit;;Bordura la perete;dublu vopsit mat;0.50;buc;desfasurata 250 mm, bucata 2.00 m;4.17;
06. INDUSTRIAL;Accesorii tinichigerie industrial - finisaj dublu vopsit;;Bordura la perete;dublu vopsit lucios SSAB;0.60;buc;desfasurata 250 mm, bucata 2.00 m;5.97;
06. INDUSTRIAL;Accesorii tinichigerie industrial - finisaj dublu vopsit;;Bordura la perete;dublu vopsit mat SSAB;0.60;buc;desfasurata 250 mm, bucata 2.00 m;8.52;
06. INDUSTRIAL;Accesorii tinichigerie industrial - finisaj dublu vopsit;;Bordura la perete;dublu vopsit lucios;0.40;buc;desfasurata 208 mm, bucata 2.00 m;2.67;
06. INDUSTRIAL;Accesorii tinichigerie industrial - finisaj dublu vopsit;;Bordura la perete;dublu vopsit mat;0.40;buc;desfasurata 208 mm, bucata 2.00 m;2.91;
06. INDUSTRIAL;Accesorii tinichigerie industrial - finisaj dublu vopsit;;Bordura la perete;dublu vopsit lucios;0.50;buc;desfasurata 208 mm, bucata 2.00 m;3.34;
06. INDUSTRIAL;Accesorii tinichigerie industrial - finisaj dublu vopsit;;Bordura la perete;dublu vopsit mat;0.50;buc;desfasurata 208 mm, bucata 2.00 m;3.47;
06. INDUSTRIAL;Accesorii tinichigerie industrial - finisaj dublu vopsit;;Bordura la perete;dublu vopsit lucios SSAB;0.60;buc;desfasurata 208 mm, bucata 2.00 m;4.97;
06. INDUSTRIAL;Accesorii tinichigerie industrial - finisaj dublu vopsit;;Bordura la perete;dublu vopsit mat SSAB;0.60;buc;desfasurata 208 mm, bucata 2.00 m;7.10;
06. INDUSTRIAL;Accesorii tinichigerie industrial - finisaj dublu vopsit;;Bordura la perete;dublu vopsit lucios;0.40;buc;desfasurata 178 mm, bucata 2.00 m;2.29;
06. INDUSTRIAL;Accesorii tinichigerie industrial - finisaj dublu vopsit;;Bordura la perete;dublu vopsit mat;0.40;buc;desfasurata 178 mm, bucata 2.00 m;2.50;
06. INDUSTRIAL;Accesorii tinichigerie industrial - finisaj dublu vopsit;;Bordura la perete;dublu vopsit lucios;0.50;buc;desfasurata 178 mm, bucata 2.00 m;2.86;
06. INDUSTRIAL;Accesorii tinichigerie industrial - finisaj dublu vopsit;;Bordura la perete;dublu vopsit mat;0.50;buc;desfasurata 178 mm, bucata 2.00 m;2.98;
06. INDUSTRIAL;Accesorii tinichigerie industrial - finisaj dublu vopsit;;Bordura la perete;dublu vopsit lucios SSAB;0.60;buc;desfasurata 178 mm, bucata 2.00 m;4.26;
06. INDUSTRIAL;Accesorii tinichigerie industrial - finisaj dublu vopsit;;Bordura la perete;dublu vopsit mat SSAB;0.60;buc;desfasurata 178 mm, bucata 2.00 m;6.08;
06. INDUSTRIAL;Accesorii tinichigerie industrial - finisaj dublu vopsit;;Semicoama;dublu vopsit lucios;0.40;buc;desfasurata 312 mm, bucata 2.00 m;4.00;
06. INDUSTRIAL;Accesorii tinichigerie industrial - finisaj dublu vopsit;;Semicoama;dublu vopsit mat;0.40;buc;desfasurata 312 mm, bucata 2.00 m;4.37;
06. INDUSTRIAL;Accesorii tinichigerie industrial - finisaj dublu vopsit;;Semicoama;dublu vopsit lucios;0.50;buc;desfasurata 312 mm, bucata 2.00 m;5.01;
06. INDUSTRIAL;Accesorii tinichigerie industrial - finisaj dublu vopsit;;Semicoama;dublu vopsit mat;0.50;buc;desfasurata 312 mm, bucata 2.00 m;5.21;
06. INDUSTRIAL;Accesorii tinichigerie industrial - finisaj dublu vopsit;;Semicoama;dublu vopsit lucios SSAB;0.60;buc;desfasurata 312 mm, bucata 2.00 m;7.46;
06. INDUSTRIAL;Accesorii tinichigerie industrial - finisaj dublu vopsit;;Semicoama;dublu vopsit mat SSAB;0.60;buc;desfasurata 312 mm, bucata 2.00 m;10.65;
06. INDUSTRIAL;Accesorii tinichigerie industrial - finisaj dublu vopsit;;Set cos fum (4 piese);dublu vopsit lucios;0.40;buc;bucata 1.25 m;16.02;set 4 piese
06. INDUSTRIAL;Accesorii tinichigerie industrial - finisaj dublu vopsit;;Set cos fum (4 piese);dublu vopsit mat;0.40;buc;bucata 1.25 m;17.48;set 4 piese
06. INDUSTRIAL;Accesorii tinichigerie industrial - finisaj dublu vopsit;;Set cos fum (4 piese);dublu vopsit lucios;0.50;buc;bucata 1.25 m;20.03;set 4 piese
06. INDUSTRIAL;Accesorii tinichigerie industrial - finisaj dublu vopsit;;Set cos fum (4 piese);dublu vopsit mat;0.50;buc;bucata 1.25 m;20.84;set 4 piese
06. INDUSTRIAL;Accesorii tinichigerie industrial - finisaj dublu vopsit;;Set cos fum (4 piese);dublu vopsit lucios SSAB;0.60;buc;bucata 1.25 m;29.84;set 4 piese
06. INDUSTRIAL;Accesorii tinichigerie industrial - finisaj dublu vopsit;;Set cos fum (4 piese);dublu vopsit mat SSAB;0.60;buc;bucata 1.25 m;42.59;set 4 piese
06. INDUSTRIAL;Accesorii tinichigerie - zincate;;Opritor zapada;zincat;0.37;buc;desfasurata 208 mm, bucata 2.00 m;1.99;
06. INDUSTRIAL;Accesorii tinichigerie - zincate;;Opritor zapada;zincat;0.40;buc;desfasurata 208 mm, bucata 2.00 m;2.04;
06. INDUSTRIAL;Accesorii tinichigerie - zincate;;Opritor zapada;zincat;0.45;buc;desfasurata 208 mm, bucata 2.00 m;2.55;
06. INDUSTRIAL;Accesorii tinichigerie - zincate;;Opritor zapada;zincat;0.50;buc;desfasurata 208 mm, bucata 2.00 m;2.78;
06. INDUSTRIAL;Accesorii tinichigerie - zincate;;Opritor zapada;zincat;0.60;buc;desfasurata 208 mm, bucata 2.00 m;3.43;
06. INDUSTRIAL;Accesorii tinichigerie - zincate;;Opritor zapada;zincat;0.70;buc;desfasurata 208 mm, bucata 2.00 m;4.03;
06. INDUSTRIAL;Accesorii tinichigerie - zincate;;Opritor zapada;zincat;0.37;buc;desfasurata 208 mm, bucata 1.25 m;1.25;
06. INDUSTRIAL;Accesorii tinichigerie - zincate;;Opritor zapada;zincat;0.40;buc;desfasurata 208 mm, bucata 1.25 m;1.27;
06. INDUSTRIAL;Accesorii tinichigerie - zincate;;Opritor zapada;zincat;0.45;buc;desfasurata 208 mm, bucata 1.25 m;1.59;
06. INDUSTRIAL;Accesorii tinichigerie - zincate;;Opritor zapada;zincat;0.50;buc;desfasurata 208 mm, bucata 1.25 m;1.74;
06. INDUSTRIAL;Accesorii tinichigerie - zincate;;Opritor zapada;zincat;0.60;buc;desfasurata 208 mm, bucata 1.25 m;2.14;
06. INDUSTRIAL;Accesorii tinichigerie - zincate;;Opritor zapada;zincat;0.70;buc;desfasurata 208 mm, bucata 1.25 m;2.52;
06. INDUSTRIAL;Accesorii tinichigerie - zincate;;Opritor zapada omega;zincat;0.37-0.70;buc;;0.43;pret unic pentru toate grosimile
06. INDUSTRIAL;Accesorii tinichigerie - zincate;;Bordura Streasina;zincat;0.37;buc;desfasurata 250 mm, bucata 2.00 m;2.39;
06. INDUSTRIAL;Accesorii tinichigerie - zincate;;Bordura Streasina;zincat;0.40;buc;desfasurata 250 mm, bucata 2.00 m;2.44;
06. INDUSTRIAL;Accesorii tinichigerie - zincate;;Bordura Streasina;zincat;0.45;buc;desfasurata 250 mm, bucata 2.00 m;3.05;
06. INDUSTRIAL;Accesorii tinichigerie - zincate;;Bordura Streasina;zincat;0.50;buc;desfasurata 250 mm, bucata 2.00 m;3.34;
06. INDUSTRIAL;Accesorii tinichigerie - zincate;;Bordura Streasina;zincat;0.60;buc;desfasurata 250 mm, bucata 2.00 m;4.12;
06. INDUSTRIAL;Accesorii tinichigerie - zincate;;Bordura Streasina;zincat;0.70;buc;desfasurata 250 mm, bucata 2.00 m;4.84;
06. INDUSTRIAL;Accesorii tinichigerie - zincate;;Bordura Streasina;zincat;0.37;buc;desfasurata 208 mm, bucata 2.00 m;1.99;
06. INDUSTRIAL;Accesorii tinichigerie - zincate;;Bordura Streasina;zincat;0.40;buc;desfasurata 208 mm, bucata 2.00 m;2.04;
06. INDUSTRIAL;Accesorii tinichigerie - zincate;;Bordura Streasina;zincat;0.45;buc;desfasurata 208 mm, bucata 2.00 m;2.55;
06. INDUSTRIAL;Accesorii tinichigerie - zincate;;Bordura Streasina;zincat;0.50;buc;desfasurata 208 mm, bucata 2.00 m;2.78;
06. INDUSTRIAL;Accesorii tinichigerie - zincate;;Bordura Streasina;zincat;0.60;buc;desfasurata 208 mm, bucata 2.00 m;3.43;
06. INDUSTRIAL;Accesorii tinichigerie - zincate;;Bordura Streasina;zincat;0.70;buc;desfasurata 208 mm, bucata 2.00 m;4.03;
06. INDUSTRIAL;Accesorii tinichigerie - zincate;;Bordura streasina;zincat;0.37;buc;desfasurata 178 mm, bucata 2.00 m;1.71;
06. INDUSTRIAL;Accesorii tinichigerie - zincate;;Bordura streasina;zincat;0.40;buc;desfasurata 178 mm, bucata 2.00 m;1.74;
06. INDUSTRIAL;Accesorii tinichigerie - zincate;;Bordura streasina;zincat;0.45;buc;desfasurata 178 mm, bucata 2.00 m;2.18;
06. INDUSTRIAL;Accesorii tinichigerie - zincate;;Bordura streasina;zincat;0.50;buc;desfasurata 178 mm, bucata 2.00 m;2.38;
06. INDUSTRIAL;Accesorii tinichigerie - zincate;;Bordura streasina;zincat;0.60;buc;desfasurata 178 mm, bucata 2.00 m;2.94;
06. INDUSTRIAL;Accesorii tinichigerie - zincate;;Bordura streasina;zincat;0.70;buc;desfasurata 178 mm, bucata 2.00 m;3.45;
06. INDUSTRIAL;Accesorii tinichigerie - zincate;;Bordura Streasina;zincat;0.37;buc;desfasurata 156 mm, bucata 2.00 m;1.49;
06. INDUSTRIAL;Accesorii tinichigerie - zincate;;Bordura Streasina;zincat;0.40;buc;desfasurata 156 mm, bucata 2.00 m;1.53;
06. INDUSTRIAL;Accesorii tinichigerie - zincate;;Bordura Streasina;zincat;0.45;buc;desfasurata 156 mm, bucata 2.00 m;1.91;
06. INDUSTRIAL;Accesorii tinichigerie - zincate;;Bordura Streasina;zincat;0.50;buc;desfasurata 156 mm, bucata 2.00 m;2.08;
06. INDUSTRIAL;Accesorii tinichigerie - zincate;;Bordura Streasina;zincat;0.60;buc;desfasurata 156 mm, bucata 2.00 m;2.57;
06. INDUSTRIAL;Accesorii tinichigerie - zincate;;Bordura Streasina;zincat;0.70;buc;desfasurata 156 mm, bucata 2.00 m;3.02;
06. INDUSTRIAL;Accesorii tinichigerie - zincate;;Fixarea placilor pe zid;zincat;0.37;buc;desfasurata 250 mm, bucata 2.00 m;2.39;
06. INDUSTRIAL;Accesorii tinichigerie - zincate;;Fixarea placilor pe zid;zincat;0.40;buc;desfasurata 250 mm, bucata 2.00 m;2.44;
06. INDUSTRIAL;Accesorii tinichigerie - zincate;;Fixarea placilor pe zid;zincat;0.45;buc;desfasurata 250 mm, bucata 2.00 m;3.05;
06. INDUSTRIAL;Accesorii tinichigerie - zincate;;Fixarea placilor pe zid;zincat;0.50;buc;desfasurata 250 mm, bucata 2.00 m;3.34;
06. INDUSTRIAL;Accesorii tinichigerie - zincate;;Fixarea placilor pe zid;zincat;0.60;buc;desfasurata 250 mm, bucata 2.00 m;4.12;
06. INDUSTRIAL;Accesorii tinichigerie - zincate;;Fixarea placilor pe zid;zincat;0.70;buc;desfasurata 250 mm, bucata 2.00 m;4.84;
06. INDUSTRIAL;Accesorii tinichigerie - zincate;;Fixarea placilor pe zid;zincat;0.37;buc;desfasurata 208 mm, bucata 2.00 m;1.99;
06. INDUSTRIAL;Accesorii tinichigerie - zincate;;Fixarea placilor pe zid;zincat;0.40;buc;desfasurata 208 mm, bucata 2.00 m;2.04;
06. INDUSTRIAL;Accesorii tinichigerie - zincate;;Fixarea placilor pe zid;zincat;0.45;buc;desfasurata 208 mm, bucata 2.00 m;2.55;
06. INDUSTRIAL;Accesorii tinichigerie - zincate;;Fixarea placilor pe zid;zincat;0.50;buc;desfasurata 208 mm, bucata 2.00 m;2.78;
06. INDUSTRIAL;Accesorii tinichigerie - zincate;;Fixarea placilor pe zid;zincat;0.60;buc;desfasurata 208 mm, bucata 2.00 m;3.43;
06. INDUSTRIAL;Accesorii tinichigerie - zincate;;Fixarea placilor pe zid;zincat;0.70;buc;desfasurata 208 mm, bucata 2.00 m;4.03;
06. INDUSTRIAL;Accesorii tinichigerie - zincate;;Bordura Fronton;zincat;0.37;buc;desfasurata 360 mm, bucata 2.00 m;3.99;
06. INDUSTRIAL;Accesorii tinichigerie - zincate;;Bordura Fronton;zincat;0.40;buc;desfasurata 360 mm, bucata 2.00 m;4.07;
06. INDUSTRIAL;Accesorii tinichigerie - zincate;;Bordura Fronton;zincat;0.45;buc;desfasurata 360 mm, bucata 2.00 m;5.09;
06. INDUSTRIAL;Accesorii tinichigerie - zincate;;Bordura Fronton;zincat;0.50;buc;desfasurata 360 mm, bucata 2.00 m;5.56;
06. INDUSTRIAL;Accesorii tinichigerie - zincate;;Bordura Fronton;zincat;0.60;buc;desfasurata 360 mm, bucata 2.00 m;6.86;
06. INDUSTRIAL;Accesorii tinichigerie - zincate;;Bordura Fronton;zincat;0.70;buc;desfasurata 360 mm, bucata 2.00 m;8.06;
06. INDUSTRIAL;Accesorii tinichigerie - zincate;;Bordura Fronton;zincat;0.37;buc;desfasurata 312 mm, bucata 2.00 m;2.99;
06. INDUSTRIAL;Accesorii tinichigerie - zincate;;Bordura Fronton;zincat;0.40;buc;desfasurata 312 mm, bucata 2.00 m;3.05;
06. INDUSTRIAL;Accesorii tinichigerie - zincate;;Bordura Fronton;zincat;0.45;buc;desfasurata 312 mm, bucata 2.00 m;3.82;
06. INDUSTRIAL;Accesorii tinichigerie - zincate;;Bordura Fronton;zincat;0.50;buc;desfasurata 312 mm, bucata 2.00 m;4.17;
06. INDUSTRIAL;Accesorii tinichigerie - zincate;;Bordura Fronton;zincat;0.60;buc;desfasurata 312 mm, bucata 2.00 m;5.14;
06. INDUSTRIAL;Accesorii tinichigerie - zincate;;Bordura Fronton;zincat;0.70;buc;desfasurata 312 mm, bucata 2.00 m;6.04;
06. INDUSTRIAL;Accesorii tinichigerie - zincate;;Bordura Fronton;zincat;0.37;buc;desfasurata 250 mm, bucata 2.00 m;2.39;
06. INDUSTRIAL;Accesorii tinichigerie - zincate;;Bordura Fronton;zincat;0.40;buc;desfasurata 250 mm, bucata 2.00 m;2.44;
06. INDUSTRIAL;Accesorii tinichigerie - zincate;;Bordura Fronton;zincat;0.45;buc;desfasurata 250 mm, bucata 2.00 m;3.05;
06. INDUSTRIAL;Accesorii tinichigerie - zincate;;Bordura Fronton;zincat;0.50;buc;desfasurata 250 mm, bucata 2.00 m;3.34;
06. INDUSTRIAL;Accesorii tinichigerie - zincate;;Bordura Fronton;zincat;0.60;buc;desfasurata 250 mm, bucata 2.00 m;4.12;
06. INDUSTRIAL;Accesorii tinichigerie - zincate;;Bordura Fronton;zincat;0.70;buc;desfasurata 250 mm, bucata 2.00 m;4.84;
06. INDUSTRIAL;Accesorii tinichigerie - zincate;;Colector Fronton;zincat;0.37;buc;desfasurata 250 mm, bucata 2.00 m;2.39;
06. INDUSTRIAL;Accesorii tinichigerie - zincate;;Colector Fronton;zincat;0.40;buc;desfasurata 250 mm, bucata 2.00 m;2.44;
06. INDUSTRIAL;Accesorii tinichigerie - zincate;;Colector Fronton;zincat;0.45;buc;desfasurata 250 mm, bucata 2.00 m;3.05;
06. INDUSTRIAL;Accesorii tinichigerie - zincate;;Colector Fronton;zincat;0.50;buc;desfasurata 250 mm, bucata 2.00 m;3.34;
06. INDUSTRIAL;Accesorii tinichigerie - zincate;;Colector Fronton;zincat;0.60;buc;desfasurata 250 mm, bucata 2.00 m;4.12;
06. INDUSTRIAL;Accesorii tinichigerie - zincate;;Colector Fronton;zincat;0.70;buc;desfasurata 250 mm, bucata 2.00 m;4.84;
06. INDUSTRIAL;Accesorii tinichigerie - zincate;;Colector Fronton;zincat;0.37;buc;desfasurata 156 mm, bucata 2.00 m;1.49;
06. INDUSTRIAL;Accesorii tinichigerie - zincate;;Colector Fronton;zincat;0.40;buc;desfasurata 156 mm, bucata 2.00 m;1.53;
06. INDUSTRIAL;Accesorii tinichigerie - zincate;;Colector Fronton;zincat;0.45;buc;desfasurata 156 mm, bucata 2.00 m;1.91;
06. INDUSTRIAL;Accesorii tinichigerie - zincate;;Colector Fronton;zincat;0.50;buc;desfasurata 156 mm, bucata 2.00 m;2.08;
06. INDUSTRIAL;Accesorii tinichigerie - zincate;;Colector Fronton;zincat;0.60;buc;desfasurata 156 mm, bucata 2.00 m;2.57;
06. INDUSTRIAL;Accesorii tinichigerie - zincate;;Colector Fronton;zincat;0.70;buc;desfasurata 156 mm, bucata 2.00 m;3.02;
06. INDUSTRIAL;Accesorii tinichigerie - zincate;;Rup. pantei convexa;zincat;0.37;buc;desfasurata 250 mm, bucata 2.00 m;2.39;
06. INDUSTRIAL;Accesorii tinichigerie - zincate;;Rup. pantei convexa;zincat;0.40;buc;desfasurata 250 mm, bucata 2.00 m;2.44;
06. INDUSTRIAL;Accesorii tinichigerie - zincate;;Rup. pantei convexa;zincat;0.45;buc;desfasurata 250 mm, bucata 2.00 m;3.05;
06. INDUSTRIAL;Accesorii tinichigerie - zincate;;Rup. pantei convexa;zincat;0.50;buc;desfasurata 250 mm, bucata 2.00 m;3.34;
06. INDUSTRIAL;Accesorii tinichigerie - zincate;;Rup. pantei convexa;zincat;0.60;buc;desfasurata 250 mm, bucata 2.00 m;4.12;
06. INDUSTRIAL;Accesorii tinichigerie - zincate;;Rup. pantei convexa;zincat;0.70;buc;desfasurata 250 mm, bucata 2.00 m;4.84;
06. INDUSTRIAL;Accesorii tinichigerie - zincate;;Rup. pantei convexa;zincat;0.37;buc;desfasurata 208 mm, bucata 2.00 m;1.99;
06. INDUSTRIAL;Accesorii tinichigerie - zincate;;Rup. pantei convexa;zincat;0.40;buc;desfasurata 208 mm, bucata 2.00 m;2.04;
06. INDUSTRIAL;Accesorii tinichigerie - zincate;;Rup. pantei convexa;zincat;0.45;buc;desfasurata 208 mm, bucata 2.00 m;2.55;
06. INDUSTRIAL;Accesorii tinichigerie - zincate;;Rup. pantei convexa;zincat;0.50;buc;desfasurata 208 mm, bucata 2.00 m;2.78;
06. INDUSTRIAL;Accesorii tinichigerie - zincate;;Rup. pantei convexa;zincat;0.60;buc;desfasurata 208 mm, bucata 2.00 m;3.43;
06. INDUSTRIAL;Accesorii tinichigerie - zincate;;Rup. pantei convexa;zincat;0.70;buc;desfasurata 208 mm, bucata 2.00 m;4.03;
06. INDUSTRIAL;Accesorii tinichigerie - zincate;;Rup. pantei concava;zincat;0.37;buc;desfasurata 250 mm, bucata 2.00 m;2.39;
06. INDUSTRIAL;Accesorii tinichigerie - zincate;;Rup. pantei concava;zincat;0.40;buc;desfasurata 250 mm, bucata 2.00 m;2.44;
06. INDUSTRIAL;Accesorii tinichigerie - zincate;;Rup. pantei concava;zincat;0.45;buc;desfasurata 250 mm, bucata 2.00 m;3.05;
06. INDUSTRIAL;Accesorii tinichigerie - zincate;;Rup. pantei concava;zincat;0.50;buc;desfasurata 250 mm, bucata 2.00 m;3.34;
06. INDUSTRIAL;Accesorii tinichigerie - zincate;;Rup. pantei concava;zincat;0.60;buc;desfasurata 250 mm, bucata 2.00 m;4.12;
06. INDUSTRIAL;Accesorii tinichigerie - zincate;;Rup. pantei concava;zincat;0.70;buc;desfasurata 250 mm, bucata 2.00 m;4.84;
06. INDUSTRIAL;Accesorii tinichigerie - zincate;;Rup. pantei concava;zincat;0.37;buc;desfasurata 208 mm, bucata 2.00 m;1.99;
06. INDUSTRIAL;Accesorii tinichigerie - zincate;;Rup. pantei concava;zincat;0.40;buc;desfasurata 208 mm, bucata 2.00 m;2.04;
06. INDUSTRIAL;Accesorii tinichigerie - zincate;;Rup. pantei concava;zincat;0.45;buc;desfasurata 208 mm, bucata 2.00 m;2.55;
06. INDUSTRIAL;Accesorii tinichigerie - zincate;;Rup. pantei concava;zincat;0.50;buc;desfasurata 208 mm, bucata 2.00 m;2.78;
06. INDUSTRIAL;Accesorii tinichigerie - zincate;;Rup. pantei concava;zincat;0.60;buc;desfasurata 208 mm, bucata 2.00 m;3.43;
06. INDUSTRIAL;Accesorii tinichigerie - zincate;;Rup. pantei concava;zincat;0.70;buc;desfasurata 208 mm, bucata 2.00 m;4.03;
06. INDUSTRIAL;Accesorii tinichigerie - zincate;;Dolie;zincat;0.37;buc;desfasurata 625 mm, bucata 2.00 m;5.98;
06. INDUSTRIAL;Accesorii tinichigerie - zincate;;Dolie;zincat;0.40;buc;desfasurata 625 mm, bucata 2.00 m;6.11;
06. INDUSTRIAL;Accesorii tinichigerie - zincate;;Dolie;zincat;0.45;buc;desfasurata 625 mm, bucata 2.00 m;7.64;
06. INDUSTRIAL;Accesorii tinichigerie - zincate;;Dolie;zincat;0.50;buc;desfasurata 625 mm, bucata 2.00 m;8.34;
06. INDUSTRIAL;Accesorii tinichigerie - zincate;;Dolie;zincat;0.60;buc;desfasurata 625 mm, bucata 2.00 m;10.29;
06. INDUSTRIAL;Accesorii tinichigerie - zincate;;Dolie;zincat;0.70;buc;desfasurata 625 mm, bucata 2.00 m;12.09;
06. INDUSTRIAL;Accesorii tinichigerie - zincate;;Dolie;zincat;0.37;buc;desfasurata 417 mm, bucata 2.00 m;3.99;
06. INDUSTRIAL;Accesorii tinichigerie - zincate;;Dolie;zincat;0.40;buc;desfasurata 417 mm, bucata 2.00 m;4.07;
06. INDUSTRIAL;Accesorii tinichigerie - zincate;;Dolie;zincat;0.45;buc;desfasurata 417 mm, bucata 2.00 m;5.09;
06. INDUSTRIAL;Accesorii tinichigerie - zincate;;Dolie;zincat;0.50;buc;desfasurata 417 mm, bucata 2.00 m;5.56;
06. INDUSTRIAL;Accesorii tinichigerie - zincate;;Dolie;zincat;0.60;buc;desfasurata 417 mm, bucata 2.00 m;6.86;
06. INDUSTRIAL;Accesorii tinichigerie - zincate;;Dolie;zincat;0.70;buc;desfasurata 417 mm, bucata 2.00 m;8.06;
06. INDUSTRIAL;Accesorii tinichigerie - zincate;;Dolie;zincat;0.37;buc;desfasurata 312 mm, bucata 2.00 m;2.99;
06. INDUSTRIAL;Accesorii tinichigerie - zincate;;Dolie;zincat;0.40;buc;desfasurata 312 mm, bucata 2.00 m;3.05;
06. INDUSTRIAL;Accesorii tinichigerie - zincate;;Dolie;zincat;0.45;buc;desfasurata 312 mm, bucata 2.00 m;3.82;
06. INDUSTRIAL;Accesorii tinichigerie - zincate;;Dolie;zincat;0.50;buc;desfasurata 312 mm, bucata 2.00 m;4.17;
06. INDUSTRIAL;Accesorii tinichigerie - zincate;;Dolie;zincat;0.60;buc;desfasurata 312 mm, bucata 2.00 m;5.14;
06. INDUSTRIAL;Accesorii tinichigerie - zincate;;Dolie;zincat;0.70;buc;desfasurata 312 mm, bucata 2.00 m;6.04;
06. INDUSTRIAL;Accesorii tinichigerie - zincate;;Bordura la perete;zincat;0.37;buc;desfasurata 250 mm, bucata 2.00 m;2.39;
06. INDUSTRIAL;Accesorii tinichigerie - zincate;;Bordura la perete;zincat;0.40;buc;desfasurata 250 mm, bucata 2.00 m;2.44;
06. INDUSTRIAL;Accesorii tinichigerie - zincate;;Bordura la perete;zincat;0.45;buc;desfasurata 250 mm, bucata 2.00 m;3.05;
06. INDUSTRIAL;Accesorii tinichigerie - zincate;;Bordura la perete;zincat;0.50;buc;desfasurata 250 mm, bucata 2.00 m;3.34;
06. INDUSTRIAL;Accesorii tinichigerie - zincate;;Bordura la perete;zincat;0.60;buc;desfasurata 250 mm, bucata 2.00 m;4.12;
06. INDUSTRIAL;Accesorii tinichigerie - zincate;;Bordura la perete;zincat;0.70;buc;desfasurata 250 mm, bucata 2.00 m;4.84;
06. INDUSTRIAL;Accesorii tinichigerie - zincate;;Bordura la perete;zincat;0.37;buc;desfasurata 208 mm, bucata 2.00 m;1.99;
06. INDUSTRIAL;Accesorii tinichigerie - zincate;;Bordura la perete;zincat;0.40;buc;desfasurata 208 mm, bucata 2.00 m;2.04;
06. INDUSTRIAL;Accesorii tinichigerie - zincate;;Bordura la perete;zincat;0.45;buc;desfasurata 208 mm, bucata 2.00 m;2.55;
06. INDUSTRIAL;Accesorii tinichigerie - zincate;;Bordura la perete;zincat;0.50;buc;desfasurata 208 mm, bucata 2.00 m;2.78;
06. INDUSTRIAL;Accesorii tinichigerie - zincate;;Bordura la perete;zincat;0.60;buc;desfasurata 208 mm, bucata 2.00 m;3.43;
06. INDUSTRIAL;Accesorii tinichigerie - zincate;;Bordura la perete;zincat;0.70;buc;desfasurata 208 mm, bucata 2.00 m;4.03;
06. INDUSTRIAL;Accesorii tinichigerie - zincate;;Bordura la perete;zincat;0.37;buc;desfasurata 178 mm, bucata 2.00 m;1.71;
06. INDUSTRIAL;Accesorii tinichigerie - zincate;;Bordura la perete;zincat;0.40;buc;desfasurata 178 mm, bucata 2.00 m;1.74;
06. INDUSTRIAL;Accesorii tinichigerie - zincate;;Bordura la perete;zincat;0.45;buc;desfasurata 178 mm, bucata 2.00 m;2.18;
06. INDUSTRIAL;Accesorii tinichigerie - zincate;;Bordura la perete;zincat;0.50;buc;desfasurata 178 mm, bucata 2.00 m;2.38;
06. INDUSTRIAL;Accesorii tinichigerie - zincate;;Bordura la perete;zincat;0.60;buc;desfasurata 178 mm, bucata 2.00 m;2.94;
06. INDUSTRIAL;Accesorii tinichigerie - zincate;;Bordura la perete;zincat;0.70;buc;desfasurata 178 mm, bucata 2.00 m;3.45;
06. INDUSTRIAL;Accesorii tinichigerie - zincate;;Semicoama;zincat;0.37;buc;desfasurata 312 mm, bucata 2.00 m;2.99;
06. INDUSTRIAL;Accesorii tinichigerie - zincate;;Semicoama;zincat;0.40;buc;desfasurata 312 mm, bucata 2.00 m;3.05;
06. INDUSTRIAL;Accesorii tinichigerie - zincate;;Semicoama;zincat;0.45;buc;desfasurata 312 mm, bucata 2.00 m;3.82;
06. INDUSTRIAL;Accesorii tinichigerie - zincate;;Semicoama;zincat;0.50;buc;desfasurata 312 mm, bucata 2.00 m;4.17;
06. INDUSTRIAL;Accesorii tinichigerie - zincate;;Semicoama;zincat;0.60;buc;desfasurata 312 mm, bucata 2.00 m;5.14;
06. INDUSTRIAL;Accesorii tinichigerie - zincate;;Semicoama;zincat;0.70;buc;desfasurata 312 mm, bucata 2.00 m;6.04;
06. INDUSTRIAL;Accesorii tinichigerie - zincate;;Set cos fum (4 piese);zincat;0.37;buc;bucata 1.25 m;11.96;set 4 piese
06. INDUSTRIAL;Accesorii tinichigerie - zincate;;Set cos fum (4 piese);zincat;0.40;buc;bucata 1.25 m;12.21;set 4 piese
06. INDUSTRIAL;Accesorii tinichigerie - zincate;;Set cos fum (4 piese);zincat;0.45;buc;bucata 1.25 m;15.27;set 4 piese
06. INDUSTRIAL;Accesorii tinichigerie - zincate;;Set cos fum (4 piese);zincat;0.50;buc;bucata 1.25 m;16.68;set 4 piese
06. INDUSTRIAL;Accesorii tinichigerie - zincate;;Set cos fum (4 piese);zincat;0.60;buc;bucata 1.25 m;20.58;set 4 piese
06. INDUSTRIAL;Accesorii tinichigerie - zincate;;Set cos fum (4 piese);zincat;0.70;buc;bucata 1.25 m;24.18;set 4 piese
06. INDUSTRIAL;Accesorii tinichigerie industriale - zincate;;Subcoama industriala;zincat;0.37;buc;desfasurata 417 mm, bucata 2.00 m;3.99;
06. INDUSTRIAL;Accesorii tinichigerie industriale - zincate;;Subcoama industriala;zincat;0.40;buc;desfasurata 417 mm, bucata 2.00 m;4.07;
06. INDUSTRIAL;Accesorii tinichigerie industriale - zincate;;Subcoama industriala;zincat;0.45;buc;desfasurata 417 mm, bucata 2.00 m;5.09;
06. INDUSTRIAL;Accesorii tinichigerie industriale - zincate;;Subcoama industriala;zincat;0.50;buc;desfasurata 417 mm, bucata 2.00 m;5.56;
06. INDUSTRIAL;Accesorii tinichigerie industriale - zincate;;Subcoama industriala;zincat;0.60;buc;desfasurata 417 mm, bucata 2.00 m;6.86;
06. INDUSTRIAL;Accesorii tinichigerie industriale - zincate;;Subcoama industriala;zincat;0.70;buc;desfasurata 417 mm, bucata 2.00 m;8.06;
06. INDUSTRIAL;Accesorii tinichigerie industriale - zincate;;Subcoama industriala;zincat;0.37;buc;desfasurata 312 mm, bucata 2.00 m;2.99;
06. INDUSTRIAL;Accesorii tinichigerie industriale - zincate;;Subcoama industriala;zincat;0.40;buc;desfasurata 312 mm, bucata 2.00 m;3.05;
06. INDUSTRIAL;Accesorii tinichigerie industriale - zincate;;Subcoama industriala;zincat;0.45;buc;desfasurata 312 mm, bucata 2.00 m;3.82;
06. INDUSTRIAL;Accesorii tinichigerie industriale - zincate;;Subcoama industriala;zincat;0.50;buc;desfasurata 312 mm, bucata 2.00 m;4.17;
06. INDUSTRIAL;Accesorii tinichigerie industriale - zincate;;Subcoama industriala;zincat;0.60;buc;desfasurata 312 mm, bucata 2.00 m;5.14;
06. INDUSTRIAL;Accesorii tinichigerie industriale - zincate;;Subcoama industriala;zincat;0.70;buc;desfasurata 312 mm, bucata 2.00 m;6.04;
06. INDUSTRIAL;Accesorii tinichigerie industriale - zincate;;Coltar interior industrial;zincat;0.37;buc;desfasurata 417 mm, bucata 2.00 m;3.99;
06. INDUSTRIAL;Accesorii tinichigerie industriale - zincate;;Coltar interior industrial;zincat;0.40;buc;desfasurata 417 mm, bucata 2.00 m;4.07;
06. INDUSTRIAL;Accesorii tinichigerie industriale - zincate;;Coltar interior industrial;zincat;0.45;buc;desfasurata 417 mm, bucata 2.00 m;5.09;
06. INDUSTRIAL;Accesorii tinichigerie industriale - zincate;;Coltar interior industrial;zincat;0.50;buc;desfasurata 417 mm, bucata 2.00 m;5.56;
06. INDUSTRIAL;Accesorii tinichigerie industriale - zincate;;Coltar interior industrial;zincat;0.60;buc;desfasurata 417 mm, bucata 2.00 m;6.86;
06. INDUSTRIAL;Accesorii tinichigerie industriale - zincate;;Coltar interior industrial;zincat;0.70;buc;desfasurata 417 mm, bucata 2.00 m;8.06;
06. INDUSTRIAL;Accesorii tinichigerie industriale - zincate;;Coltar interior industrial;zincat;0.37;buc;desfasurata 312 mm, bucata 2.00 m;2.99;
06. INDUSTRIAL;Accesorii tinichigerie industriale - zincate;;Coltar interior industrial;zincat;0.40;buc;desfasurata 312 mm, bucata 2.00 m;3.05;
06. INDUSTRIAL;Accesorii tinichigerie industriale - zincate;;Coltar interior industrial;zincat;0.45;buc;desfasurata 312 mm, bucata 2.00 m;3.82;
06. INDUSTRIAL;Accesorii tinichigerie industriale - zincate;;Coltar interior industrial;zincat;0.50;buc;desfasurata 312 mm, bucata 2.00 m;4.17;
06. INDUSTRIAL;Accesorii tinichigerie industriale - zincate;;Coltar interior industrial;zincat;0.60;buc;desfasurata 312 mm, bucata 2.00 m;5.14;
06. INDUSTRIAL;Accesorii tinichigerie industriale - zincate;;Coltar interior industrial;zincat;0.70;buc;desfasurata 312 mm, bucata 2.00 m;6.04;
06. INDUSTRIAL;Accesorii tinichigerie industriale - zincate;;Coltar interior industrial;zincat;0.37;buc;desfasurata 250 mm, bucata 2.00 m;2.39;
06. INDUSTRIAL;Accesorii tinichigerie industriale - zincate;;Coltar interior industrial;zincat;0.40;buc;desfasurata 250 mm, bucata 2.00 m;2.44;
06. INDUSTRIAL;Accesorii tinichigerie industriale - zincate;;Coltar interior industrial;zincat;0.45;buc;desfasurata 250 mm, bucata 2.00 m;3.05;
06. INDUSTRIAL;Accesorii tinichigerie industriale - zincate;;Coltar interior industrial;zincat;0.50;buc;desfasurata 250 mm, bucata 2.00 m;3.34;
06. INDUSTRIAL;Accesorii tinichigerie industriale - zincate;;Coltar interior industrial;zincat;0.60;buc;desfasurata 250 mm, bucata 2.00 m;4.12;
06. INDUSTRIAL;Accesorii tinichigerie industriale - zincate;;Coltar interior industrial;zincat;0.70;buc;desfasurata 250 mm, bucata 2.00 m;4.84;
06. INDUSTRIAL;Accesorii tinichigerie industriale - zincate;;Coltar exterior industrial;zincat;0.37;buc;desfasurata 417 mm, bucata 2.00 m;3.99;
06. INDUSTRIAL;Accesorii tinichigerie industriale - zincate;;Coltar exterior industrial;zincat;0.40;buc;desfasurata 417 mm, bucata 2.00 m;4.07;
06. INDUSTRIAL;Accesorii tinichigerie industriale - zincate;;Coltar exterior industrial;zincat;0.45;buc;desfasurata 417 mm, bucata 2.00 m;5.09;
06. INDUSTRIAL;Accesorii tinichigerie industriale - zincate;;Coltar exterior industrial;zincat;0.50;buc;desfasurata 417 mm, bucata 2.00 m;5.56;
06. INDUSTRIAL;Accesorii tinichigerie industriale - zincate;;Coltar exterior industrial;zincat;0.60;buc;desfasurata 417 mm, bucata 2.00 m;6.86;
06. INDUSTRIAL;Accesorii tinichigerie industriale - zincate;;Coltar exterior industrial;zincat;0.70;buc;desfasurata 417 mm, bucata 2.00 m;8.06;
06. INDUSTRIAL;Accesorii tinichigerie industriale - zincate;;Coltar exterior industrial;zincat;0.37;buc;desfasurata 312 mm, bucata 2.00 m;2.99;
06. INDUSTRIAL;Accesorii tinichigerie industriale - zincate;;Coltar exterior industrial;zincat;0.40;buc;desfasurata 312 mm, bucata 2.00 m;3.05;
06. INDUSTRIAL;Accesorii tinichigerie industriale - zincate;;Coltar exterior industrial;zincat;0.45;buc;desfasurata 312 mm, bucata 2.00 m;3.82;
06. INDUSTRIAL;Accesorii tinichigerie industriale - zincate;;Coltar exterior industrial;zincat;0.50;buc;desfasurata 312 mm, bucata 2.00 m;4.17;
06. INDUSTRIAL;Accesorii tinichigerie industriale - zincate;;Coltar exterior industrial;zincat;0.60;buc;desfasurata 312 mm, bucata 2.00 m;5.14;
06. INDUSTRIAL;Accesorii tinichigerie industriale - zincate;;Coltar exterior industrial;zincat;0.70;buc;desfasurata 312 mm, bucata 2.00 m;6.04;
06. INDUSTRIAL;Accesorii tinichigerie industriale - zincate;;Coltar exterior industrial;zincat;0.37;buc;desfasurata 250 mm, bucata 2.00 m;2.39;
06. INDUSTRIAL;Accesorii tinichigerie industriale - zincate;;Coltar exterior industrial;zincat;0.40;buc;desfasurata 250 mm, bucata 2.00 m;2.44;
06. INDUSTRIAL;Accesorii tinichigerie industriale - zincate;;Coltar exterior industrial;zincat;0.45;buc;desfasurata 250 mm, bucata 2.00 m;3.05;
06. INDUSTRIAL;Accesorii tinichigerie industriale - zincate;;Coltar exterior industrial;zincat;0.50;buc;desfasurata 250 mm, bucata 2.00 m;3.34;
06. INDUSTRIAL;Accesorii tinichigerie industriale - zincate;;Coltar exterior industrial;zincat;0.60;buc;desfasurata 250 mm, bucata 2.00 m;4.12;
06. INDUSTRIAL;Accesorii tinichigerie industriale - zincate;;Coltar exterior industrial;zincat;0.70;buc;desfasurata 250 mm, bucata 2.00 m;4.84;
06. INDUSTRIAL;Accesorii tinichigerie industriale - zincate;;Coama unghiulara industriala;zincat;0.37;buc;desfasurata 417 mm, bucata 2.00 m;3.99;
06. INDUSTRIAL;Accesorii tinichigerie industriale - zincate;;Coama unghiulara industriala;zincat;0.40;buc;desfasurata 417 mm, bucata 2.00 m;4.07;
06. INDUSTRIAL;Accesorii tinichigerie industriale - zincate;;Coama unghiulara industriala;zincat;0.45;buc;desfasurata 417 mm, bucata 2.00 m;5.09;
06. INDUSTRIAL;Accesorii tinichigerie industriale - zincate;;Coama unghiulara industriala;zincat;0.50;buc;desfasurata 417 mm, bucata 2.00 m;5.56;
06. INDUSTRIAL;Accesorii tinichigerie industriale - zincate;;Coama unghiulara industriala;zincat;0.60;buc;desfasurata 417 mm, bucata 2.00 m;6.86;
06. INDUSTRIAL;Accesorii tinichigerie industriale - zincate;;Coama unghiulara industriala;zincat;0.70;buc;desfasurata 417 mm, bucata 2.00 m;8.06;
06. INDUSTRIAL;Accesorii tinichigerie industriale - zincate;;Coama unghiulara industriala;zincat;0.37;buc;desfasurata 312 mm, bucata 2.00 m;2.99;
06. INDUSTRIAL;Accesorii tinichigerie industriale - zincate;;Coama unghiulara industriala;zincat;0.40;buc;desfasurata 312 mm, bucata 2.00 m;3.05;
06. INDUSTRIAL;Accesorii tinichigerie industriale - zincate;;Coama unghiulara industriala;zincat;0.45;buc;desfasurata 312 mm, bucata 2.00 m;3.82;
06. INDUSTRIAL;Accesorii tinichigerie industriale - zincate;;Coama unghiulara industriala;zincat;0.50;buc;desfasurata 312 mm, bucata 2.00 m;4.17;
06. INDUSTRIAL;Accesorii tinichigerie industriale - zincate;;Coama unghiulara industriala;zincat;0.60;buc;desfasurata 312 mm, bucata 2.00 m;5.14;
06. INDUSTRIAL;Accesorii tinichigerie industriale - zincate;;Coama unghiulara industriala;zincat;0.70;buc;desfasurata 312 mm, bucata 2.00 m;6.04;
06. INDUSTRIAL;Accesorii tinichigerie industriale - zincate;;Profil ,,U'' tabla cutata - T8;zincat;0.37;buc;desfasurata 45 mm, bucata 2.00 m;0.44;
06. INDUSTRIAL;Accesorii tinichigerie industriale - zincate;;Profil ,,U'' tabla cutata - T8;zincat;0.40;buc;desfasurata 45 mm, bucata 2.00 m;0.45;
06. INDUSTRIAL;Accesorii tinichigerie industriale - zincate;;Profil ,,U'' tabla cutata - T8;zincat;0.45;buc;desfasurata 45 mm, bucata 2.00 m;0.57;
06. INDUSTRIAL;Accesorii tinichigerie industriale - zincate;;Profil ,,U'' tabla cutata - T8;zincat;0.50;buc;desfasurata 45 mm, bucata 2.00 m;0.62;
06. INDUSTRIAL;Accesorii tinichigerie industriale - zincate;;Profil ,,U'' tabla cutata - T8;zincat;0.60;buc;desfasurata 45 mm, bucata 2.00 m;0.76;
06. INDUSTRIAL;Accesorii tinichigerie industriale - zincate;;Profil ,,U'' tabla cutata - T8;zincat;0.70;buc;desfasurata 45 mm, bucata 2.00 m;0.90;
06. INDUSTRIAL;Accesorii tinichigerie industriale - zincate;;Profil ,,U'' tabla cutata - T12;zincat;0.37;buc;desfasurata 45 mm, bucata 2.00 m;0.44;
06. INDUSTRIAL;Accesorii tinichigerie industriale - zincate;;Profil ,,U'' tabla cutata - T12;zincat;0.40;buc;desfasurata 45 mm, bucata 2.00 m;0.45;
06. INDUSTRIAL;Accesorii tinichigerie industriale - zincate;;Profil ,,U'' tabla cutata - T12;zincat;0.45;buc;desfasurata 45 mm, bucata 2.00 m;0.57;
06. INDUSTRIAL;Accesorii tinichigerie industriale - zincate;;Profil ,,U'' tabla cutata - T12;zincat;0.50;buc;desfasurata 45 mm, bucata 2.00 m;0.62;
06. INDUSTRIAL;Accesorii tinichigerie industriale - zincate;;Profil ,,U'' tabla cutata - T12;zincat;0.60;buc;desfasurata 45 mm, bucata 2.00 m;0.76;
06. INDUSTRIAL;Accesorii tinichigerie industriale - zincate;;Profil ,,U'' tabla cutata - T12;zincat;0.70;buc;desfasurata 45 mm, bucata 2.00 m;0.90;
06. INDUSTRIAL;Accesorii tinichigerie industriale - zincate;;Profil ,,U'' tabla cutata - T18;zincat;0.37;buc;desfasurata 60 mm, bucata 2.00 m;0.60;
06. INDUSTRIAL;Accesorii tinichigerie industriale - zincate;;Profil ,,U'' tabla cutata - T18;zincat;0.40;buc;desfasurata 60 mm, bucata 2.00 m;0.61;
06. INDUSTRIAL;Accesorii tinichigerie industriale - zincate;;Profil ,,U'' tabla cutata - T18;zincat;0.45;buc;desfasurata 60 mm, bucata 2.00 m;0.76;
06. INDUSTRIAL;Accesorii tinichigerie industriale - zincate;;Profil ,,U'' tabla cutata - T18;zincat;0.50;buc;desfasurata 60 mm, bucata 2.00 m;0.83;
06. INDUSTRIAL;Accesorii tinichigerie industriale - zincate;;Profil ,,U'' tabla cutata - T18;zincat;0.60;buc;desfasurata 60 mm, bucata 2.00 m;1.03;
06. INDUSTRIAL;Accesorii tinichigerie industriale - zincate;;Profil ,,U'' tabla cutata - T18;zincat;0.70;buc;desfasurata 60 mm, bucata 2.00 m;1.21;
06. INDUSTRIAL;Accesorii tinichigerie industriale - zincate;;Profil ,,U'' tabla cutata - T35;zincat;0.37;buc;desfasurata 100 mm, bucata 2.00 m;1.00;
06. INDUSTRIAL;Accesorii tinichigerie industriale - zincate;;Profil ,,U'' tabla cutata - T35;zincat;0.40;buc;desfasurata 100 mm, bucata 2.00 m;1.02;
06. INDUSTRIAL;Accesorii tinichigerie industriale - zincate;;Profil ,,U'' tabla cutata - T35;zincat;0.45;buc;desfasurata 100 mm, bucata 2.00 m;1.27;
06. INDUSTRIAL;Accesorii tinichigerie industriale - zincate;;Profil ,,U'' tabla cutata - T35;zincat;0.50;buc;desfasurata 100 mm, bucata 2.00 m;1.39;
06. INDUSTRIAL;Accesorii tinichigerie industriale - zincate;;Profil ,,U'' tabla cutata - T35;zincat;0.60;buc;desfasurata 100 mm, bucata 2.00 m;1.71;
06. INDUSTRIAL;Accesorii tinichigerie industriale - zincate;;Profil ,,U'' tabla cutata - T35;zincat;0.70;buc;desfasurata 100 mm, bucata 2.00 m;2.01;
06. INDUSTRIAL;Accesorii tinichigerie industriale - zincate;;Profil ,,U'' tabla cutata - T45;zincat;0.37;buc;desfasurata 110 mm, bucata 2.00 m;1.09;
06. INDUSTRIAL;Accesorii tinichigerie industriale - zincate;;Profil ,,U'' tabla cutata - T45;zincat;0.40;buc;desfasurata 110 mm, bucata 2.00 m;1.11;
06. INDUSTRIAL;Accesorii tinichigerie industriale - zincate;;Profil ,,U'' tabla cutata - T45;zincat;0.45;buc;desfasurata 110 mm, bucata 2.00 m;1.39;
06. INDUSTRIAL;Accesorii tinichigerie industriale - zincate;;Profil ,,U'' tabla cutata - T45;zincat;0.50;buc;desfasurata 110 mm, bucata 2.00 m;1.52;
06. INDUSTRIAL;Accesorii tinichigerie industriale - zincate;;Profil ,,U'' tabla cutata - T45;zincat;0.60;buc;desfasurata 110 mm, bucata 2.00 m;1.87;
06. INDUSTRIAL;Accesorii tinichigerie industriale - zincate;;Profil ,,U'' tabla cutata - T45;zincat;0.70;buc;desfasurata 110 mm, bucata 2.00 m;2.20;
07. SIPCA DE GARD;Sipca metalica gard;;Sipca HAGA;dublu vopsit lucios SSAB;0.60;ml;;1.78;
07. SIPCA DE GARD;Sipca metalica gard;;Sipca HAGA;dublu vopsit mat SSAB;0.60;ml;;2.23;
07. SIPCA DE GARD;Sipca metalica gard;;Sipca HAGA;lucios;0.50;ml;;1.09;
07. SIPCA DE GARD;Sipca metalica gard;;Sipca HAGA;lucios;0.45;ml;;1.01;
07. SIPCA DE GARD;Sipca metalica gard;;Sipca HAGA;lucios;0.40;ml;;0.87;
07. SIPCA DE GARD;Sipca metalica gard;;Sipca HAGA;dublu vopsit lucios;0.50;ml;;1.20;
07. SIPCA DE GARD;Sipca metalica gard;;Sipca HAGA;dublu vopsit lucios;0.40;ml;;0.96;
07. SIPCA DE GARD;Sipca metalica gard;;Sipca HAGA;lucios RAL 8003 (alama);0.45;ml;;1.47;
07. SIPCA DE GARD;Sipca metalica gard;;Sipca HAGA;Wood (imitatie lemn);0.50;ml;;1.48;
07. SIPCA DE GARD;Sipca metalica gard;;Sipca HAGA;Wood (imitatie lemn);0.45;ml;;1.47;
07. SIPCA DE GARD;Sipca metalica gard;;Sipca HAGA;mat;0.50;ml;;1.20;
07. SIPCA DE GARD;Sipca metalica gard;;Sipca HAGA;mat;0.45;ml;;1.15;
07. SIPCA DE GARD;Sipca metalica gard;;Sipca HAGA;mat;0.40;ml;;1.13;
07. SIPCA DE GARD;Sipca metalica gard;;Sipca HAGA;dublu vopsit mat;0.50;ml;;1.32;
07. SIPCA DE GARD;Sipca metalica gard;;Sipca HAGA;dublu vopsit mat;0.40;ml;;1.24;
07. SIPCA DE GARD;Sipca metalica gard;;Sipca HAGA;Grande Mat (GDM);0.50;ml;;1.48;
07. SIPCA DE GARD;Sipca metalica gard;;Sipca HAGA;Magnelis;0.50;ml;;1.18;
07. SIPCA DE GARD;Sipca metalica gard;;Sipca HAGA;zincat;0.50;ml;;0.75;
07. SIPCA DE GARD;Sipca metalica gard;;Sipca HAGA;zincat;0.45;ml;;0.68;
07. SIPCA DE GARD;Sipca metalica gard;;Sipca HAGA;zincat;0.40;ml;;0.64;
07. SIPCA DE GARD;Sipca metalica gard;;Sipca OSLO;dublu vopsit lucios SSAB;0.60;ml;;1.59;
07. SIPCA DE GARD;Sipca metalica gard;;Sipca OSLO;dublu vopsit mat SSAB;0.60;ml;;1.99;
07. SIPCA DE GARD;Sipca metalica gard;;Sipca OSLO;lucios;0.60;ml;;1.10;
07. SIPCA DE GARD;Sipca metalica gard;;Sipca OSLO;lucios;0.50;ml;;0.97;
07. SIPCA DE GARD;Sipca metalica gard;;Sipca OSLO;lucios;0.45;ml;;0.91;
07. SIPCA DE GARD;Sipca metalica gard;;Sipca OSLO;lucios;0.40;ml;;0.78;
07. SIPCA DE GARD;Sipca metalica gard;;Sipca OSLO;dublu vopsit lucios;0.50;ml;;1.07;
07. SIPCA DE GARD;Sipca metalica gard;;Sipca OSLO;dublu vopsit lucios;0.40;ml;;0.85;
07. SIPCA DE GARD;Sipca metalica gard;;Sipca OSLO;lucios RAL 8003 (alama);0.45;ml;;1.31;
07. SIPCA DE GARD;Sipca metalica gard;;Sipca OSLO;Wood (imitatie lemn);0.50;ml;;1.32;
07. SIPCA DE GARD;Sipca metalica gard;;Sipca OSLO;Wood (imitatie lemn);0.45;ml;;1.31;
07. SIPCA DE GARD;Sipca metalica gard;;Sipca OSLO;mat;0.60;ml;;1.22;
07. SIPCA DE GARD;Sipca metalica gard;;Sipca OSLO;mat;0.50;ml;;1.07;
07. SIPCA DE GARD;Sipca metalica gard;;Sipca OSLO;mat;0.45;ml;;1.03;
07. SIPCA DE GARD;Sipca metalica gard;;Sipca OSLO;mat;0.40;ml;;1.01;
07. SIPCA DE GARD;Sipca metalica gard;;Sipca OSLO;dublu vopsit mat;0.50;ml;;1.18;
07. SIPCA DE GARD;Sipca metalica gard;;Sipca OSLO;dublu vopsit mat;0.40;ml;;1.11;
07. SIPCA DE GARD;Sipca metalica gard;;Sipca OSLO;Grande Mat (GDM);0.50;ml;;1.32;
07. SIPCA DE GARD;Sipca metalica gard;;Sipca OSLO;Magnelis;0.50;ml;;1.05;
07. SIPCA DE GARD;Sipca metalica gard;;Sipca OSLO;zincat;0.60;ml;;0.82;
07. SIPCA DE GARD;Sipca metalica gard;;Sipca OSLO;zincat;0.50;ml;;0.67;
07. SIPCA DE GARD;Sipca metalica gard;;Sipca OSLO;zincat;0.45;ml;;0.61;
07. SIPCA DE GARD;Sipca metalica gard;;Sipca OSLO;zincat;0.40;ml;;0.57;
07. SIPCA DE GARD;Sipca metalica gard;;Sipca BERNA;dublu vopsit lucios SSAB;0.60;ml;;1.78;
07. SIPCA DE GARD;Sipca metalica gard;;Sipca BERNA;dublu vopsit mat SSAB;0.60;ml;;2.23;
07. SIPCA DE GARD;Sipca metalica gard;;Sipca BERNA;lucios;0.50;ml;;1.09;
07. SIPCA DE GARD;Sipca metalica gard;;Sipca BERNA;lucios;0.45;ml;;1.01;
07. SIPCA DE GARD;Sipca metalica gard;;Sipca BERNA;lucios;0.40;ml;;0.87;
07. SIPCA DE GARD;Sipca metalica gard;;Sipca BERNA;dublu vopsit lucios;0.50;ml;;1.20;
07. SIPCA DE GARD;Sipca metalica gard;;Sipca BERNA;dublu vopsit lucios;0.40;ml;;0.96;
07. SIPCA DE GARD;Sipca metalica gard;;Sipca BERNA;lucios RAL 8003 (alama);0.45;ml;;1.47;
07. SIPCA DE GARD;Sipca metalica gard;;Sipca BERNA;Wood (imitatie lemn);0.50;ml;;1.48;
07. SIPCA DE GARD;Sipca metalica gard;;Sipca BERNA;Wood (imitatie lemn);0.45;ml;;1.47;
07. SIPCA DE GARD;Sipca metalica gard;;Sipca BERNA;mat;0.50;ml;;1.20;
07. SIPCA DE GARD;Sipca metalica gard;;Sipca BERNA;mat;0.45;ml;;1.15;
07. SIPCA DE GARD;Sipca metalica gard;;Sipca BERNA;mat;0.40;ml;;1.13;
07. SIPCA DE GARD;Sipca metalica gard;;Sipca BERNA;dublu vopsit mat;0.50;ml;;1.32;
07. SIPCA DE GARD;Sipca metalica gard;;Sipca BERNA;dublu vopsit mat;0.40;ml;;1.24;
07. SIPCA DE GARD;Sipca metalica gard;;Sipca BERNA;Grande Mat (GDM);0.50;ml;;1.48;
07. SIPCA DE GARD;Sipca metalica gard;;Sipca BERNA;Magnelis;0.50;ml;;1.18;
07. SIPCA DE GARD;Sipca metalica gard;;Sipca BERNA;zincat;0.50;ml;;0.75;
07. SIPCA DE GARD;Sipca metalica gard;;Sipca BERNA;zincat;0.45;ml;;0.68;
07. SIPCA DE GARD;Sipca metalica gard;;Sipca BERNA;zincat;0.40;ml;;0.64;
07. SIPCA DE GARD;Sipca metalica gard;;Sipca SOFIA;dublu vopsit lucios SSAB;0.60;ml;;1.78;
07. SIPCA DE GARD;Sipca metalica gard;;Sipca SOFIA;dublu vopsit mat SSAB;0.60;ml;;2.23;
07. SIPCA DE GARD;Sipca metalica gard;;Sipca SOFIA;lucios;0.50;ml;;1.09;
07. SIPCA DE GARD;Sipca metalica gard;;Sipca SOFIA;lucios;0.45;ml;;1.01;
07. SIPCA DE GARD;Sipca metalica gard;;Sipca SOFIA;lucios;0.40;ml;;0.87;
07. SIPCA DE GARD;Sipca metalica gard;;Sipca SOFIA;dublu vopsit lucios;0.50;ml;;1.20;
07. SIPCA DE GARD;Sipca metalica gard;;Sipca SOFIA;dublu vopsit lucios;0.40;ml;;0.96;
07. SIPCA DE GARD;Sipca metalica gard;;Sipca SOFIA;lucios RAL 8003 (alama);0.45;ml;;1.47;
07. SIPCA DE GARD;Sipca metalica gard;;Sipca SOFIA;Wood (imitatie lemn);0.50;ml;;1.48;
07. SIPCA DE GARD;Sipca metalica gard;;Sipca SOFIA;Wood (imitatie lemn);0.45;ml;;1.47;
07. SIPCA DE GARD;Sipca metalica gard;;Sipca SOFIA;mat;0.50;ml;;1.20;
07. SIPCA DE GARD;Sipca metalica gard;;Sipca SOFIA;mat;0.45;ml;;1.15;
07. SIPCA DE GARD;Sipca metalica gard;;Sipca SOFIA;mat;0.40;ml;;1.13;
07. SIPCA DE GARD;Sipca metalica gard;;Sipca SOFIA;dublu vopsit mat;0.50;ml;;1.32;
07. SIPCA DE GARD;Sipca metalica gard;;Sipca SOFIA;dublu vopsit mat;0.40;ml;;1.24;
07. SIPCA DE GARD;Sipca metalica gard;;Sipca SOFIA;Grande Mat (GDM);0.50;ml;;1.48;
07. SIPCA DE GARD;Sipca metalica gard;;Sipca SOFIA;Magnelis;0.50;ml;;1.18;
07. SIPCA DE GARD;Sipca metalica gard;;Sipca SOFIA;zincat;0.50;ml;;0.75;
07. SIPCA DE GARD;Sipca metalica gard;;Sipca SOFIA;zincat;0.45;ml;;0.68;
07. SIPCA DE GARD;Sipca metalica gard;;Sipca SOFIA;zincat;0.40;ml;;0.64;
08. ACCESORII SPECIALE;Accesorii tinichigerie speciale - 2 ML;D01;Accesoriu special desfasurata 0-50 mm;lucios;0.40;buc;bucata 2 ml;0.66;
08. ACCESORII SPECIALE;Accesorii tinichigerie speciale - 2 ML;D01;Accesoriu special desfasurata 0-50 mm;lucios;0.45;buc;bucata 2 ml;0.76;
08. ACCESORII SPECIALE;Accesorii tinichigerie speciale - 2 ML;D01;Accesoriu special desfasurata 0-50 mm;lucios;0.50;buc;bucata 2 ml;0.82;
08. ACCESORII SPECIALE;Accesorii tinichigerie speciale - 2 ML;D01;Accesoriu special desfasurata 0-50 mm;lucios;0.60;buc;bucata 2 ml;0.93;
08. ACCESORII SPECIALE;Accesorii tinichigerie speciale - 2 ML;D01;Accesoriu special desfasurata 0-50 mm;lucios;0.70;buc;bucata 2 ml;1.18;
08. ACCESORII SPECIALE;Accesorii tinichigerie speciale - 2 ML;D02;Accesoriu special desfasurata 51-100 mm;lucios;0.40;buc;bucata 2 ml;1.31;
08. ACCESORII SPECIALE;Accesorii tinichigerie speciale - 2 ML;D02;Accesoriu special desfasurata 51-100 mm;lucios;0.45;buc;bucata 2 ml;1.53;
08. ACCESORII SPECIALE;Accesorii tinichigerie speciale - 2 ML;D02;Accesoriu special desfasurata 51-100 mm;lucios;0.50;buc;bucata 2 ml;1.64;
08. ACCESORII SPECIALE;Accesorii tinichigerie speciale - 2 ML;D02;Accesoriu special desfasurata 51-100 mm;lucios;0.60;buc;bucata 2 ml;1.86;
08. ACCESORII SPECIALE;Accesorii tinichigerie speciale - 2 ML;D02;Accesoriu special desfasurata 51-100 mm;lucios;0.70;buc;bucata 2 ml;2.37;
08. ACCESORII SPECIALE;Accesorii tinichigerie speciale - 2 ML;D03;Accesoriu special desfasurata 101-150 mm;lucios;0.40;buc;bucata 2 ml;1.97;
08. ACCESORII SPECIALE;Accesorii tinichigerie speciale - 2 ML;D03;Accesoriu special desfasurata 101-150 mm;lucios;0.45;buc;bucata 2 ml;2.29;
08. ACCESORII SPECIALE;Accesorii tinichigerie speciale - 2 ML;D03;Accesoriu special desfasurata 101-150 mm;lucios;0.50;buc;bucata 2 ml;2.46;
08. ACCESORII SPECIALE;Accesorii tinichigerie speciale - 2 ML;D03;Accesoriu special desfasurata 101-150 mm;lucios;0.60;buc;bucata 2 ml;2.78;
08. ACCESORII SPECIALE;Accesorii tinichigerie speciale - 2 ML;D03;Accesoriu special desfasurata 101-150 mm;lucios;0.70;buc;bucata 2 ml;3.55;
08. ACCESORII SPECIALE;Accesorii tinichigerie speciale - 2 ML;D04;Accesoriu special desfasurata 151-200 mm;lucios;0.40;buc;bucata 2 ml;2.62;
08. ACCESORII SPECIALE;Accesorii tinichigerie speciale - 2 ML;D04;Accesoriu special desfasurata 151-200 mm;lucios;0.45;buc;bucata 2 ml;3.06;
08. ACCESORII SPECIALE;Accesorii tinichigerie speciale - 2 ML;D04;Accesoriu special desfasurata 151-200 mm;lucios;0.50;buc;bucata 2 ml;3.28;
08. ACCESORII SPECIALE;Accesorii tinichigerie speciale - 2 ML;D04;Accesoriu special desfasurata 151-200 mm;lucios;0.60;buc;bucata 2 ml;3.71;
08. ACCESORII SPECIALE;Accesorii tinichigerie speciale - 2 ML;D04;Accesoriu special desfasurata 151-200 mm;lucios;0.70;buc;bucata 2 ml;4.74;
08. ACCESORII SPECIALE;Accesorii tinichigerie speciale - 2 ML;D05;Accesoriu special desfasurata 201-250 mm;lucios;0.40;buc;bucata 2 ml;3.28;
08. ACCESORII SPECIALE;Accesorii tinichigerie speciale - 2 ML;D05;Accesoriu special desfasurata 201-250 mm;lucios;0.45;buc;bucata 2 ml;3.82;
08. ACCESORII SPECIALE;Accesorii tinichigerie speciale - 2 ML;D05;Accesoriu special desfasurata 201-250 mm;lucios;0.50;buc;bucata 2 ml;4.10;
08. ACCESORII SPECIALE;Accesorii tinichigerie speciale - 2 ML;D05;Accesoriu special desfasurata 201-250 mm;lucios;0.60;buc;bucata 2 ml;4.64;
08. ACCESORII SPECIALE;Accesorii tinichigerie speciale - 2 ML;D05;Accesoriu special desfasurata 201-250 mm;lucios;0.70;buc;bucata 2 ml;5.92;
08. ACCESORII SPECIALE;Accesorii tinichigerie speciale - 2 ML;D06;Accesoriu special desfasurata 251-300 mm;lucios;0.40;buc;bucata 2 ml;3.93;
08. ACCESORII SPECIALE;Accesorii tinichigerie speciale - 2 ML;D06;Accesoriu special desfasurata 251-300 mm;lucios;0.45;buc;bucata 2 ml;4.59;
08. ACCESORII SPECIALE;Accesorii tinichigerie speciale - 2 ML;D06;Accesoriu special desfasurata 251-300 mm;lucios;0.50;buc;bucata 2 ml;4.92;
08. ACCESORII SPECIALE;Accesorii tinichigerie speciale - 2 ML;D06;Accesoriu special desfasurata 251-300 mm;lucios;0.60;buc;bucata 2 ml;5.57;
08. ACCESORII SPECIALE;Accesorii tinichigerie speciale - 2 ML;D06;Accesoriu special desfasurata 251-300 mm;lucios;0.70;buc;bucata 2 ml;7.10;
08. ACCESORII SPECIALE;Accesorii tinichigerie speciale - 2 ML;D07;Accesoriu special desfasurata 301-350 mm;lucios;0.40;buc;bucata 2 ml;4.59;
08. ACCESORII SPECIALE;Accesorii tinichigerie speciale - 2 ML;D07;Accesoriu special desfasurata 301-350 mm;lucios;0.45;buc;bucata 2 ml;5.35;
08. ACCESORII SPECIALE;Accesorii tinichigerie speciale - 2 ML;D07;Accesoriu special desfasurata 301-350 mm;lucios;0.50;buc;bucata 2 ml;5.74;
08. ACCESORII SPECIALE;Accesorii tinichigerie speciale - 2 ML;D07;Accesoriu special desfasurata 301-350 mm;lucios;0.60;buc;bucata 2 ml;6.50;
08. ACCESORII SPECIALE;Accesorii tinichigerie speciale - 2 ML;D07;Accesoriu special desfasurata 301-350 mm;lucios;0.70;buc;bucata 2 ml;8.29;
08. ACCESORII SPECIALE;Accesorii tinichigerie speciale - 2 ML;D08;Accesoriu special desfasurata 351-400 mm;lucios;0.40;buc;bucata 2 ml;5.24;
08. ACCESORII SPECIALE;Accesorii tinichigerie speciale - 2 ML;D08;Accesoriu special desfasurata 351-400 mm;lucios;0.45;buc;bucata 2 ml;6.11;
08. ACCESORII SPECIALE;Accesorii tinichigerie speciale - 2 ML;D08;Accesoriu special desfasurata 351-400 mm;lucios;0.50;buc;bucata 2 ml;6.55;
08. ACCESORII SPECIALE;Accesorii tinichigerie speciale - 2 ML;D08;Accesoriu special desfasurata 351-400 mm;lucios;0.60;buc;bucata 2 ml;7.43;
08. ACCESORII SPECIALE;Accesorii tinichigerie speciale - 2 ML;D08;Accesoriu special desfasurata 351-400 mm;lucios;0.70;buc;bucata 2 ml;9.47;
08. ACCESORII SPECIALE;Accesorii tinichigerie speciale - 2 ML;D09;Accesoriu special desfasurata 401-450 mm;lucios;0.40;buc;bucata 2 ml;5.90;
08. ACCESORII SPECIALE;Accesorii tinichigerie speciale - 2 ML;D09;Accesoriu special desfasurata 401-450 mm;lucios;0.45;buc;bucata 2 ml;6.88;
08. ACCESORII SPECIALE;Accesorii tinichigerie speciale - 2 ML;D09;Accesoriu special desfasurata 401-450 mm;lucios;0.50;buc;bucata 2 ml;7.37;
08. ACCESORII SPECIALE;Accesorii tinichigerie speciale - 2 ML;D09;Accesoriu special desfasurata 401-450 mm;lucios;0.60;buc;bucata 2 ml;8.35;
08. ACCESORII SPECIALE;Accesorii tinichigerie speciale - 2 ML;D09;Accesoriu special desfasurata 401-450 mm;lucios;0.70;buc;bucata 2 ml;10.65;
08. ACCESORII SPECIALE;Accesorii tinichigerie speciale - 2 ML;D10;Accesoriu special desfasurata 451-500 mm;lucios;0.40;buc;bucata 2 ml;6.55;
08. ACCESORII SPECIALE;Accesorii tinichigerie speciale - 2 ML;D10;Accesoriu special desfasurata 451-500 mm;lucios;0.45;buc;bucata 2 ml;7.64;
08. ACCESORII SPECIALE;Accesorii tinichigerie speciale - 2 ML;D10;Accesoriu special desfasurata 451-500 mm;lucios;0.50;buc;bucata 2 ml;8.19;
08. ACCESORII SPECIALE;Accesorii tinichigerie speciale - 2 ML;D10;Accesoriu special desfasurata 451-500 mm;lucios;0.60;buc;bucata 2 ml;9.28;
08. ACCESORII SPECIALE;Accesorii tinichigerie speciale - 2 ML;D10;Accesoriu special desfasurata 451-500 mm;lucios;0.70;buc;bucata 2 ml;11.84;
08. ACCESORII SPECIALE;Accesorii tinichigerie speciale - 2 ML;D11;Accesoriu special desfasurata 501-550 mm;lucios;0.40;buc;bucata 2 ml;7.21;
08. ACCESORII SPECIALE;Accesorii tinichigerie speciale - 2 ML;D11;Accesoriu special desfasurata 501-550 mm;lucios;0.45;buc;bucata 2 ml;8.41;
08. ACCESORII SPECIALE;Accesorii tinichigerie speciale - 2 ML;D11;Accesoriu special desfasurata 501-550 mm;lucios;0.50;buc;bucata 2 ml;9.01;
08. ACCESORII SPECIALE;Accesorii tinichigerie speciale - 2 ML;D11;Accesoriu special desfasurata 501-550 mm;lucios;0.60;buc;bucata 2 ml;10.21;
08. ACCESORII SPECIALE;Accesorii tinichigerie speciale - 2 ML;D11;Accesoriu special desfasurata 501-550 mm;lucios;0.70;buc;bucata 2 ml;13.02;
08. ACCESORII SPECIALE;Accesorii tinichigerie speciale - 2 ML;D12;Accesoriu special desfasurata 551-600 mm;lucios;0.40;buc;bucata 2 ml;7.86;
08. ACCESORII SPECIALE;Accesorii tinichigerie speciale - 2 ML;D12;Accesoriu special desfasurata 551-600 mm;lucios;0.45;buc;bucata 2 ml;9.17;
08. ACCESORII SPECIALE;Accesorii tinichigerie speciale - 2 ML;D12;Accesoriu special desfasurata 551-600 mm;lucios;0.50;buc;bucata 2 ml;9.83;
08. ACCESORII SPECIALE;Accesorii tinichigerie speciale - 2 ML;D12;Accesoriu special desfasurata 551-600 mm;lucios;0.60;buc;bucata 2 ml;11.14;
08. ACCESORII SPECIALE;Accesorii tinichigerie speciale - 2 ML;D12;Accesoriu special desfasurata 551-600 mm;lucios;0.70;buc;bucata 2 ml;14.21;
08. ACCESORII SPECIALE;Accesorii tinichigerie speciale - 2 ML;D13;Accesoriu special desfasurata 601-650 mm;lucios;0.40;buc;bucata 2 ml;8.52;
08. ACCESORII SPECIALE;Accesorii tinichigerie speciale - 2 ML;D13;Accesoriu special desfasurata 601-650 mm;lucios;0.45;buc;bucata 2 ml;9.94;
08. ACCESORII SPECIALE;Accesorii tinichigerie speciale - 2 ML;D13;Accesoriu special desfasurata 601-650 mm;lucios;0.50;buc;bucata 2 ml;10.65;
08. ACCESORII SPECIALE;Accesorii tinichigerie speciale - 2 ML;D13;Accesoriu special desfasurata 601-650 mm;lucios;0.60;buc;bucata 2 ml;12.07;
08. ACCESORII SPECIALE;Accesorii tinichigerie speciale - 2 ML;D13;Accesoriu special desfasurata 601-650 mm;lucios;0.70;buc;bucata 2 ml;15.39;
08. ACCESORII SPECIALE;Accesorii tinichigerie speciale - 2 ML;D14;Accesoriu special desfasurata 651-700 mm;lucios;0.40;buc;bucata 2 ml;9.17;
08. ACCESORII SPECIALE;Accesorii tinichigerie speciale - 2 ML;D14;Accesoriu special desfasurata 651-700 mm;lucios;0.45;buc;bucata 2 ml;10.70;
08. ACCESORII SPECIALE;Accesorii tinichigerie speciale - 2 ML;D14;Accesoriu special desfasurata 651-700 mm;lucios;0.50;buc;bucata 2 ml;11.47;
08. ACCESORII SPECIALE;Accesorii tinichigerie speciale - 2 ML;D14;Accesoriu special desfasurata 651-700 mm;lucios;0.60;buc;bucata 2 ml;13.00;
08. ACCESORII SPECIALE;Accesorii tinichigerie speciale - 2 ML;D14;Accesoriu special desfasurata 651-700 mm;lucios;0.70;buc;bucata 2 ml;16.57;
08. ACCESORII SPECIALE;Accesorii tinichigerie speciale - 2 ML;D15;Accesoriu special desfasurata 701-750 mm;lucios;0.40;buc;bucata 2 ml;9.83;
08. ACCESORII SPECIALE;Accesorii tinichigerie speciale - 2 ML;D15;Accesoriu special desfasurata 701-750 mm;lucios;0.45;buc;bucata 2 ml;11.46;
08. ACCESORII SPECIALE;Accesorii tinichigerie speciale - 2 ML;D15;Accesoriu special desfasurata 701-750 mm;lucios;0.50;buc;bucata 2 ml;12.29;
08. ACCESORII SPECIALE;Accesorii tinichigerie speciale - 2 ML;D15;Accesoriu special desfasurata 701-750 mm;lucios;0.60;buc;bucata 2 ml;13.92;
08. ACCESORII SPECIALE;Accesorii tinichigerie speciale - 2 ML;D15;Accesoriu special desfasurata 701-750 mm;lucios;0.70;buc;bucata 2 ml;17.76;
08. ACCESORII SPECIALE;Accesorii tinichigerie speciale - 2 ML;D16;Accesoriu special desfasurata 751-800 mm;lucios;0.40;buc;bucata 2 ml;10.48;
08. ACCESORII SPECIALE;Accesorii tinichigerie speciale - 2 ML;D16;Accesoriu special desfasurata 751-800 mm;lucios;0.45;buc;bucata 2 ml;12.23;
08. ACCESORII SPECIALE;Accesorii tinichigerie speciale - 2 ML;D16;Accesoriu special desfasurata 751-800 mm;lucios;0.50;buc;bucata 2 ml;13.11;
08. ACCESORII SPECIALE;Accesorii tinichigerie speciale - 2 ML;D16;Accesoriu special desfasurata 751-800 mm;lucios;0.60;buc;bucata 2 ml;14.85;
08. ACCESORII SPECIALE;Accesorii tinichigerie speciale - 2 ML;D16;Accesoriu special desfasurata 751-800 mm;lucios;0.70;buc;bucata 2 ml;18.94;
08. ACCESORII SPECIALE;Accesorii tinichigerie speciale - 2 ML;D17;Accesoriu special desfasurata 801-850 mm;lucios;0.40;buc;bucata 2 ml;11.14;
08. ACCESORII SPECIALE;Accesorii tinichigerie speciale - 2 ML;D17;Accesoriu special desfasurata 801-850 mm;lucios;0.45;buc;bucata 2 ml;12.99;
08. ACCESORII SPECIALE;Accesorii tinichigerie speciale - 2 ML;D17;Accesoriu special desfasurata 801-850 mm;lucios;0.50;buc;bucata 2 ml;13.93;
08. ACCESORII SPECIALE;Accesorii tinichigerie speciale - 2 ML;D17;Accesoriu special desfasurata 801-850 mm;lucios;0.60;buc;bucata 2 ml;15.78;
08. ACCESORII SPECIALE;Accesorii tinichigerie speciale - 2 ML;D17;Accesoriu special desfasurata 801-850 mm;lucios;0.70;buc;bucata 2 ml;20.12;
08. ACCESORII SPECIALE;Accesorii tinichigerie speciale - 2 ML;D18;Accesoriu special desfasurata 851-900 mm;lucios;0.40;buc;bucata 2 ml;11.79;
08. ACCESORII SPECIALE;Accesorii tinichigerie speciale - 2 ML;D18;Accesoriu special desfasurata 851-900 mm;lucios;0.45;buc;bucata 2 ml;13.76;
08. ACCESORII SPECIALE;Accesorii tinichigerie speciale - 2 ML;D18;Accesoriu special desfasurata 851-900 mm;lucios;0.50;buc;bucata 2 ml;14.75;
08. ACCESORII SPECIALE;Accesorii tinichigerie speciale - 2 ML;D18;Accesoriu special desfasurata 851-900 mm;lucios;0.60;buc;bucata 2 ml;16.71;
08. ACCESORII SPECIALE;Accesorii tinichigerie speciale - 2 ML;D18;Accesoriu special desfasurata 851-900 mm;lucios;0.70;buc;bucata 2 ml;21.31;
08. ACCESORII SPECIALE;Accesorii tinichigerie speciale - 2 ML;D19;Accesoriu special desfasurata 901-950 mm;lucios;0.40;buc;bucata 2 ml;12.45;
08. ACCESORII SPECIALE;Accesorii tinichigerie speciale - 2 ML;D19;Accesoriu special desfasurata 901-950 mm;lucios;0.45;buc;bucata 2 ml;14.52;
08. ACCESORII SPECIALE;Accesorii tinichigerie speciale - 2 ML;D19;Accesoriu special desfasurata 901-950 mm;lucios;0.50;buc;bucata 2 ml;15.57;
08. ACCESORII SPECIALE;Accesorii tinichigerie speciale - 2 ML;D19;Accesoriu special desfasurata 901-950 mm;lucios;0.60;buc;bucata 2 ml;17.64;
08. ACCESORII SPECIALE;Accesorii tinichigerie speciale - 2 ML;D19;Accesoriu special desfasurata 901-950 mm;lucios;0.70;buc;bucata 2 ml;22.49;
08. ACCESORII SPECIALE;Accesorii tinichigerie speciale - 2 ML;D20;Accesoriu special desfasurata 951-1000 mm;lucios;0.40;buc;bucata 2 ml;13.10;
08. ACCESORII SPECIALE;Accesorii tinichigerie speciale - 2 ML;D20;Accesoriu special desfasurata 951-1000 mm;lucios;0.45;buc;bucata 2 ml;15.28;
08. ACCESORII SPECIALE;Accesorii tinichigerie speciale - 2 ML;D20;Accesoriu special desfasurata 951-1000 mm;lucios;0.50;buc;bucata 2 ml;16.39;
08. ACCESORII SPECIALE;Accesorii tinichigerie speciale - 2 ML;D20;Accesoriu special desfasurata 951-1000 mm;lucios;0.60;buc;bucata 2 ml;18.57;
08. ACCESORII SPECIALE;Accesorii tinichigerie speciale - 2 ML;D20;Accesoriu special desfasurata 951-1000 mm;lucios;0.70;buc;bucata 2 ml;23.68;
08. ACCESORII SPECIALE;Accesorii tinichigerie speciale - 2 ML;D21;Accesoriu special desfasurata 1001-1050 mm;lucios;0.40;buc;bucata 2 ml;13.76;
08. ACCESORII SPECIALE;Accesorii tinichigerie speciale - 2 ML;D21;Accesoriu special desfasurata 1001-1050 mm;lucios;0.45;buc;bucata 2 ml;16.05;
08. ACCESORII SPECIALE;Accesorii tinichigerie speciale - 2 ML;D21;Accesoriu special desfasurata 1001-1050 mm;lucios;0.50;buc;bucata 2 ml;17.21;
08. ACCESORII SPECIALE;Accesorii tinichigerie speciale - 2 ML;D21;Accesoriu special desfasurata 1001-1050 mm;lucios;0.60;buc;bucata 2 ml;19.49;
08. ACCESORII SPECIALE;Accesorii tinichigerie speciale - 2 ML;D21;Accesoriu special desfasurata 1001-1050 mm;lucios;0.70;buc;bucata 2 ml;24.86;
08. ACCESORII SPECIALE;Accesorii tinichigerie speciale - 2 ML;D22;Accesoriu special desfasurata 1051-1100 mm;lucios;0.40;buc;bucata 2 ml;14.41;
08. ACCESORII SPECIALE;Accesorii tinichigerie speciale - 2 ML;D22;Accesoriu special desfasurata 1051-1100 mm;lucios;0.45;buc;bucata 2 ml;16.81;
08. ACCESORII SPECIALE;Accesorii tinichigerie speciale - 2 ML;D22;Accesoriu special desfasurata 1051-1100 mm;lucios;0.50;buc;bucata 2 ml;18.02;
08. ACCESORII SPECIALE;Accesorii tinichigerie speciale - 2 ML;D22;Accesoriu special desfasurata 1051-1100 mm;lucios;0.60;buc;bucata 2 ml;20.42;
08. ACCESORII SPECIALE;Accesorii tinichigerie speciale - 2 ML;D22;Accesoriu special desfasurata 1051-1100 mm;lucios;0.70;buc;bucata 2 ml;26.04;
08. ACCESORII SPECIALE;Accesorii tinichigerie speciale - 2 ML;D23;Accesoriu special desfasurata 1101-1150 mm;lucios;0.40;buc;bucata 2 ml;15.07;
08. ACCESORII SPECIALE;Accesorii tinichigerie speciale - 2 ML;D23;Accesoriu special desfasurata 1101-1150 mm;lucios;0.45;buc;bucata 2 ml;17.58;
08. ACCESORII SPECIALE;Accesorii tinichigerie speciale - 2 ML;D23;Accesoriu special desfasurata 1101-1150 mm;lucios;0.50;buc;bucata 2 ml;18.84;
08. ACCESORII SPECIALE;Accesorii tinichigerie speciale - 2 ML;D23;Accesoriu special desfasurata 1101-1150 mm;lucios;0.60;buc;bucata 2 ml;21.35;
08. ACCESORII SPECIALE;Accesorii tinichigerie speciale - 2 ML;D23;Accesoriu special desfasurata 1101-1150 mm;lucios;0.70;buc;bucata 2 ml;27.23;
08. ACCESORII SPECIALE;Accesorii tinichigerie speciale - 2 ML;D24;Accesoriu special desfasurata 1151-1200 mm;lucios;0.40;buc;bucata 2 ml;15.73;
08. ACCESORII SPECIALE;Accesorii tinichigerie speciale - 2 ML;D24;Accesoriu special desfasurata 1151-1200 mm;lucios;0.45;buc;bucata 2 ml;18.34;
08. ACCESORII SPECIALE;Accesorii tinichigerie speciale - 2 ML;D24;Accesoriu special desfasurata 1151-1200 mm;lucios;0.50;buc;bucata 2 ml;19.66;
08. ACCESORII SPECIALE;Accesorii tinichigerie speciale - 2 ML;D24;Accesoriu special desfasurata 1151-1200 mm;lucios;0.60;buc;bucata 2 ml;22.28;
08. ACCESORII SPECIALE;Accesorii tinichigerie speciale - 2 ML;D24;Accesoriu special desfasurata 1151-1200 mm;lucios;0.70;buc;bucata 2 ml;28.41;
08. ACCESORII SPECIALE;Accesorii tinichigerie speciale - 2 ML;D25;Accesoriu special desfasurata 1201-1250 mm;lucios;0.40;buc;bucata 2 ml;16.38;
08. ACCESORII SPECIALE;Accesorii tinichigerie speciale - 2 ML;D25;Accesoriu special desfasurata 1201-1250 mm;lucios;0.45;buc;bucata 2 ml;19.11;
08. ACCESORII SPECIALE;Accesorii tinichigerie speciale - 2 ML;D25;Accesoriu special desfasurata 1201-1250 mm;lucios;0.50;buc;bucata 2 ml;20.48;
08. ACCESORII SPECIALE;Accesorii tinichigerie speciale - 2 ML;D25;Accesoriu special desfasurata 1201-1250 mm;lucios;0.60;buc;bucata 2 ml;23.21;
08. ACCESORII SPECIALE;Accesorii tinichigerie speciale - 2 ML;D25;Accesoriu special desfasurata 1201-1250 mm;lucios;0.70;buc;bucata 2 ml;29.60;
08. ACCESORII SPECIALE;Accesorii tinichigerie speciale - 2 ML;D01;Accesoriu special desfasurata 0-50 mm;mat;0.40;buc;bucata 2 ml;0.71;
08. ACCESORII SPECIALE;Accesorii tinichigerie speciale - 2 ML;D01;Accesoriu special desfasurata 0-50 mm;mat;0.45;buc;bucata 2 ml;0.82;
08. ACCESORII SPECIALE;Accesorii tinichigerie speciale - 2 ML;D01;Accesoriu special desfasurata 0-50 mm;mat;0.50;buc;bucata 2 ml;0.85;
08. ACCESORII SPECIALE;Accesorii tinichigerie speciale - 2 ML;D01;Accesoriu special desfasurata 0-50 mm;mat;0.60;buc;bucata 2 ml;0.97;
08. ACCESORII SPECIALE;Accesorii tinichigerie speciale - 2 ML;D01;Accesoriu special desfasurata 0-50 mm;Grande Mat (GDM);0.50;buc;bucata 2 ml;1.12;
08. ACCESORII SPECIALE;Accesorii tinichigerie speciale - 2 ML;D02;Accesoriu special desfasurata 51-100 mm;mat;0.40;buc;bucata 2 ml;1.43;
08. ACCESORII SPECIALE;Accesorii tinichigerie speciale - 2 ML;D02;Accesoriu special desfasurata 51-100 mm;mat;0.45;buc;bucata 2 ml;1.63;
08. ACCESORII SPECIALE;Accesorii tinichigerie speciale - 2 ML;D02;Accesoriu special desfasurata 51-100 mm;mat;0.50;buc;bucata 2 ml;1.71;
08. ACCESORII SPECIALE;Accesorii tinichigerie speciale - 2 ML;D02;Accesoriu special desfasurata 51-100 mm;mat;0.60;buc;bucata 2 ml;1.93;
08. ACCESORII SPECIALE;Accesorii tinichigerie speciale - 2 ML;D02;Accesoriu special desfasurata 51-100 mm;Grande Mat (GDM);0.50;buc;bucata 2 ml;2.24;
08. ACCESORII SPECIALE;Accesorii tinichigerie speciale - 2 ML;D03;Accesoriu special desfasurata 101-150 mm;mat;0.40;buc;bucata 2 ml;2.14;
08. ACCESORII SPECIALE;Accesorii tinichigerie speciale - 2 ML;D03;Accesoriu special desfasurata 101-150 mm;mat;0.45;buc;bucata 2 ml;2.45;
08. ACCESORII SPECIALE;Accesorii tinichigerie speciale - 2 ML;D03;Accesoriu special desfasurata 101-150 mm;mat;0.50;buc;bucata 2 ml;2.56;
08. ACCESORII SPECIALE;Accesorii tinichigerie speciale - 2 ML;D03;Accesoriu special desfasurata 101-150 mm;mat;0.60;buc;bucata 2 ml;2.90;
08. ACCESORII SPECIALE;Accesorii tinichigerie speciale - 2 ML;D03;Accesoriu special desfasurata 101-150 mm;Grande Mat (GDM);0.50;buc;bucata 2 ml;3.35;
08. ACCESORII SPECIALE;Accesorii tinichigerie speciale - 2 ML;D04;Accesoriu special desfasurata 151-200 mm;mat;0.40;buc;bucata 2 ml;2.86;
08. ACCESORII SPECIALE;Accesorii tinichigerie speciale - 2 ML;D04;Accesoriu special desfasurata 151-200 mm;mat;0.45;buc;bucata 2 ml;3.27;
08. ACCESORII SPECIALE;Accesorii tinichigerie speciale - 2 ML;D04;Accesoriu special desfasurata 151-200 mm;mat;0.50;buc;bucata 2 ml;3.41;
08. ACCESORII SPECIALE;Accesorii tinichigerie speciale - 2 ML;D04;Accesoriu special desfasurata 151-200 mm;mat;0.60;buc;bucata 2 ml;3.86;
08. ACCESORII SPECIALE;Accesorii tinichigerie speciale - 2 ML;D04;Accesoriu special desfasurata 151-200 mm;Grande Mat (GDM);0.50;buc;bucata 2 ml;4.47;
08. ACCESORII SPECIALE;Accesorii tinichigerie speciale - 2 ML;D05;Accesoriu special desfasurata 201-250 mm;mat;0.40;buc;bucata 2 ml;3.57;
08. ACCESORII SPECIALE;Accesorii tinichigerie speciale - 2 ML;D05;Accesoriu special desfasurata 201-250 mm;mat;0.45;buc;bucata 2 ml;4.09;
08. ACCESORII SPECIALE;Accesorii tinichigerie speciale - 2 ML;D05;Accesoriu special desfasurata 201-250 mm;mat;0.50;buc;bucata 2 ml;4.26;
08. ACCESORII SPECIALE;Accesorii tinichigerie speciale - 2 ML;D05;Accesoriu special desfasurata 201-250 mm;mat;0.60;buc;bucata 2 ml;4.83;
08. ACCESORII SPECIALE;Accesorii tinichigerie speciale - 2 ML;D05;Accesoriu special desfasurata 201-250 mm;Grande Mat (GDM);0.50;buc;bucata 2 ml;5.59;
08. ACCESORII SPECIALE;Accesorii tinichigerie speciale - 2 ML;D06;Accesoriu special desfasurata 251-300 mm;mat;0.40;buc;bucata 2 ml;4.29;
08. ACCESORII SPECIALE;Accesorii tinichigerie speciale - 2 ML;D06;Accesoriu special desfasurata 251-300 mm;mat;0.45;buc;bucata 2 ml;4.90;
08. ACCESORII SPECIALE;Accesorii tinichigerie speciale - 2 ML;D06;Accesoriu special desfasurata 251-300 mm;mat;0.50;buc;bucata 2 ml;5.12;
08. ACCESORII SPECIALE;Accesorii tinichigerie speciale - 2 ML;D06;Accesoriu special desfasurata 251-300 mm;mat;0.60;buc;bucata 2 ml;5.80;
08. ACCESORII SPECIALE;Accesorii tinichigerie speciale - 2 ML;D06;Accesoriu special desfasurata 251-300 mm;Grande Mat (GDM);0.50;buc;bucata 2 ml;6.71;
08. ACCESORII SPECIALE;Accesorii tinichigerie speciale - 2 ML;D07;Accesoriu special desfasurata 301-350 mm;mat;0.40;buc;bucata 2 ml;5.00;
08. ACCESORII SPECIALE;Accesorii tinichigerie speciale - 2 ML;D07;Accesoriu special desfasurata 301-350 mm;mat;0.45;buc;bucata 2 ml;5.72;
08. ACCESORII SPECIALE;Accesorii tinichigerie speciale - 2 ML;D07;Accesoriu special desfasurata 301-350 mm;mat;0.50;buc;bucata 2 ml;5.97;
08. ACCESORII SPECIALE;Accesorii tinichigerie speciale - 2 ML;D07;Accesoriu special desfasurata 301-350 mm;mat;0.60;buc;bucata 2 ml;6.76;
08. ACCESORII SPECIALE;Accesorii tinichigerie speciale - 2 ML;D07;Accesoriu special desfasurata 301-350 mm;Grande Mat (GDM);0.50;buc;bucata 2 ml;7.82;
08. ACCESORII SPECIALE;Accesorii tinichigerie speciale - 2 ML;D08;Accesoriu special desfasurata 351-400 mm;mat;0.40;buc;bucata 2 ml;5.72;
08. ACCESORII SPECIALE;Accesorii tinichigerie speciale - 2 ML;D08;Accesoriu special desfasurata 351-400 mm;mat;0.45;buc;bucata 2 ml;6.54;
08. ACCESORII SPECIALE;Accesorii tinichigerie speciale - 2 ML;D08;Accesoriu special desfasurata 351-400 mm;mat;0.50;buc;bucata 2 ml;6.82;
08. ACCESORII SPECIALE;Accesorii tinichigerie speciale - 2 ML;D08;Accesoriu special desfasurata 351-400 mm;mat;0.60;buc;bucata 2 ml;7.73;
08. ACCESORII SPECIALE;Accesorii tinichigerie speciale - 2 ML;D08;Accesoriu special desfasurata 351-400 mm;Grande Mat (GDM);0.50;buc;bucata 2 ml;8.94;
08. ACCESORII SPECIALE;Accesorii tinichigerie speciale - 2 ML;D09;Accesoriu special desfasurata 401-450 mm;mat;0.40;buc;bucata 2 ml;6.43;
08. ACCESORII SPECIALE;Accesorii tinichigerie speciale - 2 ML;D09;Accesoriu special desfasurata 401-450 mm;mat;0.45;buc;bucata 2 ml;7.35;
08. ACCESORII SPECIALE;Accesorii tinichigerie speciale - 2 ML;D09;Accesoriu special desfasurata 401-450 mm;mat;0.50;buc;bucata 2 ml;7.67;
08. ACCESORII SPECIALE;Accesorii tinichigerie speciale - 2 ML;D09;Accesoriu special desfasurata 401-450 mm;mat;0.60;buc;bucata 2 ml;8.70;
08. ACCESORII SPECIALE;Accesorii tinichigerie speciale - 2 ML;D09;Accesoriu special desfasurata 401-450 mm;Grande Mat (GDM);0.50;buc;bucata 2 ml;10.06;
08. ACCESORII SPECIALE;Accesorii tinichigerie speciale - 2 ML;D10;Accesoriu special desfasurata 451-500 mm;mat;0.40;buc;bucata 2 ml;7.15;
08. ACCESORII SPECIALE;Accesorii tinichigerie speciale - 2 ML;D10;Accesoriu special desfasurata 451-500 mm;mat;0.45;buc;bucata 2 ml;8.17;
08. ACCESORII SPECIALE;Accesorii tinichigerie speciale - 2 ML;D10;Accesoriu special desfasurata 451-500 mm;mat;0.50;buc;bucata 2 ml;8.53;
08. ACCESORII SPECIALE;Accesorii tinichigerie speciale - 2 ML;D10;Accesoriu special desfasurata 451-500 mm;mat;0.60;buc;bucata 2 ml;9.66;
08. ACCESORII SPECIALE;Accesorii tinichigerie speciale - 2 ML;D10;Accesoriu special desfasurata 451-500 mm;Grande Mat (GDM);0.50;buc;bucata 2 ml;11.18;
08. ACCESORII SPECIALE;Accesorii tinichigerie speciale - 2 ML;D11;Accesoriu special desfasurata 501-550 mm;mat;0.40;buc;bucata 2 ml;7.86;
08. ACCESORII SPECIALE;Accesorii tinichigerie speciale - 2 ML;D11;Accesoriu special desfasurata 501-550 mm;mat;0.45;buc;bucata 2 ml;8.99;
08. ACCESORII SPECIALE;Accesorii tinichigerie speciale - 2 ML;D11;Accesoriu special desfasurata 501-550 mm;mat;0.50;buc;bucata 2 ml;9.38;
08. ACCESORII SPECIALE;Accesorii tinichigerie speciale - 2 ML;D11;Accesoriu special desfasurata 501-550 mm;mat;0.60;buc;bucata 2 ml;10.63;
08. ACCESORII SPECIALE;Accesorii tinichigerie speciale - 2 ML;D11;Accesoriu special desfasurata 501-550 mm;Grande Mat (GDM);0.50;buc;bucata 2 ml;12.29;
08. ACCESORII SPECIALE;Accesorii tinichigerie speciale - 2 ML;D12;Accesoriu special desfasurata 551-600 mm;mat;0.40;buc;bucata 2 ml;8.58;
08. ACCESORII SPECIALE;Accesorii tinichigerie speciale - 2 ML;D12;Accesoriu special desfasurata 551-600 mm;mat;0.45;buc;bucata 2 ml;9.80;
08. ACCESORII SPECIALE;Accesorii tinichigerie speciale - 2 ML;D12;Accesoriu special desfasurata 551-600 mm;mat;0.50;buc;bucata 2 ml;10.23;
08. ACCESORII SPECIALE;Accesorii tinichigerie speciale - 2 ML;D12;Accesoriu special desfasurata 551-600 mm;mat;0.60;buc;bucata 2 ml;11.59;
08. ACCESORII SPECIALE;Accesorii tinichigerie speciale - 2 ML;D12;Accesoriu special desfasurata 551-600 mm;Grande Mat (GDM);0.50;buc;bucata 2 ml;13.41;
08. ACCESORII SPECIALE;Accesorii tinichigerie speciale - 2 ML;D13;Accesoriu special desfasurata 601-650 mm;mat;0.40;buc;bucata 2 ml;9.29;
08. ACCESORII SPECIALE;Accesorii tinichigerie speciale - 2 ML;D13;Accesoriu special desfasurata 601-650 mm;mat;0.45;buc;bucata 2 ml;10.62;
08. ACCESORII SPECIALE;Accesorii tinichigerie speciale - 2 ML;D13;Accesoriu special desfasurata 601-650 mm;mat;0.50;buc;bucata 2 ml;11.08;
08. ACCESORII SPECIALE;Accesorii tinichigerie speciale - 2 ML;D13;Accesoriu special desfasurata 601-650 mm;mat;0.60;buc;bucata 2 ml;12.56;
08. ACCESORII SPECIALE;Accesorii tinichigerie speciale - 2 ML;D13;Accesoriu special desfasurata 601-650 mm;Grande Mat (GDM);0.50;buc;bucata 2 ml;14.53;
08. ACCESORII SPECIALE;Accesorii tinichigerie speciale - 2 ML;D14;Accesoriu special desfasurata 651-700 mm;mat;0.40;buc;bucata 2 ml;10.01;
08. ACCESORII SPECIALE;Accesorii tinichigerie speciale - 2 ML;D14;Accesoriu special desfasurata 651-700 mm;mat;0.45;buc;bucata 2 ml;11.44;
08. ACCESORII SPECIALE;Accesorii tinichigerie speciale - 2 ML;D14;Accesoriu special desfasurata 651-700 mm;mat;0.50;buc;bucata 2 ml;11.94;
08. ACCESORII SPECIALE;Accesorii tinichigerie speciale - 2 ML;D14;Accesoriu special desfasurata 651-700 mm;mat;0.60;buc;bucata 2 ml;13.53;
08. ACCESORII SPECIALE;Accesorii tinichigerie speciale - 2 ML;D14;Accesoriu special desfasurata 651-700 mm;Grande Mat (GDM);0.50;buc;bucata 2 ml;15.65;
08. ACCESORII SPECIALE;Accesorii tinichigerie speciale - 2 ML;D15;Accesoriu special desfasurata 701-750 mm;mat;0.40;buc;bucata 2 ml;10.72;
08. ACCESORII SPECIALE;Accesorii tinichigerie speciale - 2 ML;D15;Accesoriu special desfasurata 701-750 mm;mat;0.45;buc;bucata 2 ml;12.26;
08. ACCESORII SPECIALE;Accesorii tinichigerie speciale - 2 ML;D15;Accesoriu special desfasurata 701-750 mm;mat;0.50;buc;bucata 2 ml;12.79;
08. ACCESORII SPECIALE;Accesorii tinichigerie speciale - 2 ML;D15;Accesoriu special desfasurata 701-750 mm;mat;0.60;buc;bucata 2 ml;14.49;
08. ACCESORII SPECIALE;Accesorii tinichigerie speciale - 2 ML;D15;Accesoriu special desfasurata 701-750 mm;Grande Mat (GDM);0.50;buc;bucata 2 ml;16.76;
08. ACCESORII SPECIALE;Accesorii tinichigerie speciale - 2 ML;D16;Accesoriu special desfasurata 751-800 mm;mat;0.40;buc;bucata 2 ml;11.44;
08. ACCESORII SPECIALE;Accesorii tinichigerie speciale - 2 ML;D16;Accesoriu special desfasurata 751-800 mm;mat;0.45;buc;bucata 2 ml;13.07;
08. ACCESORII SPECIALE;Accesorii tinichigerie speciale - 2 ML;D16;Accesoriu special desfasurata 751-800 mm;mat;0.50;buc;bucata 2 ml;13.64;
08. ACCESORII SPECIALE;Accesorii tinichigerie speciale - 2 ML;D16;Accesoriu special desfasurata 751-800 mm;mat;0.60;buc;bucata 2 ml;15.46;
08. ACCESORII SPECIALE;Accesorii tinichigerie speciale - 2 ML;D16;Accesoriu special desfasurata 751-800 mm;Grande Mat (GDM);0.50;buc;bucata 2 ml;17.88;
08. ACCESORII SPECIALE;Accesorii tinichigerie speciale - 2 ML;D17;Accesoriu special desfasurata 801-850 mm;mat;0.40;buc;bucata 2 ml;12.15;
08. ACCESORII SPECIALE;Accesorii tinichigerie speciale - 2 ML;D17;Accesoriu special desfasurata 801-850 mm;mat;0.45;buc;bucata 2 ml;13.89;
08. ACCESORII SPECIALE;Accesorii tinichigerie speciale - 2 ML;D17;Accesoriu special desfasurata 801-850 mm;mat;0.50;buc;bucata 2 ml;14.49;
08. ACCESORII SPECIALE;Accesorii tinichigerie speciale - 2 ML;D17;Accesoriu special desfasurata 801-850 mm;mat;0.60;buc;bucata 2 ml;16.43;
08. ACCESORII SPECIALE;Accesorii tinichigerie speciale - 2 ML;D17;Accesoriu special desfasurata 801-850 mm;Grande Mat (GDM);0.50;buc;bucata 2 ml;19.00;
08. ACCESORII SPECIALE;Accesorii tinichigerie speciale - 2 ML;D18;Accesoriu special desfasurata 851-900 mm;mat;0.40;buc;bucata 2 ml;12.87;
08. ACCESORII SPECIALE;Accesorii tinichigerie speciale - 2 ML;D18;Accesoriu special desfasurata 851-900 mm;mat;0.45;buc;bucata 2 ml;14.71;
08. ACCESORII SPECIALE;Accesorii tinichigerie speciale - 2 ML;D18;Accesoriu special desfasurata 851-900 mm;mat;0.50;buc;bucata 2 ml;15.35;
08. ACCESORII SPECIALE;Accesorii tinichigerie speciale - 2 ML;D18;Accesoriu special desfasurata 851-900 mm;mat;0.60;buc;bucata 2 ml;17.39;
08. ACCESORII SPECIALE;Accesorii tinichigerie speciale - 2 ML;D18;Accesoriu special desfasurata 851-900 mm;Grande Mat (GDM);0.50;buc;bucata 2 ml;20.12;
08. ACCESORII SPECIALE;Accesorii tinichigerie speciale - 2 ML;D19;Accesoriu special desfasurata 901-950 mm;mat;0.40;buc;bucata 2 ml;13.58;
08. ACCESORII SPECIALE;Accesorii tinichigerie speciale - 2 ML;D19;Accesoriu special desfasurata 901-950 mm;mat;0.45;buc;bucata 2 ml;15.52;
08. ACCESORII SPECIALE;Accesorii tinichigerie speciale - 2 ML;D19;Accesoriu special desfasurata 901-950 mm;mat;0.50;buc;bucata 2 ml;16.20;
08. ACCESORII SPECIALE;Accesorii tinichigerie speciale - 2 ML;D19;Accesoriu special desfasurata 901-950 mm;mat;0.60;buc;bucata 2 ml;18.36;
08. ACCESORII SPECIALE;Accesorii tinichigerie speciale - 2 ML;D19;Accesoriu special desfasurata 901-950 mm;Grande Mat (GDM);0.50;buc;bucata 2 ml;21.24;
08. ACCESORII SPECIALE;Accesorii tinichigerie speciale - 2 ML;D20;Accesoriu special desfasurata 951-1000 mm;mat;0.40;buc;bucata 2 ml;14.30;
08. ACCESORII SPECIALE;Accesorii tinichigerie speciale - 2 ML;D20;Accesoriu special desfasurata 951-1000 mm;mat;0.45;buc;bucata 2 ml;16.34;
08. ACCESORII SPECIALE;Accesorii tinichigerie speciale - 2 ML;D20;Accesoriu special desfasurata 951-1000 mm;mat;0.50;buc;bucata 2 ml;17.05;
08. ACCESORII SPECIALE;Accesorii tinichigerie speciale - 2 ML;D20;Accesoriu special desfasurata 951-1000 mm;mat;0.60;buc;bucata 2 ml;19.32;
08. ACCESORII SPECIALE;Accesorii tinichigerie speciale - 2 ML;D20;Accesoriu special desfasurata 951-1000 mm;Grande Mat (GDM);0.50;buc;bucata 2 ml;22.35;
08. ACCESORII SPECIALE;Accesorii tinichigerie speciale - 2 ML;D21;Accesoriu special desfasurata 1001-1050 mm;mat;0.40;buc;bucata 2 ml;15.01;
08. ACCESORII SPECIALE;Accesorii tinichigerie speciale - 2 ML;D21;Accesoriu special desfasurata 1001-1050 mm;mat;0.45;buc;bucata 2 ml;17.16;
08. ACCESORII SPECIALE;Accesorii tinichigerie speciale - 2 ML;D21;Accesoriu special desfasurata 1001-1050 mm;mat;0.50;buc;bucata 2 ml;17.90;
08. ACCESORII SPECIALE;Accesorii tinichigerie speciale - 2 ML;D21;Accesoriu special desfasurata 1001-1050 mm;mat;0.60;buc;bucata 2 ml;20.29;
08. ACCESORII SPECIALE;Accesorii tinichigerie speciale - 2 ML;D21;Accesoriu special desfasurata 1001-1050 mm;Grande Mat (GDM);0.50;buc;bucata 2 ml;23.47;
08. ACCESORII SPECIALE;Accesorii tinichigerie speciale - 2 ML;D22;Accesoriu special desfasurata 1051-1100 mm;mat;0.40;buc;bucata 2 ml;15.73;
08. ACCESORII SPECIALE;Accesorii tinichigerie speciale - 2 ML;D22;Accesoriu special desfasurata 1051-1100 mm;mat;0.45;buc;bucata 2 ml;17.97;
08. ACCESORII SPECIALE;Accesorii tinichigerie speciale - 2 ML;D22;Accesoriu special desfasurata 1051-1100 mm;mat;0.50;buc;bucata 2 ml;18.76;
08. ACCESORII SPECIALE;Accesorii tinichigerie speciale - 2 ML;D22;Accesoriu special desfasurata 1051-1100 mm;mat;0.60;buc;bucata 2 ml;21.26;
08. ACCESORII SPECIALE;Accesorii tinichigerie speciale - 2 ML;D22;Accesoriu special desfasurata 1051-1100 mm;Grande Mat (GDM);0.50;buc;bucata 2 ml;24.59;
08. ACCESORII SPECIALE;Accesorii tinichigerie speciale - 2 ML;D23;Accesoriu special desfasurata 1101-1150 mm;mat;0.40;buc;bucata 2 ml;16.44;
08. ACCESORII SPECIALE;Accesorii tinichigerie speciale - 2 ML;D23;Accesoriu special desfasurata 1101-1150 mm;mat;0.45;buc;bucata 2 ml;18.79;
08. ACCESORII SPECIALE;Accesorii tinichigerie speciale - 2 ML;D23;Accesoriu special desfasurata 1101-1150 mm;mat;0.50;buc;bucata 2 ml;19.61;
08. ACCESORII SPECIALE;Accesorii tinichigerie speciale - 2 ML;D23;Accesoriu special desfasurata 1101-1150 mm;mat;0.60;buc;bucata 2 ml;22.22;
08. ACCESORII SPECIALE;Accesorii tinichigerie speciale - 2 ML;D23;Accesoriu special desfasurata 1101-1150 mm;Grande Mat (GDM);0.50;buc;bucata 2 ml;25.71;
08. ACCESORII SPECIALE;Accesorii tinichigerie speciale - 2 ML;D24;Accesoriu special desfasurata 1151-1200 mm;mat;0.40;buc;bucata 2 ml;17.16;
08. ACCESORII SPECIALE;Accesorii tinichigerie speciale - 2 ML;D24;Accesoriu special desfasurata 1151-1200 mm;mat;0.45;buc;bucata 2 ml;19.61;
08. ACCESORII SPECIALE;Accesorii tinichigerie speciale - 2 ML;D24;Accesoriu special desfasurata 1151-1200 mm;mat;0.50;buc;bucata 2 ml;20.46;
08. ACCESORII SPECIALE;Accesorii tinichigerie speciale - 2 ML;D24;Accesoriu special desfasurata 1151-1200 mm;mat;0.60;buc;bucata 2 ml;23.19;
08. ACCESORII SPECIALE;Accesorii tinichigerie speciale - 2 ML;D24;Accesoriu special desfasurata 1151-1200 mm;Grande Mat (GDM);0.50;buc;bucata 2 ml;26.82;
08. ACCESORII SPECIALE;Accesorii tinichigerie speciale - 2 ML;D25;Accesoriu special desfasurata 1201-1250 mm;mat;0.40;buc;bucata 2 ml;17.87;
08. ACCESORII SPECIALE;Accesorii tinichigerie speciale - 2 ML;D25;Accesoriu special desfasurata 1201-1250 mm;mat;0.45;buc;bucata 2 ml;20.43;
08. ACCESORII SPECIALE;Accesorii tinichigerie speciale - 2 ML;D25;Accesoriu special desfasurata 1201-1250 mm;mat;0.50;buc;bucata 2 ml;21.31;
08. ACCESORII SPECIALE;Accesorii tinichigerie speciale - 2 ML;D25;Accesoriu special desfasurata 1201-1250 mm;mat;0.60;buc;bucata 2 ml;24.15;
08. ACCESORII SPECIALE;Accesorii tinichigerie speciale - 2 ML;D25;Accesoriu special desfasurata 1201-1250 mm;Grande Mat (GDM);0.50;buc;bucata 2 ml;27.94;
08. ACCESORII SPECIALE;Accesorii tinichigerie speciale - 2 ML;D01;Accesoriu special desfasurata 0-50 mm;dublu vopsit lucios SSAB;0.60;buc;bucata 2 ml;1.34;
08. ACCESORII SPECIALE;Accesorii tinichigerie speciale - 2 ML;D01;Accesoriu special desfasurata 0-50 mm;dublu vopsit mat SSAB;0.60;buc;bucata 2 ml;1.92;
08. ACCESORII SPECIALE;Accesorii tinichigerie speciale - 2 ML;D01;Accesoriu special desfasurata 0-50 mm;dublu vopsit lucios;0.50;buc;bucata 2 ml;0.90;
08. ACCESORII SPECIALE;Accesorii tinichigerie speciale - 2 ML;D01;Accesoriu special desfasurata 0-50 mm;dublu vopsit mat;0.50;buc;bucata 2 ml;0.94;
08. ACCESORII SPECIALE;Accesorii tinichigerie speciale - 2 ML;D01;Accesoriu special desfasurata 0-50 mm;dublu vopsit lucios;0.40;buc;bucata 2 ml;0.72;
08. ACCESORII SPECIALE;Accesorii tinichigerie speciale - 2 ML;D01;Accesoriu special desfasurata 0-50 mm;dublu vopsit mat;0.40;buc;bucata 2 ml;0.79;
08. ACCESORII SPECIALE;Accesorii tinichigerie speciale - 2 ML;D02;Accesoriu special desfasurata 51-100 mm;dublu vopsit lucios SSAB;0.60;buc;bucata 2 ml;2.69;
08. ACCESORII SPECIALE;Accesorii tinichigerie speciale - 2 ML;D02;Accesoriu special desfasurata 51-100 mm;dublu vopsit mat SSAB;0.60;buc;bucata 2 ml;3.83;
08. ACCESORII SPECIALE;Accesorii tinichigerie speciale - 2 ML;D02;Accesoriu special desfasurata 51-100 mm;dublu vopsit lucios;0.50;buc;bucata 2 ml;1.80;
08. ACCESORII SPECIALE;Accesorii tinichigerie speciale - 2 ML;D02;Accesoriu special desfasurata 51-100 mm;dublu vopsit mat;0.50;buc;bucata 2 ml;1.88;
08. ACCESORII SPECIALE;Accesorii tinichigerie speciale - 2 ML;D02;Accesoriu special desfasurata 51-100 mm;dublu vopsit lucios;0.40;buc;bucata 2 ml;1.44;
08. ACCESORII SPECIALE;Accesorii tinichigerie speciale - 2 ML;D02;Accesoriu special desfasurata 51-100 mm;dublu vopsit mat;0.40;buc;bucata 2 ml;1.57;
08. ACCESORII SPECIALE;Accesorii tinichigerie speciale - 2 ML;D03;Accesoriu special desfasurata 101-150 mm;dublu vopsit lucios SSAB;0.60;buc;bucata 2 ml;4.03;
08. ACCESORII SPECIALE;Accesorii tinichigerie speciale - 2 ML;D03;Accesoriu special desfasurata 101-150 mm;dublu vopsit mat SSAB;0.60;buc;bucata 2 ml;5.75;
08. ACCESORII SPECIALE;Accesorii tinichigerie speciale - 2 ML;D03;Accesoriu special desfasurata 101-150 mm;dublu vopsit lucios;0.50;buc;bucata 2 ml;2.70;
08. ACCESORII SPECIALE;Accesorii tinichigerie speciale - 2 ML;D03;Accesoriu special desfasurata 101-150 mm;dublu vopsit mat;0.50;buc;bucata 2 ml;2.81;
08. ACCESORII SPECIALE;Accesorii tinichigerie speciale - 2 ML;D03;Accesoriu special desfasurata 101-150 mm;dublu vopsit lucios;0.40;buc;bucata 2 ml;2.16;
08. ACCESORII SPECIALE;Accesorii tinichigerie speciale - 2 ML;D03;Accesoriu special desfasurata 101-150 mm;dublu vopsit mat;0.40;buc;bucata 2 ml;2.36;
08. ACCESORII SPECIALE;Accesorii tinichigerie speciale - 2 ML;D04;Accesoriu special desfasurata 151-200 mm;dublu vopsit lucios SSAB;0.60;buc;bucata 2 ml;5.37;
08. ACCESORII SPECIALE;Accesorii tinichigerie speciale - 2 ML;D04;Accesoriu special desfasurata 151-200 mm;dublu vopsit mat SSAB;0.60;buc;bucata 2 ml;7.67;
08. ACCESORII SPECIALE;Accesorii tinichigerie speciale - 2 ML;D04;Accesoriu special desfasurata 151-200 mm;dublu vopsit lucios;0.50;buc;bucata 2 ml;3.60;
08. ACCESORII SPECIALE;Accesorii tinichigerie speciale - 2 ML;D04;Accesoriu special desfasurata 151-200 mm;dublu vopsit mat;0.50;buc;bucata 2 ml;3.75;
08. ACCESORII SPECIALE;Accesorii tinichigerie speciale - 2 ML;D04;Accesoriu special desfasurata 151-200 mm;dublu vopsit lucios;0.40;buc;bucata 2 ml;2.88;
08. ACCESORII SPECIALE;Accesorii tinichigerie speciale - 2 ML;D04;Accesoriu special desfasurata 151-200 mm;dublu vopsit mat;0.40;buc;bucata 2 ml;3.15;
08. ACCESORII SPECIALE;Accesorii tinichigerie speciale - 2 ML;D05;Accesoriu special desfasurata 201-250 mm;dublu vopsit lucios SSAB;0.60;buc;bucata 2 ml;6.71;
08. ACCESORII SPECIALE;Accesorii tinichigerie speciale - 2 ML;D05;Accesoriu special desfasurata 201-250 mm;dublu vopsit mat SSAB;0.60;buc;bucata 2 ml;9.58;
08. ACCESORII SPECIALE;Accesorii tinichigerie speciale - 2 ML;D05;Accesoriu special desfasurata 201-250 mm;dublu vopsit lucios;0.50;buc;bucata 2 ml;4.51;
08. ACCESORII SPECIALE;Accesorii tinichigerie speciale - 2 ML;D05;Accesoriu special desfasurata 201-250 mm;dublu vopsit mat;0.50;buc;bucata 2 ml;4.69;
08. ACCESORII SPECIALE;Accesorii tinichigerie speciale - 2 ML;D05;Accesoriu special desfasurata 201-250 mm;dublu vopsit lucios;0.40;buc;bucata 2 ml;3.60;
08. ACCESORII SPECIALE;Accesorii tinichigerie speciale - 2 ML;D05;Accesoriu special desfasurata 201-250 mm;dublu vopsit mat;0.40;buc;bucata 2 ml;3.93;
08. ACCESORII SPECIALE;Accesorii tinichigerie speciale - 2 ML;D06;Accesoriu special desfasurata 251-300 mm;dublu vopsit lucios SSAB;0.60;buc;bucata 2 ml;8.06;
08. ACCESORII SPECIALE;Accesorii tinichigerie speciale - 2 ML;D06;Accesoriu special desfasurata 251-300 mm;dublu vopsit mat SSAB;0.60;buc;bucata 2 ml;11.50;
08. ACCESORII SPECIALE;Accesorii tinichigerie speciale - 2 ML;D06;Accesoriu special desfasurata 251-300 mm;dublu vopsit lucios;0.50;buc;bucata 2 ml;5.41;
08. ACCESORII SPECIALE;Accesorii tinichigerie speciale - 2 ML;D06;Accesoriu special desfasurata 251-300 mm;dublu vopsit mat;0.50;buc;bucata 2 ml;5.63;
08. ACCESORII SPECIALE;Accesorii tinichigerie speciale - 2 ML;D06;Accesoriu special desfasurata 251-300 mm;dublu vopsit lucios;0.40;buc;bucata 2 ml;4.32;
08. ACCESORII SPECIALE;Accesorii tinichigerie speciale - 2 ML;D06;Accesoriu special desfasurata 251-300 mm;dublu vopsit mat;0.40;buc;bucata 2 ml;4.72;
08. ACCESORII SPECIALE;Accesorii tinichigerie speciale - 2 ML;D07;Accesoriu special desfasurata 301-350 mm;dublu vopsit lucios SSAB;0.60;buc;bucata 2 ml;9.40;
08. ACCESORII SPECIALE;Accesorii tinichigerie speciale - 2 ML;D07;Accesoriu special desfasurata 301-350 mm;dublu vopsit mat SSAB;0.60;buc;bucata 2 ml;13.41;
08. ACCESORII SPECIALE;Accesorii tinichigerie speciale - 2 ML;D07;Accesoriu special desfasurata 301-350 mm;dublu vopsit lucios;0.50;buc;bucata 2 ml;6.31;
08. ACCESORII SPECIALE;Accesorii tinichigerie speciale - 2 ML;D07;Accesoriu special desfasurata 301-350 mm;dublu vopsit mat;0.50;buc;bucata 2 ml;6.56;
08. ACCESORII SPECIALE;Accesorii tinichigerie speciale - 2 ML;D07;Accesoriu special desfasurata 301-350 mm;dublu vopsit lucios;0.40;buc;bucata 2 ml;5.05;
08. ACCESORII SPECIALE;Accesorii tinichigerie speciale - 2 ML;D07;Accesoriu special desfasurata 301-350 mm;dublu vopsit mat;0.40;buc;bucata 2 ml;5.50;
08. ACCESORII SPECIALE;Accesorii tinichigerie speciale - 2 ML;D08;Accesoriu special desfasurata 351-400 mm;dublu vopsit lucios SSAB;0.60;buc;bucata 2 ml;10.74;
08. ACCESORII SPECIALE;Accesorii tinichigerie speciale - 2 ML;D08;Accesoriu special desfasurata 351-400 mm;dublu vopsit mat SSAB;0.60;buc;bucata 2 ml;15.33;
08. ACCESORII SPECIALE;Accesorii tinichigerie speciale - 2 ML;D08;Accesoriu special desfasurata 351-400 mm;dublu vopsit lucios;0.50;buc;bucata 2 ml;7.21;
08. ACCESORII SPECIALE;Accesorii tinichigerie speciale - 2 ML;D08;Accesoriu special desfasurata 351-400 mm;dublu vopsit mat;0.50;buc;bucata 2 ml;7.50;
08. ACCESORII SPECIALE;Accesorii tinichigerie speciale - 2 ML;D08;Accesoriu special desfasurata 351-400 mm;dublu vopsit lucios;0.40;buc;bucata 2 ml;5.77;
08. ACCESORII SPECIALE;Accesorii tinichigerie speciale - 2 ML;D08;Accesoriu special desfasurata 351-400 mm;dublu vopsit mat;0.40;buc;bucata 2 ml;6.29;
08. ACCESORII SPECIALE;Accesorii tinichigerie speciale - 2 ML;D09;Accesoriu special desfasurata 401-450 mm;dublu vopsit lucios SSAB;0.60;buc;bucata 2 ml;12.08;
08. ACCESORII SPECIALE;Accesorii tinichigerie speciale - 2 ML;D09;Accesoriu special desfasurata 401-450 mm;dublu vopsit mat SSAB;0.60;buc;bucata 2 ml;17.25;
08. ACCESORII SPECIALE;Accesorii tinichigerie speciale - 2 ML;D09;Accesoriu special desfasurata 401-450 mm;dublu vopsit lucios;0.50;buc;bucata 2 ml;8.11;
08. ACCESORII SPECIALE;Accesorii tinichigerie speciale - 2 ML;D09;Accesoriu special desfasurata 401-450 mm;dublu vopsit mat;0.50;buc;bucata 2 ml;8.44;
08. ACCESORII SPECIALE;Accesorii tinichigerie speciale - 2 ML;D09;Accesoriu special desfasurata 401-450 mm;dublu vopsit lucios;0.40;buc;bucata 2 ml;6.49;
08. ACCESORII SPECIALE;Accesorii tinichigerie speciale - 2 ML;D09;Accesoriu special desfasurata 401-450 mm;dublu vopsit mat;0.40;buc;bucata 2 ml;7.08;
08. ACCESORII SPECIALE;Accesorii tinichigerie speciale - 2 ML;D10;Accesoriu special desfasurata 451-500 mm;dublu vopsit lucios SSAB;0.60;buc;bucata 2 ml;13.43;
08. ACCESORII SPECIALE;Accesorii tinichigerie speciale - 2 ML;D10;Accesoriu special desfasurata 451-500 mm;dublu vopsit mat SSAB;0.60;buc;bucata 2 ml;19.16;
08. ACCESORII SPECIALE;Accesorii tinichigerie speciale - 2 ML;D10;Accesoriu special desfasurata 451-500 mm;dublu vopsit lucios;0.50;buc;bucata 2 ml;9.01;
08. ACCESORII SPECIALE;Accesorii tinichigerie speciale - 2 ML;D10;Accesoriu special desfasurata 451-500 mm;dublu vopsit mat;0.50;buc;bucata 2 ml;9.38;
08. ACCESORII SPECIALE;Accesorii tinichigerie speciale - 2 ML;D10;Accesoriu special desfasurata 451-500 mm;dublu vopsit lucios;0.40;buc;bucata 2 ml;7.21;
08. ACCESORII SPECIALE;Accesorii tinichigerie speciale - 2 ML;D10;Accesoriu special desfasurata 451-500 mm;dublu vopsit mat;0.40;buc;bucata 2 ml;7.86;
08. ACCESORII SPECIALE;Accesorii tinichigerie speciale - 2 ML;D11;Accesoriu special desfasurata 501-550 mm;dublu vopsit lucios SSAB;0.60;buc;bucata 2 ml;14.77;
08. ACCESORII SPECIALE;Accesorii tinichigerie speciale - 2 ML;D11;Accesoriu special desfasurata 501-550 mm;dublu vopsit mat SSAB;0.60;buc;bucata 2 ml;21.08;
08. ACCESORII SPECIALE;Accesorii tinichigerie speciale - 2 ML;D11;Accesoriu special desfasurata 501-550 mm;dublu vopsit lucios;0.50;buc;bucata 2 ml;9.91;
08. ACCESORII SPECIALE;Accesorii tinichigerie speciale - 2 ML;D11;Accesoriu special desfasurata 501-550 mm;dublu vopsit mat;0.50;buc;bucata 2 ml;10.32;
08. ACCESORII SPECIALE;Accesorii tinichigerie speciale - 2 ML;D11;Accesoriu special desfasurata 501-550 mm;dublu vopsit lucios;0.40;buc;bucata 2 ml;7.93;
08. ACCESORII SPECIALE;Accesorii tinichigerie speciale - 2 ML;D11;Accesoriu special desfasurata 501-550 mm;dublu vopsit mat;0.40;buc;bucata 2 ml;8.65;
08. ACCESORII SPECIALE;Accesorii tinichigerie speciale - 2 ML;D12;Accesoriu special desfasurata 551-600 mm;dublu vopsit lucios SSAB;0.60;buc;bucata 2 ml;16.11;
08. ACCESORII SPECIALE;Accesorii tinichigerie speciale - 2 ML;D12;Accesoriu special desfasurata 551-600 mm;dublu vopsit mat SSAB;0.60;buc;bucata 2 ml;23.00;
08. ACCESORII SPECIALE;Accesorii tinichigerie speciale - 2 ML;D12;Accesoriu special desfasurata 551-600 mm;dublu vopsit lucios;0.50;buc;bucata 2 ml;10.81;
08. ACCESORII SPECIALE;Accesorii tinichigerie speciale - 2 ML;D12;Accesoriu special desfasurata 551-600 mm;dublu vopsit mat;0.50;buc;bucata 2 ml;11.25;
08. ACCESORII SPECIALE;Accesorii tinichigerie speciale - 2 ML;D12;Accesoriu special desfasurata 551-600 mm;dublu vopsit lucios;0.40;buc;bucata 2 ml;8.65;
08. ACCESORII SPECIALE;Accesorii tinichigerie speciale - 2 ML;D12;Accesoriu special desfasurata 551-600 mm;dublu vopsit mat;0.40;buc;bucata 2 ml;9.44;
08. ACCESORII SPECIALE;Accesorii tinichigerie speciale - 2 ML;D13;Accesoriu special desfasurata 601-650 mm;dublu vopsit lucios SSAB;0.60;buc;bucata 2 ml;17.45;
08. ACCESORII SPECIALE;Accesorii tinichigerie speciale - 2 ML;D13;Accesoriu special desfasurata 601-650 mm;dublu vopsit mat SSAB;0.60;buc;bucata 2 ml;24.91;
08. ACCESORII SPECIALE;Accesorii tinichigerie speciale - 2 ML;D13;Accesoriu special desfasurata 601-650 mm;dublu vopsit lucios;0.50;buc;bucata 2 ml;11.72;
08. ACCESORII SPECIALE;Accesorii tinichigerie speciale - 2 ML;D13;Accesoriu special desfasurata 601-650 mm;dublu vopsit mat;0.50;buc;bucata 2 ml;12.19;
08. ACCESORII SPECIALE;Accesorii tinichigerie speciale - 2 ML;D13;Accesoriu special desfasurata 601-650 mm;dublu vopsit lucios;0.40;buc;bucata 2 ml;9.37;
08. ACCESORII SPECIALE;Accesorii tinichigerie speciale - 2 ML;D13;Accesoriu special desfasurata 601-650 mm;dublu vopsit mat;0.40;buc;bucata 2 ml;10.22;
08. ACCESORII SPECIALE;Accesorii tinichigerie speciale - 2 ML;D14;Accesoriu special desfasurata 651-700 mm;dublu vopsit lucios SSAB;0.60;buc;bucata 2 ml;18.80;
08. ACCESORII SPECIALE;Accesorii tinichigerie speciale - 2 ML;D14;Accesoriu special desfasurata 651-700 mm;dublu vopsit mat SSAB;0.60;buc;bucata 2 ml;26.83;
08. ACCESORII SPECIALE;Accesorii tinichigerie speciale - 2 ML;D14;Accesoriu special desfasurata 651-700 mm;dublu vopsit lucios;0.50;buc;bucata 2 ml;12.62;
08. ACCESORII SPECIALE;Accesorii tinichigerie speciale - 2 ML;D14;Accesoriu special desfasurata 651-700 mm;dublu vopsit mat;0.50;buc;bucata 2 ml;13.13;
08. ACCESORII SPECIALE;Accesorii tinichigerie speciale - 2 ML;D14;Accesoriu special desfasurata 651-700 mm;dublu vopsit lucios;0.40;buc;bucata 2 ml;10.09;
08. ACCESORII SPECIALE;Accesorii tinichigerie speciale - 2 ML;D14;Accesoriu special desfasurata 651-700 mm;dublu vopsit mat;0.40;buc;bucata 2 ml;11.01;
08. ACCESORII SPECIALE;Accesorii tinichigerie speciale - 2 ML;D15;Accesoriu special desfasurata 701-750 mm;dublu vopsit lucios SSAB;0.60;buc;bucata 2 ml;20.14;
08. ACCESORII SPECIALE;Accesorii tinichigerie speciale - 2 ML;D15;Accesoriu special desfasurata 701-750 mm;dublu vopsit mat SSAB;0.60;buc;bucata 2 ml;28.74;
08. ACCESORII SPECIALE;Accesorii tinichigerie speciale - 2 ML;D15;Accesoriu special desfasurata 701-750 mm;dublu vopsit lucios;0.50;buc;bucata 2 ml;13.52;
08. ACCESORII SPECIALE;Accesorii tinichigerie speciale - 2 ML;D15;Accesoriu special desfasurata 701-750 mm;dublu vopsit mat;0.50;buc;bucata 2 ml;14.07;
08. ACCESORII SPECIALE;Accesorii tinichigerie speciale - 2 ML;D15;Accesoriu special desfasurata 701-750 mm;dublu vopsit lucios;0.40;buc;bucata 2 ml;10.81;
08. ACCESORII SPECIALE;Accesorii tinichigerie speciale - 2 ML;D15;Accesoriu special desfasurata 701-750 mm;dublu vopsit mat;0.40;buc;bucata 2 ml;11.80;
08. ACCESORII SPECIALE;Accesorii tinichigerie speciale - 2 ML;D16;Accesoriu special desfasurata 751-800 mm;dublu vopsit lucios SSAB;0.60;buc;bucata 2 ml;21.48;
08. ACCESORII SPECIALE;Accesorii tinichigerie speciale - 2 ML;D16;Accesoriu special desfasurata 751-800 mm;dublu vopsit mat SSAB;0.60;buc;bucata 2 ml;30.66;
08. ACCESORII SPECIALE;Accesorii tinichigerie speciale - 2 ML;D16;Accesoriu special desfasurata 751-800 mm;dublu vopsit lucios;0.50;buc;bucata 2 ml;14.42;
08. ACCESORII SPECIALE;Accesorii tinichigerie speciale - 2 ML;D16;Accesoriu special desfasurata 751-800 mm;dublu vopsit mat;0.50;buc;bucata 2 ml;15.01;
08. ACCESORII SPECIALE;Accesorii tinichigerie speciale - 2 ML;D16;Accesoriu special desfasurata 751-800 mm;dublu vopsit lucios;0.40;buc;bucata 2 ml;11.53;
08. ACCESORII SPECIALE;Accesorii tinichigerie speciale - 2 ML;D16;Accesoriu special desfasurata 751-800 mm;dublu vopsit mat;0.40;buc;bucata 2 ml;12.58;
08. ACCESORII SPECIALE;Accesorii tinichigerie speciale - 2 ML;D17;Accesoriu special desfasurata 801-850 mm;dublu vopsit lucios SSAB;0.60;buc;bucata 2 ml;22.82;
08. ACCESORII SPECIALE;Accesorii tinichigerie speciale - 2 ML;D17;Accesoriu special desfasurata 801-850 mm;dublu vopsit mat SSAB;0.60;buc;bucata 2 ml;32.58;
08. ACCESORII SPECIALE;Accesorii tinichigerie speciale - 2 ML;D17;Accesoriu special desfasurata 801-850 mm;dublu vopsit lucios;0.50;buc;bucata 2 ml;15.32;
08. ACCESORII SPECIALE;Accesorii tinichigerie speciale - 2 ML;D17;Accesoriu special desfasurata 801-850 mm;dublu vopsit mat;0.50;buc;bucata 2 ml;15.94;
08. ACCESORII SPECIALE;Accesorii tinichigerie speciale - 2 ML;D17;Accesoriu special desfasurata 801-850 mm;dublu vopsit lucios;0.40;buc;bucata 2 ml;12.25;
08. ACCESORII SPECIALE;Accesorii tinichigerie speciale - 2 ML;D17;Accesoriu special desfasurata 801-850 mm;dublu vopsit mat;0.40;buc;bucata 2 ml;13.37;
08. ACCESORII SPECIALE;Accesorii tinichigerie speciale - 2 ML;D18;Accesoriu special desfasurata 851-900 mm;dublu vopsit lucios SSAB;0.60;buc;bucata 2 ml;24.17;
08. ACCESORII SPECIALE;Accesorii tinichigerie speciale - 2 ML;D18;Accesoriu special desfasurata 851-900 mm;dublu vopsit mat SSAB;0.60;buc;bucata 2 ml;34.49;
08. ACCESORII SPECIALE;Accesorii tinichigerie speciale - 2 ML;D18;Accesoriu special desfasurata 851-900 mm;dublu vopsit lucios;0.50;buc;bucata 2 ml;16.22;
08. ACCESORII SPECIALE;Accesorii tinichigerie speciale - 2 ML;D18;Accesoriu special desfasurata 851-900 mm;dublu vopsit mat;0.50;buc;bucata 2 ml;16.88;
08. ACCESORII SPECIALE;Accesorii tinichigerie speciale - 2 ML;D18;Accesoriu special desfasurata 851-900 mm;dublu vopsit lucios;0.40;buc;bucata 2 ml;12.97;
08. ACCESORII SPECIALE;Accesorii tinichigerie speciale - 2 ML;D18;Accesoriu special desfasurata 851-900 mm;dublu vopsit mat;0.40;buc;bucata 2 ml;14.15;
08. ACCESORII SPECIALE;Accesorii tinichigerie speciale - 2 ML;D19;Accesoriu special desfasurata 901-950 mm;dublu vopsit lucios SSAB;0.60;buc;bucata 2 ml;25.51;
08. ACCESORII SPECIALE;Accesorii tinichigerie speciale - 2 ML;D19;Accesoriu special desfasurata 901-950 mm;dublu vopsit mat SSAB;0.60;buc;bucata 2 ml;36.41;
08. ACCESORII SPECIALE;Accesorii tinichigerie speciale - 2 ML;D19;Accesoriu special desfasurata 901-950 mm;dublu vopsit lucios;0.50;buc;bucata 2 ml;17.12;
08. ACCESORII SPECIALE;Accesorii tinichigerie speciale - 2 ML;D19;Accesoriu special desfasurata 901-950 mm;dublu vopsit mat;0.50;buc;bucata 2 ml;17.82;
08. ACCESORII SPECIALE;Accesorii tinichigerie speciale - 2 ML;D19;Accesoriu special desfasurata 901-950 mm;dublu vopsit lucios;0.40;buc;bucata 2 ml;13.69;
08. ACCESORII SPECIALE;Accesorii tinichigerie speciale - 2 ML;D19;Accesoriu special desfasurata 901-950 mm;dublu vopsit mat;0.40;buc;bucata 2 ml;14.94;
08. ACCESORII SPECIALE;Accesorii tinichigerie speciale - 2 ML;D20;Accesoriu special desfasurata 951-1000 mm;dublu vopsit lucios SSAB;0.60;buc;bucata 2 ml;26.85;
08. ACCESORII SPECIALE;Accesorii tinichigerie speciale - 2 ML;D20;Accesoriu special desfasurata 951-1000 mm;dublu vopsit mat SSAB;0.60;buc;bucata 2 ml;38.33;
08. ACCESORII SPECIALE;Accesorii tinichigerie speciale - 2 ML;D20;Accesoriu special desfasurata 951-1000 mm;dublu vopsit lucios;0.50;buc;bucata 2 ml;18.02;
08. ACCESORII SPECIALE;Accesorii tinichigerie speciale - 2 ML;D20;Accesoriu special desfasurata 951-1000 mm;dublu vopsit mat;0.50;buc;bucata 2 ml;18.76;
08. ACCESORII SPECIALE;Accesorii tinichigerie speciale - 2 ML;D20;Accesoriu special desfasurata 951-1000 mm;dublu vopsit lucios;0.40;buc;bucata 2 ml;14.41;
08. ACCESORII SPECIALE;Accesorii tinichigerie speciale - 2 ML;D20;Accesoriu special desfasurata 951-1000 mm;dublu vopsit mat;0.40;buc;bucata 2 ml;15.73;
08. ACCESORII SPECIALE;Accesorii tinichigerie speciale - 2 ML;D21;Accesoriu special desfasurata 1001-1050 mm;dublu vopsit lucios SSAB;0.60;buc;bucata 2 ml;28.19;
08. ACCESORII SPECIALE;Accesorii tinichigerie speciale - 2 ML;D21;Accesoriu special desfasurata 1001-1050 mm;dublu vopsit mat SSAB;0.60;buc;bucata 2 ml;40.24;
08. ACCESORII SPECIALE;Accesorii tinichigerie speciale - 2 ML;D21;Accesoriu special desfasurata 1001-1050 mm;dublu vopsit lucios;0.50;buc;bucata 2 ml;18.93;
08. ACCESORII SPECIALE;Accesorii tinichigerie speciale - 2 ML;D21;Accesoriu special desfasurata 1001-1050 mm;dublu vopsit mat;0.50;buc;bucata 2 ml;19.69;
08. ACCESORII SPECIALE;Accesorii tinichigerie speciale - 2 ML;D21;Accesoriu special desfasurata 1001-1050 mm;dublu vopsit lucios;0.40;buc;bucata 2 ml;15.14;
08. ACCESORII SPECIALE;Accesorii tinichigerie speciale - 2 ML;D21;Accesoriu special desfasurata 1001-1050 mm;dublu vopsit mat;0.40;buc;bucata 2 ml;16.51;
08. ACCESORII SPECIALE;Accesorii tinichigerie speciale - 2 ML;D22;Accesoriu special desfasurata 1051-1100 mm;dublu vopsit lucios SSAB;0.60;buc;bucata 2 ml;29.54;
08. ACCESORII SPECIALE;Accesorii tinichigerie speciale - 2 ML;D22;Accesoriu special desfasurata 1051-1100 mm;dublu vopsit mat SSAB;0.60;buc;bucata 2 ml;42.16;
08. ACCESORII SPECIALE;Accesorii tinichigerie speciale - 2 ML;D22;Accesoriu special desfasurata 1051-1100 mm;dublu vopsit lucios;0.50;buc;bucata 2 ml;19.83;
08. ACCESORII SPECIALE;Accesorii tinichigerie speciale - 2 ML;D22;Accesoriu special desfasurata 1051-1100 mm;dublu vopsit mat;0.50;buc;bucata 2 ml;20.63;
08. ACCESORII SPECIALE;Accesorii tinichigerie speciale - 2 ML;D22;Accesoriu special desfasurata 1051-1100 mm;dublu vopsit lucios;0.40;buc;bucata 2 ml;15.86;
08. ACCESORII SPECIALE;Accesorii tinichigerie speciale - 2 ML;D22;Accesoriu special desfasurata 1051-1100 mm;dublu vopsit mat;0.40;buc;bucata 2 ml;17.30;
08. ACCESORII SPECIALE;Accesorii tinichigerie speciale - 2 ML;D23;Accesoriu special desfasurata 1101-1150 mm;dublu vopsit lucios SSAB;0.60;buc;bucata 2 ml;30.88;
08. ACCESORII SPECIALE;Accesorii tinichigerie speciale - 2 ML;D23;Accesoriu special desfasurata 1101-1150 mm;dublu vopsit mat SSAB;0.60;buc;bucata 2 ml;44.08;
08. ACCESORII SPECIALE;Accesorii tinichigerie speciale - 2 ML;D23;Accesoriu special desfasurata 1101-1150 mm;dublu vopsit lucios;0.50;buc;bucata 2 ml;20.73;
08. ACCESORII SPECIALE;Accesorii tinichigerie speciale - 2 ML;D23;Accesoriu special desfasurata 1101-1150 mm;dublu vopsit mat;0.50;buc;bucata 2 ml;21.57;
08. ACCESORII SPECIALE;Accesorii tinichigerie speciale - 2 ML;D23;Accesoriu special desfasurata 1101-1150 mm;dublu vopsit lucios;0.40;buc;bucata 2 ml;16.58;
08. ACCESORII SPECIALE;Accesorii tinichigerie speciale - 2 ML;D23;Accesoriu special desfasurata 1101-1150 mm;dublu vopsit mat;0.40;buc;bucata 2 ml;18.09;
08. ACCESORII SPECIALE;Accesorii tinichigerie speciale - 2 ML;D24;Accesoriu special desfasurata 1151-1200 mm;dublu vopsit lucios SSAB;0.60;buc;bucata 2 ml;32.22;
08. ACCESORII SPECIALE;Accesorii tinichigerie speciale - 2 ML;D24;Accesoriu special desfasurata 1151-1200 mm;dublu vopsit mat SSAB;0.60;buc;bucata 2 ml;45.99;
08. ACCESORII SPECIALE;Accesorii tinichigerie speciale - 2 ML;D24;Accesoriu special desfasurata 1151-1200 mm;dublu vopsit lucios;0.50;buc;bucata 2 ml;21.63;
08. ACCESORII SPECIALE;Accesorii tinichigerie speciale - 2 ML;D24;Accesoriu special desfasurata 1151-1200 mm;dublu vopsit mat;0.50;buc;bucata 2 ml;22.51;
08. ACCESORII SPECIALE;Accesorii tinichigerie speciale - 2 ML;D24;Accesoriu special desfasurata 1151-1200 mm;dublu vopsit lucios;0.40;buc;bucata 2 ml;17.30;
08. ACCESORII SPECIALE;Accesorii tinichigerie speciale - 2 ML;D24;Accesoriu special desfasurata 1151-1200 mm;dublu vopsit mat;0.40;buc;bucata 2 ml;18.87;
08. ACCESORII SPECIALE;Accesorii tinichigerie speciale - 2 ML;D25;Accesoriu special desfasurata 1201-1250 mm;dublu vopsit lucios SSAB;0.60;buc;bucata 2 ml;33.56;
08. ACCESORII SPECIALE;Accesorii tinichigerie speciale - 2 ML;D25;Accesoriu special desfasurata 1201-1250 mm;dublu vopsit mat SSAB;0.60;buc;bucata 2 ml;47.91;
08. ACCESORII SPECIALE;Accesorii tinichigerie speciale - 2 ML;D25;Accesoriu special desfasurata 1201-1250 mm;dublu vopsit lucios;0.50;buc;bucata 2 ml;22.53;
08. ACCESORII SPECIALE;Accesorii tinichigerie speciale - 2 ML;D25;Accesoriu special desfasurata 1201-1250 mm;dublu vopsit mat;0.50;buc;bucata 2 ml;23.45;
08. ACCESORII SPECIALE;Accesorii tinichigerie speciale - 2 ML;D25;Accesoriu special desfasurata 1201-1250 mm;dublu vopsit lucios;0.40;buc;bucata 2 ml;18.02;
08. ACCESORII SPECIALE;Accesorii tinichigerie speciale - 2 ML;D25;Accesoriu special desfasurata 1201-1250 mm;dublu vopsit mat;0.40;buc;bucata 2 ml;19.66;
08. ACCESORII SPECIALE;Accesorii tinichigerie speciale - 2 ML;D01;Accesoriu special desfasurata 0-50 mm;Wood (imitatie lemn);0.50;buc;bucata 2 ml;1.12;
08. ACCESORII SPECIALE;Accesorii tinichigerie speciale - 2 ML;D01;Accesoriu special desfasurata 0-50 mm;Wood (imitatie lemn);0.45;buc;bucata 2 ml;1.10;
08. ACCESORII SPECIALE;Accesorii tinichigerie speciale - 2 ML;D01;Accesoriu special desfasurata 0-50 mm;Magnelis;0.50;buc;bucata 2 ml;0.89;
08. ACCESORII SPECIALE;Accesorii tinichigerie speciale - 2 ML;D01;Accesoriu special desfasurata 0-50 mm;lucios RAL 8003 (alama);0.45;buc;bucata 2 ml;1.10;
08. ACCESORII SPECIALE;Accesorii tinichigerie speciale - 2 ML;D02;Accesoriu special desfasurata 51-100 mm;Wood (imitatie lemn);0.50;buc;bucata 2 ml;2.24;
08. ACCESORII SPECIALE;Accesorii tinichigerie speciale - 2 ML;D02;Accesoriu special desfasurata 51-100 mm;Wood (imitatie lemn);0.45;buc;bucata 2 ml;2.21;
08. ACCESORII SPECIALE;Accesorii tinichigerie speciale - 2 ML;D02;Accesoriu special desfasurata 51-100 mm;Magnelis;0.50;buc;bucata 2 ml;1.78;
08. ACCESORII SPECIALE;Accesorii tinichigerie speciale - 2 ML;D02;Accesoriu special desfasurata 51-100 mm;lucios RAL 8003 (alama);0.45;buc;bucata 2 ml;2.21;
08. ACCESORII SPECIALE;Accesorii tinichigerie speciale - 2 ML;D03;Accesoriu special desfasurata 101-150 mm;Wood (imitatie lemn);0.50;buc;bucata 2 ml;3.35;
08. ACCESORII SPECIALE;Accesorii tinichigerie speciale - 2 ML;D03;Accesoriu special desfasurata 101-150 mm;Wood (imitatie lemn);0.45;buc;bucata 2 ml;3.31;
08. ACCESORII SPECIALE;Accesorii tinichigerie speciale - 2 ML;D03;Accesoriu special desfasurata 101-150 mm;Magnelis;0.50;buc;bucata 2 ml;2.66;
08. ACCESORII SPECIALE;Accesorii tinichigerie speciale - 2 ML;D03;Accesoriu special desfasurata 101-150 mm;lucios RAL 8003 (alama);0.45;buc;bucata 2 ml;3.31;
08. ACCESORII SPECIALE;Accesorii tinichigerie speciale - 2 ML;D04;Accesoriu special desfasurata 151-200 mm;Wood (imitatie lemn);0.50;buc;bucata 2 ml;4.47;
08. ACCESORII SPECIALE;Accesorii tinichigerie speciale - 2 ML;D04;Accesoriu special desfasurata 151-200 mm;Wood (imitatie lemn);0.45;buc;bucata 2 ml;4.42;
08. ACCESORII SPECIALE;Accesorii tinichigerie speciale - 2 ML;D04;Accesoriu special desfasurata 151-200 mm;Magnelis;0.50;buc;bucata 2 ml;3.55;
08. ACCESORII SPECIALE;Accesorii tinichigerie speciale - 2 ML;D04;Accesoriu special desfasurata 151-200 mm;lucios RAL 8003 (alama);0.45;buc;bucata 2 ml;4.42;
08. ACCESORII SPECIALE;Accesorii tinichigerie speciale - 2 ML;D05;Accesoriu special desfasurata 201-250 mm;Wood (imitatie lemn);0.50;buc;bucata 2 ml;5.59;
08. ACCESORII SPECIALE;Accesorii tinichigerie speciale - 2 ML;D05;Accesoriu special desfasurata 201-250 mm;Wood (imitatie lemn);0.45;buc;bucata 2 ml;5.52;
08. ACCESORII SPECIALE;Accesorii tinichigerie speciale - 2 ML;D05;Accesoriu special desfasurata 201-250 mm;Magnelis;0.50;buc;bucata 2 ml;4.44;
08. ACCESORII SPECIALE;Accesorii tinichigerie speciale - 2 ML;D05;Accesoriu special desfasurata 201-250 mm;lucios RAL 8003 (alama);0.45;buc;bucata 2 ml;5.52;
08. ACCESORII SPECIALE;Accesorii tinichigerie speciale - 2 ML;D06;Accesoriu special desfasurata 251-300 mm;Wood (imitatie lemn);0.50;buc;bucata 2 ml;6.71;
08. ACCESORII SPECIALE;Accesorii tinichigerie speciale - 2 ML;D06;Accesoriu special desfasurata 251-300 mm;Wood (imitatie lemn);0.45;buc;bucata 2 ml;6.62;
08. ACCESORII SPECIALE;Accesorii tinichigerie speciale - 2 ML;D06;Accesoriu special desfasurata 251-300 mm;Magnelis;0.50;buc;bucata 2 ml;5.33;
08. ACCESORII SPECIALE;Accesorii tinichigerie speciale - 2 ML;D06;Accesoriu special desfasurata 251-300 mm;lucios RAL 8003 (alama);0.45;buc;bucata 2 ml;6.62;
08. ACCESORII SPECIALE;Accesorii tinichigerie speciale - 2 ML;D07;Accesoriu special desfasurata 301-350 mm;Wood (imitatie lemn);0.50;buc;bucata 2 ml;7.82;
08. ACCESORII SPECIALE;Accesorii tinichigerie speciale - 2 ML;D07;Accesoriu special desfasurata 301-350 mm;Wood (imitatie lemn);0.45;buc;bucata 2 ml;7.73;
08. ACCESORII SPECIALE;Accesorii tinichigerie speciale - 2 ML;D07;Accesoriu special desfasurata 301-350 mm;Magnelis;0.50;buc;bucata 2 ml;6.21;
08. ACCESORII SPECIALE;Accesorii tinichigerie speciale - 2 ML;D07;Accesoriu special desfasurata 301-350 mm;lucios RAL 8003 (alama);0.45;buc;bucata 2 ml;7.73;
08. ACCESORII SPECIALE;Accesorii tinichigerie speciale - 2 ML;D08;Accesoriu special desfasurata 351-400 mm;Wood (imitatie lemn);0.50;buc;bucata 2 ml;8.94;
08. ACCESORII SPECIALE;Accesorii tinichigerie speciale - 2 ML;D08;Accesoriu special desfasurata 351-400 mm;Wood (imitatie lemn);0.45;buc;bucata 2 ml;8.83;
08. ACCESORII SPECIALE;Accesorii tinichigerie speciale - 2 ML;D08;Accesoriu special desfasurata 351-400 mm;Magnelis;0.50;buc;bucata 2 ml;7.10;
08. ACCESORII SPECIALE;Accesorii tinichigerie speciale - 2 ML;D08;Accesoriu special desfasurata 351-400 mm;lucios RAL 8003 (alama);0.45;buc;bucata 2 ml;8.83;
08. ACCESORII SPECIALE;Accesorii tinichigerie speciale - 2 ML;D09;Accesoriu special desfasurata 401-450 mm;Wood (imitatie lemn);0.50;buc;bucata 2 ml;10.06;
08. ACCESORII SPECIALE;Accesorii tinichigerie speciale - 2 ML;D09;Accesoriu special desfasurata 401-450 mm;Wood (imitatie lemn);0.45;buc;bucata 2 ml;9.94;
08. ACCESORII SPECIALE;Accesorii tinichigerie speciale - 2 ML;D09;Accesoriu special desfasurata 401-450 mm;Magnelis;0.50;buc;bucata 2 ml;7.99;
08. ACCESORII SPECIALE;Accesorii tinichigerie speciale - 2 ML;D09;Accesoriu special desfasurata 401-450 mm;lucios RAL 8003 (alama);0.45;buc;bucata 2 ml;9.94;
08. ACCESORII SPECIALE;Accesorii tinichigerie speciale - 2 ML;D10;Accesoriu special desfasurata 451-500 mm;Wood (imitatie lemn);0.50;buc;bucata 2 ml;11.18;
08. ACCESORII SPECIALE;Accesorii tinichigerie speciale - 2 ML;D10;Accesoriu special desfasurata 451-500 mm;Wood (imitatie lemn);0.45;buc;bucata 2 ml;11.04;
08. ACCESORII SPECIALE;Accesorii tinichigerie speciale - 2 ML;D10;Accesoriu special desfasurata 451-500 mm;Magnelis;0.50;buc;bucata 2 ml;8.88;
08. ACCESORII SPECIALE;Accesorii tinichigerie speciale - 2 ML;D10;Accesoriu special desfasurata 451-500 mm;lucios RAL 8003 (alama);0.45;buc;bucata 2 ml;11.04;
08. ACCESORII SPECIALE;Accesorii tinichigerie speciale - 2 ML;D11;Accesoriu special desfasurata 501-550 mm;Wood (imitatie lemn);0.50;buc;bucata 2 ml;12.29;
08. ACCESORII SPECIALE;Accesorii tinichigerie speciale - 2 ML;D11;Accesoriu special desfasurata 501-550 mm;Wood (imitatie lemn);0.45;buc;bucata 2 ml;12.15;
08. ACCESORII SPECIALE;Accesorii tinichigerie speciale - 2 ML;D11;Accesoriu special desfasurata 501-550 mm;Magnelis;0.50;buc;bucata 2 ml;9.77;
08. ACCESORII SPECIALE;Accesorii tinichigerie speciale - 2 ML;D11;Accesoriu special desfasurata 501-550 mm;lucios RAL 8003 (alama);0.45;buc;bucata 2 ml;12.14;
08. ACCESORII SPECIALE;Accesorii tinichigerie speciale - 2 ML;D12;Accesoriu special desfasurata 551-600 mm;Wood (imitatie lemn);0.50;buc;bucata 2 ml;13.41;
08. ACCESORII SPECIALE;Accesorii tinichigerie speciale - 2 ML;D12;Accesoriu special desfasurata 551-600 mm;Wood (imitatie lemn);0.45;buc;bucata 2 ml;13.25;
08. ACCESORII SPECIALE;Accesorii tinichigerie speciale - 2 ML;D12;Accesoriu special desfasurata 551-600 mm;Magnelis;0.50;buc;bucata 2 ml;10.65;
08. ACCESORII SPECIALE;Accesorii tinichigerie speciale - 2 ML;D12;Accesoriu special desfasurata 551-600 mm;lucios RAL 8003 (alama);0.45;buc;bucata 2 ml;13.25;
08. ACCESORII SPECIALE;Accesorii tinichigerie speciale - 2 ML;D13;Accesoriu special desfasurata 601-650 mm;Wood (imitatie lemn);0.50;buc;bucata 2 ml;14.53;
08. ACCESORII SPECIALE;Accesorii tinichigerie speciale - 2 ML;D13;Accesoriu special desfasurata 601-650 mm;Wood (imitatie lemn);0.45;buc;bucata 2 ml;14.35;
08. ACCESORII SPECIALE;Accesorii tinichigerie speciale - 2 ML;D13;Accesoriu special desfasurata 601-650 mm;Magnelis;0.50;buc;bucata 2 ml;11.54;
08. ACCESORII SPECIALE;Accesorii tinichigerie speciale - 2 ML;D13;Accesoriu special desfasurata 601-650 mm;lucios RAL 8003 (alama);0.45;buc;bucata 2 ml;14.35;
08. ACCESORII SPECIALE;Accesorii tinichigerie speciale - 2 ML;D14;Accesoriu special desfasurata 651-700 mm;Wood (imitatie lemn);0.50;buc;bucata 2 ml;15.65;
08. ACCESORII SPECIALE;Accesorii tinichigerie speciale - 2 ML;D14;Accesoriu special desfasurata 651-700 mm;Wood (imitatie lemn);0.45;buc;bucata 2 ml;15.46;
08. ACCESORII SPECIALE;Accesorii tinichigerie speciale - 2 ML;D14;Accesoriu special desfasurata 651-700 mm;Magnelis;0.50;buc;bucata 2 ml;12.43;
08. ACCESORII SPECIALE;Accesorii tinichigerie speciale - 2 ML;D14;Accesoriu special desfasurata 651-700 mm;lucios RAL 8003 (alama);0.45;buc;bucata 2 ml;15.45;
08. ACCESORII SPECIALE;Accesorii tinichigerie speciale - 2 ML;D15;Accesoriu special desfasurata 701-750 mm;Wood (imitatie lemn);0.50;buc;bucata 2 ml;16.76;
08. ACCESORII SPECIALE;Accesorii tinichigerie speciale - 2 ML;D15;Accesoriu special desfasurata 701-750 mm;Wood (imitatie lemn);0.45;buc;bucata 2 ml;16.56;
08. ACCESORII SPECIALE;Accesorii tinichigerie speciale - 2 ML;D15;Accesoriu special desfasurata 701-750 mm;Magnelis;0.50;buc;bucata 2 ml;13.32;
08. ACCESORII SPECIALE;Accesorii tinichigerie speciale - 2 ML;D15;Accesoriu special desfasurata 701-750 mm;lucios RAL 8003 (alama);0.45;buc;bucata 2 ml;16.56;
08. ACCESORII SPECIALE;Accesorii tinichigerie speciale - 2 ML;D16;Accesoriu special desfasurata 751-800 mm;Wood (imitatie lemn);0.50;buc;bucata 2 ml;17.88;
08. ACCESORII SPECIALE;Accesorii tinichigerie speciale - 2 ML;D16;Accesoriu special desfasurata 751-800 mm;Wood (imitatie lemn);0.45;buc;bucata 2 ml;17.67;
08. ACCESORII SPECIALE;Accesorii tinichigerie speciale - 2 ML;D16;Accesoriu special desfasurata 751-800 mm;Magnelis;0.50;buc;bucata 2 ml;14.20;
08. ACCESORII SPECIALE;Accesorii tinichigerie speciale - 2 ML;D16;Accesoriu special desfasurata 751-800 mm;lucios RAL 8003 (alama);0.45;buc;bucata 2 ml;17.66;
08. ACCESORII SPECIALE;Accesorii tinichigerie speciale - 2 ML;D17;Accesoriu special desfasurata 801-850 mm;Wood (imitatie lemn);0.50;buc;bucata 2 ml;19.00;
08. ACCESORII SPECIALE;Accesorii tinichigerie speciale - 2 ML;D17;Accesoriu special desfasurata 801-850 mm;Wood (imitatie lemn);0.45;buc;bucata 2 ml;18.77;
08. ACCESORII SPECIALE;Accesorii tinichigerie speciale - 2 ML;D17;Accesoriu special desfasurata 801-850 mm;Magnelis;0.50;buc;bucata 2 ml;15.09;
08. ACCESORII SPECIALE;Accesorii tinichigerie speciale - 2 ML;D17;Accesoriu special desfasurata 801-850 mm;lucios RAL 8003 (alama);0.45;buc;bucata 2 ml;18.77;
08. ACCESORII SPECIALE;Accesorii tinichigerie speciale - 2 ML;D18;Accesoriu special desfasurata 851-900 mm;Wood (imitatie lemn);0.50;buc;bucata 2 ml;20.12;
08. ACCESORII SPECIALE;Accesorii tinichigerie speciale - 2 ML;D18;Accesoriu special desfasurata 851-900 mm;Wood (imitatie lemn);0.45;buc;bucata 2 ml;19.87;
08. ACCESORII SPECIALE;Accesorii tinichigerie speciale - 2 ML;D18;Accesoriu special desfasurata 851-900 mm;Magnelis;0.50;buc;bucata 2 ml;15.98;
08. ACCESORII SPECIALE;Accesorii tinichigerie speciale - 2 ML;D18;Accesoriu special desfasurata 851-900 mm;lucios RAL 8003 (alama);0.45;buc;bucata 2 ml;19.87;
08. ACCESORII SPECIALE;Accesorii tinichigerie speciale - 2 ML;D19;Accesoriu special desfasurata 901-950 mm;Wood (imitatie lemn);0.50;buc;bucata 2 ml;21.24;
08. ACCESORII SPECIALE;Accesorii tinichigerie speciale - 2 ML;D19;Accesoriu special desfasurata 901-950 mm;Wood (imitatie lemn);0.45;buc;bucata 2 ml;20.98;
08. ACCESORII SPECIALE;Accesorii tinichigerie speciale - 2 ML;D19;Accesoriu special desfasurata 901-950 mm;Magnelis;0.50;buc;bucata 2 ml;16.87;
08. ACCESORII SPECIALE;Accesorii tinichigerie speciale - 2 ML;D19;Accesoriu special desfasurata 901-950 mm;lucios RAL 8003 (alama);0.45;buc;bucata 2 ml;20.97;
08. ACCESORII SPECIALE;Accesorii tinichigerie speciale - 2 ML;D20;Accesoriu special desfasurata 951-1000 mm;Wood (imitatie lemn);0.50;buc;bucata 2 ml;22.35;
08. ACCESORII SPECIALE;Accesorii tinichigerie speciale - 2 ML;D20;Accesoriu special desfasurata 951-1000 mm;Wood (imitatie lemn);0.45;buc;bucata 2 ml;22.08;
08. ACCESORII SPECIALE;Accesorii tinichigerie speciale - 2 ML;D20;Accesoriu special desfasurata 951-1000 mm;Magnelis;0.50;buc;bucata 2 ml;17.75;
08. ACCESORII SPECIALE;Accesorii tinichigerie speciale - 2 ML;D20;Accesoriu special desfasurata 951-1000 mm;lucios RAL 8003 (alama);0.45;buc;bucata 2 ml;22.08;
08. ACCESORII SPECIALE;Accesorii tinichigerie speciale - 2 ML;D21;Accesoriu special desfasurata 1001-1050 mm;Wood (imitatie lemn);0.50;buc;bucata 2 ml;23.47;
08. ACCESORII SPECIALE;Accesorii tinichigerie speciale - 2 ML;D21;Accesoriu special desfasurata 1001-1050 mm;Wood (imitatie lemn);0.45;buc;bucata 2 ml;23.19;
08. ACCESORII SPECIALE;Accesorii tinichigerie speciale - 2 ML;D21;Accesoriu special desfasurata 1001-1050 mm;Magnelis;0.50;buc;bucata 2 ml;18.64;
08. ACCESORII SPECIALE;Accesorii tinichigerie speciale - 2 ML;D21;Accesoriu special desfasurata 1001-1050 mm;lucios RAL 8003 (alama);0.45;buc;bucata 2 ml;23.18;
08. ACCESORII SPECIALE;Accesorii tinichigerie speciale - 2 ML;D22;Accesoriu special desfasurata 1051-1100 mm;Wood (imitatie lemn);0.50;buc;bucata 2 ml;24.59;
08. ACCESORII SPECIALE;Accesorii tinichigerie speciale - 2 ML;D22;Accesoriu special desfasurata 1051-1100 mm;Wood (imitatie lemn);0.45;buc;bucata 2 ml;24.29;
08. ACCESORII SPECIALE;Accesorii tinichigerie speciale - 2 ML;D22;Accesoriu special desfasurata 1051-1100 mm;Magnelis;0.50;buc;bucata 2 ml;19.53;
08. ACCESORII SPECIALE;Accesorii tinichigerie speciale - 2 ML;D22;Accesoriu special desfasurata 1051-1100 mm;lucios RAL 8003 (alama);0.45;buc;bucata 2 ml;24.29;
08. ACCESORII SPECIALE;Accesorii tinichigerie speciale - 2 ML;D23;Accesoriu special desfasurata 1101-1150 mm;Wood (imitatie lemn);0.50;buc;bucata 2 ml;25.71;
08. ACCESORII SPECIALE;Accesorii tinichigerie speciale - 2 ML;D23;Accesoriu special desfasurata 1101-1150 mm;Wood (imitatie lemn);0.45;buc;bucata 2 ml;25.40;
08. ACCESORII SPECIALE;Accesorii tinichigerie speciale - 2 ML;D23;Accesoriu special desfasurata 1101-1150 mm;Magnelis;0.50;buc;bucata 2 ml;20.42;
08. ACCESORII SPECIALE;Accesorii tinichigerie speciale - 2 ML;D23;Accesoriu special desfasurata 1101-1150 mm;lucios RAL 8003 (alama);0.45;buc;bucata 2 ml;25.39;
08. ACCESORII SPECIALE;Accesorii tinichigerie speciale - 2 ML;D24;Accesoriu special desfasurata 1151-1200 mm;Wood (imitatie lemn);0.50;buc;bucata 2 ml;26.82;
08. ACCESORII SPECIALE;Accesorii tinichigerie speciale - 2 ML;D24;Accesoriu special desfasurata 1151-1200 mm;Wood (imitatie lemn);0.45;buc;bucata 2 ml;26.50;
08. ACCESORII SPECIALE;Accesorii tinichigerie speciale - 2 ML;D24;Accesoriu special desfasurata 1151-1200 mm;Magnelis;0.50;buc;bucata 2 ml;21.31;
08. ACCESORII SPECIALE;Accesorii tinichigerie speciale - 2 ML;D24;Accesoriu special desfasurata 1151-1200 mm;lucios RAL 8003 (alama);0.45;buc;bucata 2 ml;26.49;
08. ACCESORII SPECIALE;Accesorii tinichigerie speciale - 2 ML;D25;Accesoriu special desfasurata 1201-1250 mm;Wood (imitatie lemn);0.50;buc;bucata 2 ml;27.94;
08. ACCESORII SPECIALE;Accesorii tinichigerie speciale - 2 ML;D25;Accesoriu special desfasurata 1201-1250 mm;Wood (imitatie lemn);0.45;buc;bucata 2 ml;27.60;
08. ACCESORII SPECIALE;Accesorii tinichigerie speciale - 2 ML;D25;Accesoriu special desfasurata 1201-1250 mm;Magnelis;0.50;buc;bucata 2 ml;22.19;
08. ACCESORII SPECIALE;Accesorii tinichigerie speciale - 2 ML;D25;Accesoriu special desfasurata 1201-1250 mm;lucios RAL 8003 (alama);0.45;buc;bucata 2 ml;27.60;
08. ACCESORII SPECIALE;Accesorii tinichigerie speciale - 2 ML;D01;Accesoriu special desfasurata 0-50 mm;zincat;0.37;buc;bucata 2 ml;0.54;
08. ACCESORII SPECIALE;Accesorii tinichigerie speciale - 2 ML;D01;Accesoriu special desfasurata 0-50 mm;zincat;0.40;buc;bucata 2 ml;0.55;
08. ACCESORII SPECIALE;Accesorii tinichigerie speciale - 2 ML;D01;Accesoriu special desfasurata 0-50 mm;zincat;0.45;buc;bucata 2 ml;0.69;
08. ACCESORII SPECIALE;Accesorii tinichigerie speciale - 2 ML;D01;Accesoriu special desfasurata 0-50 mm;zincat;0.50;buc;bucata 2 ml;0.75;
08. ACCESORII SPECIALE;Accesorii tinichigerie speciale - 2 ML;D01;Accesoriu special desfasurata 0-50 mm;zincat;0.60;buc;bucata 2 ml;0.93;
08. ACCESORII SPECIALE;Accesorii tinichigerie speciale - 2 ML;D01;Accesoriu special desfasurata 0-50 mm;zincat;0.70;buc;bucata 2 ml;1.09;
08. ACCESORII SPECIALE;Accesorii tinichigerie speciale - 2 ML;D02;Accesoriu special desfasurata 51-100 mm;zincat;0.37;buc;bucata 2 ml;1.08;
08. ACCESORII SPECIALE;Accesorii tinichigerie speciale - 2 ML;D02;Accesoriu special desfasurata 51-100 mm;zincat;0.40;buc;bucata 2 ml;1.10;
08. ACCESORII SPECIALE;Accesorii tinichigerie speciale - 2 ML;D02;Accesoriu special desfasurata 51-100 mm;zincat;0.45;buc;bucata 2 ml;1.37;
08. ACCESORII SPECIALE;Accesorii tinichigerie speciale - 2 ML;D02;Accesoriu special desfasurata 51-100 mm;zincat;0.50;buc;bucata 2 ml;1.50;
08. ACCESORII SPECIALE;Accesorii tinichigerie speciale - 2 ML;D02;Accesoriu special desfasurata 51-100 mm;zincat;0.60;buc;bucata 2 ml;1.85;
08. ACCESORII SPECIALE;Accesorii tinichigerie speciale - 2 ML;D02;Accesoriu special desfasurata 51-100 mm;zincat;0.70;buc;bucata 2 ml;2.18;
08. ACCESORII SPECIALE;Accesorii tinichigerie speciale - 2 ML;D03;Accesoriu special desfasurata 101-150 mm;zincat;0.37;buc;bucata 2 ml;1.61;
08. ACCESORII SPECIALE;Accesorii tinichigerie speciale - 2 ML;D03;Accesoriu special desfasurata 101-150 mm;zincat;0.40;buc;bucata 2 ml;1.65;
08. ACCESORII SPECIALE;Accesorii tinichigerie speciale - 2 ML;D03;Accesoriu special desfasurata 101-150 mm;zincat;0.45;buc;bucata 2 ml;2.06;
08. ACCESORII SPECIALE;Accesorii tinichigerie speciale - 2 ML;D03;Accesoriu special desfasurata 101-150 mm;zincat;0.50;buc;bucata 2 ml;2.25;
08. ACCESORII SPECIALE;Accesorii tinichigerie speciale - 2 ML;D03;Accesoriu special desfasurata 101-150 mm;zincat;0.60;buc;bucata 2 ml;2.78;
08. ACCESORII SPECIALE;Accesorii tinichigerie speciale - 2 ML;D03;Accesoriu special desfasurata 101-150 mm;zincat;0.70;buc;bucata 2 ml;3.26;
08. ACCESORII SPECIALE;Accesorii tinichigerie speciale - 2 ML;D04;Accesoriu special desfasurata 151-200 mm;zincat;0.37;buc;bucata 2 ml;2.15;
08. ACCESORII SPECIALE;Accesorii tinichigerie speciale - 2 ML;D04;Accesoriu special desfasurata 151-200 mm;zincat;0.40;buc;bucata 2 ml;2.20;
08. ACCESORII SPECIALE;Accesorii tinichigerie speciale - 2 ML;D04;Accesoriu special desfasurata 151-200 mm;zincat;0.45;buc;bucata 2 ml;2.75;
08. ACCESORII SPECIALE;Accesorii tinichigerie speciale - 2 ML;D04;Accesoriu special desfasurata 151-200 mm;zincat;0.50;buc;bucata 2 ml;3.00;
08. ACCESORII SPECIALE;Accesorii tinichigerie speciale - 2 ML;D04;Accesoriu special desfasurata 151-200 mm;zincat;0.60;buc;bucata 2 ml;3.70;
08. ACCESORII SPECIALE;Accesorii tinichigerie speciale - 2 ML;D04;Accesoriu special desfasurata 151-200 mm;zincat;0.70;buc;bucata 2 ml;4.35;
08. ACCESORII SPECIALE;Accesorii tinichigerie speciale - 2 ML;D05;Accesoriu special desfasurata 201-250 mm;zincat;0.37;buc;bucata 2 ml;2.69;
08. ACCESORII SPECIALE;Accesorii tinichigerie speciale - 2 ML;D05;Accesoriu special desfasurata 201-250 mm;zincat;0.40;buc;bucata 2 ml;2.75;
08. ACCESORII SPECIALE;Accesorii tinichigerie speciale - 2 ML;D05;Accesoriu special desfasurata 201-250 mm;zincat;0.45;buc;bucata 2 ml;3.44;
08. ACCESORII SPECIALE;Accesorii tinichigerie speciale - 2 ML;D05;Accesoriu special desfasurata 201-250 mm;zincat;0.50;buc;bucata 2 ml;3.75;
08. ACCESORII SPECIALE;Accesorii tinichigerie speciale - 2 ML;D05;Accesoriu special desfasurata 201-250 mm;zincat;0.60;buc;bucata 2 ml;4.63;
08. ACCESORII SPECIALE;Accesorii tinichigerie speciale - 2 ML;D05;Accesoriu special desfasurata 201-250 mm;zincat;0.70;buc;bucata 2 ml;5.44;
08. ACCESORII SPECIALE;Accesorii tinichigerie speciale - 2 ML;D06;Accesoriu special desfasurata 251-300 mm;zincat;0.37;buc;bucata 2 ml;3.23;
08. ACCESORII SPECIALE;Accesorii tinichigerie speciale - 2 ML;D06;Accesoriu special desfasurata 251-300 mm;zincat;0.40;buc;bucata 2 ml;3.30;
08. ACCESORII SPECIALE;Accesorii tinichigerie speciale - 2 ML;D06;Accesoriu special desfasurata 251-300 mm;zincat;0.45;buc;bucata 2 ml;4.12;
08. ACCESORII SPECIALE;Accesorii tinichigerie speciale - 2 ML;D06;Accesoriu special desfasurata 251-300 mm;zincat;0.50;buc;bucata 2 ml;4.50;
08. ACCESORII SPECIALE;Accesorii tinichigerie speciale - 2 ML;D06;Accesoriu special desfasurata 251-300 mm;zincat;0.60;buc;bucata 2 ml;5.56;
08. ACCESORII SPECIALE;Accesorii tinichigerie speciale - 2 ML;D06;Accesoriu special desfasurata 251-300 mm;zincat;0.70;buc;bucata 2 ml;6.53;
08. ACCESORII SPECIALE;Accesorii tinichigerie speciale - 2 ML;D07;Accesoriu special desfasurata 301-350 mm;zincat;0.37;buc;bucata 2 ml;3.77;
08. ACCESORII SPECIALE;Accesorii tinichigerie speciale - 2 ML;D07;Accesoriu special desfasurata 301-350 mm;zincat;0.40;buc;bucata 2 ml;3.85;
08. ACCESORII SPECIALE;Accesorii tinichigerie speciale - 2 ML;D07;Accesoriu special desfasurata 301-350 mm;zincat;0.45;buc;bucata 2 ml;4.81;
08. ACCESORII SPECIALE;Accesorii tinichigerie speciale - 2 ML;D07;Accesoriu special desfasurata 301-350 mm;zincat;0.50;buc;bucata 2 ml;5.25;
08. ACCESORII SPECIALE;Accesorii tinichigerie speciale - 2 ML;D07;Accesoriu special desfasurata 301-350 mm;zincat;0.60;buc;bucata 2 ml;6.48;
08. ACCESORII SPECIALE;Accesorii tinichigerie speciale - 2 ML;D07;Accesoriu special desfasurata 301-350 mm;zincat;0.70;buc;bucata 2 ml;7.62;
08. ACCESORII SPECIALE;Accesorii tinichigerie speciale - 2 ML;D08;Accesoriu special desfasurata 351-400 mm;zincat;0.37;buc;bucata 2 ml;4.31;
08. ACCESORII SPECIALE;Accesorii tinichigerie speciale - 2 ML;D08;Accesoriu special desfasurata 351-400 mm;zincat;0.40;buc;bucata 2 ml;4.40;
08. ACCESORII SPECIALE;Accesorii tinichigerie speciale - 2 ML;D08;Accesoriu special desfasurata 351-400 mm;zincat;0.45;buc;bucata 2 ml;5.50;
08. ACCESORII SPECIALE;Accesorii tinichigerie speciale - 2 ML;D08;Accesoriu special desfasurata 351-400 mm;zincat;0.50;buc;bucata 2 ml;6.00;
08. ACCESORII SPECIALE;Accesorii tinichigerie speciale - 2 ML;D08;Accesoriu special desfasurata 351-400 mm;zincat;0.60;buc;bucata 2 ml;7.41;
08. ACCESORII SPECIALE;Accesorii tinichigerie speciale - 2 ML;D08;Accesoriu special desfasurata 351-400 mm;zincat;0.70;buc;bucata 2 ml;8.70;
08. ACCESORII SPECIALE;Accesorii tinichigerie speciale - 2 ML;D09;Accesoriu special desfasurata 401-450 mm;zincat;0.37;buc;bucata 2 ml;4.84;
08. ACCESORII SPECIALE;Accesorii tinichigerie speciale - 2 ML;D09;Accesoriu special desfasurata 401-450 mm;zincat;0.40;buc;bucata 2 ml;4.95;
08. ACCESORII SPECIALE;Accesorii tinichigerie speciale - 2 ML;D09;Accesoriu special desfasurata 401-450 mm;zincat;0.45;buc;bucata 2 ml;6.19;
08. ACCESORII SPECIALE;Accesorii tinichigerie speciale - 2 ML;D09;Accesoriu special desfasurata 401-450 mm;zincat;0.50;buc;bucata 2 ml;6.75;
08. ACCESORII SPECIALE;Accesorii tinichigerie speciale - 2 ML;D09;Accesoriu special desfasurata 401-450 mm;zincat;0.60;buc;bucata 2 ml;8.33;
08. ACCESORII SPECIALE;Accesorii tinichigerie speciale - 2 ML;D09;Accesoriu special desfasurata 401-450 mm;zincat;0.70;buc;bucata 2 ml;9.79;
08. ACCESORII SPECIALE;Accesorii tinichigerie speciale - 2 ML;D10;Accesoriu special desfasurata 451-500 mm;zincat;0.37;buc;bucata 2 ml;5.38;
08. ACCESORII SPECIALE;Accesorii tinichigerie speciale - 2 ML;D10;Accesoriu special desfasurata 451-500 mm;zincat;0.40;buc;bucata 2 ml;5.50;
08. ACCESORII SPECIALE;Accesorii tinichigerie speciale - 2 ML;D10;Accesoriu special desfasurata 451-500 mm;zincat;0.45;buc;bucata 2 ml;6.87;
08. ACCESORII SPECIALE;Accesorii tinichigerie speciale - 2 ML;D10;Accesoriu special desfasurata 451-500 mm;zincat;0.50;buc;bucata 2 ml;7.50;
08. ACCESORII SPECIALE;Accesorii tinichigerie speciale - 2 ML;D10;Accesoriu special desfasurata 451-500 mm;zincat;0.60;buc;bucata 2 ml;9.26;
08. ACCESORII SPECIALE;Accesorii tinichigerie speciale - 2 ML;D10;Accesoriu special desfasurata 451-500 mm;zincat;0.70;buc;bucata 2 ml;10.88;
08. ACCESORII SPECIALE;Accesorii tinichigerie speciale - 2 ML;D11;Accesoriu special desfasurata 501-550 mm;zincat;0.37;buc;bucata 2 ml;5.92;
08. ACCESORII SPECIALE;Accesorii tinichigerie speciale - 2 ML;D11;Accesoriu special desfasurata 501-550 mm;zincat;0.40;buc;bucata 2 ml;6.05;
08. ACCESORII SPECIALE;Accesorii tinichigerie speciale - 2 ML;D11;Accesoriu special desfasurata 501-550 mm;zincat;0.45;buc;bucata 2 ml;7.56;
08. ACCESORII SPECIALE;Accesorii tinichigerie speciale - 2 ML;D11;Accesoriu special desfasurata 501-550 mm;zincat;0.50;buc;bucata 2 ml;8.26;
08. ACCESORII SPECIALE;Accesorii tinichigerie speciale - 2 ML;D11;Accesoriu special desfasurata 501-550 mm;zincat;0.60;buc;bucata 2 ml;10.19;
08. ACCESORII SPECIALE;Accesorii tinichigerie speciale - 2 ML;D11;Accesoriu special desfasurata 501-550 mm;zincat;0.70;buc;bucata 2 ml;11.97;
08. ACCESORII SPECIALE;Accesorii tinichigerie speciale - 2 ML;D12;Accesoriu special desfasurata 551-600 mm;zincat;0.37;buc;bucata 2 ml;6.46;
08. ACCESORII SPECIALE;Accesorii tinichigerie speciale - 2 ML;D12;Accesoriu special desfasurata 551-600 mm;zincat;0.40;buc;bucata 2 ml;6.60;
08. ACCESORII SPECIALE;Accesorii tinichigerie speciale - 2 ML;D12;Accesoriu special desfasurata 551-600 mm;zincat;0.45;buc;bucata 2 ml;8.25;
08. ACCESORII SPECIALE;Accesorii tinichigerie speciale - 2 ML;D12;Accesoriu special desfasurata 551-600 mm;zincat;0.50;buc;bucata 2 ml;9.01;
08. ACCESORII SPECIALE;Accesorii tinichigerie speciale - 2 ML;D12;Accesoriu special desfasurata 551-600 mm;zincat;0.60;buc;bucata 2 ml;11.11;
08. ACCESORII SPECIALE;Accesorii tinichigerie speciale - 2 ML;D12;Accesoriu special desfasurata 551-600 mm;zincat;0.70;buc;bucata 2 ml;13.06;
08. ACCESORII SPECIALE;Accesorii tinichigerie speciale - 2 ML;D13;Accesoriu special desfasurata 601-650 mm;zincat;0.37;buc;bucata 2 ml;7.00;
08. ACCESORII SPECIALE;Accesorii tinichigerie speciale - 2 ML;D13;Accesoriu special desfasurata 601-650 mm;zincat;0.40;buc;bucata 2 ml;7.15;
08. ACCESORII SPECIALE;Accesorii tinichigerie speciale - 2 ML;D13;Accesoriu special desfasurata 601-650 mm;zincat;0.45;buc;bucata 2 ml;8.94;
08. ACCESORII SPECIALE;Accesorii tinichigerie speciale - 2 ML;D13;Accesoriu special desfasurata 601-650 mm;zincat;0.50;buc;bucata 2 ml;9.76;
08. ACCESORII SPECIALE;Accesorii tinichigerie speciale - 2 ML;D13;Accesoriu special desfasurata 601-650 mm;zincat;0.60;buc;bucata 2 ml;12.04;
08. ACCESORII SPECIALE;Accesorii tinichigerie speciale - 2 ML;D13;Accesoriu special desfasurata 601-650 mm;zincat;0.70;buc;bucata 2 ml;14.14;
08. ACCESORII SPECIALE;Accesorii tinichigerie speciale - 2 ML;D14;Accesoriu special desfasurata 651-700 mm;zincat;0.37;buc;bucata 2 ml;7.53;
08. ACCESORII SPECIALE;Accesorii tinichigerie speciale - 2 ML;D14;Accesoriu special desfasurata 651-700 mm;zincat;0.40;buc;bucata 2 ml;7.70;
08. ACCESORII SPECIALE;Accesorii tinichigerie speciale - 2 ML;D14;Accesoriu special desfasurata 651-700 mm;zincat;0.45;buc;bucata 2 ml;9.62;
08. ACCESORII SPECIALE;Accesorii tinichigerie speciale - 2 ML;D14;Accesoriu special desfasurata 651-700 mm;zincat;0.50;buc;bucata 2 ml;10.51;
08. ACCESORII SPECIALE;Accesorii tinichigerie speciale - 2 ML;D14;Accesoriu special desfasurata 651-700 mm;zincat;0.60;buc;bucata 2 ml;12.96;
08. ACCESORII SPECIALE;Accesorii tinichigerie speciale - 2 ML;D14;Accesoriu special desfasurata 651-700 mm;zincat;0.70;buc;bucata 2 ml;15.23;
08. ACCESORII SPECIALE;Accesorii tinichigerie speciale - 2 ML;D15;Accesoriu special desfasurata 701-750 mm;zincat;0.37;buc;bucata 2 ml;8.07;
08. ACCESORII SPECIALE;Accesorii tinichigerie speciale - 2 ML;D15;Accesoriu special desfasurata 701-750 mm;zincat;0.40;buc;bucata 2 ml;8.24;
08. ACCESORII SPECIALE;Accesorii tinichigerie speciale - 2 ML;D15;Accesoriu special desfasurata 701-750 mm;zincat;0.45;buc;bucata 2 ml;10.31;
08. ACCESORII SPECIALE;Accesorii tinichigerie speciale - 2 ML;D15;Accesoriu special desfasurata 701-750 mm;zincat;0.50;buc;bucata 2 ml;11.26;
08. ACCESORII SPECIALE;Accesorii tinichigerie speciale - 2 ML;D15;Accesoriu special desfasurata 701-750 mm;zincat;0.60;buc;bucata 2 ml;13.89;
08. ACCESORII SPECIALE;Accesorii tinichigerie speciale - 2 ML;D15;Accesoriu special desfasurata 701-750 mm;zincat;0.70;buc;bucata 2 ml;16.32;
08. ACCESORII SPECIALE;Accesorii tinichigerie speciale - 2 ML;D16;Accesoriu special desfasurata 751-800 mm;zincat;0.37;buc;bucata 2 ml;8.61;
08. ACCESORII SPECIALE;Accesorii tinichigerie speciale - 2 ML;D16;Accesoriu special desfasurata 751-800 mm;zincat;0.40;buc;bucata 2 ml;8.79;
08. ACCESORII SPECIALE;Accesorii tinichigerie speciale - 2 ML;D16;Accesoriu special desfasurata 751-800 mm;zincat;0.45;buc;bucata 2 ml;11.00;
08. ACCESORII SPECIALE;Accesorii tinichigerie speciale - 2 ML;D16;Accesoriu special desfasurata 751-800 mm;zincat;0.50;buc;bucata 2 ml;12.01;
08. ACCESORII SPECIALE;Accesorii tinichigerie speciale - 2 ML;D16;Accesoriu special desfasurata 751-800 mm;zincat;0.60;buc;bucata 2 ml;14.82;
08. ACCESORII SPECIALE;Accesorii tinichigerie speciale - 2 ML;D16;Accesoriu special desfasurata 751-800 mm;zincat;0.70;buc;bucata 2 ml;17.41;
08. ACCESORII SPECIALE;Accesorii tinichigerie speciale - 2 ML;D17;Accesoriu special desfasurata 801-850 mm;zincat;0.37;buc;bucata 2 ml;9.15;
08. ACCESORII SPECIALE;Accesorii tinichigerie speciale - 2 ML;D17;Accesoriu special desfasurata 801-850 mm;zincat;0.40;buc;bucata 2 ml;9.34;
08. ACCESORII SPECIALE;Accesorii tinichigerie speciale - 2 ML;D17;Accesoriu special desfasurata 801-850 mm;zincat;0.45;buc;bucata 2 ml;11.68;
08. ACCESORII SPECIALE;Accesorii tinichigerie speciale - 2 ML;D17;Accesoriu special desfasurata 801-850 mm;zincat;0.50;buc;bucata 2 ml;12.76;
08. ACCESORII SPECIALE;Accesorii tinichigerie speciale - 2 ML;D17;Accesoriu special desfasurata 801-850 mm;zincat;0.60;buc;bucata 2 ml;15.74;
08. ACCESORII SPECIALE;Accesorii tinichigerie speciale - 2 ML;D17;Accesoriu special desfasurata 801-850 mm;zincat;0.70;buc;bucata 2 ml;18.50;
08. ACCESORII SPECIALE;Accesorii tinichigerie speciale - 2 ML;D18;Accesoriu special desfasurata 851-900 mm;zincat;0.37;buc;bucata 2 ml;9.69;
08. ACCESORII SPECIALE;Accesorii tinichigerie speciale - 2 ML;D18;Accesoriu special desfasurata 851-900 mm;zincat;0.40;buc;bucata 2 ml;9.89;
08. ACCESORII SPECIALE;Accesorii tinichigerie speciale - 2 ML;D18;Accesoriu special desfasurata 851-900 mm;zincat;0.45;buc;bucata 2 ml;12.37;
08. ACCESORII SPECIALE;Accesorii tinichigerie speciale - 2 ML;D18;Accesoriu special desfasurata 851-900 mm;zincat;0.50;buc;bucata 2 ml;13.51;
08. ACCESORII SPECIALE;Accesorii tinichigerie speciale - 2 ML;D18;Accesoriu special desfasurata 851-900 mm;zincat;0.60;buc;bucata 2 ml;16.67;
08. ACCESORII SPECIALE;Accesorii tinichigerie speciale - 2 ML;D18;Accesoriu special desfasurata 851-900 mm;zincat;0.70;buc;bucata 2 ml;19.58;
08. ACCESORII SPECIALE;Accesorii tinichigerie speciale - 2 ML;D19;Accesoriu special desfasurata 901-950 mm;zincat;0.37;buc;bucata 2 ml;10.23;
08. ACCESORII SPECIALE;Accesorii tinichigerie speciale - 2 ML;D19;Accesoriu special desfasurata 901-950 mm;zincat;0.40;buc;bucata 2 ml;10.44;
08. ACCESORII SPECIALE;Accesorii tinichigerie speciale - 2 ML;D19;Accesoriu special desfasurata 901-950 mm;zincat;0.45;buc;bucata 2 ml;13.06;
08. ACCESORII SPECIALE;Accesorii tinichigerie speciale - 2 ML;D19;Accesoriu special desfasurata 901-950 mm;zincat;0.50;buc;bucata 2 ml;14.26;
08. ACCESORII SPECIALE;Accesorii tinichigerie speciale - 2 ML;D19;Accesoriu special desfasurata 901-950 mm;zincat;0.60;buc;bucata 2 ml;17.59;
08. ACCESORII SPECIALE;Accesorii tinichigerie speciale - 2 ML;D19;Accesoriu special desfasurata 901-950 mm;zincat;0.70;buc;bucata 2 ml;20.67;
08. ACCESORII SPECIALE;Accesorii tinichigerie speciale - 2 ML;D20;Accesoriu special desfasurata 951-1000 mm;zincat;0.37;buc;bucata 2 ml;10.76;
08. ACCESORII SPECIALE;Accesorii tinichigerie speciale - 2 ML;D20;Accesoriu special desfasurata 951-1000 mm;zincat;0.40;buc;bucata 2 ml;10.99;
08. ACCESORII SPECIALE;Accesorii tinichigerie speciale - 2 ML;D20;Accesoriu special desfasurata 951-1000 mm;zincat;0.45;buc;bucata 2 ml;13.75;
08. ACCESORII SPECIALE;Accesorii tinichigerie speciale - 2 ML;D20;Accesoriu special desfasurata 951-1000 mm;zincat;0.50;buc;bucata 2 ml;15.01;
08. ACCESORII SPECIALE;Accesorii tinichigerie speciale - 2 ML;D20;Accesoriu special desfasurata 951-1000 mm;zincat;0.60;buc;bucata 2 ml;18.52;
08. ACCESORII SPECIALE;Accesorii tinichigerie speciale - 2 ML;D20;Accesoriu special desfasurata 951-1000 mm;zincat;0.70;buc;bucata 2 ml;21.76;
08. ACCESORII SPECIALE;Accesorii tinichigerie speciale - 2 ML;D21;Accesoriu special desfasurata 1001-1050 mm;zincat;0.37;buc;bucata 2 ml;11.30;
08. ACCESORII SPECIALE;Accesorii tinichigerie speciale - 2 ML;D21;Accesoriu special desfasurata 1001-1050 mm;zincat;0.40;buc;bucata 2 ml;11.54;
08. ACCESORII SPECIALE;Accesorii tinichigerie speciale - 2 ML;D21;Accesoriu special desfasurata 1001-1050 mm;zincat;0.45;buc;bucata 2 ml;14.43;
08. ACCESORII SPECIALE;Accesorii tinichigerie speciale - 2 ML;D21;Accesoriu special desfasurata 1001-1050 mm;zincat;0.50;buc;bucata 2 ml;15.76;
08. ACCESORII SPECIALE;Accesorii tinichigerie speciale - 2 ML;D21;Accesoriu special desfasurata 1001-1050 mm;zincat;0.60;buc;bucata 2 ml;19.45;
08. ACCESORII SPECIALE;Accesorii tinichigerie speciale - 2 ML;D21;Accesoriu special desfasurata 1001-1050 mm;zincat;0.70;buc;bucata 2 ml;22.85;
08. ACCESORII SPECIALE;Accesorii tinichigerie speciale - 2 ML;D22;Accesoriu special desfasurata 1051-1100 mm;zincat;0.37;buc;bucata 2 ml;11.84;
08. ACCESORII SPECIALE;Accesorii tinichigerie speciale - 2 ML;D22;Accesoriu special desfasurata 1051-1100 mm;zincat;0.40;buc;bucata 2 ml;12.09;
08. ACCESORII SPECIALE;Accesorii tinichigerie speciale - 2 ML;D22;Accesoriu special desfasurata 1051-1100 mm;zincat;0.45;buc;bucata 2 ml;15.12;
08. ACCESORII SPECIALE;Accesorii tinichigerie speciale - 2 ML;D22;Accesoriu special desfasurata 1051-1100 mm;zincat;0.50;buc;bucata 2 ml;16.51;
08. ACCESORII SPECIALE;Accesorii tinichigerie speciale - 2 ML;D22;Accesoriu special desfasurata 1051-1100 mm;zincat;0.60;buc;bucata 2 ml;20.37;
08. ACCESORII SPECIALE;Accesorii tinichigerie speciale - 2 ML;D22;Accesoriu special desfasurata 1051-1100 mm;zincat;0.70;buc;bucata 2 ml;23.94;
08. ACCESORII SPECIALE;Accesorii tinichigerie speciale - 2 ML;D23;Accesoriu special desfasurata 1101-1150 mm;zincat;0.37;buc;bucata 2 ml;12.38;
08. ACCESORII SPECIALE;Accesorii tinichigerie speciale - 2 ML;D23;Accesoriu special desfasurata 1101-1150 mm;zincat;0.40;buc;bucata 2 ml;12.64;
08. ACCESORII SPECIALE;Accesorii tinichigerie speciale - 2 ML;D23;Accesoriu special desfasurata 1101-1150 mm;zincat;0.45;buc;bucata 2 ml;15.81;
08. ACCESORII SPECIALE;Accesorii tinichigerie speciale - 2 ML;D23;Accesoriu special desfasurata 1101-1150 mm;zincat;0.50;buc;bucata 2 ml;17.26;
08. ACCESORII SPECIALE;Accesorii tinichigerie speciale - 2 ML;D23;Accesoriu special desfasurata 1101-1150 mm;zincat;0.60;buc;bucata 2 ml;21.30;
08. ACCESORII SPECIALE;Accesorii tinichigerie speciale - 2 ML;D23;Accesoriu special desfasurata 1101-1150 mm;zincat;0.70;buc;bucata 2 ml;25.02;
08. ACCESORII SPECIALE;Accesorii tinichigerie speciale - 2 ML;D24;Accesoriu special desfasurata 1151-1200 mm;zincat;0.37;buc;bucata 2 ml;12.92;
08. ACCESORII SPECIALE;Accesorii tinichigerie speciale - 2 ML;D24;Accesoriu special desfasurata 1151-1200 mm;zincat;0.40;buc;bucata 2 ml;13.19;
08. ACCESORII SPECIALE;Accesorii tinichigerie speciale - 2 ML;D24;Accesoriu special desfasurata 1151-1200 mm;zincat;0.45;buc;bucata 2 ml;16.50;
08. ACCESORII SPECIALE;Accesorii tinichigerie speciale - 2 ML;D24;Accesoriu special desfasurata 1151-1200 mm;zincat;0.50;buc;bucata 2 ml;18.01;
08. ACCESORII SPECIALE;Accesorii tinichigerie speciale - 2 ML;D24;Accesoriu special desfasurata 1151-1200 mm;zincat;0.60;buc;bucata 2 ml;22.22;
08. ACCESORII SPECIALE;Accesorii tinichigerie speciale - 2 ML;D24;Accesoriu special desfasurata 1151-1200 mm;zincat;0.70;buc;bucata 2 ml;26.11;
08. ACCESORII SPECIALE;Accesorii tinichigerie speciale - 2 ML;D25;Accesoriu special desfasurata 1201-1250 mm;zincat;0.37;buc;bucata 2 ml;13.45;
08. ACCESORII SPECIALE;Accesorii tinichigerie speciale - 2 ML;D25;Accesoriu special desfasurata 1201-1250 mm;zincat;0.40;buc;bucata 2 ml;13.74;
08. ACCESORII SPECIALE;Accesorii tinichigerie speciale - 2 ML;D25;Accesoriu special desfasurata 1201-1250 mm;zincat;0.45;buc;bucata 2 ml;17.18;
08. ACCESORII SPECIALE;Accesorii tinichigerie speciale - 2 ML;D25;Accesoriu special desfasurata 1201-1250 mm;zincat;0.50;buc;bucata 2 ml;18.76;
08. ACCESORII SPECIALE;Accesorii tinichigerie speciale - 2 ML;D25;Accesoriu special desfasurata 1201-1250 mm;zincat;0.60;buc;bucata 2 ml;23.15;
08. ACCESORII SPECIALE;Accesorii tinichigerie speciale - 2 ML;D25;Accesoriu special desfasurata 1201-1250 mm;zincat;0.70;buc;bucata 2 ml;27.20;
09. ACCESORII SPECIALE CONFIGURABILE;Accesorii tinichigerie speciale - dimensiuni atipice (configurabile);D01;Accesoriu special desfasurata 0-50 mm;lucios;0.40;ml;dimensiuni atipice (pret pe ml);0.39;
09. ACCESORII SPECIALE CONFIGURABILE;Accesorii tinichigerie speciale - dimensiuni atipice (configurabile);D01;Accesoriu special desfasurata 0-50 mm;lucios;0.45;ml;dimensiuni atipice (pret pe ml);0.45;
09. ACCESORII SPECIALE CONFIGURABILE;Accesorii tinichigerie speciale - dimensiuni atipice (configurabile);D01;Accesoriu special desfasurata 0-50 mm;lucios;0.50;ml;dimensiuni atipice (pret pe ml);0.49;
09. ACCESORII SPECIALE CONFIGURABILE;Accesorii tinichigerie speciale - dimensiuni atipice (configurabile);D01;Accesoriu special desfasurata 0-50 mm;lucios;0.60;ml;dimensiuni atipice (pret pe ml);0.55;
09. ACCESORII SPECIALE CONFIGURABILE;Accesorii tinichigerie speciale - dimensiuni atipice (configurabile);D01;Accesoriu special desfasurata 0-50 mm;lucios;0.70;ml;dimensiuni atipice (pret pe ml);0.70;
09. ACCESORII SPECIALE CONFIGURABILE;Accesorii tinichigerie speciale - dimensiuni atipice (configurabile);D02;Accesoriu special desfasurata 51-100 mm;lucios;0.40;ml;dimensiuni atipice (pret pe ml);0.78;
09. ACCESORII SPECIALE CONFIGURABILE;Accesorii tinichigerie speciale - dimensiuni atipice (configurabile);D02;Accesoriu special desfasurata 51-100 mm;lucios;0.45;ml;dimensiuni atipice (pret pe ml);0.91;
09. ACCESORII SPECIALE CONFIGURABILE;Accesorii tinichigerie speciale - dimensiuni atipice (configurabile);D02;Accesoriu special desfasurata 51-100 mm;lucios;0.50;ml;dimensiuni atipice (pret pe ml);0.97;
09. ACCESORII SPECIALE CONFIGURABILE;Accesorii tinichigerie speciale - dimensiuni atipice (configurabile);D02;Accesoriu special desfasurata 51-100 mm;lucios;0.60;ml;dimensiuni atipice (pret pe ml);1.10;
09. ACCESORII SPECIALE CONFIGURABILE;Accesorii tinichigerie speciale - dimensiuni atipice (configurabile);D02;Accesoriu special desfasurata 51-100 mm;lucios;0.70;ml;dimensiuni atipice (pret pe ml);1.40;
09. ACCESORII SPECIALE CONFIGURABILE;Accesorii tinichigerie speciale - dimensiuni atipice (configurabile);D03;Accesoriu special desfasurata 101-150 mm;lucios;0.40;ml;dimensiuni atipice (pret pe ml);1.16;
09. ACCESORII SPECIALE CONFIGURABILE;Accesorii tinichigerie speciale - dimensiuni atipice (configurabile);D03;Accesoriu special desfasurata 101-150 mm;lucios;0.45;ml;dimensiuni atipice (pret pe ml);1.36;
09. ACCESORII SPECIALE CONFIGURABILE;Accesorii tinichigerie speciale - dimensiuni atipice (configurabile);D03;Accesoriu special desfasurata 101-150 mm;lucios;0.50;ml;dimensiuni atipice (pret pe ml);1.46;
09. ACCESORII SPECIALE CONFIGURABILE;Accesorii tinichigerie speciale - dimensiuni atipice (configurabile);D03;Accesoriu special desfasurata 101-150 mm;lucios;0.60;ml;dimensiuni atipice (pret pe ml);1.65;
09. ACCESORII SPECIALE CONFIGURABILE;Accesorii tinichigerie speciale - dimensiuni atipice (configurabile);D03;Accesoriu special desfasurata 101-150 mm;lucios;0.70;ml;dimensiuni atipice (pret pe ml);2.10;
09. ACCESORII SPECIALE CONFIGURABILE;Accesorii tinichigerie speciale - dimensiuni atipice (configurabile);D04;Accesoriu special desfasurata 151-200 mm;lucios;0.40;ml;dimensiuni atipice (pret pe ml);1.55;
09. ACCESORII SPECIALE CONFIGURABILE;Accesorii tinichigerie speciale - dimensiuni atipice (configurabile);D04;Accesoriu special desfasurata 151-200 mm;lucios;0.45;ml;dimensiuni atipice (pret pe ml);1.81;
09. ACCESORII SPECIALE CONFIGURABILE;Accesorii tinichigerie speciale - dimensiuni atipice (configurabile);D04;Accesoriu special desfasurata 151-200 mm;lucios;0.50;ml;dimensiuni atipice (pret pe ml);1.94;
09. ACCESORII SPECIALE CONFIGURABILE;Accesorii tinichigerie speciale - dimensiuni atipice (configurabile);D04;Accesoriu special desfasurata 151-200 mm;lucios;0.60;ml;dimensiuni atipice (pret pe ml);2.20;
09. ACCESORII SPECIALE CONFIGURABILE;Accesorii tinichigerie speciale - dimensiuni atipice (configurabile);D04;Accesoriu special desfasurata 151-200 mm;lucios;0.70;ml;dimensiuni atipice (pret pe ml);2.81;
09. ACCESORII SPECIALE CONFIGURABILE;Accesorii tinichigerie speciale - dimensiuni atipice (configurabile);D05;Accesoriu special desfasurata 201-250 mm;lucios;0.40;ml;dimensiuni atipice (pret pe ml);1.94;
09. ACCESORII SPECIALE CONFIGURABILE;Accesorii tinichigerie speciale - dimensiuni atipice (configurabile);D05;Accesoriu special desfasurata 201-250 mm;lucios;0.45;ml;dimensiuni atipice (pret pe ml);2.26;
09. ACCESORII SPECIALE CONFIGURABILE;Accesorii tinichigerie speciale - dimensiuni atipice (configurabile);D05;Accesoriu special desfasurata 201-250 mm;lucios;0.50;ml;dimensiuni atipice (pret pe ml);2.43;
09. ACCESORII SPECIALE CONFIGURABILE;Accesorii tinichigerie speciale - dimensiuni atipice (configurabile);D05;Accesoriu special desfasurata 201-250 mm;lucios;0.60;ml;dimensiuni atipice (pret pe ml);2.75;
09. ACCESORII SPECIALE CONFIGURABILE;Accesorii tinichigerie speciale - dimensiuni atipice (configurabile);D05;Accesoriu special desfasurata 201-250 mm;lucios;0.70;ml;dimensiuni atipice (pret pe ml);3.51;
09. ACCESORII SPECIALE CONFIGURABILE;Accesorii tinichigerie speciale - dimensiuni atipice (configurabile);D06;Accesoriu special desfasurata 251-300 mm;lucios;0.40;ml;dimensiuni atipice (pret pe ml);2.33;
09. ACCESORII SPECIALE CONFIGURABILE;Accesorii tinichigerie speciale - dimensiuni atipice (configurabile);D06;Accesoriu special desfasurata 251-300 mm;lucios;0.45;ml;dimensiuni atipice (pret pe ml);2.72;
09. ACCESORII SPECIALE CONFIGURABILE;Accesorii tinichigerie speciale - dimensiuni atipice (configurabile);D06;Accesoriu special desfasurata 251-300 mm;lucios;0.50;ml;dimensiuni atipice (pret pe ml);2.91;
09. ACCESORII SPECIALE CONFIGURABILE;Accesorii tinichigerie speciale - dimensiuni atipice (configurabile);D06;Accesoriu special desfasurata 251-300 mm;lucios;0.60;ml;dimensiuni atipice (pret pe ml);3.30;
09. ACCESORII SPECIALE CONFIGURABILE;Accesorii tinichigerie speciale - dimensiuni atipice (configurabile);D06;Accesoriu special desfasurata 251-300 mm;lucios;0.70;ml;dimensiuni atipice (pret pe ml);4.21;
09. ACCESORII SPECIALE CONFIGURABILE;Accesorii tinichigerie speciale - dimensiuni atipice (configurabile);D07;Accesoriu special desfasurata 301-350 mm;lucios;0.40;ml;dimensiuni atipice (pret pe ml);2.72;
09. ACCESORII SPECIALE CONFIGURABILE;Accesorii tinichigerie speciale - dimensiuni atipice (configurabile);D07;Accesoriu special desfasurata 301-350 mm;lucios;0.45;ml;dimensiuni atipice (pret pe ml);3.17;
09. ACCESORII SPECIALE CONFIGURABILE;Accesorii tinichigerie speciale - dimensiuni atipice (configurabile);D07;Accesoriu special desfasurata 301-350 mm;lucios;0.50;ml;dimensiuni atipice (pret pe ml);3.40;
09. ACCESORII SPECIALE CONFIGURABILE;Accesorii tinichigerie speciale - dimensiuni atipice (configurabile);D07;Accesoriu special desfasurata 301-350 mm;lucios;0.60;ml;dimensiuni atipice (pret pe ml);3.85;
09. ACCESORII SPECIALE CONFIGURABILE;Accesorii tinichigerie speciale - dimensiuni atipice (configurabile);D07;Accesoriu special desfasurata 301-350 mm;lucios;0.70;ml;dimensiuni atipice (pret pe ml);4.91;
09. ACCESORII SPECIALE CONFIGURABILE;Accesorii tinichigerie speciale - dimensiuni atipice (configurabile);D08;Accesoriu special desfasurata 351-400 mm;lucios;0.40;ml;dimensiuni atipice (pret pe ml);3.11;
09. ACCESORII SPECIALE CONFIGURABILE;Accesorii tinichigerie speciale - dimensiuni atipice (configurabile);D08;Accesoriu special desfasurata 351-400 mm;lucios;0.45;ml;dimensiuni atipice (pret pe ml);3.62;
09. ACCESORII SPECIALE CONFIGURABILE;Accesorii tinichigerie speciale - dimensiuni atipice (configurabile);D08;Accesoriu special desfasurata 351-400 mm;lucios;0.50;ml;dimensiuni atipice (pret pe ml);3.88;
09. ACCESORII SPECIALE CONFIGURABILE;Accesorii tinichigerie speciale - dimensiuni atipice (configurabile);D08;Accesoriu special desfasurata 351-400 mm;lucios;0.60;ml;dimensiuni atipice (pret pe ml);4.40;
09. ACCESORII SPECIALE CONFIGURABILE;Accesorii tinichigerie speciale - dimensiuni atipice (configurabile);D08;Accesoriu special desfasurata 351-400 mm;lucios;0.70;ml;dimensiuni atipice (pret pe ml);5.61;
09. ACCESORII SPECIALE CONFIGURABILE;Accesorii tinichigerie speciale - dimensiuni atipice (configurabile);D09;Accesoriu special desfasurata 401-450 mm;lucios;0.40;ml;dimensiuni atipice (pret pe ml);3.49;
09. ACCESORII SPECIALE CONFIGURABILE;Accesorii tinichigerie speciale - dimensiuni atipice (configurabile);D09;Accesoriu special desfasurata 401-450 mm;lucios;0.45;ml;dimensiuni atipice (pret pe ml);4.08;
09. ACCESORII SPECIALE CONFIGURABILE;Accesorii tinichigerie speciale - dimensiuni atipice (configurabile);D09;Accesoriu special desfasurata 401-450 mm;lucios;0.50;ml;dimensiuni atipice (pret pe ml);4.37;
09. ACCESORII SPECIALE CONFIGURABILE;Accesorii tinichigerie speciale - dimensiuni atipice (configurabile);D09;Accesoriu special desfasurata 401-450 mm;lucios;0.60;ml;dimensiuni atipice (pret pe ml);4.95;
09. ACCESORII SPECIALE CONFIGURABILE;Accesorii tinichigerie speciale - dimensiuni atipice (configurabile);D09;Accesoriu special desfasurata 401-450 mm;lucios;0.70;ml;dimensiuni atipice (pret pe ml);6.31;
09. ACCESORII SPECIALE CONFIGURABILE;Accesorii tinichigerie speciale - dimensiuni atipice (configurabile);D10;Accesoriu special desfasurata 451-500 mm;lucios;0.40;ml;dimensiuni atipice (pret pe ml);3.88;
09. ACCESORII SPECIALE CONFIGURABILE;Accesorii tinichigerie speciale - dimensiuni atipice (configurabile);D10;Accesoriu special desfasurata 451-500 mm;lucios;0.45;ml;dimensiuni atipice (pret pe ml);4.53;
09. ACCESORII SPECIALE CONFIGURABILE;Accesorii tinichigerie speciale - dimensiuni atipice (configurabile);D10;Accesoriu special desfasurata 451-500 mm;lucios;0.50;ml;dimensiuni atipice (pret pe ml);4.86;
09. ACCESORII SPECIALE CONFIGURABILE;Accesorii tinichigerie speciale - dimensiuni atipice (configurabile);D10;Accesoriu special desfasurata 451-500 mm;lucios;0.60;ml;dimensiuni atipice (pret pe ml);5.50;
09. ACCESORII SPECIALE CONFIGURABILE;Accesorii tinichigerie speciale - dimensiuni atipice (configurabile);D10;Accesoriu special desfasurata 451-500 mm;lucios;0.70;ml;dimensiuni atipice (pret pe ml);7.02;
09. ACCESORII SPECIALE CONFIGURABILE;Accesorii tinichigerie speciale - dimensiuni atipice (configurabile);D11;Accesoriu special desfasurata 501-550 mm;lucios;0.40;ml;dimensiuni atipice (pret pe ml);4.27;
09. ACCESORII SPECIALE CONFIGURABILE;Accesorii tinichigerie speciale - dimensiuni atipice (configurabile);D11;Accesoriu special desfasurata 501-550 mm;lucios;0.45;ml;dimensiuni atipice (pret pe ml);4.98;
09. ACCESORII SPECIALE CONFIGURABILE;Accesorii tinichigerie speciale - dimensiuni atipice (configurabile);D11;Accesoriu special desfasurata 501-550 mm;lucios;0.50;ml;dimensiuni atipice (pret pe ml);5.34;
09. ACCESORII SPECIALE CONFIGURABILE;Accesorii tinichigerie speciale - dimensiuni atipice (configurabile);D11;Accesoriu special desfasurata 501-550 mm;lucios;0.60;ml;dimensiuni atipice (pret pe ml);6.05;
09. ACCESORII SPECIALE CONFIGURABILE;Accesorii tinichigerie speciale - dimensiuni atipice (configurabile);D11;Accesoriu special desfasurata 501-550 mm;lucios;0.70;ml;dimensiuni atipice (pret pe ml);7.72;
09. ACCESORII SPECIALE CONFIGURABILE;Accesorii tinichigerie speciale - dimensiuni atipice (configurabile);D12;Accesoriu special desfasurata 551-600 mm;lucios;0.40;ml;dimensiuni atipice (pret pe ml);4.66;
09. ACCESORII SPECIALE CONFIGURABILE;Accesorii tinichigerie speciale - dimensiuni atipice (configurabile);D12;Accesoriu special desfasurata 551-600 mm;lucios;0.45;ml;dimensiuni atipice (pret pe ml);5.43;
09. ACCESORII SPECIALE CONFIGURABILE;Accesorii tinichigerie speciale - dimensiuni atipice (configurabile);D12;Accesoriu special desfasurata 551-600 mm;lucios;0.50;ml;dimensiuni atipice (pret pe ml);5.83;
09. ACCESORII SPECIALE CONFIGURABILE;Accesorii tinichigerie speciale - dimensiuni atipice (configurabile);D12;Accesoriu special desfasurata 551-600 mm;lucios;0.60;ml;dimensiuni atipice (pret pe ml);6.60;
09. ACCESORII SPECIALE CONFIGURABILE;Accesorii tinichigerie speciale - dimensiuni atipice (configurabile);D12;Accesoriu special desfasurata 551-600 mm;lucios;0.70;ml;dimensiuni atipice (pret pe ml);8.42;
09. ACCESORII SPECIALE CONFIGURABILE;Accesorii tinichigerie speciale - dimensiuni atipice (configurabile);D13;Accesoriu special desfasurata 601-650 mm;lucios;0.40;ml;dimensiuni atipice (pret pe ml);5.05;
09. ACCESORII SPECIALE CONFIGURABILE;Accesorii tinichigerie speciale - dimensiuni atipice (configurabile);D13;Accesoriu special desfasurata 601-650 mm;lucios;0.45;ml;dimensiuni atipice (pret pe ml);5.89;
09. ACCESORII SPECIALE CONFIGURABILE;Accesorii tinichigerie speciale - dimensiuni atipice (configurabile);D13;Accesoriu special desfasurata 601-650 mm;lucios;0.50;ml;dimensiuni atipice (pret pe ml);6.31;
09. ACCESORII SPECIALE CONFIGURABILE;Accesorii tinichigerie speciale - dimensiuni atipice (configurabile);D13;Accesoriu special desfasurata 601-650 mm;lucios;0.60;ml;dimensiuni atipice (pret pe ml);7.15;
09. ACCESORII SPECIALE CONFIGURABILE;Accesorii tinichigerie speciale - dimensiuni atipice (configurabile);D13;Accesoriu special desfasurata 601-650 mm;lucios;0.70;ml;dimensiuni atipice (pret pe ml);9.12;
09. ACCESORII SPECIALE CONFIGURABILE;Accesorii tinichigerie speciale - dimensiuni atipice (configurabile);D14;Accesoriu special desfasurata 651-700 mm;lucios;0.40;ml;dimensiuni atipice (pret pe ml);5.44;
09. ACCESORII SPECIALE CONFIGURABILE;Accesorii tinichigerie speciale - dimensiuni atipice (configurabile);D14;Accesoriu special desfasurata 651-700 mm;lucios;0.45;ml;dimensiuni atipice (pret pe ml);6.34;
09. ACCESORII SPECIALE CONFIGURABILE;Accesorii tinichigerie speciale - dimensiuni atipice (configurabile);D14;Accesoriu special desfasurata 651-700 mm;lucios;0.50;ml;dimensiuni atipice (pret pe ml);6.80;
09. ACCESORII SPECIALE CONFIGURABILE;Accesorii tinichigerie speciale - dimensiuni atipice (configurabile);D14;Accesoriu special desfasurata 651-700 mm;lucios;0.60;ml;dimensiuni atipice (pret pe ml);7.70;
09. ACCESORII SPECIALE CONFIGURABILE;Accesorii tinichigerie speciale - dimensiuni atipice (configurabile);D14;Accesoriu special desfasurata 651-700 mm;lucios;0.70;ml;dimensiuni atipice (pret pe ml);9.82;
09. ACCESORII SPECIALE CONFIGURABILE;Accesorii tinichigerie speciale - dimensiuni atipice (configurabile);D15;Accesoriu special desfasurata 701-750 mm;lucios;0.40;ml;dimensiuni atipice (pret pe ml);5.82;
09. ACCESORII SPECIALE CONFIGURABILE;Accesorii tinichigerie speciale - dimensiuni atipice (configurabile);D15;Accesoriu special desfasurata 701-750 mm;lucios;0.45;ml;dimensiuni atipice (pret pe ml);6.79;
09. ACCESORII SPECIALE CONFIGURABILE;Accesorii tinichigerie speciale - dimensiuni atipice (configurabile);D15;Accesoriu special desfasurata 701-750 mm;lucios;0.50;ml;dimensiuni atipice (pret pe ml);7.28;
09. ACCESORII SPECIALE CONFIGURABILE;Accesorii tinichigerie speciale - dimensiuni atipice (configurabile);D15;Accesoriu special desfasurata 701-750 mm;lucios;0.60;ml;dimensiuni atipice (pret pe ml);8.25;
09. ACCESORII SPECIALE CONFIGURABILE;Accesorii tinichigerie speciale - dimensiuni atipice (configurabile);D15;Accesoriu special desfasurata 701-750 mm;lucios;0.70;ml;dimensiuni atipice (pret pe ml);10.52;
09. ACCESORII SPECIALE CONFIGURABILE;Accesorii tinichigerie speciale - dimensiuni atipice (configurabile);D16;Accesoriu special desfasurata 751-800 mm;lucios;0.40;ml;dimensiuni atipice (pret pe ml);6.21;
09. ACCESORII SPECIALE CONFIGURABILE;Accesorii tinichigerie speciale - dimensiuni atipice (configurabile);D16;Accesoriu special desfasurata 751-800 mm;lucios;0.45;ml;dimensiuni atipice (pret pe ml);7.25;
09. ACCESORII SPECIALE CONFIGURABILE;Accesorii tinichigerie speciale - dimensiuni atipice (configurabile);D16;Accesoriu special desfasurata 751-800 mm;lucios;0.50;ml;dimensiuni atipice (pret pe ml);7.77;
09. ACCESORII SPECIALE CONFIGURABILE;Accesorii tinichigerie speciale - dimensiuni atipice (configurabile);D16;Accesoriu special desfasurata 751-800 mm;lucios;0.60;ml;dimensiuni atipice (pret pe ml);8.80;
09. ACCESORII SPECIALE CONFIGURABILE;Accesorii tinichigerie speciale - dimensiuni atipice (configurabile);D16;Accesoriu special desfasurata 751-800 mm;lucios;0.70;ml;dimensiuni atipice (pret pe ml);11.22;
09. ACCESORII SPECIALE CONFIGURABILE;Accesorii tinichigerie speciale - dimensiuni atipice (configurabile);D17;Accesoriu special desfasurata 801-850 mm;lucios;0.40;ml;dimensiuni atipice (pret pe ml);6.60;
09. ACCESORII SPECIALE CONFIGURABILE;Accesorii tinichigerie speciale - dimensiuni atipice (configurabile);D17;Accesoriu special desfasurata 801-850 mm;lucios;0.45;ml;dimensiuni atipice (pret pe ml);7.70;
09. ACCESORII SPECIALE CONFIGURABILE;Accesorii tinichigerie speciale - dimensiuni atipice (configurabile);D17;Accesoriu special desfasurata 801-850 mm;lucios;0.50;ml;dimensiuni atipice (pret pe ml);8.25;
09. ACCESORII SPECIALE CONFIGURABILE;Accesorii tinichigerie speciale - dimensiuni atipice (configurabile);D17;Accesoriu special desfasurata 801-850 mm;lucios;0.60;ml;dimensiuni atipice (pret pe ml);9.35;
09. ACCESORII SPECIALE CONFIGURABILE;Accesorii tinichigerie speciale - dimensiuni atipice (configurabile);D17;Accesoriu special desfasurata 801-850 mm;lucios;0.70;ml;dimensiuni atipice (pret pe ml);11.93;
09. ACCESORII SPECIALE CONFIGURABILE;Accesorii tinichigerie speciale - dimensiuni atipice (configurabile);D18;Accesoriu special desfasurata 851-900 mm;lucios;0.40;ml;dimensiuni atipice (pret pe ml);6.99;
09. ACCESORII SPECIALE CONFIGURABILE;Accesorii tinichigerie speciale - dimensiuni atipice (configurabile);D18;Accesoriu special desfasurata 851-900 mm;lucios;0.45;ml;dimensiuni atipice (pret pe ml);8.15;
09. ACCESORII SPECIALE CONFIGURABILE;Accesorii tinichigerie speciale - dimensiuni atipice (configurabile);D18;Accesoriu special desfasurata 851-900 mm;lucios;0.50;ml;dimensiuni atipice (pret pe ml);8.74;
09. ACCESORII SPECIALE CONFIGURABILE;Accesorii tinichigerie speciale - dimensiuni atipice (configurabile);D18;Accesoriu special desfasurata 851-900 mm;lucios;0.60;ml;dimensiuni atipice (pret pe ml);9.90;
09. ACCESORII SPECIALE CONFIGURABILE;Accesorii tinichigerie speciale - dimensiuni atipice (configurabile);D18;Accesoriu special desfasurata 851-900 mm;lucios;0.70;ml;dimensiuni atipice (pret pe ml);12.63;
09. ACCESORII SPECIALE CONFIGURABILE;Accesorii tinichigerie speciale - dimensiuni atipice (configurabile);D19;Accesoriu special desfasurata 901-950 mm;lucios;0.40;ml;dimensiuni atipice (pret pe ml);7.38;
09. ACCESORII SPECIALE CONFIGURABILE;Accesorii tinichigerie speciale - dimensiuni atipice (configurabile);D19;Accesoriu special desfasurata 901-950 mm;lucios;0.45;ml;dimensiuni atipice (pret pe ml);8.60;
09. ACCESORII SPECIALE CONFIGURABILE;Accesorii tinichigerie speciale - dimensiuni atipice (configurabile);D19;Accesoriu special desfasurata 901-950 mm;lucios;0.50;ml;dimensiuni atipice (pret pe ml);9.22;
09. ACCESORII SPECIALE CONFIGURABILE;Accesorii tinichigerie speciale - dimensiuni atipice (configurabile);D19;Accesoriu special desfasurata 901-950 mm;lucios;0.60;ml;dimensiuni atipice (pret pe ml);10.45;
09. ACCESORII SPECIALE CONFIGURABILE;Accesorii tinichigerie speciale - dimensiuni atipice (configurabile);D19;Accesoriu special desfasurata 901-950 mm;lucios;0.70;ml;dimensiuni atipice (pret pe ml);13.33;
09. ACCESORII SPECIALE CONFIGURABILE;Accesorii tinichigerie speciale - dimensiuni atipice (configurabile);D20;Accesoriu special desfasurata 951-1000 mm;lucios;0.40;ml;dimensiuni atipice (pret pe ml);7.77;
09. ACCESORII SPECIALE CONFIGURABILE;Accesorii tinichigerie speciale - dimensiuni atipice (configurabile);D20;Accesoriu special desfasurata 951-1000 mm;lucios;0.45;ml;dimensiuni atipice (pret pe ml);9.06;
09. ACCESORII SPECIALE CONFIGURABILE;Accesorii tinichigerie speciale - dimensiuni atipice (configurabile);D20;Accesoriu special desfasurata 951-1000 mm;lucios;0.50;ml;dimensiuni atipice (pret pe ml);9.71;
09. ACCESORII SPECIALE CONFIGURABILE;Accesorii tinichigerie speciale - dimensiuni atipice (configurabile);D20;Accesoriu special desfasurata 951-1000 mm;lucios;0.60;ml;dimensiuni atipice (pret pe ml);11.00;
09. ACCESORII SPECIALE CONFIGURABILE;Accesorii tinichigerie speciale - dimensiuni atipice (configurabile);D20;Accesoriu special desfasurata 951-1000 mm;lucios;0.70;ml;dimensiuni atipice (pret pe ml);14.03;
09. ACCESORII SPECIALE CONFIGURABILE;Accesorii tinichigerie speciale - dimensiuni atipice (configurabile);D21;Accesoriu special desfasurata 1001-1050 mm;lucios;0.40;ml;dimensiuni atipice (pret pe ml);8.15;
09. ACCESORII SPECIALE CONFIGURABILE;Accesorii tinichigerie speciale - dimensiuni atipice (configurabile);D21;Accesoriu special desfasurata 1001-1050 mm;lucios;0.45;ml;dimensiuni atipice (pret pe ml);9.51;
09. ACCESORII SPECIALE CONFIGURABILE;Accesorii tinichigerie speciale - dimensiuni atipice (configurabile);D21;Accesoriu special desfasurata 1001-1050 mm;lucios;0.50;ml;dimensiuni atipice (pret pe ml);10.20;
09. ACCESORII SPECIALE CONFIGURABILE;Accesorii tinichigerie speciale - dimensiuni atipice (configurabile);D21;Accesoriu special desfasurata 1001-1050 mm;lucios;0.60;ml;dimensiuni atipice (pret pe ml);11.55;
09. ACCESORII SPECIALE CONFIGURABILE;Accesorii tinichigerie speciale - dimensiuni atipice (configurabile);D21;Accesoriu special desfasurata 1001-1050 mm;lucios;0.70;ml;dimensiuni atipice (pret pe ml);14.73;
09. ACCESORII SPECIALE CONFIGURABILE;Accesorii tinichigerie speciale - dimensiuni atipice (configurabile);D22;Accesoriu special desfasurata 1051-1100 mm;lucios;0.40;ml;dimensiuni atipice (pret pe ml);8.54;
09. ACCESORII SPECIALE CONFIGURABILE;Accesorii tinichigerie speciale - dimensiuni atipice (configurabile);D22;Accesoriu special desfasurata 1051-1100 mm;lucios;0.45;ml;dimensiuni atipice (pret pe ml);9.96;
09. ACCESORII SPECIALE CONFIGURABILE;Accesorii tinichigerie speciale - dimensiuni atipice (configurabile);D22;Accesoriu special desfasurata 1051-1100 mm;lucios;0.50;ml;dimensiuni atipice (pret pe ml);10.68;
09. ACCESORII SPECIALE CONFIGURABILE;Accesorii tinichigerie speciale - dimensiuni atipice (configurabile);D22;Accesoriu special desfasurata 1051-1100 mm;lucios;0.60;ml;dimensiuni atipice (pret pe ml);12.10;
09. ACCESORII SPECIALE CONFIGURABILE;Accesorii tinichigerie speciale - dimensiuni atipice (configurabile);D22;Accesoriu special desfasurata 1051-1100 mm;lucios;0.70;ml;dimensiuni atipice (pret pe ml);15.43;
09. ACCESORII SPECIALE CONFIGURABILE;Accesorii tinichigerie speciale - dimensiuni atipice (configurabile);D23;Accesoriu special desfasurata 1101-1150 mm;lucios;0.40;ml;dimensiuni atipice (pret pe ml);8.93;
09. ACCESORII SPECIALE CONFIGURABILE;Accesorii tinichigerie speciale - dimensiuni atipice (configurabile);D23;Accesoriu special desfasurata 1101-1150 mm;lucios;0.45;ml;dimensiuni atipice (pret pe ml);10.42;
09. ACCESORII SPECIALE CONFIGURABILE;Accesorii tinichigerie speciale - dimensiuni atipice (configurabile);D23;Accesoriu special desfasurata 1101-1150 mm;lucios;0.50;ml;dimensiuni atipice (pret pe ml);11.17;
09. ACCESORII SPECIALE CONFIGURABILE;Accesorii tinichigerie speciale - dimensiuni atipice (configurabile);D23;Accesoriu special desfasurata 1101-1150 mm;lucios;0.60;ml;dimensiuni atipice (pret pe ml);12.65;
09. ACCESORII SPECIALE CONFIGURABILE;Accesorii tinichigerie speciale - dimensiuni atipice (configurabile);D23;Accesoriu special desfasurata 1101-1150 mm;lucios;0.70;ml;dimensiuni atipice (pret pe ml);16.13;
09. ACCESORII SPECIALE CONFIGURABILE;Accesorii tinichigerie speciale - dimensiuni atipice (configurabile);D24;Accesoriu special desfasurata 1151-1200 mm;lucios;0.40;ml;dimensiuni atipice (pret pe ml);9.32;
09. ACCESORII SPECIALE CONFIGURABILE;Accesorii tinichigerie speciale - dimensiuni atipice (configurabile);D24;Accesoriu special desfasurata 1151-1200 mm;lucios;0.45;ml;dimensiuni atipice (pret pe ml);10.87;
09. ACCESORII SPECIALE CONFIGURABILE;Accesorii tinichigerie speciale - dimensiuni atipice (configurabile);D24;Accesoriu special desfasurata 1151-1200 mm;lucios;0.50;ml;dimensiuni atipice (pret pe ml);11.65;
09. ACCESORII SPECIALE CONFIGURABILE;Accesorii tinichigerie speciale - dimensiuni atipice (configurabile);D24;Accesoriu special desfasurata 1151-1200 mm;lucios;0.60;ml;dimensiuni atipice (pret pe ml);13.20;
09. ACCESORII SPECIALE CONFIGURABILE;Accesorii tinichigerie speciale - dimensiuni atipice (configurabile);D24;Accesoriu special desfasurata 1151-1200 mm;lucios;0.70;ml;dimensiuni atipice (pret pe ml);16.84;
09. ACCESORII SPECIALE CONFIGURABILE;Accesorii tinichigerie speciale - dimensiuni atipice (configurabile);D25;Accesoriu special desfasurata 1201-1250 mm;lucios;0.40;ml;dimensiuni atipice (pret pe ml);9.71;
09. ACCESORII SPECIALE CONFIGURABILE;Accesorii tinichigerie speciale - dimensiuni atipice (configurabile);D25;Accesoriu special desfasurata 1201-1250 mm;lucios;0.45;ml;dimensiuni atipice (pret pe ml);11.32;
09. ACCESORII SPECIALE CONFIGURABILE;Accesorii tinichigerie speciale - dimensiuni atipice (configurabile);D25;Accesoriu special desfasurata 1201-1250 mm;lucios;0.50;ml;dimensiuni atipice (pret pe ml);12.14;
09. ACCESORII SPECIALE CONFIGURABILE;Accesorii tinichigerie speciale - dimensiuni atipice (configurabile);D25;Accesoriu special desfasurata 1201-1250 mm;lucios;0.60;ml;dimensiuni atipice (pret pe ml);13.75;
09. ACCESORII SPECIALE CONFIGURABILE;Accesorii tinichigerie speciale - dimensiuni atipice (configurabile);D25;Accesoriu special desfasurata 1201-1250 mm;lucios;0.70;ml;dimensiuni atipice (pret pe ml);17.54;
09. ACCESORII SPECIALE CONFIGURABILE;Accesorii tinichigerie speciale - dimensiuni atipice (configurabile);D01;Accesoriu special desfasurata 0-50 mm;mat;0.40;ml;dimensiuni atipice (pret pe ml);0.42;
09. ACCESORII SPECIALE CONFIGURABILE;Accesorii tinichigerie speciale - dimensiuni atipice (configurabile);D01;Accesoriu special desfasurata 0-50 mm;mat;0.45;ml;dimensiuni atipice (pret pe ml);0.48;
09. ACCESORII SPECIALE CONFIGURABILE;Accesorii tinichigerie speciale - dimensiuni atipice (configurabile);D01;Accesoriu special desfasurata 0-50 mm;mat;0.50;ml;dimensiuni atipice (pret pe ml);0.51;
09. ACCESORII SPECIALE CONFIGURABILE;Accesorii tinichigerie speciale - dimensiuni atipice (configurabile);D01;Accesoriu special desfasurata 0-50 mm;mat;0.60;ml;dimensiuni atipice (pret pe ml);0.57;
09. ACCESORII SPECIALE CONFIGURABILE;Accesorii tinichigerie speciale - dimensiuni atipice (configurabile);D01;Accesoriu special desfasurata 0-50 mm;Grande Mat (GDM);0.50;ml;dimensiuni atipice (pret pe ml);0.66;
09. ACCESORII SPECIALE CONFIGURABILE;Accesorii tinichigerie speciale - dimensiuni atipice (configurabile);D02;Accesoriu special desfasurata 51-100 mm;mat;0.40;ml;dimensiuni atipice (pret pe ml);0.85;
09. ACCESORII SPECIALE CONFIGURABILE;Accesorii tinichigerie speciale - dimensiuni atipice (configurabile);D02;Accesoriu special desfasurata 51-100 mm;mat;0.45;ml;dimensiuni atipice (pret pe ml);0.97;
09. ACCESORII SPECIALE CONFIGURABILE;Accesorii tinichigerie speciale - dimensiuni atipice (configurabile);D02;Accesoriu special desfasurata 51-100 mm;mat;0.50;ml;dimensiuni atipice (pret pe ml);1.01;
09. ACCESORII SPECIALE CONFIGURABILE;Accesorii tinichigerie speciale - dimensiuni atipice (configurabile);D02;Accesoriu special desfasurata 51-100 mm;mat;0.60;ml;dimensiuni atipice (pret pe ml);1.15;
09. ACCESORII SPECIALE CONFIGURABILE;Accesorii tinichigerie speciale - dimensiuni atipice (configurabile);D02;Accesoriu special desfasurata 51-100 mm;Grande Mat (GDM);0.50;ml;dimensiuni atipice (pret pe ml);1.32;
09. ACCESORII SPECIALE CONFIGURABILE;Accesorii tinichigerie speciale - dimensiuni atipice (configurabile);D03;Accesoriu special desfasurata 101-150 mm;mat;0.40;ml;dimensiuni atipice (pret pe ml);1.27;
09. ACCESORII SPECIALE CONFIGURABILE;Accesorii tinichigerie speciale - dimensiuni atipice (configurabile);D03;Accesoriu special desfasurata 101-150 mm;mat;0.45;ml;dimensiuni atipice (pret pe ml);1.45;
09. ACCESORII SPECIALE CONFIGURABILE;Accesorii tinichigerie speciale - dimensiuni atipice (configurabile);D03;Accesoriu special desfasurata 101-150 mm;mat;0.50;ml;dimensiuni atipice (pret pe ml);1.52;
09. ACCESORII SPECIALE CONFIGURABILE;Accesorii tinichigerie speciale - dimensiuni atipice (configurabile);D03;Accesoriu special desfasurata 101-150 mm;mat;0.60;ml;dimensiuni atipice (pret pe ml);1.72;
09. ACCESORII SPECIALE CONFIGURABILE;Accesorii tinichigerie speciale - dimensiuni atipice (configurabile);D03;Accesoriu special desfasurata 101-150 mm;Grande Mat (GDM);0.50;ml;dimensiuni atipice (pret pe ml);1.99;
09. ACCESORII SPECIALE CONFIGURABILE;Accesorii tinichigerie speciale - dimensiuni atipice (configurabile);D04;Accesoriu special desfasurata 151-200 mm;mat;0.40;ml;dimensiuni atipice (pret pe ml);1.69;
09. ACCESORII SPECIALE CONFIGURABILE;Accesorii tinichigerie speciale - dimensiuni atipice (configurabile);D04;Accesoriu special desfasurata 151-200 mm;mat;0.45;ml;dimensiuni atipice (pret pe ml);1.94;
09. ACCESORII SPECIALE CONFIGURABILE;Accesorii tinichigerie speciale - dimensiuni atipice (configurabile);D04;Accesoriu special desfasurata 151-200 mm;mat;0.50;ml;dimensiuni atipice (pret pe ml);2.02;
09. ACCESORII SPECIALE CONFIGURABILE;Accesorii tinichigerie speciale - dimensiuni atipice (configurabile);D04;Accesoriu special desfasurata 151-200 mm;mat;0.60;ml;dimensiuni atipice (pret pe ml);2.29;
09. ACCESORII SPECIALE CONFIGURABILE;Accesorii tinichigerie speciale - dimensiuni atipice (configurabile);D04;Accesoriu special desfasurata 151-200 mm;Grande Mat (GDM);0.50;ml;dimensiuni atipice (pret pe ml);2.65;
09. ACCESORII SPECIALE CONFIGURABILE;Accesorii tinichigerie speciale - dimensiuni atipice (configurabile);D05;Accesoriu special desfasurata 201-250 mm;mat;0.40;ml;dimensiuni atipice (pret pe ml);2.12;
09. ACCESORII SPECIALE CONFIGURABILE;Accesorii tinichigerie speciale - dimensiuni atipice (configurabile);D05;Accesoriu special desfasurata 201-250 mm;mat;0.45;ml;dimensiuni atipice (pret pe ml);2.42;
09. ACCESORII SPECIALE CONFIGURABILE;Accesorii tinichigerie speciale - dimensiuni atipice (configurabile);D05;Accesoriu special desfasurata 201-250 mm;mat;0.50;ml;dimensiuni atipice (pret pe ml);2.53;
09. ACCESORII SPECIALE CONFIGURABILE;Accesorii tinichigerie speciale - dimensiuni atipice (configurabile);D05;Accesoriu special desfasurata 201-250 mm;mat;0.60;ml;dimensiuni atipice (pret pe ml);2.86;
09. ACCESORII SPECIALE CONFIGURABILE;Accesorii tinichigerie speciale - dimensiuni atipice (configurabile);D05;Accesoriu special desfasurata 201-250 mm;Grande Mat (GDM);0.50;ml;dimensiuni atipice (pret pe ml);3.31;
09. ACCESORII SPECIALE CONFIGURABILE;Accesorii tinichigerie speciale - dimensiuni atipice (configurabile);D06;Accesoriu special desfasurata 251-300 mm;mat;0.40;ml;dimensiuni atipice (pret pe ml);2.54;
09. ACCESORII SPECIALE CONFIGURABILE;Accesorii tinichigerie speciale - dimensiuni atipice (configurabile);D06;Accesoriu special desfasurata 251-300 mm;mat;0.45;ml;dimensiuni atipice (pret pe ml);2.90;
09. ACCESORII SPECIALE CONFIGURABILE;Accesorii tinichigerie speciale - dimensiuni atipice (configurabile);D06;Accesoriu special desfasurata 251-300 mm;mat;0.50;ml;dimensiuni atipice (pret pe ml);3.03;
09. ACCESORII SPECIALE CONFIGURABILE;Accesorii tinichigerie speciale - dimensiuni atipice (configurabile);D06;Accesoriu special desfasurata 251-300 mm;mat;0.60;ml;dimensiuni atipice (pret pe ml);3.44;
09. ACCESORII SPECIALE CONFIGURABILE;Accesorii tinichigerie speciale - dimensiuni atipice (configurabile);D06;Accesoriu special desfasurata 251-300 mm;Grande Mat (GDM);0.50;ml;dimensiuni atipice (pret pe ml);3.97;
09. ACCESORII SPECIALE CONFIGURABILE;Accesorii tinichigerie speciale - dimensiuni atipice (configurabile);D07;Accesoriu special desfasurata 301-350 mm;mat;0.40;ml;dimensiuni atipice (pret pe ml);2.97;
09. ACCESORII SPECIALE CONFIGURABILE;Accesorii tinichigerie speciale - dimensiuni atipice (configurabile);D07;Accesoriu special desfasurata 301-350 mm;mat;0.45;ml;dimensiuni atipice (pret pe ml);3.39;
09. ACCESORII SPECIALE CONFIGURABILE;Accesorii tinichigerie speciale - dimensiuni atipice (configurabile);D07;Accesoriu special desfasurata 301-350 mm;mat;0.50;ml;dimensiuni atipice (pret pe ml);3.54;
09. ACCESORII SPECIALE CONFIGURABILE;Accesorii tinichigerie speciale - dimensiuni atipice (configurabile);D07;Accesoriu special desfasurata 301-350 mm;mat;0.60;ml;dimensiuni atipice (pret pe ml);4.01;
09. ACCESORII SPECIALE CONFIGURABILE;Accesorii tinichigerie speciale - dimensiuni atipice (configurabile);D07;Accesoriu special desfasurata 301-350 mm;Grande Mat (GDM);0.50;ml;dimensiuni atipice (pret pe ml);4.64;
09. ACCESORII SPECIALE CONFIGURABILE;Accesorii tinichigerie speciale - dimensiuni atipice (configurabile);D08;Accesoriu special desfasurata 351-400 mm;mat;0.40;ml;dimensiuni atipice (pret pe ml);3.39;
09. ACCESORII SPECIALE CONFIGURABILE;Accesorii tinichigerie speciale - dimensiuni atipice (configurabile);D08;Accesoriu special desfasurata 351-400 mm;mat;0.45;ml;dimensiuni atipice (pret pe ml);3.87;
09. ACCESORII SPECIALE CONFIGURABILE;Accesorii tinichigerie speciale - dimensiuni atipice (configurabile);D08;Accesoriu special desfasurata 351-400 mm;mat;0.50;ml;dimensiuni atipice (pret pe ml);4.04;
09. ACCESORII SPECIALE CONFIGURABILE;Accesorii tinichigerie speciale - dimensiuni atipice (configurabile);D08;Accesoriu special desfasurata 351-400 mm;mat;0.60;ml;dimensiuni atipice (pret pe ml);4.58;
09. ACCESORII SPECIALE CONFIGURABILE;Accesorii tinichigerie speciale - dimensiuni atipice (configurabile);D08;Accesoriu special desfasurata 351-400 mm;Grande Mat (GDM);0.50;ml;dimensiuni atipice (pret pe ml);5.30;
09. ACCESORII SPECIALE CONFIGURABILE;Accesorii tinichigerie speciale - dimensiuni atipice (configurabile);D09;Accesoriu special desfasurata 401-450 mm;mat;0.40;ml;dimensiuni atipice (pret pe ml);3.81;
09. ACCESORII SPECIALE CONFIGURABILE;Accesorii tinichigerie speciale - dimensiuni atipice (configurabile);D09;Accesoriu special desfasurata 401-450 mm;mat;0.45;ml;dimensiuni atipice (pret pe ml);4.36;
09. ACCESORII SPECIALE CONFIGURABILE;Accesorii tinichigerie speciale - dimensiuni atipice (configurabile);D09;Accesoriu special desfasurata 401-450 mm;mat;0.50;ml;dimensiuni atipice (pret pe ml);4.55;
09. ACCESORII SPECIALE CONFIGURABILE;Accesorii tinichigerie speciale - dimensiuni atipice (configurabile);D09;Accesoriu special desfasurata 401-450 mm;mat;0.60;ml;dimensiuni atipice (pret pe ml);5.15;
09. ACCESORII SPECIALE CONFIGURABILE;Accesorii tinichigerie speciale - dimensiuni atipice (configurabile);D09;Accesoriu special desfasurata 401-450 mm;Grande Mat (GDM);0.50;ml;dimensiuni atipice (pret pe ml);5.96;
09. ACCESORII SPECIALE CONFIGURABILE;Accesorii tinichigerie speciale - dimensiuni atipice (configurabile);D10;Accesoriu special desfasurata 451-500 mm;mat;0.40;ml;dimensiuni atipice (pret pe ml);4.24;
09. ACCESORII SPECIALE CONFIGURABILE;Accesorii tinichigerie speciale - dimensiuni atipice (configurabile);D10;Accesoriu special desfasurata 451-500 mm;mat;0.45;ml;dimensiuni atipice (pret pe ml);4.84;
09. ACCESORII SPECIALE CONFIGURABILE;Accesorii tinichigerie speciale - dimensiuni atipice (configurabile);D10;Accesoriu special desfasurata 451-500 mm;mat;0.50;ml;dimensiuni atipice (pret pe ml);5.05;
09. ACCESORII SPECIALE CONFIGURABILE;Accesorii tinichigerie speciale - dimensiuni atipice (configurabile);D10;Accesoriu special desfasurata 451-500 mm;mat;0.60;ml;dimensiuni atipice (pret pe ml);5.73;
09. ACCESORII SPECIALE CONFIGURABILE;Accesorii tinichigerie speciale - dimensiuni atipice (configurabile);D10;Accesoriu special desfasurata 451-500 mm;Grande Mat (GDM);0.50;ml;dimensiuni atipice (pret pe ml);6.62;
09. ACCESORII SPECIALE CONFIGURABILE;Accesorii tinichigerie speciale - dimensiuni atipice (configurabile);D11;Accesoriu special desfasurata 501-550 mm;mat;0.40;ml;dimensiuni atipice (pret pe ml);4.66;
09. ACCESORII SPECIALE CONFIGURABILE;Accesorii tinichigerie speciale - dimensiuni atipice (configurabile);D11;Accesoriu special desfasurata 501-550 mm;mat;0.45;ml;dimensiuni atipice (pret pe ml);5.33;
09. ACCESORII SPECIALE CONFIGURABILE;Accesorii tinichigerie speciale - dimensiuni atipice (configurabile);D11;Accesoriu special desfasurata 501-550 mm;mat;0.50;ml;dimensiuni atipice (pret pe ml);5.56;
09. ACCESORII SPECIALE CONFIGURABILE;Accesorii tinichigerie speciale - dimensiuni atipice (configurabile);D11;Accesoriu special desfasurata 501-550 mm;mat;0.60;ml;dimensiuni atipice (pret pe ml);6.30;
09. ACCESORII SPECIALE CONFIGURABILE;Accesorii tinichigerie speciale - dimensiuni atipice (configurabile);D11;Accesoriu special desfasurata 501-550 mm;Grande Mat (GDM);0.50;ml;dimensiuni atipice (pret pe ml);7.29;
09. ACCESORII SPECIALE CONFIGURABILE;Accesorii tinichigerie speciale - dimensiuni atipice (configurabile);D12;Accesoriu special desfasurata 551-600 mm;mat;0.40;ml;dimensiuni atipice (pret pe ml);5.08;
09. ACCESORII SPECIALE CONFIGURABILE;Accesorii tinichigerie speciale - dimensiuni atipice (configurabile);D12;Accesoriu special desfasurata 551-600 mm;mat;0.45;ml;dimensiuni atipice (pret pe ml);5.81;
09. ACCESORII SPECIALE CONFIGURABILE;Accesorii tinichigerie speciale - dimensiuni atipice (configurabile);D12;Accesoriu special desfasurata 551-600 mm;mat;0.50;ml;dimensiuni atipice (pret pe ml);6.06;
09. ACCESORII SPECIALE CONFIGURABILE;Accesorii tinichigerie speciale - dimensiuni atipice (configurabile);D12;Accesoriu special desfasurata 551-600 mm;mat;0.60;ml;dimensiuni atipice (pret pe ml);6.87;
09. ACCESORII SPECIALE CONFIGURABILE;Accesorii tinichigerie speciale - dimensiuni atipice (configurabile);D12;Accesoriu special desfasurata 551-600 mm;Grande Mat (GDM);0.50;ml;dimensiuni atipice (pret pe ml);7.95;
09. ACCESORII SPECIALE CONFIGURABILE;Accesorii tinichigerie speciale - dimensiuni atipice (configurabile);D13;Accesoriu special desfasurata 601-650 mm;mat;0.40;ml;dimensiuni atipice (pret pe ml);5.51;
09. ACCESORII SPECIALE CONFIGURABILE;Accesorii tinichigerie speciale - dimensiuni atipice (configurabile);D13;Accesoriu special desfasurata 601-650 mm;mat;0.45;ml;dimensiuni atipice (pret pe ml);6.29;
09. ACCESORII SPECIALE CONFIGURABILE;Accesorii tinichigerie speciale - dimensiuni atipice (configurabile);D13;Accesoriu special desfasurata 601-650 mm;mat;0.50;ml;dimensiuni atipice (pret pe ml);6.57;
09. ACCESORII SPECIALE CONFIGURABILE;Accesorii tinichigerie speciale - dimensiuni atipice (configurabile);D13;Accesoriu special desfasurata 601-650 mm;mat;0.60;ml;dimensiuni atipice (pret pe ml);7.44;
09. ACCESORII SPECIALE CONFIGURABILE;Accesorii tinichigerie speciale - dimensiuni atipice (configurabile);D13;Accesoriu special desfasurata 601-650 mm;Grande Mat (GDM);0.50;ml;dimensiuni atipice (pret pe ml);8.61;
09. ACCESORII SPECIALE CONFIGURABILE;Accesorii tinichigerie speciale - dimensiuni atipice (configurabile);D14;Accesoriu special desfasurata 651-700 mm;mat;0.40;ml;dimensiuni atipice (pret pe ml);5.93;
09. ACCESORII SPECIALE CONFIGURABILE;Accesorii tinichigerie speciale - dimensiuni atipice (configurabile);D14;Accesoriu special desfasurata 651-700 mm;mat;0.45;ml;dimensiuni atipice (pret pe ml);6.78;
09. ACCESORII SPECIALE CONFIGURABILE;Accesorii tinichigerie speciale - dimensiuni atipice (configurabile);D14;Accesoriu special desfasurata 651-700 mm;mat;0.50;ml;dimensiuni atipice (pret pe ml);7.07;
09. ACCESORII SPECIALE CONFIGURABILE;Accesorii tinichigerie speciale - dimensiuni atipice (configurabile);D14;Accesoriu special desfasurata 651-700 mm;mat;0.60;ml;dimensiuni atipice (pret pe ml);8.02;
09. ACCESORII SPECIALE CONFIGURABILE;Accesorii tinichigerie speciale - dimensiuni atipice (configurabile);D14;Accesoriu special desfasurata 651-700 mm;Grande Mat (GDM);0.50;ml;dimensiuni atipice (pret pe ml);9.27;
09. ACCESORII SPECIALE CONFIGURABILE;Accesorii tinichigerie speciale - dimensiuni atipice (configurabile);D15;Accesoriu special desfasurata 701-750 mm;mat;0.40;ml;dimensiuni atipice (pret pe ml);6.35;
09. ACCESORII SPECIALE CONFIGURABILE;Accesorii tinichigerie speciale - dimensiuni atipice (configurabile);D15;Accesoriu special desfasurata 701-750 mm;mat;0.45;ml;dimensiuni atipice (pret pe ml);7.26;
09. ACCESORII SPECIALE CONFIGURABILE;Accesorii tinichigerie speciale - dimensiuni atipice (configurabile);D15;Accesoriu special desfasurata 701-750 mm;mat;0.50;ml;dimensiuni atipice (pret pe ml);7.58;
09. ACCESORII SPECIALE CONFIGURABILE;Accesorii tinichigerie speciale - dimensiuni atipice (configurabile);D15;Accesoriu special desfasurata 701-750 mm;mat;0.60;ml;dimensiuni atipice (pret pe ml);8.59;
09. ACCESORII SPECIALE CONFIGURABILE;Accesorii tinichigerie speciale - dimensiuni atipice (configurabile);D15;Accesoriu special desfasurata 701-750 mm;Grande Mat (GDM);0.50;ml;dimensiuni atipice (pret pe ml);9.93;
09. ACCESORII SPECIALE CONFIGURABILE;Accesorii tinichigerie speciale - dimensiuni atipice (configurabile);D16;Accesoriu special desfasurata 751-800 mm;mat;0.40;ml;dimensiuni atipice (pret pe ml);6.78;
09. ACCESORII SPECIALE CONFIGURABILE;Accesorii tinichigerie speciale - dimensiuni atipice (configurabile);D16;Accesoriu special desfasurata 751-800 mm;mat;0.45;ml;dimensiuni atipice (pret pe ml);7.75;
09. ACCESORII SPECIALE CONFIGURABILE;Accesorii tinichigerie speciale - dimensiuni atipice (configurabile);D16;Accesoriu special desfasurata 751-800 mm;mat;0.50;ml;dimensiuni atipice (pret pe ml);8.08;
09. ACCESORII SPECIALE CONFIGURABILE;Accesorii tinichigerie speciale - dimensiuni atipice (configurabile);D16;Accesoriu special desfasurata 751-800 mm;mat;0.60;ml;dimensiuni atipice (pret pe ml);9.16;
09. ACCESORII SPECIALE CONFIGURABILE;Accesorii tinichigerie speciale - dimensiuni atipice (configurabile);D16;Accesoriu special desfasurata 751-800 mm;Grande Mat (GDM);0.50;ml;dimensiuni atipice (pret pe ml);10.60;
09. ACCESORII SPECIALE CONFIGURABILE;Accesorii tinichigerie speciale - dimensiuni atipice (configurabile);D17;Accesoriu special desfasurata 801-850 mm;mat;0.40;ml;dimensiuni atipice (pret pe ml);7.20;
09. ACCESORII SPECIALE CONFIGURABILE;Accesorii tinichigerie speciale - dimensiuni atipice (configurabile);D17;Accesoriu special desfasurata 801-850 mm;mat;0.45;ml;dimensiuni atipice (pret pe ml);8.23;
09. ACCESORII SPECIALE CONFIGURABILE;Accesorii tinichigerie speciale - dimensiuni atipice (configurabile);D17;Accesoriu special desfasurata 801-850 mm;mat;0.50;ml;dimensiuni atipice (pret pe ml);8.59;
09. ACCESORII SPECIALE CONFIGURABILE;Accesorii tinichigerie speciale - dimensiuni atipice (configurabile);D17;Accesoriu special desfasurata 801-850 mm;mat;0.60;ml;dimensiuni atipice (pret pe ml);9.73;
09. ACCESORII SPECIALE CONFIGURABILE;Accesorii tinichigerie speciale - dimensiuni atipice (configurabile);D17;Accesoriu special desfasurata 801-850 mm;Grande Mat (GDM);0.50;ml;dimensiuni atipice (pret pe ml);11.26;
09. ACCESORII SPECIALE CONFIGURABILE;Accesorii tinichigerie speciale - dimensiuni atipice (configurabile);D18;Accesoriu special desfasurata 851-900 mm;mat;0.40;ml;dimensiuni atipice (pret pe ml);7.63;
09. ACCESORII SPECIALE CONFIGURABILE;Accesorii tinichigerie speciale - dimensiuni atipice (configurabile);D18;Accesoriu special desfasurata 851-900 mm;mat;0.45;ml;dimensiuni atipice (pret pe ml);8.71;
09. ACCESORII SPECIALE CONFIGURABILE;Accesorii tinichigerie speciale - dimensiuni atipice (configurabile);D18;Accesoriu special desfasurata 851-900 mm;mat;0.50;ml;dimensiuni atipice (pret pe ml);9.09;
09. ACCESORII SPECIALE CONFIGURABILE;Accesorii tinichigerie speciale - dimensiuni atipice (configurabile);D18;Accesoriu special desfasurata 851-900 mm;mat;0.60;ml;dimensiuni atipice (pret pe ml);10.31;
09. ACCESORII SPECIALE CONFIGURABILE;Accesorii tinichigerie speciale - dimensiuni atipice (configurabile);D18;Accesoriu special desfasurata 851-900 mm;Grande Mat (GDM);0.50;ml;dimensiuni atipice (pret pe ml);11.92;
09. ACCESORII SPECIALE CONFIGURABILE;Accesorii tinichigerie speciale - dimensiuni atipice (configurabile);D19;Accesoriu special desfasurata 901-950 mm;mat;0.40;ml;dimensiuni atipice (pret pe ml);8.05;
09. ACCESORII SPECIALE CONFIGURABILE;Accesorii tinichigerie speciale - dimensiuni atipice (configurabile);D19;Accesoriu special desfasurata 901-950 mm;mat;0.45;ml;dimensiuni atipice (pret pe ml);9.20;
09. ACCESORII SPECIALE CONFIGURABILE;Accesorii tinichigerie speciale - dimensiuni atipice (configurabile);D19;Accesoriu special desfasurata 901-950 mm;mat;0.50;ml;dimensiuni atipice (pret pe ml);9.60;
09. ACCESORII SPECIALE CONFIGURABILE;Accesorii tinichigerie speciale - dimensiuni atipice (configurabile);D19;Accesoriu special desfasurata 901-950 mm;mat;0.60;ml;dimensiuni atipice (pret pe ml);10.88;
09. ACCESORII SPECIALE CONFIGURABILE;Accesorii tinichigerie speciale - dimensiuni atipice (configurabile);D19;Accesoriu special desfasurata 901-950 mm;Grande Mat (GDM);0.50;ml;dimensiuni atipice (pret pe ml);12.58;
09. ACCESORII SPECIALE CONFIGURABILE;Accesorii tinichigerie speciale - dimensiuni atipice (configurabile);D20;Accesoriu special desfasurata 951-1000 mm;mat;0.40;ml;dimensiuni atipice (pret pe ml);8.47;
09. ACCESORII SPECIALE CONFIGURABILE;Accesorii tinichigerie speciale - dimensiuni atipice (configurabile);D20;Accesoriu special desfasurata 951-1000 mm;mat;0.45;ml;dimensiuni atipice (pret pe ml);9.68;
09. ACCESORII SPECIALE CONFIGURABILE;Accesorii tinichigerie speciale - dimensiuni atipice (configurabile);D20;Accesoriu special desfasurata 951-1000 mm;mat;0.50;ml;dimensiuni atipice (pret pe ml);10.10;
09. ACCESORII SPECIALE CONFIGURABILE;Accesorii tinichigerie speciale - dimensiuni atipice (configurabile);D20;Accesoriu special desfasurata 951-1000 mm;mat;0.60;ml;dimensiuni atipice (pret pe ml);11.45;
09. ACCESORII SPECIALE CONFIGURABILE;Accesorii tinichigerie speciale - dimensiuni atipice (configurabile);D20;Accesoriu special desfasurata 951-1000 mm;Grande Mat (GDM);0.50;ml;dimensiuni atipice (pret pe ml);13.25;
09. ACCESORII SPECIALE CONFIGURABILE;Accesorii tinichigerie speciale - dimensiuni atipice (configurabile);D21;Accesoriu special desfasurata 1001-1050 mm;mat;0.40;ml;dimensiuni atipice (pret pe ml);8.90;
09. ACCESORII SPECIALE CONFIGURABILE;Accesorii tinichigerie speciale - dimensiuni atipice (configurabile);D21;Accesoriu special desfasurata 1001-1050 mm;mat;0.45;ml;dimensiuni atipice (pret pe ml);10.17;
09. ACCESORII SPECIALE CONFIGURABILE;Accesorii tinichigerie speciale - dimensiuni atipice (configurabile);D21;Accesoriu special desfasurata 1001-1050 mm;mat;0.50;ml;dimensiuni atipice (pret pe ml);10.61;
09. ACCESORII SPECIALE CONFIGURABILE;Accesorii tinichigerie speciale - dimensiuni atipice (configurabile);D21;Accesoriu special desfasurata 1001-1050 mm;mat;0.60;ml;dimensiuni atipice (pret pe ml);12.02;
09. ACCESORII SPECIALE CONFIGURABILE;Accesorii tinichigerie speciale - dimensiuni atipice (configurabile);D21;Accesoriu special desfasurata 1001-1050 mm;Grande Mat (GDM);0.50;ml;dimensiuni atipice (pret pe ml);13.91;
09. ACCESORII SPECIALE CONFIGURABILE;Accesorii tinichigerie speciale - dimensiuni atipice (configurabile);D22;Accesoriu special desfasurata 1051-1100 mm;mat;0.40;ml;dimensiuni atipice (pret pe ml);9.32;
09. ACCESORII SPECIALE CONFIGURABILE;Accesorii tinichigerie speciale - dimensiuni atipice (configurabile);D22;Accesoriu special desfasurata 1051-1100 mm;mat;0.45;ml;dimensiuni atipice (pret pe ml);10.65;
09. ACCESORII SPECIALE CONFIGURABILE;Accesorii tinichigerie speciale - dimensiuni atipice (configurabile);D22;Accesoriu special desfasurata 1051-1100 mm;mat;0.50;ml;dimensiuni atipice (pret pe ml);11.12;
09. ACCESORII SPECIALE CONFIGURABILE;Accesorii tinichigerie speciale - dimensiuni atipice (configurabile);D22;Accesoriu special desfasurata 1051-1100 mm;mat;0.60;ml;dimensiuni atipice (pret pe ml);12.60;
09. ACCESORII SPECIALE CONFIGURABILE;Accesorii tinichigerie speciale - dimensiuni atipice (configurabile);D22;Accesoriu special desfasurata 1051-1100 mm;Grande Mat (GDM);0.50;ml;dimensiuni atipice (pret pe ml);14.57;
09. ACCESORII SPECIALE CONFIGURABILE;Accesorii tinichigerie speciale - dimensiuni atipice (configurabile);D23;Accesoriu special desfasurata 1101-1150 mm;mat;0.40;ml;dimensiuni atipice (pret pe ml);9.74;
09. ACCESORII SPECIALE CONFIGURABILE;Accesorii tinichigerie speciale - dimensiuni atipice (configurabile);D23;Accesoriu special desfasurata 1101-1150 mm;mat;0.45;ml;dimensiuni atipice (pret pe ml);11.14;
09. ACCESORII SPECIALE CONFIGURABILE;Accesorii tinichigerie speciale - dimensiuni atipice (configurabile);D23;Accesoriu special desfasurata 1101-1150 mm;mat;0.50;ml;dimensiuni atipice (pret pe ml);11.62;
09. ACCESORII SPECIALE CONFIGURABILE;Accesorii tinichigerie speciale - dimensiuni atipice (configurabile);D23;Accesoriu special desfasurata 1101-1150 mm;mat;0.60;ml;dimensiuni atipice (pret pe ml);13.17;
09. ACCESORII SPECIALE CONFIGURABILE;Accesorii tinichigerie speciale - dimensiuni atipice (configurabile);D23;Accesoriu special desfasurata 1101-1150 mm;Grande Mat (GDM);0.50;ml;dimensiuni atipice (pret pe ml);15.23;
09. ACCESORII SPECIALE CONFIGURABILE;Accesorii tinichigerie speciale - dimensiuni atipice (configurabile);D24;Accesoriu special desfasurata 1151-1200 mm;mat;0.40;ml;dimensiuni atipice (pret pe ml);10.17;
09. ACCESORII SPECIALE CONFIGURABILE;Accesorii tinichigerie speciale - dimensiuni atipice (configurabile);D24;Accesoriu special desfasurata 1151-1200 mm;mat;0.45;ml;dimensiuni atipice (pret pe ml);11.62;
09. ACCESORII SPECIALE CONFIGURABILE;Accesorii tinichigerie speciale - dimensiuni atipice (configurabile);D24;Accesoriu special desfasurata 1151-1200 mm;mat;0.50;ml;dimensiuni atipice (pret pe ml);12.13;
09. ACCESORII SPECIALE CONFIGURABILE;Accesorii tinichigerie speciale - dimensiuni atipice (configurabile);D24;Accesoriu special desfasurata 1151-1200 mm;mat;0.60;ml;dimensiuni atipice (pret pe ml);13.74;
09. ACCESORII SPECIALE CONFIGURABILE;Accesorii tinichigerie speciale - dimensiuni atipice (configurabile);D24;Accesoriu special desfasurata 1151-1200 mm;Grande Mat (GDM);0.50;ml;dimensiuni atipice (pret pe ml);15.90;
09. ACCESORII SPECIALE CONFIGURABILE;Accesorii tinichigerie speciale - dimensiuni atipice (configurabile);D25;Accesoriu special desfasurata 1201-1250 mm;mat;0.40;ml;dimensiuni atipice (pret pe ml);10.59;
09. ACCESORII SPECIALE CONFIGURABILE;Accesorii tinichigerie speciale - dimensiuni atipice (configurabile);D25;Accesoriu special desfasurata 1201-1250 mm;mat;0.45;ml;dimensiuni atipice (pret pe ml);12.10;
09. ACCESORII SPECIALE CONFIGURABILE;Accesorii tinichigerie speciale - dimensiuni atipice (configurabile);D25;Accesoriu special desfasurata 1201-1250 mm;mat;0.50;ml;dimensiuni atipice (pret pe ml);12.63;
09. ACCESORII SPECIALE CONFIGURABILE;Accesorii tinichigerie speciale - dimensiuni atipice (configurabile);D25;Accesoriu special desfasurata 1201-1250 mm;mat;0.60;ml;dimensiuni atipice (pret pe ml);14.31;
09. ACCESORII SPECIALE CONFIGURABILE;Accesorii tinichigerie speciale - dimensiuni atipice (configurabile);D25;Accesoriu special desfasurata 1201-1250 mm;Grande Mat (GDM);0.50;ml;dimensiuni atipice (pret pe ml);16.56;
09. ACCESORII SPECIALE CONFIGURABILE;Accesorii tinichigerie speciale - dimensiuni atipice (configurabile);D01;Accesoriu special desfasurata 0-50 mm;dublu vopsit mat SSAB;0.60;ml;dimensiuni atipice (pret pe ml);1.14;
09. ACCESORII SPECIALE CONFIGURABILE;Accesorii tinichigerie speciale - dimensiuni atipice (configurabile);D01;Accesoriu special desfasurata 0-50 mm;dublu vopsit lucios SSAB;0.60;ml;dimensiuni atipice (pret pe ml);0.80;
09. ACCESORII SPECIALE CONFIGURABILE;Accesorii tinichigerie speciale - dimensiuni atipice (configurabile);D01;Accesoriu special desfasurata 0-50 mm;dublu vopsit lucios;0.50;ml;dimensiuni atipice (pret pe ml);0.53;
09. ACCESORII SPECIALE CONFIGURABILE;Accesorii tinichigerie speciale - dimensiuni atipice (configurabile);D01;Accesoriu special desfasurata 0-50 mm;dublu vopsit mat;0.50;ml;dimensiuni atipice (pret pe ml);0.56;
09. ACCESORII SPECIALE CONFIGURABILE;Accesorii tinichigerie speciale - dimensiuni atipice (configurabile);D01;Accesoriu special desfasurata 0-50 mm;dublu vopsit lucios;0.40;ml;dimensiuni atipice (pret pe ml);0.43;
09. ACCESORII SPECIALE CONFIGURABILE;Accesorii tinichigerie speciale - dimensiuni atipice (configurabile);D01;Accesoriu special desfasurata 0-50 mm;dublu vopsit mat;0.40;ml;dimensiuni atipice (pret pe ml);0.47;
09. ACCESORII SPECIALE CONFIGURABILE;Accesorii tinichigerie speciale - dimensiuni atipice (configurabile);D02;Accesoriu special desfasurata 51-100 mm;dublu vopsit mat SSAB;0.60;ml;dimensiuni atipice (pret pe ml);2.27;
09. ACCESORII SPECIALE CONFIGURABILE;Accesorii tinichigerie speciale - dimensiuni atipice (configurabile);D02;Accesoriu special desfasurata 51-100 mm;dublu vopsit lucios SSAB;0.60;ml;dimensiuni atipice (pret pe ml);1.59;
09. ACCESORII SPECIALE CONFIGURABILE;Accesorii tinichigerie speciale - dimensiuni atipice (configurabile);D02;Accesoriu special desfasurata 51-100 mm;dublu vopsit lucios;0.50;ml;dimensiuni atipice (pret pe ml);1.07;
09. ACCESORII SPECIALE CONFIGURABILE;Accesorii tinichigerie speciale - dimensiuni atipice (configurabile);D02;Accesoriu special desfasurata 51-100 mm;dublu vopsit mat;0.50;ml;dimensiuni atipice (pret pe ml);1.11;
09. ACCESORII SPECIALE CONFIGURABILE;Accesorii tinichigerie speciale - dimensiuni atipice (configurabile);D02;Accesoriu special desfasurata 51-100 mm;dublu vopsit lucios;0.40;ml;dimensiuni atipice (pret pe ml);0.85;
09. ACCESORII SPECIALE CONFIGURABILE;Accesorii tinichigerie speciale - dimensiuni atipice (configurabile);D02;Accesoriu special desfasurata 51-100 mm;dublu vopsit mat;0.40;ml;dimensiuni atipice (pret pe ml);0.93;
09. ACCESORII SPECIALE CONFIGURABILE;Accesorii tinichigerie speciale - dimensiuni atipice (configurabile);D03;Accesoriu special desfasurata 101-150 mm;dublu vopsit mat SSAB;0.60;ml;dimensiuni atipice (pret pe ml);3.41;
09. ACCESORII SPECIALE CONFIGURABILE;Accesorii tinichigerie speciale - dimensiuni atipice (configurabile);D03;Accesoriu special desfasurata 101-150 mm;dublu vopsit lucios SSAB;0.60;ml;dimensiuni atipice (pret pe ml);2.39;
09. ACCESORII SPECIALE CONFIGURABILE;Accesorii tinichigerie speciale - dimensiuni atipice (configurabile);D03;Accesoriu special desfasurata 101-150 mm;dublu vopsit lucios;0.50;ml;dimensiuni atipice (pret pe ml);1.60;
09. ACCESORII SPECIALE CONFIGURABILE;Accesorii tinichigerie speciale - dimensiuni atipice (configurabile);D03;Accesoriu special desfasurata 101-150 mm;dublu vopsit mat;0.50;ml;dimensiuni atipice (pret pe ml);1.67;
09. ACCESORII SPECIALE CONFIGURABILE;Accesorii tinichigerie speciale - dimensiuni atipice (configurabile);D03;Accesoriu special desfasurata 101-150 mm;dublu vopsit lucios;0.40;ml;dimensiuni atipice (pret pe ml);1.28;
09. ACCESORII SPECIALE CONFIGURABILE;Accesorii tinichigerie speciale - dimensiuni atipice (configurabile);D03;Accesoriu special desfasurata 101-150 mm;dublu vopsit mat;0.40;ml;dimensiuni atipice (pret pe ml);1.40;
09. ACCESORII SPECIALE CONFIGURABILE;Accesorii tinichigerie speciale - dimensiuni atipice (configurabile);D04;Accesoriu special desfasurata 151-200 mm;dublu vopsit mat SSAB;0.60;ml;dimensiuni atipice (pret pe ml);4.54;
09. ACCESORII SPECIALE CONFIGURABILE;Accesorii tinichigerie speciale - dimensiuni atipice (configurabile);D04;Accesoriu special desfasurata 151-200 mm;dublu vopsit lucios SSAB;0.60;ml;dimensiuni atipice (pret pe ml);3.18;
09. ACCESORII SPECIALE CONFIGURABILE;Accesorii tinichigerie speciale - dimensiuni atipice (configurabile);D04;Accesoriu special desfasurata 151-200 mm;dublu vopsit lucios;0.50;ml;dimensiuni atipice (pret pe ml);2.14;
09. ACCESORII SPECIALE CONFIGURABILE;Accesorii tinichigerie speciale - dimensiuni atipice (configurabile);D04;Accesoriu special desfasurata 151-200 mm;dublu vopsit mat;0.50;ml;dimensiuni atipice (pret pe ml);2.22;
09. ACCESORII SPECIALE CONFIGURABILE;Accesorii tinichigerie speciale - dimensiuni atipice (configurabile);D04;Accesoriu special desfasurata 151-200 mm;dublu vopsit lucios;0.40;ml;dimensiuni atipice (pret pe ml);1.71;
09. ACCESORII SPECIALE CONFIGURABILE;Accesorii tinichigerie speciale - dimensiuni atipice (configurabile);D04;Accesoriu special desfasurata 151-200 mm;dublu vopsit mat;0.40;ml;dimensiuni atipice (pret pe ml);1.86;
09. ACCESORII SPECIALE CONFIGURABILE;Accesorii tinichigerie speciale - dimensiuni atipice (configurabile);D05;Accesoriu special desfasurata 201-250 mm;dublu vopsit mat SSAB;0.60;ml;dimensiuni atipice (pret pe ml);5.68;
09. ACCESORII SPECIALE CONFIGURABILE;Accesorii tinichigerie speciale - dimensiuni atipice (configurabile);D05;Accesoriu special desfasurata 201-250 mm;dublu vopsit lucios SSAB;0.60;ml;dimensiuni atipice (pret pe ml);3.98;
09. ACCESORII SPECIALE CONFIGURABILE;Accesorii tinichigerie speciale - dimensiuni atipice (configurabile);D05;Accesoriu special desfasurata 201-250 mm;dublu vopsit lucios;0.50;ml;dimensiuni atipice (pret pe ml);2.67;
09. ACCESORII SPECIALE CONFIGURABILE;Accesorii tinichigerie speciale - dimensiuni atipice (configurabile);D05;Accesoriu special desfasurata 201-250 mm;dublu vopsit mat;0.50;ml;dimensiuni atipice (pret pe ml);2.78;
09. ACCESORII SPECIALE CONFIGURABILE;Accesorii tinichigerie speciale - dimensiuni atipice (configurabile);D05;Accesoriu special desfasurata 201-250 mm;dublu vopsit lucios;0.40;ml;dimensiuni atipice (pret pe ml);2.14;
09. ACCESORII SPECIALE CONFIGURABILE;Accesorii tinichigerie speciale - dimensiuni atipice (configurabile);D05;Accesoriu special desfasurata 201-250 mm;dublu vopsit mat;0.40;ml;dimensiuni atipice (pret pe ml);2.33;
09. ACCESORII SPECIALE CONFIGURABILE;Accesorii tinichigerie speciale - dimensiuni atipice (configurabile);D06;Accesoriu special desfasurata 251-300 mm;dublu vopsit mat SSAB;0.60;ml;dimensiuni atipice (pret pe ml);6.81;
09. ACCESORII SPECIALE CONFIGURABILE;Accesorii tinichigerie speciale - dimensiuni atipice (configurabile);D06;Accesoriu special desfasurata 251-300 mm;dublu vopsit lucios SSAB;0.60;ml;dimensiuni atipice (pret pe ml);4.77;
09. ACCESORII SPECIALE CONFIGURABILE;Accesorii tinichigerie speciale - dimensiuni atipice (configurabile);D06;Accesoriu special desfasurata 251-300 mm;dublu vopsit lucios;0.50;ml;dimensiuni atipice (pret pe ml);3.20;
09. ACCESORII SPECIALE CONFIGURABILE;Accesorii tinichigerie speciale - dimensiuni atipice (configurabile);D06;Accesoriu special desfasurata 251-300 mm;dublu vopsit mat;0.50;ml;dimensiuni atipice (pret pe ml);3.33;
09. ACCESORII SPECIALE CONFIGURABILE;Accesorii tinichigerie speciale - dimensiuni atipice (configurabile);D06;Accesoriu special desfasurata 251-300 mm;dublu vopsit lucios;0.40;ml;dimensiuni atipice (pret pe ml);2.56;
09. ACCESORII SPECIALE CONFIGURABILE;Accesorii tinichigerie speciale - dimensiuni atipice (configurabile);D06;Accesoriu special desfasurata 251-300 mm;dublu vopsit mat;0.40;ml;dimensiuni atipice (pret pe ml);2.80;
09. ACCESORII SPECIALE CONFIGURABILE;Accesorii tinichigerie speciale - dimensiuni atipice (configurabile);D07;Accesoriu special desfasurata 301-350 mm;dublu vopsit mat SSAB;0.60;ml;dimensiuni atipice (pret pe ml);7.95;
09. ACCESORII SPECIALE CONFIGURABILE;Accesorii tinichigerie speciale - dimensiuni atipice (configurabile);D07;Accesoriu special desfasurata 301-350 mm;dublu vopsit lucios SSAB;0.60;ml;dimensiuni atipice (pret pe ml);5.57;
09. ACCESORII SPECIALE CONFIGURABILE;Accesorii tinichigerie speciale - dimensiuni atipice (configurabile);D07;Accesoriu special desfasurata 301-350 mm;dublu vopsit lucios;0.50;ml;dimensiuni atipice (pret pe ml);3.74;
09. ACCESORII SPECIALE CONFIGURABILE;Accesorii tinichigerie speciale - dimensiuni atipice (configurabile);D07;Accesoriu special desfasurata 301-350 mm;dublu vopsit mat;0.50;ml;dimensiuni atipice (pret pe ml);3.89;
09. ACCESORII SPECIALE CONFIGURABILE;Accesorii tinichigerie speciale - dimensiuni atipice (configurabile);D07;Accesoriu special desfasurata 301-350 mm;dublu vopsit lucios;0.40;ml;dimensiuni atipice (pret pe ml);2.99;
09. ACCESORII SPECIALE CONFIGURABILE;Accesorii tinichigerie speciale - dimensiuni atipice (configurabile);D07;Accesoriu special desfasurata 301-350 mm;dublu vopsit mat;0.40;ml;dimensiuni atipice (pret pe ml);3.26;
09. ACCESORII SPECIALE CONFIGURABILE;Accesorii tinichigerie speciale - dimensiuni atipice (configurabile);D08;Accesoriu special desfasurata 351-400 mm;dublu vopsit mat SSAB;0.60;ml;dimensiuni atipice (pret pe ml);9.08;
09. ACCESORII SPECIALE CONFIGURABILE;Accesorii tinichigerie speciale - dimensiuni atipice (configurabile);D08;Accesoriu special desfasurata 351-400 mm;dublu vopsit lucios SSAB;0.60;ml;dimensiuni atipice (pret pe ml);6.36;
09. ACCESORII SPECIALE CONFIGURABILE;Accesorii tinichigerie speciale - dimensiuni atipice (configurabile);D08;Accesoriu special desfasurata 351-400 mm;dublu vopsit lucios;0.50;ml;dimensiuni atipice (pret pe ml);4.27;
09. ACCESORII SPECIALE CONFIGURABILE;Accesorii tinichigerie speciale - dimensiuni atipice (configurabile);D08;Accesoriu special desfasurata 351-400 mm;dublu vopsit mat;0.50;ml;dimensiuni atipice (pret pe ml);4.45;
09. ACCESORII SPECIALE CONFIGURABILE;Accesorii tinichigerie speciale - dimensiuni atipice (configurabile);D08;Accesoriu special desfasurata 351-400 mm;dublu vopsit lucios;0.40;ml;dimensiuni atipice (pret pe ml);3.42;
09. ACCESORII SPECIALE CONFIGURABILE;Accesorii tinichigerie speciale - dimensiuni atipice (configurabile);D08;Accesoriu special desfasurata 351-400 mm;dublu vopsit mat;0.40;ml;dimensiuni atipice (pret pe ml);3.73;
09. ACCESORII SPECIALE CONFIGURABILE;Accesorii tinichigerie speciale - dimensiuni atipice (configurabile);D09;Accesoriu special desfasurata 401-450 mm;dublu vopsit mat SSAB;0.60;ml;dimensiuni atipice (pret pe ml);10.22;
09. ACCESORII SPECIALE CONFIGURABILE;Accesorii tinichigerie speciale - dimensiuni atipice (configurabile);D09;Accesoriu special desfasurata 401-450 mm;dublu vopsit lucios SSAB;0.60;ml;dimensiuni atipice (pret pe ml);7.16;
09. ACCESORII SPECIALE CONFIGURABILE;Accesorii tinichigerie speciale - dimensiuni atipice (configurabile);D09;Accesoriu special desfasurata 401-450 mm;dublu vopsit lucios;0.50;ml;dimensiuni atipice (pret pe ml);4.81;
09. ACCESORII SPECIALE CONFIGURABILE;Accesorii tinichigerie speciale - dimensiuni atipice (configurabile);D09;Accesoriu special desfasurata 401-450 mm;dublu vopsit mat;0.50;ml;dimensiuni atipice (pret pe ml);5.00;
09. ACCESORII SPECIALE CONFIGURABILE;Accesorii tinichigerie speciale - dimensiuni atipice (configurabile);D09;Accesoriu special desfasurata 401-450 mm;dublu vopsit lucios;0.40;ml;dimensiuni atipice (pret pe ml);3.84;
09. ACCESORII SPECIALE CONFIGURABILE;Accesorii tinichigerie speciale - dimensiuni atipice (configurabile);D09;Accesoriu special desfasurata 401-450 mm;dublu vopsit mat;0.40;ml;dimensiuni atipice (pret pe ml);4.19;
09. ACCESORII SPECIALE CONFIGURABILE;Accesorii tinichigerie speciale - dimensiuni atipice (configurabile);D10;Accesoriu special desfasurata 451-500 mm;dublu vopsit mat SSAB;0.60;ml;dimensiuni atipice (pret pe ml);11.36;
09. ACCESORII SPECIALE CONFIGURABILE;Accesorii tinichigerie speciale - dimensiuni atipice (configurabile);D10;Accesoriu special desfasurata 451-500 mm;dublu vopsit lucios SSAB;0.60;ml;dimensiuni atipice (pret pe ml);7.96;
09. ACCESORII SPECIALE CONFIGURABILE;Accesorii tinichigerie speciale - dimensiuni atipice (configurabile);D10;Accesoriu special desfasurata 451-500 mm;dublu vopsit lucios;0.50;ml;dimensiuni atipice (pret pe ml);5.34;
09. ACCESORII SPECIALE CONFIGURABILE;Accesorii tinichigerie speciale - dimensiuni atipice (configurabile);D10;Accesoriu special desfasurata 451-500 mm;dublu vopsit mat;0.50;ml;dimensiuni atipice (pret pe ml);5.56;
09. ACCESORII SPECIALE CONFIGURABILE;Accesorii tinichigerie speciale - dimensiuni atipice (configurabile);D10;Accesoriu special desfasurata 451-500 mm;dublu vopsit lucios;0.40;ml;dimensiuni atipice (pret pe ml);4.27;
09. ACCESORII SPECIALE CONFIGURABILE;Accesorii tinichigerie speciale - dimensiuni atipice (configurabile);D10;Accesoriu special desfasurata 451-500 mm;dublu vopsit mat;0.40;ml;dimensiuni atipice (pret pe ml);4.66;
09. ACCESORII SPECIALE CONFIGURABILE;Accesorii tinichigerie speciale - dimensiuni atipice (configurabile);D11;Accesoriu special desfasurata 501-550 mm;dublu vopsit mat SSAB;0.60;ml;dimensiuni atipice (pret pe ml);12.49;
09. ACCESORII SPECIALE CONFIGURABILE;Accesorii tinichigerie speciale - dimensiuni atipice (configurabile);D11;Accesoriu special desfasurata 501-550 mm;dublu vopsit lucios SSAB;0.60;ml;dimensiuni atipice (pret pe ml);8.75;
09. ACCESORII SPECIALE CONFIGURABILE;Accesorii tinichigerie speciale - dimensiuni atipice (configurabile);D11;Accesoriu special desfasurata 501-550 mm;dublu vopsit lucios;0.50;ml;dimensiuni atipice (pret pe ml);5.87;
09. ACCESORII SPECIALE CONFIGURABILE;Accesorii tinichigerie speciale - dimensiuni atipice (configurabile);D11;Accesoriu special desfasurata 501-550 mm;dublu vopsit mat;0.50;ml;dimensiuni atipice (pret pe ml);6.11;
09. ACCESORII SPECIALE CONFIGURABILE;Accesorii tinichigerie speciale - dimensiuni atipice (configurabile);D11;Accesoriu special desfasurata 501-550 mm;dublu vopsit lucios;0.40;ml;dimensiuni atipice (pret pe ml);4.70;
09. ACCESORII SPECIALE CONFIGURABILE;Accesorii tinichigerie speciale - dimensiuni atipice (configurabile);D11;Accesoriu special desfasurata 501-550 mm;dublu vopsit mat;0.40;ml;dimensiuni atipice (pret pe ml);5.13;
09. ACCESORII SPECIALE CONFIGURABILE;Accesorii tinichigerie speciale - dimensiuni atipice (configurabile);D12;Accesoriu special desfasurata 551-600 mm;dublu vopsit mat SSAB;0.60;ml;dimensiuni atipice (pret pe ml);13.63;
09. ACCESORII SPECIALE CONFIGURABILE;Accesorii tinichigerie speciale - dimensiuni atipice (configurabile);D12;Accesoriu special desfasurata 551-600 mm;dublu vopsit lucios SSAB;0.60;ml;dimensiuni atipice (pret pe ml);9.55;
09. ACCESORII SPECIALE CONFIGURABILE;Accesorii tinichigerie speciale - dimensiuni atipice (configurabile);D12;Accesoriu special desfasurata 551-600 mm;dublu vopsit lucios;0.50;ml;dimensiuni atipice (pret pe ml);6.41;
09. ACCESORII SPECIALE CONFIGURABILE;Accesorii tinichigerie speciale - dimensiuni atipice (configurabile);D12;Accesoriu special desfasurata 551-600 mm;dublu vopsit mat;0.50;ml;dimensiuni atipice (pret pe ml);6.67;
09. ACCESORII SPECIALE CONFIGURABILE;Accesorii tinichigerie speciale - dimensiuni atipice (configurabile);D12;Accesoriu special desfasurata 551-600 mm;dublu vopsit lucios;0.40;ml;dimensiuni atipice (pret pe ml);5.13;
09. ACCESORII SPECIALE CONFIGURABILE;Accesorii tinichigerie speciale - dimensiuni atipice (configurabile);D12;Accesoriu special desfasurata 551-600 mm;dublu vopsit mat;0.40;ml;dimensiuni atipice (pret pe ml);5.59;
09. ACCESORII SPECIALE CONFIGURABILE;Accesorii tinichigerie speciale - dimensiuni atipice (configurabile);D13;Accesoriu special desfasurata 601-650 mm;dublu vopsit mat SSAB;0.60;ml;dimensiuni atipice (pret pe ml);14.76;
09. ACCESORII SPECIALE CONFIGURABILE;Accesorii tinichigerie speciale - dimensiuni atipice (configurabile);D13;Accesoriu special desfasurata 601-650 mm;dublu vopsit lucios SSAB;0.60;ml;dimensiuni atipice (pret pe ml);10.34;
09. ACCESORII SPECIALE CONFIGURABILE;Accesorii tinichigerie speciale - dimensiuni atipice (configurabile);D13;Accesoriu special desfasurata 601-650 mm;dublu vopsit lucios;0.50;ml;dimensiuni atipice (pret pe ml);6.94;
09. ACCESORII SPECIALE CONFIGURABILE;Accesorii tinichigerie speciale - dimensiuni atipice (configurabile);D13;Accesoriu special desfasurata 601-650 mm;dublu vopsit mat;0.50;ml;dimensiuni atipice (pret pe ml);7.22;
09. ACCESORII SPECIALE CONFIGURABILE;Accesorii tinichigerie speciale - dimensiuni atipice (configurabile);D13;Accesoriu special desfasurata 601-650 mm;dublu vopsit lucios;0.40;ml;dimensiuni atipice (pret pe ml);5.55;
09. ACCESORII SPECIALE CONFIGURABILE;Accesorii tinichigerie speciale - dimensiuni atipice (configurabile);D13;Accesoriu special desfasurata 601-650 mm;dublu vopsit mat;0.40;ml;dimensiuni atipice (pret pe ml);6.06;
09. ACCESORII SPECIALE CONFIGURABILE;Accesorii tinichigerie speciale - dimensiuni atipice (configurabile);D14;Accesoriu special desfasurata 651-700 mm;dublu vopsit mat SSAB;0.60;ml;dimensiuni atipice (pret pe ml);15.90;
09. ACCESORII SPECIALE CONFIGURABILE;Accesorii tinichigerie speciale - dimensiuni atipice (configurabile);D14;Accesoriu special desfasurata 651-700 mm;dublu vopsit lucios SSAB;0.60;ml;dimensiuni atipice (pret pe ml);11.14;
09. ACCESORII SPECIALE CONFIGURABILE;Accesorii tinichigerie speciale - dimensiuni atipice (configurabile);D14;Accesoriu special desfasurata 651-700 mm;dublu vopsit lucios;0.50;ml;dimensiuni atipice (pret pe ml);7.48;
09. ACCESORII SPECIALE CONFIGURABILE;Accesorii tinichigerie speciale - dimensiuni atipice (configurabile);D14;Accesoriu special desfasurata 651-700 mm;dublu vopsit mat;0.50;ml;dimensiuni atipice (pret pe ml);7.78;
09. ACCESORII SPECIALE CONFIGURABILE;Accesorii tinichigerie speciale - dimensiuni atipice (configurabile);D14;Accesoriu special desfasurata 651-700 mm;dublu vopsit lucios;0.40;ml;dimensiuni atipice (pret pe ml);5.98;
09. ACCESORII SPECIALE CONFIGURABILE;Accesorii tinichigerie speciale - dimensiuni atipice (configurabile);D14;Accesoriu special desfasurata 651-700 mm;dublu vopsit mat;0.40;ml;dimensiuni atipice (pret pe ml);6.52;
09. ACCESORII SPECIALE CONFIGURABILE;Accesorii tinichigerie speciale - dimensiuni atipice (configurabile);D15;Accesoriu special desfasurata 701-750 mm;dublu vopsit mat SSAB;0.60;ml;dimensiuni atipice (pret pe ml);17.03;
09. ACCESORII SPECIALE CONFIGURABILE;Accesorii tinichigerie speciale - dimensiuni atipice (configurabile);D15;Accesoriu special desfasurata 701-750 mm;dublu vopsit lucios SSAB;0.60;ml;dimensiuni atipice (pret pe ml);11.93;
09. ACCESORII SPECIALE CONFIGURABILE;Accesorii tinichigerie speciale - dimensiuni atipice (configurabile);D15;Accesoriu special desfasurata 701-750 mm;dublu vopsit lucios;0.50;ml;dimensiuni atipice (pret pe ml);8.01;
09. ACCESORII SPECIALE CONFIGURABILE;Accesorii tinichigerie speciale - dimensiuni atipice (configurabile);D15;Accesoriu special desfasurata 701-750 mm;dublu vopsit mat;0.50;ml;dimensiuni atipice (pret pe ml);8.34;
09. ACCESORII SPECIALE CONFIGURABILE;Accesorii tinichigerie speciale - dimensiuni atipice (configurabile);D15;Accesoriu special desfasurata 701-750 mm;dublu vopsit lucios;0.40;ml;dimensiuni atipice (pret pe ml);6.41;
09. ACCESORII SPECIALE CONFIGURABILE;Accesorii tinichigerie speciale - dimensiuni atipice (configurabile);D15;Accesoriu special desfasurata 701-750 mm;dublu vopsit mat;0.40;ml;dimensiuni atipice (pret pe ml);6.99;
09. ACCESORII SPECIALE CONFIGURABILE;Accesorii tinichigerie speciale - dimensiuni atipice (configurabile);D16;Accesoriu special desfasurata 751-800 mm;dublu vopsit mat SSAB;0.60;ml;dimensiuni atipice (pret pe ml);18.17;
09. ACCESORII SPECIALE CONFIGURABILE;Accesorii tinichigerie speciale - dimensiuni atipice (configurabile);D16;Accesoriu special desfasurata 751-800 mm;dublu vopsit lucios SSAB;0.60;ml;dimensiuni atipice (pret pe ml);12.73;
09. ACCESORII SPECIALE CONFIGURABILE;Accesorii tinichigerie speciale - dimensiuni atipice (configurabile);D16;Accesoriu special desfasurata 751-800 mm;dublu vopsit lucios;0.50;ml;dimensiuni atipice (pret pe ml);8.55;
09. ACCESORII SPECIALE CONFIGURABILE;Accesorii tinichigerie speciale - dimensiuni atipice (configurabile);D16;Accesoriu special desfasurata 751-800 mm;dublu vopsit mat;0.50;ml;dimensiuni atipice (pret pe ml);8.89;
09. ACCESORII SPECIALE CONFIGURABILE;Accesorii tinichigerie speciale - dimensiuni atipice (configurabile);D16;Accesoriu special desfasurata 751-800 mm;dublu vopsit lucios;0.40;ml;dimensiuni atipice (pret pe ml);6.83;
09. ACCESORII SPECIALE CONFIGURABILE;Accesorii tinichigerie speciale - dimensiuni atipice (configurabile);D16;Accesoriu special desfasurata 751-800 mm;dublu vopsit mat;0.40;ml;dimensiuni atipice (pret pe ml);7.46;
09. ACCESORII SPECIALE CONFIGURABILE;Accesorii tinichigerie speciale - dimensiuni atipice (configurabile);D17;Accesoriu special desfasurata 801-850 mm;dublu vopsit mat SSAB;0.60;ml;dimensiuni atipice (pret pe ml);19.31;
09. ACCESORII SPECIALE CONFIGURABILE;Accesorii tinichigerie speciale - dimensiuni atipice (configurabile);D17;Accesoriu special desfasurata 801-850 mm;dublu vopsit lucios SSAB;0.60;ml;dimensiuni atipice (pret pe ml);13.53;
09. ACCESORII SPECIALE CONFIGURABILE;Accesorii tinichigerie speciale - dimensiuni atipice (configurabile);D17;Accesoriu special desfasurata 801-850 mm;dublu vopsit lucios;0.50;ml;dimensiuni atipice (pret pe ml);9.08;
09. ACCESORII SPECIALE CONFIGURABILE;Accesorii tinichigerie speciale - dimensiuni atipice (configurabile);D17;Accesoriu special desfasurata 801-850 mm;dublu vopsit mat;0.50;ml;dimensiuni atipice (pret pe ml);9.45;
09. ACCESORII SPECIALE CONFIGURABILE;Accesorii tinichigerie speciale - dimensiuni atipice (configurabile);D17;Accesoriu special desfasurata 801-850 mm;dublu vopsit lucios;0.40;ml;dimensiuni atipice (pret pe ml);7.26;
09. ACCESORII SPECIALE CONFIGURABILE;Accesorii tinichigerie speciale - dimensiuni atipice (configurabile);D17;Accesoriu special desfasurata 801-850 mm;dublu vopsit mat;0.40;ml;dimensiuni atipice (pret pe ml);7.92;
09. ACCESORII SPECIALE CONFIGURABILE;Accesorii tinichigerie speciale - dimensiuni atipice (configurabile);D18;Accesoriu special desfasurata 851-900 mm;dublu vopsit mat SSAB;0.60;ml;dimensiuni atipice (pret pe ml);20.44;
09. ACCESORII SPECIALE CONFIGURABILE;Accesorii tinichigerie speciale - dimensiuni atipice (configurabile);D18;Accesoriu special desfasurata 851-900 mm;dublu vopsit lucios SSAB;0.60;ml;dimensiuni atipice (pret pe ml);14.32;
09. ACCESORII SPECIALE CONFIGURABILE;Accesorii tinichigerie speciale - dimensiuni atipice (configurabile);D18;Accesoriu special desfasurata 851-900 mm;dublu vopsit lucios;0.50;ml;dimensiuni atipice (pret pe ml);9.61;
09. ACCESORII SPECIALE CONFIGURABILE;Accesorii tinichigerie speciale - dimensiuni atipice (configurabile);D18;Accesoriu special desfasurata 851-900 mm;dublu vopsit mat;0.50;ml;dimensiuni atipice (pret pe ml);10.00;
09. ACCESORII SPECIALE CONFIGURABILE;Accesorii tinichigerie speciale - dimensiuni atipice (configurabile);D18;Accesoriu special desfasurata 851-900 mm;dublu vopsit lucios;0.40;ml;dimensiuni atipice (pret pe ml);7.69;
09. ACCESORII SPECIALE CONFIGURABILE;Accesorii tinichigerie speciale - dimensiuni atipice (configurabile);D18;Accesoriu special desfasurata 851-900 mm;dublu vopsit mat;0.40;ml;dimensiuni atipice (pret pe ml);8.39;
09. ACCESORII SPECIALE CONFIGURABILE;Accesorii tinichigerie speciale - dimensiuni atipice (configurabile);D19;Accesoriu special desfasurata 901-950 mm;dublu vopsit mat SSAB;0.60;ml;dimensiuni atipice (pret pe ml);21.58;
09. ACCESORII SPECIALE CONFIGURABILE;Accesorii tinichigerie speciale - dimensiuni atipice (configurabile);D19;Accesoriu special desfasurata 901-950 mm;dublu vopsit lucios SSAB;0.60;ml;dimensiuni atipice (pret pe ml);15.12;
09. ACCESORII SPECIALE CONFIGURABILE;Accesorii tinichigerie speciale - dimensiuni atipice (configurabile);D19;Accesoriu special desfasurata 901-950 mm;dublu vopsit lucios;0.50;ml;dimensiuni atipice (pret pe ml);10.15;
09. ACCESORII SPECIALE CONFIGURABILE;Accesorii tinichigerie speciale - dimensiuni atipice (configurabile);D19;Accesoriu special desfasurata 901-950 mm;dublu vopsit mat;0.50;ml;dimensiuni atipice (pret pe ml);10.56;
09. ACCESORII SPECIALE CONFIGURABILE;Accesorii tinichigerie speciale - dimensiuni atipice (configurabile);D19;Accesoriu special desfasurata 901-950 mm;dublu vopsit lucios;0.40;ml;dimensiuni atipice (pret pe ml);8.12;
09. ACCESORII SPECIALE CONFIGURABILE;Accesorii tinichigerie speciale - dimensiuni atipice (configurabile);D19;Accesoriu special desfasurata 901-950 mm;dublu vopsit mat;0.40;ml;dimensiuni atipice (pret pe ml);8.85;
09. ACCESORII SPECIALE CONFIGURABILE;Accesorii tinichigerie speciale - dimensiuni atipice (configurabile);D20;Accesoriu special desfasurata 951-1000 mm;dublu vopsit mat SSAB;0.60;ml;dimensiuni atipice (pret pe ml);22.71;
09. ACCESORII SPECIALE CONFIGURABILE;Accesorii tinichigerie speciale - dimensiuni atipice (configurabile);D20;Accesoriu special desfasurata 951-1000 mm;dublu vopsit lucios SSAB;0.60;ml;dimensiuni atipice (pret pe ml);15.91;
09. ACCESORII SPECIALE CONFIGURABILE;Accesorii tinichigerie speciale - dimensiuni atipice (configurabile);D20;Accesoriu special desfasurata 951-1000 mm;dublu vopsit lucios;0.50;ml;dimensiuni atipice (pret pe ml);10.68;
09. ACCESORII SPECIALE CONFIGURABILE;Accesorii tinichigerie speciale - dimensiuni atipice (configurabile);D20;Accesoriu special desfasurata 951-1000 mm;dublu vopsit mat;0.50;ml;dimensiuni atipice (pret pe ml);11.12;
09. ACCESORII SPECIALE CONFIGURABILE;Accesorii tinichigerie speciale - dimensiuni atipice (configurabile);D20;Accesoriu special desfasurata 951-1000 mm;dublu vopsit lucios;0.40;ml;dimensiuni atipice (pret pe ml);8.54;
09. ACCESORII SPECIALE CONFIGURABILE;Accesorii tinichigerie speciale - dimensiuni atipice (configurabile);D20;Accesoriu special desfasurata 951-1000 mm;dublu vopsit mat;0.40;ml;dimensiuni atipice (pret pe ml);9.32;
09. ACCESORII SPECIALE CONFIGURABILE;Accesorii tinichigerie speciale - dimensiuni atipice (configurabile);D21;Accesoriu special desfasurata 1001-1050 mm;dublu vopsit mat SSAB;0.60;ml;dimensiuni atipice (pret pe ml);23.85;
09. ACCESORII SPECIALE CONFIGURABILE;Accesorii tinichigerie speciale - dimensiuni atipice (configurabile);D21;Accesoriu special desfasurata 1001-1050 mm;dublu vopsit lucios SSAB;0.60;ml;dimensiuni atipice (pret pe ml);16.71;
09. ACCESORII SPECIALE CONFIGURABILE;Accesorii tinichigerie speciale - dimensiuni atipice (configurabile);D21;Accesoriu special desfasurata 1001-1050 mm;dublu vopsit lucios;0.50;ml;dimensiuni atipice (pret pe ml);11.22;
09. ACCESORII SPECIALE CONFIGURABILE;Accesorii tinichigerie speciale - dimensiuni atipice (configurabile);D21;Accesoriu special desfasurata 1001-1050 mm;dublu vopsit mat;0.50;ml;dimensiuni atipice (pret pe ml);11.67;
09. ACCESORII SPECIALE CONFIGURABILE;Accesorii tinichigerie speciale - dimensiuni atipice (configurabile);D21;Accesoriu special desfasurata 1001-1050 mm;dublu vopsit lucios;0.40;ml;dimensiuni atipice (pret pe ml);8.97;
09. ACCESORII SPECIALE CONFIGURABILE;Accesorii tinichigerie speciale - dimensiuni atipice (configurabile);D21;Accesoriu special desfasurata 1001-1050 mm;dublu vopsit mat;0.40;ml;dimensiuni atipice (pret pe ml);9.79;
09. ACCESORII SPECIALE CONFIGURABILE;Accesorii tinichigerie speciale - dimensiuni atipice (configurabile);D22;Accesoriu special desfasurata 1051-1100 mm;dublu vopsit mat SSAB;0.60;ml;dimensiuni atipice (pret pe ml);24.98;
09. ACCESORII SPECIALE CONFIGURABILE;Accesorii tinichigerie speciale - dimensiuni atipice (configurabile);D22;Accesoriu special desfasurata 1051-1100 mm;dublu vopsit lucios SSAB;0.60;ml;dimensiuni atipice (pret pe ml);17.50;
09. ACCESORII SPECIALE CONFIGURABILE;Accesorii tinichigerie speciale - dimensiuni atipice (configurabile);D22;Accesoriu special desfasurata 1051-1100 mm;dublu vopsit lucios;0.50;ml;dimensiuni atipice (pret pe ml);11.75;
09. ACCESORII SPECIALE CONFIGURABILE;Accesorii tinichigerie speciale - dimensiuni atipice (configurabile);D22;Accesoriu special desfasurata 1051-1100 mm;dublu vopsit mat;0.50;ml;dimensiuni atipice (pret pe ml);12.23;
09. ACCESORII SPECIALE CONFIGURABILE;Accesorii tinichigerie speciale - dimensiuni atipice (configurabile);D22;Accesoriu special desfasurata 1051-1100 mm;dublu vopsit lucios;0.40;ml;dimensiuni atipice (pret pe ml);9.40;
09. ACCESORII SPECIALE CONFIGURABILE;Accesorii tinichigerie speciale - dimensiuni atipice (configurabile);D22;Accesoriu special desfasurata 1051-1100 mm;dublu vopsit mat;0.40;ml;dimensiuni atipice (pret pe ml);10.25;
09. ACCESORII SPECIALE CONFIGURABILE;Accesorii tinichigerie speciale - dimensiuni atipice (configurabile);D23;Accesoriu special desfasurata 1101-1150 mm;dublu vopsit mat SSAB;0.60;ml;dimensiuni atipice (pret pe ml);26.12;
09. ACCESORII SPECIALE CONFIGURABILE;Accesorii tinichigerie speciale - dimensiuni atipice (configurabile);D23;Accesoriu special desfasurata 1101-1150 mm;dublu vopsit lucios SSAB;0.60;ml;dimensiuni atipice (pret pe ml);18.30;
09. ACCESORII SPECIALE CONFIGURABILE;Accesorii tinichigerie speciale - dimensiuni atipice (configurabile);D23;Accesoriu special desfasurata 1101-1150 mm;dublu vopsit lucios;0.50;ml;dimensiuni atipice (pret pe ml);12.28;
09. ACCESORII SPECIALE CONFIGURABILE;Accesorii tinichigerie speciale - dimensiuni atipice (configurabile);D23;Accesoriu special desfasurata 1101-1150 mm;dublu vopsit mat;0.50;ml;dimensiuni atipice (pret pe ml);12.78;
09. ACCESORII SPECIALE CONFIGURABILE;Accesorii tinichigerie speciale - dimensiuni atipice (configurabile);D23;Accesoriu special desfasurata 1101-1150 mm;dublu vopsit lucios;0.40;ml;dimensiuni atipice (pret pe ml);9.82;
09. ACCESORII SPECIALE CONFIGURABILE;Accesorii tinichigerie speciale - dimensiuni atipice (configurabile);D23;Accesoriu special desfasurata 1101-1150 mm;dublu vopsit mat;0.40;ml;dimensiuni atipice (pret pe ml);10.72;
09. ACCESORII SPECIALE CONFIGURABILE;Accesorii tinichigerie speciale - dimensiuni atipice (configurabile);D24;Accesoriu special desfasurata 1151-1200 mm;dublu vopsit mat SSAB;0.60;ml;dimensiuni atipice (pret pe ml);27.25;
09. ACCESORII SPECIALE CONFIGURABILE;Accesorii tinichigerie speciale - dimensiuni atipice (configurabile);D24;Accesoriu special desfasurata 1151-1200 mm;dublu vopsit lucios SSAB;0.60;ml;dimensiuni atipice (pret pe ml);19.09;
09. ACCESORII SPECIALE CONFIGURABILE;Accesorii tinichigerie speciale - dimensiuni atipice (configurabile);D24;Accesoriu special desfasurata 1151-1200 mm;dublu vopsit lucios;0.50;ml;dimensiuni atipice (pret pe ml);12.82;
09. ACCESORII SPECIALE CONFIGURABILE;Accesorii tinichigerie speciale - dimensiuni atipice (configurabile);D24;Accesoriu special desfasurata 1151-1200 mm;dublu vopsit mat;0.50;ml;dimensiuni atipice (pret pe ml);13.34;
09. ACCESORII SPECIALE CONFIGURABILE;Accesorii tinichigerie speciale - dimensiuni atipice (configurabile);D24;Accesoriu special desfasurata 1151-1200 mm;dublu vopsit lucios;0.40;ml;dimensiuni atipice (pret pe ml);10.25;
09. ACCESORII SPECIALE CONFIGURABILE;Accesorii tinichigerie speciale - dimensiuni atipice (configurabile);D24;Accesoriu special desfasurata 1151-1200 mm;dublu vopsit mat;0.40;ml;dimensiuni atipice (pret pe ml);11.18;
09. ACCESORII SPECIALE CONFIGURABILE;Accesorii tinichigerie speciale - dimensiuni atipice (configurabile);D25;Accesoriu special desfasurata 1201-1250 mm;dublu vopsit mat SSAB;0.60;ml;dimensiuni atipice (pret pe ml);28.39;
09. ACCESORII SPECIALE CONFIGURABILE;Accesorii tinichigerie speciale - dimensiuni atipice (configurabile);D25;Accesoriu special desfasurata 1201-1250 mm;dublu vopsit lucios SSAB;0.60;ml;dimensiuni atipice (pret pe ml);19.89;
09. ACCESORII SPECIALE CONFIGURABILE;Accesorii tinichigerie speciale - dimensiuni atipice (configurabile);D25;Accesoriu special desfasurata 1201-1250 mm;dublu vopsit lucios;0.50;ml;dimensiuni atipice (pret pe ml);13.35;
09. ACCESORII SPECIALE CONFIGURABILE;Accesorii tinichigerie speciale - dimensiuni atipice (configurabile);D25;Accesoriu special desfasurata 1201-1250 mm;dublu vopsit mat;0.50;ml;dimensiuni atipice (pret pe ml);13.89;
09. ACCESORII SPECIALE CONFIGURABILE;Accesorii tinichigerie speciale - dimensiuni atipice (configurabile);D25;Accesoriu special desfasurata 1201-1250 mm;dublu vopsit lucios;0.40;ml;dimensiuni atipice (pret pe ml);10.68;
09. ACCESORII SPECIALE CONFIGURABILE;Accesorii tinichigerie speciale - dimensiuni atipice (configurabile);D25;Accesoriu special desfasurata 1201-1250 mm;dublu vopsit mat;0.40;ml;dimensiuni atipice (pret pe ml);11.65;
09. ACCESORII SPECIALE CONFIGURABILE;Accesorii tinichigerie speciale - dimensiuni atipice (configurabile);D01;Accesoriu special desfasurata 0-50 mm;Wood (imitatie lemn);0.50;ml;dimensiuni atipice (pret pe ml);0.66;
09. ACCESORII SPECIALE CONFIGURABILE;Accesorii tinichigerie speciale - dimensiuni atipice (configurabile);D01;Accesoriu special desfasurata 0-50 mm;Wood (imitatie lemn);0.45;ml;dimensiuni atipice (pret pe ml);0.65;
09. ACCESORII SPECIALE CONFIGURABILE;Accesorii tinichigerie speciale - dimensiuni atipice (configurabile);D01;Accesoriu special desfasurata 0-50 mm;Magnelis;0.50;ml;dimensiuni atipice (pret pe ml);0.53;
09. ACCESORII SPECIALE CONFIGURABILE;Accesorii tinichigerie speciale - dimensiuni atipice (configurabile);D01;Accesoriu special desfasurata 0-50 mm;lucios RAL 8003 (alama);0.45;ml;dimensiuni atipice (pret pe ml);0.65;
09. ACCESORII SPECIALE CONFIGURABILE;Accesorii tinichigerie speciale - dimensiuni atipice (configurabile);D02;Accesoriu special desfasurata 51-100 mm;Wood (imitatie lemn);0.50;ml;dimensiuni atipice (pret pe ml);1.32;
09. ACCESORII SPECIALE CONFIGURABILE;Accesorii tinichigerie speciale - dimensiuni atipice (configurabile);D02;Accesoriu special desfasurata 51-100 mm;Wood (imitatie lemn);0.45;ml;dimensiuni atipice (pret pe ml);1.31;
09. ACCESORII SPECIALE CONFIGURABILE;Accesorii tinichigerie speciale - dimensiuni atipice (configurabile);D02;Accesoriu special desfasurata 51-100 mm;Magnelis;0.50;ml;dimensiuni atipice (pret pe ml);1.05;
09. ACCESORII SPECIALE CONFIGURABILE;Accesorii tinichigerie speciale - dimensiuni atipice (configurabile);D02;Accesoriu special desfasurata 51-100 mm;lucios RAL 8003 (alama);0.45;ml;dimensiuni atipice (pret pe ml);1.31;
09. ACCESORII SPECIALE CONFIGURABILE;Accesorii tinichigerie speciale - dimensiuni atipice (configurabile);D03;Accesoriu special desfasurata 101-150 mm;Wood (imitatie lemn);0.50;ml;dimensiuni atipice (pret pe ml);1.99;
09. ACCESORII SPECIALE CONFIGURABILE;Accesorii tinichigerie speciale - dimensiuni atipice (configurabile);D03;Accesoriu special desfasurata 101-150 mm;Wood (imitatie lemn);0.45;ml;dimensiuni atipice (pret pe ml);1.96;
09. ACCESORII SPECIALE CONFIGURABILE;Accesorii tinichigerie speciale - dimensiuni atipice (configurabile);D03;Accesoriu special desfasurata 101-150 mm;Magnelis;0.50;ml;dimensiuni atipice (pret pe ml);1.58;
09. ACCESORII SPECIALE CONFIGURABILE;Accesorii tinichigerie speciale - dimensiuni atipice (configurabile);D03;Accesoriu special desfasurata 101-150 mm;lucios RAL 8003 (alama);0.45;ml;dimensiuni atipice (pret pe ml);1.96;
09. ACCESORII SPECIALE CONFIGURABILE;Accesorii tinichigerie speciale - dimensiuni atipice (configurabile);D04;Accesoriu special desfasurata 151-200 mm;Wood (imitatie lemn);0.50;ml;dimensiuni atipice (pret pe ml);2.65;
09. ACCESORII SPECIALE CONFIGURABILE;Accesorii tinichigerie speciale - dimensiuni atipice (configurabile);D04;Accesoriu special desfasurata 151-200 mm;Wood (imitatie lemn);0.45;ml;dimensiuni atipice (pret pe ml);2.62;
09. ACCESORII SPECIALE CONFIGURABILE;Accesorii tinichigerie speciale - dimensiuni atipice (configurabile);D04;Accesoriu special desfasurata 151-200 mm;Magnelis;0.50;ml;dimensiuni atipice (pret pe ml);2.10;
09. ACCESORII SPECIALE CONFIGURABILE;Accesorii tinichigerie speciale - dimensiuni atipice (configurabile);D04;Accesoriu special desfasurata 151-200 mm;lucios RAL 8003 (alama);0.45;ml;dimensiuni atipice (pret pe ml);2.62;
09. ACCESORII SPECIALE CONFIGURABILE;Accesorii tinichigerie speciale - dimensiuni atipice (configurabile);D05;Accesoriu special desfasurata 201-250 mm;Wood (imitatie lemn);0.50;ml;dimensiuni atipice (pret pe ml);3.31;
09. ACCESORII SPECIALE CONFIGURABILE;Accesorii tinichigerie speciale - dimensiuni atipice (configurabile);D05;Accesoriu special desfasurata 201-250 mm;Wood (imitatie lemn);0.45;ml;dimensiuni atipice (pret pe ml);3.27;
09. ACCESORII SPECIALE CONFIGURABILE;Accesorii tinichigerie speciale - dimensiuni atipice (configurabile);D05;Accesoriu special desfasurata 201-250 mm;Magnelis;0.50;ml;dimensiuni atipice (pret pe ml);2.63;
09. ACCESORII SPECIALE CONFIGURABILE;Accesorii tinichigerie speciale - dimensiuni atipice (configurabile);D05;Accesoriu special desfasurata 201-250 mm;lucios RAL 8003 (alama);0.45;ml;dimensiuni atipice (pret pe ml);3.27;
09. ACCESORII SPECIALE CONFIGURABILE;Accesorii tinichigerie speciale - dimensiuni atipice (configurabile);D06;Accesoriu special desfasurata 251-300 mm;Wood (imitatie lemn);0.50;ml;dimensiuni atipice (pret pe ml);3.97;
09. ACCESORII SPECIALE CONFIGURABILE;Accesorii tinichigerie speciale - dimensiuni atipice (configurabile);D06;Accesoriu special desfasurata 251-300 mm;Wood (imitatie lemn);0.45;ml;dimensiuni atipice (pret pe ml);3.93;
09. ACCESORII SPECIALE CONFIGURABILE;Accesorii tinichigerie speciale - dimensiuni atipice (configurabile);D06;Accesoriu special desfasurata 251-300 mm;Magnelis;0.50;ml;dimensiuni atipice (pret pe ml);3.16;
09. ACCESORII SPECIALE CONFIGURABILE;Accesorii tinichigerie speciale - dimensiuni atipice (configurabile);D06;Accesoriu special desfasurata 251-300 mm;lucios RAL 8003 (alama);0.45;ml;dimensiuni atipice (pret pe ml);3.92;
09. ACCESORII SPECIALE CONFIGURABILE;Accesorii tinichigerie speciale - dimensiuni atipice (configurabile);D07;Accesoriu special desfasurata 301-350 mm;Wood (imitatie lemn);0.50;ml;dimensiuni atipice (pret pe ml);4.64;
09. ACCESORII SPECIALE CONFIGURABILE;Accesorii tinichigerie speciale - dimensiuni atipice (configurabile);D07;Accesoriu special desfasurata 301-350 mm;Wood (imitatie lemn);0.45;ml;dimensiuni atipice (pret pe ml);4.58;
09. ACCESORII SPECIALE CONFIGURABILE;Accesorii tinichigerie speciale - dimensiuni atipice (configurabile);D07;Accesoriu special desfasurata 301-350 mm;Magnelis;0.50;ml;dimensiuni atipice (pret pe ml);3.68;
09. ACCESORII SPECIALE CONFIGURABILE;Accesorii tinichigerie speciale - dimensiuni atipice (configurabile);D07;Accesoriu special desfasurata 301-350 mm;lucios RAL 8003 (alama);0.45;ml;dimensiuni atipice (pret pe ml);4.58;
09. ACCESORII SPECIALE CONFIGURABILE;Accesorii tinichigerie speciale - dimensiuni atipice (configurabile);D08;Accesoriu special desfasurata 351-400 mm;Wood (imitatie lemn);0.50;ml;dimensiuni atipice (pret pe ml);5.30;
09. ACCESORII SPECIALE CONFIGURABILE;Accesorii tinichigerie speciale - dimensiuni atipice (configurabile);D08;Accesoriu special desfasurata 351-400 mm;Wood (imitatie lemn);0.45;ml;dimensiuni atipice (pret pe ml);5.23;
09. ACCESORII SPECIALE CONFIGURABILE;Accesorii tinichigerie speciale - dimensiuni atipice (configurabile);D08;Accesoriu special desfasurata 351-400 mm;Magnelis;0.50;ml;dimensiuni atipice (pret pe ml);4.21;
09. ACCESORII SPECIALE CONFIGURABILE;Accesorii tinichigerie speciale - dimensiuni atipice (configurabile);D08;Accesoriu special desfasurata 351-400 mm;lucios RAL 8003 (alama);0.45;ml;dimensiuni atipice (pret pe ml);5.23;
09. ACCESORII SPECIALE CONFIGURABILE;Accesorii tinichigerie speciale - dimensiuni atipice (configurabile);D09;Accesoriu special desfasurata 401-450 mm;Wood (imitatie lemn);0.50;ml;dimensiuni atipice (pret pe ml);5.96;
09. ACCESORII SPECIALE CONFIGURABILE;Accesorii tinichigerie speciale - dimensiuni atipice (configurabile);D09;Accesoriu special desfasurata 401-450 mm;Wood (imitatie lemn);0.45;ml;dimensiuni atipice (pret pe ml);5.89;
09. ACCESORII SPECIALE CONFIGURABILE;Accesorii tinichigerie speciale - dimensiuni atipice (configurabile);D09;Accesoriu special desfasurata 401-450 mm;Magnelis;0.50;ml;dimensiuni atipice (pret pe ml);4.73;
09. ACCESORII SPECIALE CONFIGURABILE;Accesorii tinichigerie speciale - dimensiuni atipice (configurabile);D09;Accesoriu special desfasurata 401-450 mm;lucios RAL 8003 (alama);0.45;ml;dimensiuni atipice (pret pe ml);5.89;
09. ACCESORII SPECIALE CONFIGURABILE;Accesorii tinichigerie speciale - dimensiuni atipice (configurabile);D10;Accesoriu special desfasurata 451-500 mm;Wood (imitatie lemn);0.50;ml;dimensiuni atipice (pret pe ml);6.62;
09. ACCESORII SPECIALE CONFIGURABILE;Accesorii tinichigerie speciale - dimensiuni atipice (configurabile);D10;Accesoriu special desfasurata 451-500 mm;Wood (imitatie lemn);0.45;ml;dimensiuni atipice (pret pe ml);6.54;
09. ACCESORII SPECIALE CONFIGURABILE;Accesorii tinichigerie speciale - dimensiuni atipice (configurabile);D10;Accesoriu special desfasurata 451-500 mm;Magnelis;0.50;ml;dimensiuni atipice (pret pe ml);5.26;
09. ACCESORII SPECIALE CONFIGURABILE;Accesorii tinichigerie speciale - dimensiuni atipice (configurabile);D10;Accesoriu special desfasurata 451-500 mm;lucios RAL 8003 (alama);0.45;ml;dimensiuni atipice (pret pe ml);6.54;
09. ACCESORII SPECIALE CONFIGURABILE;Accesorii tinichigerie speciale - dimensiuni atipice (configurabile);D11;Accesoriu special desfasurata 501-550 mm;Wood (imitatie lemn);0.50;ml;dimensiuni atipice (pret pe ml);7.29;
09. ACCESORII SPECIALE CONFIGURABILE;Accesorii tinichigerie speciale - dimensiuni atipice (configurabile);D11;Accesoriu special desfasurata 501-550 mm;Wood (imitatie lemn);0.45;ml;dimensiuni atipice (pret pe ml);7.20;
09. ACCESORII SPECIALE CONFIGURABILE;Accesorii tinichigerie speciale - dimensiuni atipice (configurabile);D11;Accesoriu special desfasurata 501-550 mm;Magnelis;0.50;ml;dimensiuni atipice (pret pe ml);5.79;
09. ACCESORII SPECIALE CONFIGURABILE;Accesorii tinichigerie speciale - dimensiuni atipice (configurabile);D11;Accesoriu special desfasurata 501-550 mm;lucios RAL 8003 (alama);0.45;ml;dimensiuni atipice (pret pe ml);7.20;
09. ACCESORII SPECIALE CONFIGURABILE;Accesorii tinichigerie speciale - dimensiuni atipice (configurabile);D12;Accesoriu special desfasurata 551-600 mm;Wood (imitatie lemn);0.50;ml;dimensiuni atipice (pret pe ml);7.95;
09. ACCESORII SPECIALE CONFIGURABILE;Accesorii tinichigerie speciale - dimensiuni atipice (configurabile);D12;Accesoriu special desfasurata 551-600 mm;Wood (imitatie lemn);0.45;ml;dimensiuni atipice (pret pe ml);7.85;
09. ACCESORII SPECIALE CONFIGURABILE;Accesorii tinichigerie speciale - dimensiuni atipice (configurabile);D12;Accesoriu special desfasurata 551-600 mm;Magnelis;0.50;ml;dimensiuni atipice (pret pe ml);6.31;
09. ACCESORII SPECIALE CONFIGURABILE;Accesorii tinichigerie speciale - dimensiuni atipice (configurabile);D12;Accesoriu special desfasurata 551-600 mm;lucios RAL 8003 (alama);0.45;ml;dimensiuni atipice (pret pe ml);7.85;
09. ACCESORII SPECIALE CONFIGURABILE;Accesorii tinichigerie speciale - dimensiuni atipice (configurabile);D13;Accesoriu special desfasurata 601-650 mm;Wood (imitatie lemn);0.50;ml;dimensiuni atipice (pret pe ml);8.61;
09. ACCESORII SPECIALE CONFIGURABILE;Accesorii tinichigerie speciale - dimensiuni atipice (configurabile);D13;Accesoriu special desfasurata 601-650 mm;Wood (imitatie lemn);0.45;ml;dimensiuni atipice (pret pe ml);8.51;
09. ACCESORII SPECIALE CONFIGURABILE;Accesorii tinichigerie speciale - dimensiuni atipice (configurabile);D13;Accesoriu special desfasurata 601-650 mm;Magnelis;0.50;ml;dimensiuni atipice (pret pe ml);6.84;
09. ACCESORII SPECIALE CONFIGURABILE;Accesorii tinichigerie speciale - dimensiuni atipice (configurabile);D13;Accesoriu special desfasurata 601-650 mm;lucios RAL 8003 (alama);0.45;ml;dimensiuni atipice (pret pe ml);8.50;
09. ACCESORII SPECIALE CONFIGURABILE;Accesorii tinichigerie speciale - dimensiuni atipice (configurabile);D14;Accesoriu special desfasurata 651-700 mm;Wood (imitatie lemn);0.50;ml;dimensiuni atipice (pret pe ml);9.27;
09. ACCESORII SPECIALE CONFIGURABILE;Accesorii tinichigerie speciale - dimensiuni atipice (configurabile);D14;Accesoriu special desfasurata 651-700 mm;Wood (imitatie lemn);0.45;ml;dimensiuni atipice (pret pe ml);9.16;
09. ACCESORII SPECIALE CONFIGURABILE;Accesorii tinichigerie speciale - dimensiuni atipice (configurabile);D14;Accesoriu special desfasurata 651-700 mm;Magnelis;0.50;ml;dimensiuni atipice (pret pe ml);7.37;
09. ACCESORII SPECIALE CONFIGURABILE;Accesorii tinichigerie speciale - dimensiuni atipice (configurabile);D14;Accesoriu special desfasurata 651-700 mm;lucios RAL 8003 (alama);0.45;ml;dimensiuni atipice (pret pe ml);9.16;
09. ACCESORII SPECIALE CONFIGURABILE;Accesorii tinichigerie speciale - dimensiuni atipice (configurabile);D15;Accesoriu special desfasurata 701-750 mm;Wood (imitatie lemn);0.50;ml;dimensiuni atipice (pret pe ml);9.93;
09. ACCESORII SPECIALE CONFIGURABILE;Accesorii tinichigerie speciale - dimensiuni atipice (configurabile);D15;Accesoriu special desfasurata 701-750 mm;Wood (imitatie lemn);0.45;ml;dimensiuni atipice (pret pe ml);9.81;
09. ACCESORII SPECIALE CONFIGURABILE;Accesorii tinichigerie speciale - dimensiuni atipice (configurabile);D15;Accesoriu special desfasurata 701-750 mm;Magnelis;0.50;ml;dimensiuni atipice (pret pe ml);7.89;
09. ACCESORII SPECIALE CONFIGURABILE;Accesorii tinichigerie speciale - dimensiuni atipice (configurabile);D15;Accesoriu special desfasurata 701-750 mm;lucios RAL 8003 (alama);0.45;ml;dimensiuni atipice (pret pe ml);9.81;
09. ACCESORII SPECIALE CONFIGURABILE;Accesorii tinichigerie speciale - dimensiuni atipice (configurabile);D16;Accesoriu special desfasurata 751-800 mm;Wood (imitatie lemn);0.50;ml;dimensiuni atipice (pret pe ml);10.60;
09. ACCESORII SPECIALE CONFIGURABILE;Accesorii tinichigerie speciale - dimensiuni atipice (configurabile);D16;Accesoriu special desfasurata 751-800 mm;Wood (imitatie lemn);0.45;ml;dimensiuni atipice (pret pe ml);10.47;
09. ACCESORII SPECIALE CONFIGURABILE;Accesorii tinichigerie speciale - dimensiuni atipice (configurabile);D16;Accesoriu special desfasurata 751-800 mm;Magnelis;0.50;ml;dimensiuni atipice (pret pe ml);8.42;
09. ACCESORII SPECIALE CONFIGURABILE;Accesorii tinichigerie speciale - dimensiuni atipice (configurabile);D16;Accesoriu special desfasurata 751-800 mm;lucios RAL 8003 (alama);0.45;ml;dimensiuni atipice (pret pe ml);10.47;
09. ACCESORII SPECIALE CONFIGURABILE;Accesorii tinichigerie speciale - dimensiuni atipice (configurabile);D17;Accesoriu special desfasurata 801-850 mm;Wood (imitatie lemn);0.50;ml;dimensiuni atipice (pret pe ml);11.26;
09. ACCESORII SPECIALE CONFIGURABILE;Accesorii tinichigerie speciale - dimensiuni atipice (configurabile);D17;Accesoriu special desfasurata 801-850 mm;Wood (imitatie lemn);0.45;ml;dimensiuni atipice (pret pe ml);11.12;
09. ACCESORII SPECIALE CONFIGURABILE;Accesorii tinichigerie speciale - dimensiuni atipice (configurabile);D17;Accesoriu special desfasurata 801-850 mm;Magnelis;0.50;ml;dimensiuni atipice (pret pe ml);8.94;
09. ACCESORII SPECIALE CONFIGURABILE;Accesorii tinichigerie speciale - dimensiuni atipice (configurabile);D17;Accesoriu special desfasurata 801-850 mm;lucios RAL 8003 (alama);0.45;ml;dimensiuni atipice (pret pe ml);11.12;
09. ACCESORII SPECIALE CONFIGURABILE;Accesorii tinichigerie speciale - dimensiuni atipice (configurabile);D18;Accesoriu special desfasurata 851-900 mm;Wood (imitatie lemn);0.50;ml;dimensiuni atipice (pret pe ml);11.92;
09. ACCESORII SPECIALE CONFIGURABILE;Accesorii tinichigerie speciale - dimensiuni atipice (configurabile);D18;Accesoriu special desfasurata 851-900 mm;Wood (imitatie lemn);0.45;ml;dimensiuni atipice (pret pe ml);11.78;
09. ACCESORII SPECIALE CONFIGURABILE;Accesorii tinichigerie speciale - dimensiuni atipice (configurabile);D18;Accesoriu special desfasurata 851-900 mm;Magnelis;0.50;ml;dimensiuni atipice (pret pe ml);9.47;
09. ACCESORII SPECIALE CONFIGURABILE;Accesorii tinichigerie speciale - dimensiuni atipice (configurabile);D18;Accesoriu special desfasurata 851-900 mm;lucios RAL 8003 (alama);0.45;ml;dimensiuni atipice (pret pe ml);11.77;
09. ACCESORII SPECIALE CONFIGURABILE;Accesorii tinichigerie speciale - dimensiuni atipice (configurabile);D19;Accesoriu special desfasurata 901-950 mm;Wood (imitatie lemn);0.50;ml;dimensiuni atipice (pret pe ml);12.58;
09. ACCESORII SPECIALE CONFIGURABILE;Accesorii tinichigerie speciale - dimensiuni atipice (configurabile);D19;Accesoriu special desfasurata 901-950 mm;Wood (imitatie lemn);0.45;ml;dimensiuni atipice (pret pe ml);12.43;
09. ACCESORII SPECIALE CONFIGURABILE;Accesorii tinichigerie speciale - dimensiuni atipice (configurabile);D19;Accesoriu special desfasurata 901-950 mm;Magnelis;0.50;ml;dimensiuni atipice (pret pe ml);10.00;
09. ACCESORII SPECIALE CONFIGURABILE;Accesorii tinichigerie speciale - dimensiuni atipice (configurabile);D19;Accesoriu special desfasurata 901-950 mm;lucios RAL 8003 (alama);0.45;ml;dimensiuni atipice (pret pe ml);12.43;
09. ACCESORII SPECIALE CONFIGURABILE;Accesorii tinichigerie speciale - dimensiuni atipice (configurabile);D20;Accesoriu special desfasurata 951-1000 mm;Wood (imitatie lemn);0.50;ml;dimensiuni atipice (pret pe ml);13.25;
09. ACCESORII SPECIALE CONFIGURABILE;Accesorii tinichigerie speciale - dimensiuni atipice (configurabile);D20;Accesoriu special desfasurata 951-1000 mm;Wood (imitatie lemn);0.45;ml;dimensiuni atipice (pret pe ml);13.09;
09. ACCESORII SPECIALE CONFIGURABILE;Accesorii tinichigerie speciale - dimensiuni atipice (configurabile);D20;Accesoriu special desfasurata 951-1000 mm;Magnelis;0.50;ml;dimensiuni atipice (pret pe ml);10.52;
09. ACCESORII SPECIALE CONFIGURABILE;Accesorii tinichigerie speciale - dimensiuni atipice (configurabile);D20;Accesoriu special desfasurata 951-1000 mm;lucios RAL 8003 (alama);0.45;ml;dimensiuni atipice (pret pe ml);13.08;
09. ACCESORII SPECIALE CONFIGURABILE;Accesorii tinichigerie speciale - dimensiuni atipice (configurabile);D21;Accesoriu special desfasurata 1001-1050 mm;Wood (imitatie lemn);0.50;ml;dimensiuni atipice (pret pe ml);13.91;
09. ACCESORII SPECIALE CONFIGURABILE;Accesorii tinichigerie speciale - dimensiuni atipice (configurabile);D21;Accesoriu special desfasurata 1001-1050 mm;Wood (imitatie lemn);0.45;ml;dimensiuni atipice (pret pe ml);13.74;
09. ACCESORII SPECIALE CONFIGURABILE;Accesorii tinichigerie speciale - dimensiuni atipice (configurabile);D21;Accesoriu special desfasurata 1001-1050 mm;Magnelis;0.50;ml;dimensiuni atipice (pret pe ml);11.05;
09. ACCESORII SPECIALE CONFIGURABILE;Accesorii tinichigerie speciale - dimensiuni atipice (configurabile);D21;Accesoriu special desfasurata 1001-1050 mm;lucios RAL 8003 (alama);0.45;ml;dimensiuni atipice (pret pe ml);13.74;
09. ACCESORII SPECIALE CONFIGURABILE;Accesorii tinichigerie speciale - dimensiuni atipice (configurabile);D22;Accesoriu special desfasurata 1051-1100 mm;Wood (imitatie lemn);0.50;ml;dimensiuni atipice (pret pe ml);14.57;
09. ACCESORII SPECIALE CONFIGURABILE;Accesorii tinichigerie speciale - dimensiuni atipice (configurabile);D22;Accesoriu special desfasurata 1051-1100 mm;Wood (imitatie lemn);0.45;ml;dimensiuni atipice (pret pe ml);14.40;
09. ACCESORII SPECIALE CONFIGURABILE;Accesorii tinichigerie speciale - dimensiuni atipice (configurabile);D22;Accesoriu special desfasurata 1051-1100 mm;Magnelis;0.50;ml;dimensiuni atipice (pret pe ml);11.57;
09. ACCESORII SPECIALE CONFIGURABILE;Accesorii tinichigerie speciale - dimensiuni atipice (configurabile);D22;Accesoriu special desfasurata 1051-1100 mm;lucios RAL 8003 (alama);0.45;ml;dimensiuni atipice (pret pe ml);14.39;
09. ACCESORII SPECIALE CONFIGURABILE;Accesorii tinichigerie speciale - dimensiuni atipice (configurabile);D23;Accesoriu special desfasurata 1101-1150 mm;Wood (imitatie lemn);0.50;ml;dimensiuni atipice (pret pe ml);15.23;
09. ACCESORII SPECIALE CONFIGURABILE;Accesorii tinichigerie speciale - dimensiuni atipice (configurabile);D23;Accesoriu special desfasurata 1101-1150 mm;Wood (imitatie lemn);0.45;ml;dimensiuni atipice (pret pe ml);15.05;
09. ACCESORII SPECIALE CONFIGURABILE;Accesorii tinichigerie speciale - dimensiuni atipice (configurabile);D23;Accesoriu special desfasurata 1101-1150 mm;Magnelis;0.50;ml;dimensiuni atipice (pret pe ml);12.10;
09. ACCESORII SPECIALE CONFIGURABILE;Accesorii tinichigerie speciale - dimensiuni atipice (configurabile);D23;Accesoriu special desfasurata 1101-1150 mm;lucios RAL 8003 (alama);0.45;ml;dimensiuni atipice (pret pe ml);15.05;
09. ACCESORII SPECIALE CONFIGURABILE;Accesorii tinichigerie speciale - dimensiuni atipice (configurabile);D24;Accesoriu special desfasurata 1151-1200 mm;Wood (imitatie lemn);0.50;ml;dimensiuni atipice (pret pe ml);15.90;
09. ACCESORII SPECIALE CONFIGURABILE;Accesorii tinichigerie speciale - dimensiuni atipice (configurabile);D24;Accesoriu special desfasurata 1151-1200 mm;Wood (imitatie lemn);0.45;ml;dimensiuni atipice (pret pe ml);15.70;
09. ACCESORII SPECIALE CONFIGURABILE;Accesorii tinichigerie speciale - dimensiuni atipice (configurabile);D24;Accesoriu special desfasurata 1151-1200 mm;Magnelis;0.50;ml;dimensiuni atipice (pret pe ml);12.63;
09. ACCESORII SPECIALE CONFIGURABILE;Accesorii tinichigerie speciale - dimensiuni atipice (configurabile);D24;Accesoriu special desfasurata 1151-1200 mm;lucios RAL 8003 (alama);0.45;ml;dimensiuni atipice (pret pe ml);15.70;
09. ACCESORII SPECIALE CONFIGURABILE;Accesorii tinichigerie speciale - dimensiuni atipice (configurabile);D25;Accesoriu special desfasurata 1201-1250 mm;Wood (imitatie lemn);0.50;ml;dimensiuni atipice (pret pe ml);16.56;
09. ACCESORII SPECIALE CONFIGURABILE;Accesorii tinichigerie speciale - dimensiuni atipice (configurabile);D25;Accesoriu special desfasurata 1201-1250 mm;Wood (imitatie lemn);0.45;ml;dimensiuni atipice (pret pe ml);16.36;
09. ACCESORII SPECIALE CONFIGURABILE;Accesorii tinichigerie speciale - dimensiuni atipice (configurabile);D25;Accesoriu special desfasurata 1201-1250 mm;Magnelis;0.50;ml;dimensiuni atipice (pret pe ml);13.15;
09. ACCESORII SPECIALE CONFIGURABILE;Accesorii tinichigerie speciale - dimensiuni atipice (configurabile);D25;Accesoriu special desfasurata 1201-1250 mm;lucios RAL 8003 (alama);0.45;ml;dimensiuni atipice (pret pe ml);16.35;
09. ACCESORII SPECIALE CONFIGURABILE;Accesorii tinichigerie speciale - dimensiuni atipice (configurabile);D01;Accesoriu special desfasurata 0-50 mm;zincat;0.37;ml;dimensiuni atipice (pret pe ml);0.32;
09. ACCESORII SPECIALE CONFIGURABILE;Accesorii tinichigerie speciale - dimensiuni atipice (configurabile);D01;Accesoriu special desfasurata 0-50 mm;zincat;0.40;ml;dimensiuni atipice (pret pe ml);0.33;
09. ACCESORII SPECIALE CONFIGURABILE;Accesorii tinichigerie speciale - dimensiuni atipice (configurabile);D01;Accesoriu special desfasurata 0-50 mm;zincat;0.45;ml;dimensiuni atipice (pret pe ml);0.41;
09. ACCESORII SPECIALE CONFIGURABILE;Accesorii tinichigerie speciale - dimensiuni atipice (configurabile);D01;Accesoriu special desfasurata 0-50 mm;zincat;0.50;ml;dimensiuni atipice (pret pe ml);0.44;
09. ACCESORII SPECIALE CONFIGURABILE;Accesorii tinichigerie speciale - dimensiuni atipice (configurabile);D01;Accesoriu special desfasurata 0-50 mm;zincat;0.60;ml;dimensiuni atipice (pret pe ml);0.55;
09. ACCESORII SPECIALE CONFIGURABILE;Accesorii tinichigerie speciale - dimensiuni atipice (configurabile);D01;Accesoriu special desfasurata 0-50 mm;zincat;0.70;ml;dimensiuni atipice (pret pe ml);0.64;
09. ACCESORII SPECIALE CONFIGURABILE;Accesorii tinichigerie speciale - dimensiuni atipice (configurabile);D02;Accesoriu special desfasurata 51-100 mm;zincat;0.37;ml;dimensiuni atipice (pret pe ml);0.64;
09. ACCESORII SPECIALE CONFIGURABILE;Accesorii tinichigerie speciale - dimensiuni atipice (configurabile);D02;Accesoriu special desfasurata 51-100 mm;zincat;0.40;ml;dimensiuni atipice (pret pe ml);0.65;
09. ACCESORII SPECIALE CONFIGURABILE;Accesorii tinichigerie speciale - dimensiuni atipice (configurabile);D02;Accesoriu special desfasurata 51-100 mm;zincat;0.45;ml;dimensiuni atipice (pret pe ml);0.81;
09. ACCESORII SPECIALE CONFIGURABILE;Accesorii tinichigerie speciale - dimensiuni atipice (configurabile);D02;Accesoriu special desfasurata 51-100 mm;zincat;0.50;ml;dimensiuni atipice (pret pe ml);0.89;
09. ACCESORII SPECIALE CONFIGURABILE;Accesorii tinichigerie speciale - dimensiuni atipice (configurabile);D02;Accesoriu special desfasurata 51-100 mm;zincat;0.60;ml;dimensiuni atipice (pret pe ml);1.10;
09. ACCESORII SPECIALE CONFIGURABILE;Accesorii tinichigerie speciale - dimensiuni atipice (configurabile);D02;Accesoriu special desfasurata 51-100 mm;zincat;0.70;ml;dimensiuni atipice (pret pe ml);1.29;
09. ACCESORII SPECIALE CONFIGURABILE;Accesorii tinichigerie speciale - dimensiuni atipice (configurabile);D03;Accesoriu special desfasurata 101-150 mm;zincat;0.37;ml;dimensiuni atipice (pret pe ml);0.96;
09. ACCESORII SPECIALE CONFIGURABILE;Accesorii tinichigerie speciale - dimensiuni atipice (configurabile);D03;Accesoriu special desfasurata 101-150 mm;zincat;0.40;ml;dimensiuni atipice (pret pe ml);0.98;
09. ACCESORII SPECIALE CONFIGURABILE;Accesorii tinichigerie speciale - dimensiuni atipice (configurabile);D03;Accesoriu special desfasurata 101-150 mm;zincat;0.45;ml;dimensiuni atipice (pret pe ml);1.22;
09. ACCESORII SPECIALE CONFIGURABILE;Accesorii tinichigerie speciale - dimensiuni atipice (configurabile);D03;Accesoriu special desfasurata 101-150 mm;zincat;0.50;ml;dimensiuni atipice (pret pe ml);1.33;
09. ACCESORII SPECIALE CONFIGURABILE;Accesorii tinichigerie speciale - dimensiuni atipice (configurabile);D03;Accesoriu special desfasurata 101-150 mm;zincat;0.60;ml;dimensiuni atipice (pret pe ml);1.65;
09. ACCESORII SPECIALE CONFIGURABILE;Accesorii tinichigerie speciale - dimensiuni atipice (configurabile);D03;Accesoriu special desfasurata 101-150 mm;zincat;0.70;ml;dimensiuni atipice (pret pe ml);1.93;
09. ACCESORII SPECIALE CONFIGURABILE;Accesorii tinichigerie speciale - dimensiuni atipice (configurabile);D04;Accesoriu special desfasurata 151-200 mm;zincat;0.37;ml;dimensiuni atipice (pret pe ml);1.28;
09. ACCESORII SPECIALE CONFIGURABILE;Accesorii tinichigerie speciale - dimensiuni atipice (configurabile);D04;Accesoriu special desfasurata 151-200 mm;zincat;0.40;ml;dimensiuni atipice (pret pe ml);1.30;
09. ACCESORII SPECIALE CONFIGURABILE;Accesorii tinichigerie speciale - dimensiuni atipice (configurabile);D04;Accesoriu special desfasurata 151-200 mm;zincat;0.45;ml;dimensiuni atipice (pret pe ml);1.63;
09. ACCESORII SPECIALE CONFIGURABILE;Accesorii tinichigerie speciale - dimensiuni atipice (configurabile);D04;Accesoriu special desfasurata 151-200 mm;zincat;0.50;ml;dimensiuni atipice (pret pe ml);1.78;
09. ACCESORII SPECIALE CONFIGURABILE;Accesorii tinichigerie speciale - dimensiuni atipice (configurabile);D04;Accesoriu special desfasurata 151-200 mm;zincat;0.60;ml;dimensiuni atipice (pret pe ml);2.19;
09. ACCESORII SPECIALE CONFIGURABILE;Accesorii tinichigerie speciale - dimensiuni atipice (configurabile);D04;Accesoriu special desfasurata 151-200 mm;zincat;0.70;ml;dimensiuni atipice (pret pe ml);2.58;
09. ACCESORII SPECIALE CONFIGURABILE;Accesorii tinichigerie speciale - dimensiuni atipice (configurabile);D05;Accesoriu special desfasurata 201-250 mm;zincat;0.37;ml;dimensiuni atipice (pret pe ml);1.59;
09. ACCESORII SPECIALE CONFIGURABILE;Accesorii tinichigerie speciale - dimensiuni atipice (configurabile);D05;Accesoriu special desfasurata 201-250 mm;zincat;0.40;ml;dimensiuni atipice (pret pe ml);1.63;
09. ACCESORII SPECIALE CONFIGURABILE;Accesorii tinichigerie speciale - dimensiuni atipice (configurabile);D05;Accesoriu special desfasurata 201-250 mm;zincat;0.45;ml;dimensiuni atipice (pret pe ml);2.04;
09. ACCESORII SPECIALE CONFIGURABILE;Accesorii tinichigerie speciale - dimensiuni atipice (configurabile);D05;Accesoriu special desfasurata 201-250 mm;zincat;0.50;ml;dimensiuni atipice (pret pe ml);2.22;
09. ACCESORII SPECIALE CONFIGURABILE;Accesorii tinichigerie speciale - dimensiuni atipice (configurabile);D05;Accesoriu special desfasurata 201-250 mm;zincat;0.60;ml;dimensiuni atipice (pret pe ml);2.74;
09. ACCESORII SPECIALE CONFIGURABILE;Accesorii tinichigerie speciale - dimensiuni atipice (configurabile);D05;Accesoriu special desfasurata 201-250 mm;zincat;0.70;ml;dimensiuni atipice (pret pe ml);3.22;
09. ACCESORII SPECIALE CONFIGURABILE;Accesorii tinichigerie speciale - dimensiuni atipice (configurabile);D06;Accesoriu special desfasurata 251-300 mm;zincat;0.37;ml;dimensiuni atipice (pret pe ml);1.91;
09. ACCESORII SPECIALE CONFIGURABILE;Accesorii tinichigerie speciale - dimensiuni atipice (configurabile);D06;Accesoriu special desfasurata 251-300 mm;zincat;0.40;ml;dimensiuni atipice (pret pe ml);1.95;
09. ACCESORII SPECIALE CONFIGURABILE;Accesorii tinichigerie speciale - dimensiuni atipice (configurabile);D06;Accesoriu special desfasurata 251-300 mm;zincat;0.45;ml;dimensiuni atipice (pret pe ml);2.44;
09. ACCESORII SPECIALE CONFIGURABILE;Accesorii tinichigerie speciale - dimensiuni atipice (configurabile);D06;Accesoriu special desfasurata 251-300 mm;zincat;0.50;ml;dimensiuni atipice (pret pe ml);2.67;
09. ACCESORII SPECIALE CONFIGURABILE;Accesorii tinichigerie speciale - dimensiuni atipice (configurabile);D06;Accesoriu special desfasurata 251-300 mm;zincat;0.60;ml;dimensiuni atipice (pret pe ml);3.29;
09. ACCESORII SPECIALE CONFIGURABILE;Accesorii tinichigerie speciale - dimensiuni atipice (configurabile);D06;Accesoriu special desfasurata 251-300 mm;zincat;0.70;ml;dimensiuni atipice (pret pe ml);3.87;
09. ACCESORII SPECIALE CONFIGURABILE;Accesorii tinichigerie speciale - dimensiuni atipice (configurabile);D07;Accesoriu special desfasurata 301-350 mm;zincat;0.37;ml;dimensiuni atipice (pret pe ml);2.23;
09. ACCESORII SPECIALE CONFIGURABILE;Accesorii tinichigerie speciale - dimensiuni atipice (configurabile);D07;Accesoriu special desfasurata 301-350 mm;zincat;0.40;ml;dimensiuni atipice (pret pe ml);2.28;
09. ACCESORII SPECIALE CONFIGURABILE;Accesorii tinichigerie speciale - dimensiuni atipice (configurabile);D07;Accesoriu special desfasurata 301-350 mm;zincat;0.45;ml;dimensiuni atipice (pret pe ml);2.85;
09. ACCESORII SPECIALE CONFIGURABILE;Accesorii tinichigerie speciale - dimensiuni atipice (configurabile);D07;Accesoriu special desfasurata 301-350 mm;zincat;0.50;ml;dimensiuni atipice (pret pe ml);3.11;
09. ACCESORII SPECIALE CONFIGURABILE;Accesorii tinichigerie speciale - dimensiuni atipice (configurabile);D07;Accesoriu special desfasurata 301-350 mm;zincat;0.60;ml;dimensiuni atipice (pret pe ml);3.84;
09. ACCESORII SPECIALE CONFIGURABILE;Accesorii tinichigerie speciale - dimensiuni atipice (configurabile);D07;Accesoriu special desfasurata 301-350 mm;zincat;0.70;ml;dimensiuni atipice (pret pe ml);4.51;
09. ACCESORII SPECIALE CONFIGURABILE;Accesorii tinichigerie speciale - dimensiuni atipice (configurabile);D08;Accesoriu special desfasurata 351-400 mm;zincat;0.37;ml;dimensiuni atipice (pret pe ml);2.55;
09. ACCESORII SPECIALE CONFIGURABILE;Accesorii tinichigerie speciale - dimensiuni atipice (configurabile);D08;Accesoriu special desfasurata 351-400 mm;zincat;0.40;ml;dimensiuni atipice (pret pe ml);2.61;
09. ACCESORII SPECIALE CONFIGURABILE;Accesorii tinichigerie speciale - dimensiuni atipice (configurabile);D08;Accesoriu special desfasurata 351-400 mm;zincat;0.45;ml;dimensiuni atipice (pret pe ml);3.26;
09. ACCESORII SPECIALE CONFIGURABILE;Accesorii tinichigerie speciale - dimensiuni atipice (configurabile);D08;Accesoriu special desfasurata 351-400 mm;zincat;0.50;ml;dimensiuni atipice (pret pe ml);3.56;
09. ACCESORII SPECIALE CONFIGURABILE;Accesorii tinichigerie speciale - dimensiuni atipice (configurabile);D08;Accesoriu special desfasurata 351-400 mm;zincat;0.60;ml;dimensiuni atipice (pret pe ml);4.39;
09. ACCESORII SPECIALE CONFIGURABILE;Accesorii tinichigerie speciale - dimensiuni atipice (configurabile);D08;Accesoriu special desfasurata 351-400 mm;zincat;0.70;ml;dimensiuni atipice (pret pe ml);5.16;
09. ACCESORII SPECIALE CONFIGURABILE;Accesorii tinichigerie speciale - dimensiuni atipice (configurabile);D09;Accesoriu special desfasurata 401-450 mm;zincat;0.37;ml;dimensiuni atipice (pret pe ml);2.87;
09. ACCESORII SPECIALE CONFIGURABILE;Accesorii tinichigerie speciale - dimensiuni atipice (configurabile);D09;Accesoriu special desfasurata 401-450 mm;zincat;0.40;ml;dimensiuni atipice (pret pe ml);2.93;
09. ACCESORII SPECIALE CONFIGURABILE;Accesorii tinichigerie speciale - dimensiuni atipice (configurabile);D09;Accesoriu special desfasurata 401-450 mm;zincat;0.45;ml;dimensiuni atipice (pret pe ml);3.67;
09. ACCESORII SPECIALE CONFIGURABILE;Accesorii tinichigerie speciale - dimensiuni atipice (configurabile);D09;Accesoriu special desfasurata 401-450 mm;zincat;0.50;ml;dimensiuni atipice (pret pe ml);4.00;
09. ACCESORII SPECIALE CONFIGURABILE;Accesorii tinichigerie speciale - dimensiuni atipice (configurabile);D09;Accesoriu special desfasurata 401-450 mm;zincat;0.60;ml;dimensiuni atipice (pret pe ml);4.94;
09. ACCESORII SPECIALE CONFIGURABILE;Accesorii tinichigerie speciale - dimensiuni atipice (configurabile);D09;Accesoriu special desfasurata 401-450 mm;zincat;0.70;ml;dimensiuni atipice (pret pe ml);5.80;
09. ACCESORII SPECIALE CONFIGURABILE;Accesorii tinichigerie speciale - dimensiuni atipice (configurabile);D10;Accesoriu special desfasurata 451-500 mm;zincat;0.37;ml;dimensiuni atipice (pret pe ml);3.19;
09. ACCESORII SPECIALE CONFIGURABILE;Accesorii tinichigerie speciale - dimensiuni atipice (configurabile);D10;Accesoriu special desfasurata 451-500 mm;zincat;0.40;ml;dimensiuni atipice (pret pe ml);3.26;
09. ACCESORII SPECIALE CONFIGURABILE;Accesorii tinichigerie speciale - dimensiuni atipice (configurabile);D10;Accesoriu special desfasurata 451-500 mm;zincat;0.45;ml;dimensiuni atipice (pret pe ml);4.07;
09. ACCESORII SPECIALE CONFIGURABILE;Accesorii tinichigerie speciale - dimensiuni atipice (configurabile);D10;Accesoriu special desfasurata 451-500 mm;zincat;0.50;ml;dimensiuni atipice (pret pe ml);4.45;
09. ACCESORII SPECIALE CONFIGURABILE;Accesorii tinichigerie speciale - dimensiuni atipice (configurabile);D10;Accesoriu special desfasurata 451-500 mm;zincat;0.60;ml;dimensiuni atipice (pret pe ml);5.49;
09. ACCESORII SPECIALE CONFIGURABILE;Accesorii tinichigerie speciale - dimensiuni atipice (configurabile);D10;Accesoriu special desfasurata 451-500 mm;zincat;0.70;ml;dimensiuni atipice (pret pe ml);6.45;
09. ACCESORII SPECIALE CONFIGURABILE;Accesorii tinichigerie speciale - dimensiuni atipice (configurabile);D11;Accesoriu special desfasurata 501-550 mm;zincat;0.37;ml;dimensiuni atipice (pret pe ml);3.51;
09. ACCESORII SPECIALE CONFIGURABILE;Accesorii tinichigerie speciale - dimensiuni atipice (configurabile);D11;Accesoriu special desfasurata 501-550 mm;zincat;0.40;ml;dimensiuni atipice (pret pe ml);3.58;
09. ACCESORII SPECIALE CONFIGURABILE;Accesorii tinichigerie speciale - dimensiuni atipice (configurabile);D11;Accesoriu special desfasurata 501-550 mm;zincat;0.45;ml;dimensiuni atipice (pret pe ml);4.48;
09. ACCESORII SPECIALE CONFIGURABILE;Accesorii tinichigerie speciale - dimensiuni atipice (configurabile);D11;Accesoriu special desfasurata 501-550 mm;zincat;0.50;ml;dimensiuni atipice (pret pe ml);4.89;
09. ACCESORII SPECIALE CONFIGURABILE;Accesorii tinichigerie speciale - dimensiuni atipice (configurabile);D11;Accesoriu special desfasurata 501-550 mm;zincat;0.60;ml;dimensiuni atipice (pret pe ml);6.04;
09. ACCESORII SPECIALE CONFIGURABILE;Accesorii tinichigerie speciale - dimensiuni atipice (configurabile);D11;Accesoriu special desfasurata 501-550 mm;zincat;0.70;ml;dimensiuni atipice (pret pe ml);7.09;
09. ACCESORII SPECIALE CONFIGURABILE;Accesorii tinichigerie speciale - dimensiuni atipice (configurabile);D12;Accesoriu special desfasurata 551-600 mm;zincat;0.37;ml;dimensiuni atipice (pret pe ml);3.83;
09. ACCESORII SPECIALE CONFIGURABILE;Accesorii tinichigerie speciale - dimensiuni atipice (configurabile);D12;Accesoriu special desfasurata 551-600 mm;zincat;0.40;ml;dimensiuni atipice (pret pe ml);3.91;
09. ACCESORII SPECIALE CONFIGURABILE;Accesorii tinichigerie speciale - dimensiuni atipice (configurabile);D12;Accesoriu special desfasurata 551-600 mm;zincat;0.45;ml;dimensiuni atipice (pret pe ml);4.89;
09. ACCESORII SPECIALE CONFIGURABILE;Accesorii tinichigerie speciale - dimensiuni atipice (configurabile);D12;Accesoriu special desfasurata 551-600 mm;zincat;0.50;ml;dimensiuni atipice (pret pe ml);5.34;
09. ACCESORII SPECIALE CONFIGURABILE;Accesorii tinichigerie speciale - dimensiuni atipice (configurabile);D12;Accesoriu special desfasurata 551-600 mm;zincat;0.60;ml;dimensiuni atipice (pret pe ml);6.58;
09. ACCESORII SPECIALE CONFIGURABILE;Accesorii tinichigerie speciale - dimensiuni atipice (configurabile);D12;Accesoriu special desfasurata 551-600 mm;zincat;0.70;ml;dimensiuni atipice (pret pe ml);7.74;
09. ACCESORII SPECIALE CONFIGURABILE;Accesorii tinichigerie speciale - dimensiuni atipice (configurabile);D13;Accesoriu special desfasurata 601-650 mm;zincat;0.37;ml;dimensiuni atipice (pret pe ml);4.15;
09. ACCESORII SPECIALE CONFIGURABILE;Accesorii tinichigerie speciale - dimensiuni atipice (configurabile);D13;Accesoriu special desfasurata 601-650 mm;zincat;0.40;ml;dimensiuni atipice (pret pe ml);4.23;
09. ACCESORII SPECIALE CONFIGURABILE;Accesorii tinichigerie speciale - dimensiuni atipice (configurabile);D13;Accesoriu special desfasurata 601-650 mm;zincat;0.45;ml;dimensiuni atipice (pret pe ml);5.30;
09. ACCESORII SPECIALE CONFIGURABILE;Accesorii tinichigerie speciale - dimensiuni atipice (configurabile);D13;Accesoriu special desfasurata 601-650 mm;zincat;0.50;ml;dimensiuni atipice (pret pe ml);5.78;
09. ACCESORII SPECIALE CONFIGURABILE;Accesorii tinichigerie speciale - dimensiuni atipice (configurabile);D13;Accesoriu special desfasurata 601-650 mm;zincat;0.60;ml;dimensiuni atipice (pret pe ml);7.13;
09. ACCESORII SPECIALE CONFIGURABILE;Accesorii tinichigerie speciale - dimensiuni atipice (configurabile);D13;Accesoriu special desfasurata 601-650 mm;zincat;0.70;ml;dimensiuni atipice (pret pe ml);8.38;
09. ACCESORII SPECIALE CONFIGURABILE;Accesorii tinichigerie speciale - dimensiuni atipice (configurabile);D14;Accesoriu special desfasurata 651-700 mm;zincat;0.37;ml;dimensiuni atipice (pret pe ml);4.46;
09. ACCESORII SPECIALE CONFIGURABILE;Accesorii tinichigerie speciale - dimensiuni atipice (configurabile);D14;Accesoriu special desfasurata 651-700 mm;zincat;0.40;ml;dimensiuni atipice (pret pe ml);4.56;
09. ACCESORII SPECIALE CONFIGURABILE;Accesorii tinichigerie speciale - dimensiuni atipice (configurabile);D14;Accesoriu special desfasurata 651-700 mm;zincat;0.45;ml;dimensiuni atipice (pret pe ml);5.70;
09. ACCESORII SPECIALE CONFIGURABILE;Accesorii tinichigerie speciale - dimensiuni atipice (configurabile);D14;Accesoriu special desfasurata 651-700 mm;zincat;0.50;ml;dimensiuni atipice (pret pe ml);6.23;
09. ACCESORII SPECIALE CONFIGURABILE;Accesorii tinichigerie speciale - dimensiuni atipice (configurabile);D14;Accesoriu special desfasurata 651-700 mm;zincat;0.60;ml;dimensiuni atipice (pret pe ml);7.68;
09. ACCESORII SPECIALE CONFIGURABILE;Accesorii tinichigerie speciale - dimensiuni atipice (configurabile);D14;Accesoriu special desfasurata 651-700 mm;zincat;0.70;ml;dimensiuni atipice (pret pe ml);9.03;
09. ACCESORII SPECIALE CONFIGURABILE;Accesorii tinichigerie speciale - dimensiuni atipice (configurabile);D15;Accesoriu special desfasurata 701-750 mm;zincat;0.37;ml;dimensiuni atipice (pret pe ml);4.78;
09. ACCESORII SPECIALE CONFIGURABILE;Accesorii tinichigerie speciale - dimensiuni atipice (configurabile);D15;Accesoriu special desfasurata 701-750 mm;zincat;0.40;ml;dimensiuni atipice (pret pe ml);4.89;
09. ACCESORII SPECIALE CONFIGURABILE;Accesorii tinichigerie speciale - dimensiuni atipice (configurabile);D15;Accesoriu special desfasurata 701-750 mm;zincat;0.45;ml;dimensiuni atipice (pret pe ml);6.11;
09. ACCESORII SPECIALE CONFIGURABILE;Accesorii tinichigerie speciale - dimensiuni atipice (configurabile);D15;Accesoriu special desfasurata 701-750 mm;zincat;0.50;ml;dimensiuni atipice (pret pe ml);6.67;
09. ACCESORII SPECIALE CONFIGURABILE;Accesorii tinichigerie speciale - dimensiuni atipice (configurabile);D15;Accesoriu special desfasurata 701-750 mm;zincat;0.60;ml;dimensiuni atipice (pret pe ml);8.23;
09. ACCESORII SPECIALE CONFIGURABILE;Accesorii tinichigerie speciale - dimensiuni atipice (configurabile);D15;Accesoriu special desfasurata 701-750 mm;zincat;0.70;ml;dimensiuni atipice (pret pe ml);9.67;
09. ACCESORII SPECIALE CONFIGURABILE;Accesorii tinichigerie speciale - dimensiuni atipice (configurabile);D16;Accesoriu special desfasurata 751-800 mm;zincat;0.37;ml;dimensiuni atipice (pret pe ml);5.10;
09. ACCESORII SPECIALE CONFIGURABILE;Accesorii tinichigerie speciale - dimensiuni atipice (configurabile);D16;Accesoriu special desfasurata 751-800 mm;zincat;0.40;ml;dimensiuni atipice (pret pe ml);5.21;
09. ACCESORII SPECIALE CONFIGURABILE;Accesorii tinichigerie speciale - dimensiuni atipice (configurabile);D16;Accesoriu special desfasurata 751-800 mm;zincat;0.45;ml;dimensiuni atipice (pret pe ml);6.52;
09. ACCESORII SPECIALE CONFIGURABILE;Accesorii tinichigerie speciale - dimensiuni atipice (configurabile);D16;Accesoriu special desfasurata 751-800 mm;zincat;0.50;ml;dimensiuni atipice (pret pe ml);7.12;
09. ACCESORII SPECIALE CONFIGURABILE;Accesorii tinichigerie speciale - dimensiuni atipice (configurabile);D16;Accesoriu special desfasurata 751-800 mm;zincat;0.60;ml;dimensiuni atipice (pret pe ml);8.78;
09. ACCESORII SPECIALE CONFIGURABILE;Accesorii tinichigerie speciale - dimensiuni atipice (configurabile);D16;Accesoriu special desfasurata 751-800 mm;zincat;0.70;ml;dimensiuni atipice (pret pe ml);10.32;
09. ACCESORII SPECIALE CONFIGURABILE;Accesorii tinichigerie speciale - dimensiuni atipice (configurabile);D17;Accesoriu special desfasurata 801-850 mm;zincat;0.37;ml;dimensiuni atipice (pret pe ml);5.42;
09. ACCESORII SPECIALE CONFIGURABILE;Accesorii tinichigerie speciale - dimensiuni atipice (configurabile);D17;Accesoriu special desfasurata 801-850 mm;zincat;0.40;ml;dimensiuni atipice (pret pe ml);5.54;
09. ACCESORII SPECIALE CONFIGURABILE;Accesorii tinichigerie speciale - dimensiuni atipice (configurabile);D17;Accesoriu special desfasurata 801-850 mm;zincat;0.45;ml;dimensiuni atipice (pret pe ml);6.92;
09. ACCESORII SPECIALE CONFIGURABILE;Accesorii tinichigerie speciale - dimensiuni atipice (configurabile);D17;Accesoriu special desfasurata 801-850 mm;zincat;0.50;ml;dimensiuni atipice (pret pe ml);7.56;
09. ACCESORII SPECIALE CONFIGURABILE;Accesorii tinichigerie speciale - dimensiuni atipice (configurabile);D17;Accesoriu special desfasurata 801-850 mm;zincat;0.60;ml;dimensiuni atipice (pret pe ml);9.33;
09. ACCESORII SPECIALE CONFIGURABILE;Accesorii tinichigerie speciale - dimensiuni atipice (configurabile);D17;Accesoriu special desfasurata 801-850 mm;zincat;0.70;ml;dimensiuni atipice (pret pe ml);10.96;
09. ACCESORII SPECIALE CONFIGURABILE;Accesorii tinichigerie speciale - dimensiuni atipice (configurabile);D18;Accesoriu special desfasurata 851-900 mm;zincat;0.37;ml;dimensiuni atipice (pret pe ml);5.74;
09. ACCESORII SPECIALE CONFIGURABILE;Accesorii tinichigerie speciale - dimensiuni atipice (configurabile);D18;Accesoriu special desfasurata 851-900 mm;zincat;0.40;ml;dimensiuni atipice (pret pe ml);5.86;
09. ACCESORII SPECIALE CONFIGURABILE;Accesorii tinichigerie speciale - dimensiuni atipice (configurabile);D18;Accesoriu special desfasurata 851-900 mm;zincat;0.45;ml;dimensiuni atipice (pret pe ml);7.33;
09. ACCESORII SPECIALE CONFIGURABILE;Accesorii tinichigerie speciale - dimensiuni atipice (configurabile);D18;Accesoriu special desfasurata 851-900 mm;zincat;0.50;ml;dimensiuni atipice (pret pe ml);8.00;
09. ACCESORII SPECIALE CONFIGURABILE;Accesorii tinichigerie speciale - dimensiuni atipice (configurabile);D18;Accesoriu special desfasurata 851-900 mm;zincat;0.60;ml;dimensiuni atipice (pret pe ml);9.88;
09. ACCESORII SPECIALE CONFIGURABILE;Accesorii tinichigerie speciale - dimensiuni atipice (configurabile);D18;Accesoriu special desfasurata 851-900 mm;zincat;0.70;ml;dimensiuni atipice (pret pe ml);11.60;
09. ACCESORII SPECIALE CONFIGURABILE;Accesorii tinichigerie speciale - dimensiuni atipice (configurabile);D19;Accesoriu special desfasurata 901-950 mm;zincat;0.37;ml;dimensiuni atipice (pret pe ml);6.06;
09. ACCESORII SPECIALE CONFIGURABILE;Accesorii tinichigerie speciale - dimensiuni atipice (configurabile);D19;Accesoriu special desfasurata 901-950 mm;zincat;0.40;ml;dimensiuni atipice (pret pe ml);6.19;
09. ACCESORII SPECIALE CONFIGURABILE;Accesorii tinichigerie speciale - dimensiuni atipice (configurabile);D19;Accesoriu special desfasurata 901-950 mm;zincat;0.45;ml;dimensiuni atipice (pret pe ml);7.74;
09. ACCESORII SPECIALE CONFIGURABILE;Accesorii tinichigerie speciale - dimensiuni atipice (configurabile);D19;Accesoriu special desfasurata 901-950 mm;zincat;0.50;ml;dimensiuni atipice (pret pe ml);8.45;
09. ACCESORII SPECIALE CONFIGURABILE;Accesorii tinichigerie speciale - dimensiuni atipice (configurabile);D19;Accesoriu special desfasurata 901-950 mm;zincat;0.60;ml;dimensiuni atipice (pret pe ml);10.43;
09. ACCESORII SPECIALE CONFIGURABILE;Accesorii tinichigerie speciale - dimensiuni atipice (configurabile);D19;Accesoriu special desfasurata 901-950 mm;zincat;0.70;ml;dimensiuni atipice (pret pe ml);12.25;
09. ACCESORII SPECIALE CONFIGURABILE;Accesorii tinichigerie speciale - dimensiuni atipice (configurabile);D20;Accesoriu special desfasurata 951-1000 mm;zincat;0.37;ml;dimensiuni atipice (pret pe ml);6.38;
09. ACCESORII SPECIALE CONFIGURABILE;Accesorii tinichigerie speciale - dimensiuni atipice (configurabile);D20;Accesoriu special desfasurata 951-1000 mm;zincat;0.40;ml;dimensiuni atipice (pret pe ml);6.51;
09. ACCESORII SPECIALE CONFIGURABILE;Accesorii tinichigerie speciale - dimensiuni atipice (configurabile);D20;Accesoriu special desfasurata 951-1000 mm;zincat;0.45;ml;dimensiuni atipice (pret pe ml);8.15;
09. ACCESORII SPECIALE CONFIGURABILE;Accesorii tinichigerie speciale - dimensiuni atipice (configurabile);D20;Accesoriu special desfasurata 951-1000 mm;zincat;0.50;ml;dimensiuni atipice (pret pe ml);8.89;
09. ACCESORII SPECIALE CONFIGURABILE;Accesorii tinichigerie speciale - dimensiuni atipice (configurabile);D20;Accesoriu special desfasurata 951-1000 mm;zincat;0.60;ml;dimensiuni atipice (pret pe ml);10.97;
09. ACCESORII SPECIALE CONFIGURABILE;Accesorii tinichigerie speciale - dimensiuni atipice (configurabile);D20;Accesoriu special desfasurata 951-1000 mm;zincat;0.70;ml;dimensiuni atipice (pret pe ml);12.89;
09. ACCESORII SPECIALE CONFIGURABILE;Accesorii tinichigerie speciale - dimensiuni atipice (configurabile);D21;Accesoriu special desfasurata 1001-1050 mm;zincat;0.37;ml;dimensiuni atipice (pret pe ml);6.70;
09. ACCESORII SPECIALE CONFIGURABILE;Accesorii tinichigerie speciale - dimensiuni atipice (configurabile);D21;Accesoriu special desfasurata 1001-1050 mm;zincat;0.40;ml;dimensiuni atipice (pret pe ml);6.84;
09. ACCESORII SPECIALE CONFIGURABILE;Accesorii tinichigerie speciale - dimensiuni atipice (configurabile);D21;Accesoriu special desfasurata 1001-1050 mm;zincat;0.45;ml;dimensiuni atipice (pret pe ml);8.55;
09. ACCESORII SPECIALE CONFIGURABILE;Accesorii tinichigerie speciale - dimensiuni atipice (configurabile);D21;Accesoriu special desfasurata 1001-1050 mm;zincat;0.50;ml;dimensiuni atipice (pret pe ml);9.78;
09. ACCESORII SPECIALE CONFIGURABILE;Accesorii tinichigerie speciale - dimensiuni atipice (configurabile);D21;Accesoriu special desfasurata 1001-1050 mm;zincat;0.60;ml;dimensiuni atipice (pret pe ml);11.52;
09. ACCESORII SPECIALE CONFIGURABILE;Accesorii tinichigerie speciale - dimensiuni atipice (configurabile);D21;Accesoriu special desfasurata 1001-1050 mm;zincat;0.70;ml;dimensiuni atipice (pret pe ml);13.54;
09. ACCESORII SPECIALE CONFIGURABILE;Accesorii tinichigerie speciale - dimensiuni atipice (configurabile);D22;Accesoriu special desfasurata 1051-1100 mm;zincat;0.37;ml;dimensiuni atipice (pret pe ml);7.02;
09. ACCESORII SPECIALE CONFIGURABILE;Accesorii tinichigerie speciale - dimensiuni atipice (configurabile);D22;Accesoriu special desfasurata 1051-1100 mm;zincat;0.40;ml;dimensiuni atipice (pret pe ml);7.17;
09. ACCESORII SPECIALE CONFIGURABILE;Accesorii tinichigerie speciale - dimensiuni atipice (configurabile);D22;Accesoriu special desfasurata 1051-1100 mm;zincat;0.45;ml;dimensiuni atipice (pret pe ml);8.96;
09. ACCESORII SPECIALE CONFIGURABILE;Accesorii tinichigerie speciale - dimensiuni atipice (configurabile);D22;Accesoriu special desfasurata 1051-1100 mm;zincat;0.50;ml;dimensiuni atipice (pret pe ml);9.78;
09. ACCESORII SPECIALE CONFIGURABILE;Accesorii tinichigerie speciale - dimensiuni atipice (configurabile);D22;Accesoriu special desfasurata 1051-1100 mm;zincat;0.60;ml;dimensiuni atipice (pret pe ml);12.07;
09. ACCESORII SPECIALE CONFIGURABILE;Accesorii tinichigerie speciale - dimensiuni atipice (configurabile);D22;Accesoriu special desfasurata 1051-1100 mm;zincat;0.70;ml;dimensiuni atipice (pret pe ml);14.18;
09. ACCESORII SPECIALE CONFIGURABILE;Accesorii tinichigerie speciale - dimensiuni atipice (configurabile);D23;Accesoriu special desfasurata 1101-1150 mm;zincat;0.37;ml;dimensiuni atipice (pret pe ml);7.34;
09. ACCESORII SPECIALE CONFIGURABILE;Accesorii tinichigerie speciale - dimensiuni atipice (configurabile);D23;Accesoriu special desfasurata 1101-1150 mm;zincat;0.40;ml;dimensiuni atipice (pret pe ml);7.49;
09. ACCESORII SPECIALE CONFIGURABILE;Accesorii tinichigerie speciale - dimensiuni atipice (configurabile);D23;Accesoriu special desfasurata 1101-1150 mm;zincat;0.45;ml;dimensiuni atipice (pret pe ml);9.37;
09. ACCESORII SPECIALE CONFIGURABILE;Accesorii tinichigerie speciale - dimensiuni atipice (configurabile);D23;Accesoriu special desfasurata 1101-1150 mm;zincat;0.50;ml;dimensiuni atipice (pret pe ml);10.23;
09. ACCESORII SPECIALE CONFIGURABILE;Accesorii tinichigerie speciale - dimensiuni atipice (configurabile);D23;Accesoriu special desfasurata 1101-1150 mm;zincat;0.60;ml;dimensiuni atipice (pret pe ml);12.62;
09. ACCESORII SPECIALE CONFIGURABILE;Accesorii tinichigerie speciale - dimensiuni atipice (configurabile);D23;Accesoriu special desfasurata 1101-1150 mm;zincat;0.70;ml;dimensiuni atipice (pret pe ml);14.83;
09. ACCESORII SPECIALE CONFIGURABILE;Accesorii tinichigerie speciale - dimensiuni atipice (configurabile);D24;Accesoriu special desfasurata 1151-1200 mm;zincat;0.37;ml;dimensiuni atipice (pret pe ml);7.65;
09. ACCESORII SPECIALE CONFIGURABILE;Accesorii tinichigerie speciale - dimensiuni atipice (configurabile);D24;Accesoriu special desfasurata 1151-1200 mm;zincat;0.40;ml;dimensiuni atipice (pret pe ml);7.82;
09. ACCESORII SPECIALE CONFIGURABILE;Accesorii tinichigerie speciale - dimensiuni atipice (configurabile);D24;Accesoriu special desfasurata 1151-1200 mm;zincat;0.45;ml;dimensiuni atipice (pret pe ml);9.78;
09. ACCESORII SPECIALE CONFIGURABILE;Accesorii tinichigerie speciale - dimensiuni atipice (configurabile);D24;Accesoriu special desfasurata 1151-1200 mm;zincat;0.50;ml;dimensiuni atipice (pret pe ml);10.67;
09. ACCESORII SPECIALE CONFIGURABILE;Accesorii tinichigerie speciale - dimensiuni atipice (configurabile);D24;Accesoriu special desfasurata 1151-1200 mm;zincat;0.60;ml;dimensiuni atipice (pret pe ml);13.17;
09. ACCESORII SPECIALE CONFIGURABILE;Accesorii tinichigerie speciale - dimensiuni atipice (configurabile);D24;Accesoriu special desfasurata 1151-1200 mm;zincat;0.70;ml;dimensiuni atipice (pret pe ml);15.47;
09. ACCESORII SPECIALE CONFIGURABILE;Accesorii tinichigerie speciale - dimensiuni atipice (configurabile);D25;Accesoriu special desfasurata 1201-1250 mm;zincat;0.37;ml;dimensiuni atipice (pret pe ml);7.97;
09. ACCESORII SPECIALE CONFIGURABILE;Accesorii tinichigerie speciale - dimensiuni atipice (configurabile);D25;Accesoriu special desfasurata 1201-1250 mm;zincat;0.40;ml;dimensiuni atipice (pret pe ml);8.14;
09. ACCESORII SPECIALE CONFIGURABILE;Accesorii tinichigerie speciale - dimensiuni atipice (configurabile);D25;Accesoriu special desfasurata 1201-1250 mm;zincat;0.45;ml;dimensiuni atipice (pret pe ml);10.18;
09. ACCESORII SPECIALE CONFIGURABILE;Accesorii tinichigerie speciale - dimensiuni atipice (configurabile);D25;Accesoriu special desfasurata 1201-1250 mm;zincat;0.50;ml;dimensiuni atipice (pret pe ml);11.12;
09. ACCESORII SPECIALE CONFIGURABILE;Accesorii tinichigerie speciale - dimensiuni atipice (configurabile);D25;Accesoriu special desfasurata 1201-1250 mm;zincat;0.60;ml;dimensiuni atipice (pret pe ml);13.72;
09. ACCESORII SPECIALE CONFIGURABILE;Accesorii tinichigerie speciale - dimensiuni atipice (configurabile);D25;Accesoriu special desfasurata 1201-1250 mm;zincat;0.70;ml;dimensiuni atipice (pret pe ml);16.12;
10. TABLA SUBTIRE;A. TABLA PLANA ZINCATA - TABLA PLANA;;Tabla plana - grosime 0.25 mm;zincat;0.25;buc;2.00*1.00m;;PRET IN LEI CU TVA 21%: 29.50 lei/bucata (lista nu e in EUR)
10. TABLA SUBTIRE;A. TABLA PLANA ZINCATA - TABLA PLANA;;Tabla plana - grosime 0.30 mm;zincat;0.30;buc;2.00*1.00m;;PRET IN LEI CU TVA 21%: 36.50 lei/bucata (lista nu e in EUR)
10. TABLA SUBTIRE;A. TABLA PLANA ZINCATA - TABLA PLANA;;Tabla plana - grosime 0.35 mm;zincat;0.35;buc;2.00*1.00m;;PRET IN LEI CU TVA 21%: 38.50 lei/bucata (lista nu e in EUR)
10. TABLA SUBTIRE;A. TABLA PLANA ZINCATA - TABLA PLANA;;Tabla plana - grosime 0.40 mm;zincat;0.40;buc;2.00*1.00m;;PRET IN LEI CU TVA 21%: 42.00 lei/bucata (lista nu e in EUR)
10. TABLA SUBTIRE;B. TABLA CUTATA ZINCATA - T12 - TABLA CUTATA - Lungime 2m;;T 12 - grosime 0.25 mm;zincat;0.25;buc;2.00*0.91m (1.82mp);;PRET IN LEI CU TVA 21%: 29.50 lei/bucata (lista nu e in EUR)
10. TABLA SUBTIRE;B. TABLA CUTATA ZINCATA - T12 - TABLA CUTATA - Lungime 2m;;T 12 - grosime 0.30 mm;zincat;0.30;buc;2.00*0.91m (1.82mp);;PRET IN LEI CU TVA 21%: 36.50 lei/bucata (lista nu e in EUR)
10. TABLA SUBTIRE;B. TABLA CUTATA ZINCATA - T12 - TABLA CUTATA - Lungime 2m;;T 12 - grosime 0.35 mm;zincat;0.35;buc;2.00*0.91m (1.82mp);;PRET IN LEI CU TVA 21%: 38.50 lei/bucata (lista nu e in EUR)
10. TABLA SUBTIRE;B. TABLA CUTATA ZINCATA - T12 - TABLA CUTATA - Lungime 2m;;T 12 - grosime 0.40 mm;zincat;0.40;buc;2.00*0.91m (1.82mp);;PRET IN LEI CU TVA 21%: 42.00 lei/bucata (lista nu e in EUR)
10. TABLA SUBTIRE;B. TABLA CUTATA ZINCATA - T12 - TABLA CUTATA - Lungime 1.75 m;;T 12 - grosime 0.25 mm;zincat;0.25;buc;1.75*0.91m (1.593 mp);;PRET IN LEI CU TVA 21%: 25.82 lei/bucata (lista nu e in EUR)
10. TABLA SUBTIRE;B. TABLA CUTATA ZINCATA - T12 - TABLA CUTATA - Lungime 1.75 m;;T 12 - grosime 0.30 mm;zincat;0.30;buc;1.75*0.91m (1.593 mp);;PRET IN LEI CU TVA 21%: 31.95 lei/bucata (lista nu e in EUR)
10. TABLA SUBTIRE;B. TABLA CUTATA ZINCATA - T12 - TABLA CUTATA - Lungime 1.75 m;;T 12 - grosime 0.35 mm;zincat;0.35;buc;1.75*0.91m (1.593 mp);;PRET IN LEI CU TVA 21%: 33.70 lei/bucata (lista nu e in EUR)
10. TABLA SUBTIRE;B. TABLA CUTATA ZINCATA - T12 - TABLA CUTATA - Lungime 1.75 m;;T 12 - grosime 0.40 mm;zincat;0.40;buc;1.75*0.91m (1.593 mp);;PRET IN LEI CU TVA 21%: 36.76 lei/bucata (lista nu e in EUR)
10. TABLA SUBTIRE;B. TABLA CUTATA ZINCATA - T12 - TABLA CUTATA - Lungime 1.50 m;;T 12 - grosime 0.25 mm;zincat;0.25;buc;1.50*0.91m (1.365 mp);;PRET IN LEI CU TVA 21%: 22.13 lei/bucata (lista nu e in EUR)
10. TABLA SUBTIRE;B. TABLA CUTATA ZINCATA - T12 - TABLA CUTATA - Lungime 1.50 m;;T 12 - grosime 0.30 mm;zincat;0.30;buc;1.50*0.91m (1.365 mp);;PRET IN LEI CU TVA 21%: 27.38 lei/bucata (lista nu e in EUR)
10. TABLA SUBTIRE;B. TABLA CUTATA ZINCATA - T12 - TABLA CUTATA - Lungime 1.50 m;;T 12 - grosime 0.35 mm;zincat;0.35;buc;1.50*0.91m (1.365 mp);;PRET IN LEI CU TVA 21%: 28.88 lei/bucata (lista nu e in EUR)
10. TABLA SUBTIRE;B. TABLA CUTATA ZINCATA - T12 - TABLA CUTATA - Lungime 1.50 m;;T 12 - grosime 0.40 mm;zincat;0.40;buc;1.50*0.91m (1.365 mp);;PRET IN LEI CU TVA 21%: 31.50 lei/bucata (lista nu e in EUR)
10. TABLA SUBTIRE;B. TABLA CUTATA ZINCATA - T12 - T 12 / lungime 1.20 m;;T 12 - grosime 0.25 mm;zincat;0.25;buc;1.20*0.91m (1.092 mp);;PRET IN LEI CU TVA 21%: 16.78 lei/bucata (lista nu e in EUR)
10. TABLA SUBTIRE;B. TABLA CUTATA ZINCATA - T12 - T 12 / lungime 1.20 m;;T 12 - grosime 0.30 mm;zincat;0.30;buc;1.20*0.91m (1.092 mp);;PRET IN LEI CU TVA 21%: 20.76 lei/bucata (lista nu e in EUR)
10. TABLA SUBTIRE;B. TABLA CUTATA ZINCATA - T12 - T 12 / lungime 1.20 m;;T 12 - grosime 0.35 mm;zincat;0.35;buc;1.20*0.91m (1.092 mp);;PRET IN LEI CU TVA 21%: 21.90 lei/bucata (lista nu e in EUR)
10. TABLA SUBTIRE;B. TABLA CUTATA ZINCATA - T12 - T 12 / lungime 1.20 m;;T 12 - grosime 0.40 mm;zincat;0.40;buc;1.20*0.91m (1.092 mp);;PRET IN LEI CU TVA 21%: 23.89 lei/bucata (lista nu e in EUR)
10. TABLA SUBTIRE;C. TABLA CUTATA COLORATA - T12 - TABLA PLANA;;Tabla plana - grosime 0.25 mm Lucios;lucios;0.25;buc;2.00*1.00m;;PRET IN LEI CU TVA 21%: 27.50 lei/bucata (lista nu e in EUR)
10. TABLA SUBTIRE;C. TABLA CUTATA COLORATA - T12 - TABLA PLANA;;Tabla plana - grosime 0.30 mm Lucios;lucios;0.30;buc;2.00*1.00m;;PRET IN LEI CU TVA 21%: 34.50 lei/bucata (lista nu e in EUR)
10. TABLA SUBTIRE;C. TABLA CUTATA COLORATA - T12 - TABLA PLANA;;Tabla plana - grosime 0.40 mm Lucios;lucios;0.40;buc;2.00*1.00m;;PRET IN LEI CU TVA 21%: 61.00 lei/bucata (lista nu e in EUR)
10. TABLA SUBTIRE;C. TABLA CUTATA COLORATA - T12 - TABLA PLANA;;Tabla plana - grosime 0.25 mm Mat;mat;0.25;buc;2.00*1.00m;;PRET IN LEI CU TVA 21%: 34.50 lei/bucata (lista nu e in EUR)
10. TABLA SUBTIRE;C. TABLA CUTATA COLORATA - T12 - TABLA PLANA;;Tabla plana - grosime 0.30 mm Mat;mat;0.30;buc;2.00*1.00m;;PRET IN LEI CU TVA 21%: 39.50 lei/bucata (lista nu e in EUR)
10. TABLA SUBTIRE;C. TABLA CUTATA COLORATA - T12 - TABLA CUTATA - Lungime 2m;;T 12 - grosime 0.25 mm -Lucios;lucios;0.25;buc;2.00*0.91m (1.82mp);;PRET IN LEI CU TVA 21%: 27.50 lei/bucata (lista nu e in EUR)
10. TABLA SUBTIRE;C. TABLA CUTATA COLORATA - T12 - TABLA CUTATA - Lungime 2m;;T 12 - grosime 0.30 mm -Lucios;lucios;0.30;buc;2.00*0.91m (1.82mp);;PRET IN LEI CU TVA 21%: 34.50 lei/bucata (lista nu e in EUR)
10. TABLA SUBTIRE;C. TABLA CUTATA COLORATA - T12 - TABLA CUTATA - Lungime 2m;;T 12 - grosime 0.40 mm- Lucios;lucios;0.40;buc;2.00*0.91m (1.82mp);;PRET IN LEI CU TVA 21%: 61.00 lei/bucata (lista nu e in EUR)
10. TABLA SUBTIRE;C. TABLA CUTATA COLORATA - T12 - TABLA CUTATA - Lungime 2m;;T 12 - grosime 0.25 mm -Mat;mat;0.25;buc;2.00*0.91m (1.82mp);;PRET IN LEI CU TVA 21%: 34.50 lei/bucata (lista nu e in EUR)
10. TABLA SUBTIRE;C. TABLA CUTATA COLORATA - T12 - TABLA CUTATA - Lungime 2m;;T 12 - grosime 0.30 mm -Mat;mat;0.30;buc;2.00*0.91m (1.82mp);;PRET IN LEI CU TVA 21%: 39.50 lei/bucata (lista nu e in EUR)
10. TABLA SUBTIRE;C. TABLA CUTATA COLORATA - T12 - TABLA CUTATA - Lungime 1.75 m;;T 12 - grosime 0.25 mm -Lucios;lucios;0.25;buc;1.75*0.91m (1.593 mp);;PRET IN LEI CU TVA 21%: 24.07 lei/bucata (lista nu e in EUR)
10. TABLA SUBTIRE;C. TABLA CUTATA COLORATA - T12 - TABLA CUTATA - Lungime 1.75 m;;T 12 - grosime 0.30 mm -Lucios;lucios;0.30;buc;1.75*0.91m (1.593 mp);;PRET IN LEI CU TVA 21%: 30.20 lei/bucata (lista nu e in EUR)
10. TABLA SUBTIRE;C. TABLA CUTATA COLORATA - T12 - TABLA CUTATA - Lungime 1.75 m;;T 12 - grosime 0.40 mm- Lucios;lucios;0.40;buc;1.75*0.91m (1.593 mp);;PRET IN LEI CU TVA 21%: 53.39 lei/bucata (lista nu e in EUR)
10. TABLA SUBTIRE;C. TABLA CUTATA COLORATA - T12 - TABLA CUTATA - Lungime 1.75 m;;T 12 - grosime 0.25 mm -Mat;mat;0.25;buc;1.75*0.91m (1.593 mp);;PRET IN LEI CU TVA 21%: 30.20 lei/bucata (lista nu e in EUR)
10. TABLA SUBTIRE;C. TABLA CUTATA COLORATA - T12 - TABLA CUTATA - Lungime 1.75 m;;T 12 - grosime 0.30 mm -Mat;mat;0.30;buc;1.75*0.91m (1.593 mp);;PRET IN LEI CU TVA 21%: 34.57 lei/bucata (lista nu e in EUR)
10. TABLA SUBTIRE;C. TABLA CUTATA COLORATA - T12 - TABLA CUTATA - Lungime 1.50 m;;T 12 - grosime 0.25 mm -Lucios;lucios;0.25;buc;1.50*0.91m (1.365 mp);;PRET IN LEI CU TVA 21%: 20.63 lei/bucata (lista nu e in EUR)
10. TABLA SUBTIRE;C. TABLA CUTATA COLORATA - T12 - TABLA CUTATA - Lungime 1.50 m;;T 12 - grosime 0.30 mm -Lucios;lucios;0.30;buc;1.50*0.91m (1.365 mp);;PRET IN LEI CU TVA 21%: 25.88 lei/bucata (lista nu e in EUR)
10. TABLA SUBTIRE;C. TABLA CUTATA COLORATA - T12 - TABLA CUTATA - Lungime 1.50 m;;T 12 - grosime 0.40 mm- Lucios;lucios;0.40;buc;1.50*0.91m (1.365 mp);;PRET IN LEI CU TVA 21%: 45.75 lei/bucata (lista nu e in EUR)
10. TABLA SUBTIRE;C. TABLA CUTATA COLORATA - T12 - TABLA CUTATA - Lungime 1.50 m;;T 12 - grosime 0.25 mm -Mat;mat;0.25;buc;1.50*0.91m (1.365 mp);;PRET IN LEI CU TVA 21%: 25.88 lei/bucata (lista nu e in EUR)
10. TABLA SUBTIRE;C. TABLA CUTATA COLORATA - T12 - TABLA CUTATA - Lungime 1.50 m;;T 12 - grosime 0.30 mm -Mat;mat;0.30;buc;1.50*0.91m (1.365 mp);;PRET IN LEI CU TVA 21%: 29.63 lei/bucata (lista nu e in EUR)
10. TABLA SUBTIRE;C. TABLA CUTATA COLORATA - T12 - T 12 / lungime 1.20 m;;T 12 - grosime 0.25 mm -Lucios;lucios;0.25;buc;1.20*0.91m (1.092 mp);;PRET IN LEI CU TVA 21%: 16.50 lei/bucata (lista nu e in EUR)
10. TABLA SUBTIRE;C. TABLA CUTATA COLORATA - T12 - T 12 / lungime 1.20 m;;T 12 - grosime 0.30 mm -Lucios;lucios;0.30;buc;1.20*0.91m (1.092 mp);;PRET IN LEI CU TVA 21%: 20.70 lei/bucata (lista nu e in EUR)
10. TABLA SUBTIRE;C. TABLA CUTATA COLORATA - T12 - T 12 / lungime 1.20 m;;T 12 - grosime 0.40 mm- Lucios;lucios;0.40;buc;1.20*0.91m (1.092 mp);;PRET IN LEI CU TVA 21%: 36.60 lei/bucata (lista nu e in EUR)
10. TABLA SUBTIRE;C. TABLA CUTATA COLORATA - T12 - T 12 / lungime 1.20 m;;T 12 - grosime 0.25 mm -Mat;mat;0.25;buc;1.20*0.91m (1.092 mp);;PRET IN LEI CU TVA 21%: 20.70 lei/bucata (lista nu e in EUR)
10. TABLA SUBTIRE;C. TABLA CUTATA COLORATA - T12 - T 12 / lungime 1.20 m;;T 12 - grosime 0.30 mm -Mat;mat;0.30;buc;1.20*0.91m (1.092 mp);;PRET IN LEI CU TVA 21%: 23.70 lei/bucata (lista nu e in EUR)
10. TABLA SUBTIRE;D. TABLA CUTATA COLORATA - T10 - TABLA CUTATA - Lungime 2m;;T 10 - grosime 0.25 mm-Lucios;lucios;0.25;buc;2.00*0.91m (1.82mp);;PRET IN LEI CU TVA 21%: 27.50 lei/bucata (lista nu e in EUR)
10. TABLA SUBTIRE;D. TABLA CUTATA COLORATA - T10 - TABLA CUTATA - Lungime 2m;;T 10 - grosime 0.30 mm-Lucios;lucios;0.30;buc;2.00*0.91m (1.82mp);;PRET IN LEI CU TVA 21%: 34.50 lei/bucata (lista nu e in EUR)
10. TABLA SUBTIRE;D. TABLA CUTATA COLORATA - T10 - TABLA CUTATA - Lungime 2m;;T 10 - grosime 0.25 mm-Mat;mat;0.25;buc;2.00*0.91m (1.82mp);;PRET IN LEI CU TVA 21%: 34.50 lei/bucata (lista nu e in EUR)
10. TABLA SUBTIRE;D. TABLA CUTATA COLORATA - T10 - TABLA CUTATA - Lungime 2m;;T 10 - grosime 0.30 mm -Mat;mat;0.30;buc;2.00*0.91m (1.82mp);;PRET IN LEI CU TVA 21%: 39.50 lei/bucata (lista nu e in EUR)
10. TABLA SUBTIRE;D. TABLA CUTATA COLORATA - T10 - TABLA CUTATA - Lungime 1.50 m;;T 10 - grosime 0.25 mm;colorat (lucios/mat nespecificat);0.25;buc;1.50*0.91m (1.365 mp);;PRET IN LEI CU TVA 21%: 20.63 lei/bucata (lista nu e in EUR)
10. TABLA SUBTIRE;D. TABLA CUTATA COLORATA - T10 - TABLA CUTATA - Lungime 1.50 m;;T 10 - grosime 0.30 mm;colorat (lucios/mat nespecificat);0.30;buc;1.50*0.91m (1.365 mp);;PRET IN LEI CU TVA 21%: 25.88 lei/bucata (lista nu e in EUR)
10. TABLA SUBTIRE;D. TABLA CUTATA COLORATA - T10 - TABLA CUTATA - Lungime 1.50 m;;T 10 - grosime 0.35 mm;colorat (lucios/mat nespecificat);0.35;buc;1.50*0.91m (1.365 mp);;PRET IN LEI CU TVA 21%: 25.88 lei/bucata (lista nu e in EUR)
10. TABLA SUBTIRE;D. TABLA CUTATA COLORATA - T10 - TABLA CUTATA - Lungime 1.50 m;;T 10 - grosime 0.40 mm;colorat (lucios/mat nespecificat);0.40;buc;1.50*0.91m (1.365 mp);;PRET IN LEI CU TVA 21%: 29.63 lei/bucata (lista nu e in EUR)
11. FAKRO;FERESTRE DE MANSARDA - FAKRO;55*78;Fereastra standard - FTS - V U2 - 55*78;;;buc;;283.00;discount oferit in lista: 20-30%
11. FAKRO;FERESTRE DE MANSARDA - FAKRO;55*78;Fereastra standard plus - FTP - V U3 - 55*78;;;buc;;325.00;discount oferit in lista: 20-30%
11. FAKRO;FERESTRE DE MANSARDA - FAKRO;55*78;Fereastra premium - FTP - V U5 ( cu trei foi de sticla ) - 55*78;;;buc;;518.00;discount oferit in lista: 20-30%
11. FAKRO;FERESTRE DE MANSARDA - FAKRO;55*78;Rama EZV - A pt invelitori ondulate (cu jgheab ascuns) cu kit XDP - 55*78;;;buc;;108.00;discount oferit in lista: 20-30%
11. FAKRO;FERESTRE DE MANSARDA - FAKRO;55*78;Rama EHV - A pentru Romanic (cu jgheab ascuns) - 55*78;;;buc;;92.00;discount oferit in lista: 20-30%
11. FAKRO;FERESTRE DE MANSARDA - FAKRO;55*78;Rama ESV ( invelitori plate ) - 55*78;;;buc;;77.00;discount oferit in lista: 20-30%
11. FAKRO;FERESTRE DE MANSARDA - FAKRO;55*78;Kit termoizolare termica - XDP - 55*78;;;buc;;42.00;discount oferit in lista: 20-30%
11. FAKRO;FERESTRE DE MANSARDA - FAKRO;55*98;Fereastra standard - FTS - V U2 - 55*98;;;buc;;308.00;discount oferit in lista: 20-30%
11. FAKRO;FERESTRE DE MANSARDA - FAKRO;55*98;Fereastra standard plus - FTP - V U3 - 55*98;;;buc;;348.00;discount oferit in lista: 20-30%
11. FAKRO;FERESTRE DE MANSARDA - FAKRO;55*98;Fereastra premium - FTP - V U5 ( cu trei foi de sticla ) - 55*98;;;buc;;557.00;discount oferit in lista: 20-30%
11. FAKRO;FERESTRE DE MANSARDA - FAKRO;55*98;Rama EZV - A pt invelitori ondulate (cu jgheab ascuns) cu kit XDP - 55*98;;;buc;;116.00;discount oferit in lista: 20-30%
11. FAKRO;FERESTRE DE MANSARDA - FAKRO;55*98;Rama EHV - A pentru Romanic (cu jgheab ascuns) - 55*98;;;buc;;98.00;discount oferit in lista: 20-30%
11. FAKRO;FERESTRE DE MANSARDA - FAKRO;55*98;Rama ESV ( invelitori plate ) - 55*98;;;buc;;82.00;discount oferit in lista: 20-30%
11. FAKRO;FERESTRE DE MANSARDA - FAKRO;55*98;Kit termoizolare termica - XDP - 55*98;;;buc;;42.00;discount oferit in lista: 20-30%
11. FAKRO;FERESTRE DE MANSARDA - FAKRO;55*118;Fereastra standard - FTS - V U2 - 55*118;;;buc;;332.00;discount oferit in lista: 20-30%
11. FAKRO;FERESTRE DE MANSARDA - FAKRO;55*118;Fereastra standard plus - FTP - V U3 - 55*118;;;buc;;373.00;discount oferit in lista: 20-30%
11. FAKRO;FERESTRE DE MANSARDA - FAKRO;55*118;Fereastra premium - FTP - V U5 ( cu trei foi de sticla ) - 55*118;;;buc;;569.00;discount oferit in lista: 20-30%
11. FAKRO;FERESTRE DE MANSARDA - FAKRO;55*118;Rama EZV - A pt invelitori ondulate (cu jgheab ascuns) cu kit XDP - 55*118;;;buc;;122.00;discount oferit in lista: 20-30%
11. FAKRO;FERESTRE DE MANSARDA - FAKRO;55*118;Rama EHV - A pentru Romanic (cu jgheab ascuns) - 55*118;;;buc;;105.00;discount oferit in lista: 20-30%
11. FAKRO;FERESTRE DE MANSARDA - FAKRO;55*118;Rama ESV ( invelitori plate ) - 55*118;;;buc;;86.00;discount oferit in lista: 20-30%
11. FAKRO;FERESTRE DE MANSARDA - FAKRO;55*118;Kit termoizolare termica - XDP - 55*118;;;buc;;42.00;discount oferit in lista: 20-30%
11. FAKRO;FERESTRE DE MANSARDA - FAKRO;66*98;Fereastra standard - FTS - V U2 - 66*98;;;buc;;332.00;discount oferit in lista: 20-30%
11. FAKRO;FERESTRE DE MANSARDA - FAKRO;66*98;Fereastra standard plus - FTP - V U3 - 66*98;;;buc;;373.00;discount oferit in lista: 20-30%
11. FAKRO;FERESTRE DE MANSARDA - FAKRO;66*98;Fereastra premium - FTP - V U5 ( cu trei foi de sticla ) - 66*98;;;buc;;596.00;discount oferit in lista: 20-30%
11. FAKRO;FERESTRE DE MANSARDA - FAKRO;66*98;Rama EZV - A pt invelitori ondulate (cu jgheab ascuns) cu kit XDP - 66*98;;;buc;;122.00;discount oferit in lista: 20-30%
11. FAKRO;FERESTRE DE MANSARDA - FAKRO;66*98;Rama EHV - A pentru Romanic (cu jgheab ascuns) - 66*98;;;buc;;105.00;discount oferit in lista: 20-30%
11. FAKRO;FERESTRE DE MANSARDA - FAKRO;66*98;Rama ESV ( invelitori plate ) - 66*98;;;buc;;86.00;discount oferit in lista: 20-30%
11. FAKRO;FERESTRE DE MANSARDA - FAKRO;66*98;Kit termoizolare termica - XDP - 66*98;;;buc;;42.00;discount oferit in lista: 20-30%
11. FAKRO;FERESTRE DE MANSARDA - FAKRO;66*118;Fereastra standard - FTS - V U2 - 66*118;;;buc;;355.00;discount oferit in lista: 20-30%
11. FAKRO;FERESTRE DE MANSARDA - FAKRO;66*118;Fereastra standard plus - FTP - V U3 - 66*118;;;buc;;387.00;discount oferit in lista: 20-30%
11. FAKRO;FERESTRE DE MANSARDA - FAKRO;66*118;Fereastra premium - FTP - V U5 ( cu trei foi de sticla ) - 66*118;;;buc;;602.00;discount oferit in lista: 20-30%
11. FAKRO;FERESTRE DE MANSARDA - FAKRO;66*118;Rama EZV - A pt invelitori ondulate (cu jgheab ascuns) cu kit XDP - 66*118;;;buc;;124.00;discount oferit in lista: 20-30%
11. FAKRO;FERESTRE DE MANSARDA - FAKRO;66*118;Rama EHV - A pentru Romanic (cu jgheab ascuns) - 66*118;;;buc;;107.00;discount oferit in lista: 20-30%
11. FAKRO;FERESTRE DE MANSARDA - FAKRO;66*118;Rama ESV ( invelitori plate ) - 66*118;;;buc;;89.00;discount oferit in lista: 20-30%
11. FAKRO;FERESTRE DE MANSARDA - FAKRO;66*118;Kit termoizolare termica - XDP - 66*118;;;buc;;42.00;discount oferit in lista: 20-30%
11. FAKRO;FERESTRE DE MANSARDA - FAKRO;66*140;Fereastra standard - FTS - V U2 - 66*140;;;buc;;393.00;discount oferit in lista: 20-30%
11. FAKRO;FERESTRE DE MANSARDA - FAKRO;66*140;Fereastra standard plus - FTP - V U3 - 66*140;;;buc;;447.00;discount oferit in lista: 20-30%
11. FAKRO;FERESTRE DE MANSARDA - FAKRO;66*140;Fereastra premium - FTP - V U5 ( cu trei foi de sticla ) - 66*140;;;buc;;675.00;discount oferit in lista: 20-30%
11. FAKRO;FERESTRE DE MANSARDA - FAKRO;66*140;Rama EZV - A pt invelitori ondulate (cu jgheab ascuns) cu kit XDP - 66*140;;;buc;;130.00;discount oferit in lista: 20-30%
11. FAKRO;FERESTRE DE MANSARDA - FAKRO;66*140;Rama EHV - A pentru Romanic (cu jgheab ascuns) - 66*140;;;buc;;109.00;discount oferit in lista: 20-30%
11. FAKRO;FERESTRE DE MANSARDA - FAKRO;66*140;Rama ESV ( invelitori plate ) - 66*140;;;buc;;91.00;discount oferit in lista: 20-30%
11. FAKRO;FERESTRE DE MANSARDA - FAKRO;66*140;Kit termoizolare termica - XDP - 66*140;;;buc;;42.00;discount oferit in lista: 20-30%
11. FAKRO;FERESTRE DE MANSARDA - FAKRO;78*98;Fereastra standard - FTS - V U2 - 78*98;;;buc;;355.00;discount oferit in lista: 20-30%
11. FAKRO;FERESTRE DE MANSARDA - FAKRO;78*98;Fereastra standard plus - FTP - V U3 - 78*98;;;buc;;387.00;discount oferit in lista: 20-30%
11. FAKRO;FERESTRE DE MANSARDA - FAKRO;78*98;Fereastra premium - FTP - V U5 ( cu trei foi de sticla ) - 78*98;;;buc;;602.00;discount oferit in lista: 20-30%
11. FAKRO;FERESTRE DE MANSARDA - FAKRO;78*98;Rama EZV - A pt invelitori ondulate (cu jgheab ascuns) cu kit XDP - 78*98;;;buc;;124.00;discount oferit in lista: 20-30%
11. FAKRO;FERESTRE DE MANSARDA - FAKRO;78*98;Rama EHV - A pentru Romanic (cu jgheab ascuns) - 78*98;;;buc;;107.00;discount oferit in lista: 20-30%
11. FAKRO;FERESTRE DE MANSARDA - FAKRO;78*98;Rama ESV ( invelitori plate ) - 78*98;;;buc;;89.00;discount oferit in lista: 20-30%
11. FAKRO;FERESTRE DE MANSARDA - FAKRO;78*98;Kit termoizolare termica - XDP - 78*98;;;buc;;42.00;discount oferit in lista: 20-30%
11. FAKRO;FERESTRE DE MANSARDA - FAKRO;78*118;Fereastra standard - FTS - V U2 - 78*118;;;buc;;376.00;discount oferit in lista: 20-30%
11. FAKRO;FERESTRE DE MANSARDA - FAKRO;78*118;Fereastra standard plus - FTP - V U3 - 78*118;;;buc;;436.00;discount oferit in lista: 20-30%
11. FAKRO;FERESTRE DE MANSARDA - FAKRO;78*118;Fereastra premium - FTP - V U5 ( cu trei foi de sticla ) - 78*118;;;buc;;675.00;discount oferit in lista: 20-30%
11. FAKRO;FERESTRE DE MANSARDA - FAKRO;78*118;Rama EZV - A pt invelitori ondulate (cu jgheab ascuns) cu kit XDP - 78*118;;;buc;;130.00;discount oferit in lista: 20-30%
11. FAKRO;FERESTRE DE MANSARDA - FAKRO;78*118;Rama EHV - A pentru Romanic (cu jgheab ascuns) - 78*118;;;buc;;109.00;discount oferit in lista: 20-30%
11. FAKRO;FERESTRE DE MANSARDA - FAKRO;78*118;Rama ESV ( invelitori plate ) - 78*118;;;buc;;91.00;discount oferit in lista: 20-30%
11. FAKRO;FERESTRE DE MANSARDA - FAKRO;78*118;Kit termoizolare termica - XDP - 78*118;;;buc;;42.00;discount oferit in lista: 20-30%
11. FAKRO;FERESTRE DE MANSARDA - FAKRO;78*140;Fereastra standard - FTS - V U2 - 78*140;;;buc;;418.00;discount oferit in lista: 20-30%
11. FAKRO;FERESTRE DE MANSARDA - FAKRO;78*140;Fereastra standard plus - FTP - V U3 - 78*140;;;buc;;483.00;discount oferit in lista: 20-30%
11. FAKRO;FERESTRE DE MANSARDA - FAKRO;78*140;Fereastra premium - FTP - V U5 ( cu trei foi de sticla ) - 78*140;;;buc;;741.00;discount oferit in lista: 20-30%
11. FAKRO;FERESTRE DE MANSARDA - FAKRO;78*140;Rama EZV - A pt invelitori ondulate (cu jgheab ascuns) cu kit XDP - 78*140;;;buc;;134.00;discount oferit in lista: 20-30%
11. FAKRO;FERESTRE DE MANSARDA - FAKRO;78*140;Rama EHV - A pentru Romanic (cu jgheab ascuns) - 78*140;;;buc;;115.00;discount oferit in lista: 20-30%
11. FAKRO;FERESTRE DE MANSARDA - FAKRO;78*140;Rama ESV ( invelitori plate ) - 78*140;;;buc;;103.00;discount oferit in lista: 20-30%
11. FAKRO;FERESTRE DE MANSARDA - FAKRO;78*140;Kit termoizolare termica - XDP - 78*140;;;buc;;42.00;discount oferit in lista: 20-30%
11. FAKRO;FERESTRE DE MANSARDA - FAKRO;78*160;Fereastra standard - FTS - V U2 - 78*160;;;buc;;476.00;discount oferit in lista: 20-30%
11. FAKRO;FERESTRE DE MANSARDA - FAKRO;78*160;Fereastra standard plus - FTP - V U3 - 78*160;;;buc;;545.00;discount oferit in lista: 20-30%
11. FAKRO;FERESTRE DE MANSARDA - FAKRO;78*160;Fereastra premium - FTP - V U5 ( cu trei foi de sticla ) - 78*160;;;buc;;853.00;discount oferit in lista: 20-30%
11. FAKRO;FERESTRE DE MANSARDA - FAKRO;78*160;Rama EZV - A pt invelitori ondulate (cu jgheab ascuns) cu kit XDP - 78*160;;;buc;;148.00;discount oferit in lista: 20-30%
11. FAKRO;FERESTRE DE MANSARDA - FAKRO;78*160;Rama EHV - A pentru Romanic (cu jgheab ascuns) - 78*160;;;buc;;142.00;discount oferit in lista: 20-30%
11. FAKRO;FERESTRE DE MANSARDA - FAKRO;78*160;Rama ESV ( invelitori plate ) - 78*160;;;buc;;115.00;discount oferit in lista: 20-30%
11. FAKRO;FERESTRE DE MANSARDA - FAKRO;78*160;Kit termoizolare termica - XDP - 78*160;;;buc;;42.00;discount oferit in lista: 20-30%
11. FAKRO;FERESTRE DE MANSARDA - FAKRO;94*118;Fereastra standard - FTS - V U2 - 94*118;;;buc;;450.00;discount oferit in lista: 20-30%
11. FAKRO;FERESTRE DE MANSARDA - FAKRO;94*118;Fereastra standard plus - FTP - V U3 - 94*118;;;buc;;509.00;discount oferit in lista: 20-30%
11. FAKRO;FERESTRE DE MANSARDA - FAKRO;94*118;Fereastra premium - FTP - V U5 ( cu trei foi de sticla ) - 94*118;;;buc;;791.00;discount oferit in lista: 20-30%
11. FAKRO;FERESTRE DE MANSARDA - FAKRO;94*118;Rama EZV - A pt invelitori ondulate (cu jgheab ascuns) cu kit XDP - 94*118;;;buc;;136.00;discount oferit in lista: 20-30%
11. FAKRO;FERESTRE DE MANSARDA - FAKRO;94*118;Rama EHV - A pentru Romanic (cu jgheab ascuns) - 94*118;;;buc;;121.00;discount oferit in lista: 20-30%
11. FAKRO;FERESTRE DE MANSARDA - FAKRO;94*118;Rama ESV ( invelitori plate ) - 94*118;;;buc;;108.00;discount oferit in lista: 20-30%
11. FAKRO;FERESTRE DE MANSARDA - FAKRO;94*118;Kit termoizolare termica - XDP - 94*118;;;buc;;42.00;discount oferit in lista: 20-30%
11. FAKRO;FERESTRE DE MANSARDA - FAKRO;94*140;Fereastra standard - FTS - V U2 - 94*140;;;buc;;473.00;discount oferit in lista: 20-30%
11. FAKRO;FERESTRE DE MANSARDA - FAKRO;94*140;Fereastra standard plus - FTP - V U3 - 94*140;;;buc;;545.00;discount oferit in lista: 20-30%
11. FAKRO;FERESTRE DE MANSARDA - FAKRO;94*140;Fereastra premium - FTP - V U5 ( cu trei foi de sticla ) - 94*140;;;buc;;853.00;discount oferit in lista: 20-30%
11. FAKRO;FERESTRE DE MANSARDA - FAKRO;94*140;Rama EZV - A pt invelitori ondulate (cu jgheab ascuns) cu kit XDP - 94*140;;;buc;;140.00;discount oferit in lista: 20-30%
11. FAKRO;FERESTRE DE MANSARDA - FAKRO;94*140;Rama EHV - A pentru Romanic (cu jgheab ascuns) - 94*140;;;buc;;123.00;discount oferit in lista: 20-30%
11. FAKRO;FERESTRE DE MANSARDA - FAKRO;94*140;Rama ESV ( invelitori plate ) - 94*140;;;buc;;110.00;discount oferit in lista: 20-30%
11. FAKRO;FERESTRE DE MANSARDA - FAKRO;94*140;Kit termoizolare termica - XDP - 94*140;;;buc;;42.00;discount oferit in lista: 20-30%
11. FAKRO;FERESTRE DE MANSARDA - FAKRO PVC (cu rezistenta ridicata la umezeala);55*78;Fereastra - PTP - V U3 - 55*78;;;buc;;346.00;discount oferit in lista: 20-30%
11. FAKRO;FERESTRE DE MANSARDA - FAKRO PVC (cu rezistenta ridicata la umezeala);55*78;Fereastra - PTP - V U5 ( cu trei foi de sticla ) - 55*78;;;buc;;523.00;discount oferit in lista: 20-30%
11. FAKRO;FERESTRE DE MANSARDA - FAKRO PVC (cu rezistenta ridicata la umezeala);55*78;Rama EZV - A pt invelitori ondulate (cu jgheab ascuns) cu kit XDP - 55*78;;;buc;;108.00;discount oferit in lista: 20-30%
11. FAKRO;FERESTRE DE MANSARDA - FAKRO PVC (cu rezistenta ridicata la umezeala);55*78;Rama EHV - A pentru Romanic (cu jgheab ascuns) - 55*78;;;buc;;92.00;discount oferit in lista: 20-30%
11. FAKRO;FERESTRE DE MANSARDA - FAKRO PVC (cu rezistenta ridicata la umezeala);55*78;Rama ESV ( invelitori plate ) - 55*78;;;buc;;77.00;discount oferit in lista: 20-30%
11. FAKRO;FERESTRE DE MANSARDA - FAKRO PVC (cu rezistenta ridicata la umezeala);55*78;Kit termoizolare termica - XDP - 55*78;;;buc;;42.00;discount oferit in lista: 20-30%
11. FAKRO;FERESTRE DE MANSARDA - FAKRO PVC (cu rezistenta ridicata la umezeala);55*98;Fereastra - PTP - V U3 - 55*98;;;buc;;371.00;discount oferit in lista: 20-30%
11. FAKRO;FERESTRE DE MANSARDA - FAKRO PVC (cu rezistenta ridicata la umezeala);55*98;Fereastra - PTP - V U5 ( cu trei foi de sticla ) - 55*98;;;buc;;558.00;discount oferit in lista: 20-30%
11. FAKRO;FERESTRE DE MANSARDA - FAKRO PVC (cu rezistenta ridicata la umezeala);55*98;Rama EZV - A pt invelitori ondulate (cu jgheab ascuns) cu kit XDP - 55*98;;;buc;;116.00;discount oferit in lista: 20-30%
11. FAKRO;FERESTRE DE MANSARDA - FAKRO PVC (cu rezistenta ridicata la umezeala);55*98;Rama EHV - A pentru Romanic (cu jgheab ascuns) - 55*98;;;buc;;98.00;discount oferit in lista: 20-30%
11. FAKRO;FERESTRE DE MANSARDA - FAKRO PVC (cu rezistenta ridicata la umezeala);55*98;Rama ESV ( invelitori plate ) - 55*98;;;buc;;82.00;discount oferit in lista: 20-30%
11. FAKRO;FERESTRE DE MANSARDA - FAKRO PVC (cu rezistenta ridicata la umezeala);55*98;Kit termoizolare termica - XDP - 55*98;;;buc;;42.00;discount oferit in lista: 20-30%
11. FAKRO;FERESTRE DE MANSARDA - FAKRO PVC (cu rezistenta ridicata la umezeala);55*118;Fereastra - PTP - V U3 - 55*118;;;buc;;396.00;discount oferit in lista: 20-30%
11. FAKRO;FERESTRE DE MANSARDA - FAKRO PVC (cu rezistenta ridicata la umezeala);55*118;Fereastra - PTP - V U5 ( cu trei foi de sticla ) - 55*118;;;buc;;599.00;discount oferit in lista: 20-30%
11. FAKRO;FERESTRE DE MANSARDA - FAKRO PVC (cu rezistenta ridicata la umezeala);55*118;Rama EZV - A pt invelitori ondulate (cu jgheab ascuns) cu kit XDP - 55*118;;;buc;;122.00;discount oferit in lista: 20-30%
11. FAKRO;FERESTRE DE MANSARDA - FAKRO PVC (cu rezistenta ridicata la umezeala);55*118;Rama EHV - A pentru Romanic (cu jgheab ascuns) - 55*118;;;buc;;105.00;discount oferit in lista: 20-30%
11. FAKRO;FERESTRE DE MANSARDA - FAKRO PVC (cu rezistenta ridicata la umezeala);55*118;Rama ESV ( invelitori plate ) - 55*118;;;buc;;86.00;discount oferit in lista: 20-30%
11. FAKRO;FERESTRE DE MANSARDA - FAKRO PVC (cu rezistenta ridicata la umezeala);55*118;Kit termoizolare termica - XDP - 55*118;;;buc;;42.00;discount oferit in lista: 20-30%
11. FAKRO;FERESTRE DE MANSARDA - FAKRO PVC (cu rezistenta ridicata la umezeala);66*98;Fereastra - PTP - V U3 - 66*98;;;buc;;396.00;discount oferit in lista: 20-30%
11. FAKRO;FERESTRE DE MANSARDA - FAKRO PVC (cu rezistenta ridicata la umezeala);66*98;Fereastra - PTP - V U5 ( cu trei foi de sticla ) - 66*98;;;buc;;599.00;discount oferit in lista: 20-30%
11. FAKRO;FERESTRE DE MANSARDA - FAKRO PVC (cu rezistenta ridicata la umezeala);66*98;Rama EZV - A pt invelitori ondulate (cu jgheab ascuns) cu kit XDP - 66*98;;;buc;;122.00;discount oferit in lista: 20-30%
11. FAKRO;FERESTRE DE MANSARDA - FAKRO PVC (cu rezistenta ridicata la umezeala);66*98;Rama EHV - A pentru Romanic (cu jgheab ascuns) - 66*98;;;buc;;105.00;discount oferit in lista: 20-30%
11. FAKRO;FERESTRE DE MANSARDA - FAKRO PVC (cu rezistenta ridicata la umezeala);66*98;Rama ESV ( invelitori plate ) - 66*98;;;buc;;86.00;discount oferit in lista: 20-30%
11. FAKRO;FERESTRE DE MANSARDA - FAKRO PVC (cu rezistenta ridicata la umezeala);66*98;Kit termoizolare termica - XDP - 66*98;;;buc;;42.00;discount oferit in lista: 20-30%
11. FAKRO;FERESTRE DE MANSARDA - FAKRO PVC (cu rezistenta ridicata la umezeala);66*118;Fereastra - PTP - V U3 - 66*118;;;buc;;427.00;discount oferit in lista: 20-30%
11. FAKRO;FERESTRE DE MANSARDA - FAKRO PVC (cu rezistenta ridicata la umezeala);66*118;Fereastra - PTP - V U5 ( cu trei foi de sticla ) - 66*118;;;buc;;637.00;discount oferit in lista: 20-30%
11. FAKRO;FERESTRE DE MANSARDA - FAKRO PVC (cu rezistenta ridicata la umezeala);66*118;Rama EZV - A pt invelitori ondulate (cu jgheab ascuns) cu kit XDP - 66*118;;;buc;;124.00;discount oferit in lista: 20-30%
11. FAKRO;FERESTRE DE MANSARDA - FAKRO PVC (cu rezistenta ridicata la umezeala);66*118;Rama EHV - A pentru Romanic (cu jgheab ascuns) - 66*118;;;buc;;107.00;discount oferit in lista: 20-30%
11. FAKRO;FERESTRE DE MANSARDA - FAKRO PVC (cu rezistenta ridicata la umezeala);66*118;Rama ESV ( invelitori plate ) - 66*118;;;buc;;89.00;discount oferit in lista: 20-30%
11. FAKRO;FERESTRE DE MANSARDA - FAKRO PVC (cu rezistenta ridicata la umezeala);66*118;Kit termoizolare termica - XDP - 66*118;;;buc;;42.00;discount oferit in lista: 20-30%
11. FAKRO;FERESTRE DE MANSARDA - FAKRO PVC (cu rezistenta ridicata la umezeala);66*140;Fereastra - PTP - V U3 - 66*140;;;buc;;475.00;discount oferit in lista: 20-30%
11. FAKRO;FERESTRE DE MANSARDA - FAKRO PVC (cu rezistenta ridicata la umezeala);66*140;Fereastra - PTP - V U5 ( cu trei foi de sticla ) - 66*140;;;buc;;709.00;discount oferit in lista: 20-30%
11. FAKRO;FERESTRE DE MANSARDA - FAKRO PVC (cu rezistenta ridicata la umezeala);66*140;Rama EZV - A pt invelitori ondulate (cu jgheab ascuns) cu kit XDP - 66*140;;;buc;;130.00;discount oferit in lista: 20-30%
11. FAKRO;FERESTRE DE MANSARDA - FAKRO PVC (cu rezistenta ridicata la umezeala);66*140;Rama EHV - A pentru Romanic (cu jgheab ascuns) - 66*140;;;buc;;109.00;discount oferit in lista: 20-30%
11. FAKRO;FERESTRE DE MANSARDA - FAKRO PVC (cu rezistenta ridicata la umezeala);66*140;Rama ESV ( invelitori plate ) - 66*140;;;buc;;91.00;discount oferit in lista: 20-30%
11. FAKRO;FERESTRE DE MANSARDA - FAKRO PVC (cu rezistenta ridicata la umezeala);66*140;Kit termoizolare termica - XDP - 66*140;;;buc;;42.00;discount oferit in lista: 20-30%
11. FAKRO;FERESTRE DE MANSARDA - FAKRO PVC (cu rezistenta ridicata la umezeala);78*98;Fereastra - PTP - V U3 - 78*98;;;buc;;427.00;discount oferit in lista: 20-30%
11. FAKRO;FERESTRE DE MANSARDA - FAKRO PVC (cu rezistenta ridicata la umezeala);78*98;Fereastra - PTP - V U5 ( cu trei foi de sticla ) - 78*98;;;buc;;637.00;discount oferit in lista: 20-30%
11. FAKRO;FERESTRE DE MANSARDA - FAKRO PVC (cu rezistenta ridicata la umezeala);78*98;Rama EZV - A pt invelitori ondulate (cu jgheab ascuns) cu kit XDP - 78*98;;;buc;;124.00;discount oferit in lista: 20-30%
11. FAKRO;FERESTRE DE MANSARDA - FAKRO PVC (cu rezistenta ridicata la umezeala);78*98;Rama EHV - A pentru Romanic (cu jgheab ascuns) - 78*98;;;buc;;107.00;discount oferit in lista: 20-30%
11. FAKRO;FERESTRE DE MANSARDA - FAKRO PVC (cu rezistenta ridicata la umezeala);78*98;Rama ESV ( invelitori plate ) - 78*98;;;buc;;89.00;discount oferit in lista: 20-30%
11. FAKRO;FERESTRE DE MANSARDA - FAKRO PVC (cu rezistenta ridicata la umezeala);78*98;Kit termoizolare termica - XDP - 78*98;;;buc;;42.00;discount oferit in lista: 20-30%
11. FAKRO;FERESTRE DE MANSARDA - FAKRO PVC (cu rezistenta ridicata la umezeala);78*118;Fereastra - PTP - V U3 - 78*118;;;buc;;458.00;discount oferit in lista: 20-30%
11. FAKRO;FERESTRE DE MANSARDA - FAKRO PVC (cu rezistenta ridicata la umezeala);78*118;Fereastra - PTP - V U5 ( cu trei foi de sticla ) - 78*118;;;buc;;709.00;discount oferit in lista: 20-30%
11. FAKRO;FERESTRE DE MANSARDA - FAKRO PVC (cu rezistenta ridicata la umezeala);78*118;Rama EZV - A pt invelitori ondulate (cu jgheab ascuns) cu kit XDP - 78*118;;;buc;;130.00;discount oferit in lista: 20-30%
11. FAKRO;FERESTRE DE MANSARDA - FAKRO PVC (cu rezistenta ridicata la umezeala);78*118;Rama EHV - A pentru Romanic (cu jgheab ascuns) - 78*118;;;buc;;109.00;discount oferit in lista: 20-30%
11. FAKRO;FERESTRE DE MANSARDA - FAKRO PVC (cu rezistenta ridicata la umezeala);78*118;Rama ESV ( invelitori plate ) - 78*118;;;buc;;91.00;discount oferit in lista: 20-30%
11. FAKRO;FERESTRE DE MANSARDA - FAKRO PVC (cu rezistenta ridicata la umezeala);78*118;Kit termoizolare termica - XDP - 78*118;;;buc;;42.00;discount oferit in lista: 20-30%
11. FAKRO;FERESTRE DE MANSARDA - FAKRO PVC (cu rezistenta ridicata la umezeala);78*140;Fereastra - PTP - V U3 - 78*140;;;buc;;495.00;discount oferit in lista: 20-30%
11. FAKRO;FERESTRE DE MANSARDA - FAKRO PVC (cu rezistenta ridicata la umezeala);78*140;Fereastra - PTP - V U5 ( cu trei foi de sticla ) - 78*140;;;buc;;798.00;discount oferit in lista: 20-30%
11. FAKRO;FERESTRE DE MANSARDA - FAKRO PVC (cu rezistenta ridicata la umezeala);78*140;Rama EZV - A pt invelitori ondulate (cu jgheab ascuns) cu kit XDP - 78*140;;;buc;;134.00;discount oferit in lista: 20-30%
11. FAKRO;FERESTRE DE MANSARDA - FAKRO PVC (cu rezistenta ridicata la umezeala);78*140;Rama EHV - A pentru Romanic (cu jgheab ascuns) - 78*140;;;buc;;115.00;discount oferit in lista: 20-30%
11. FAKRO;FERESTRE DE MANSARDA - FAKRO PVC (cu rezistenta ridicata la umezeala);78*140;Rama ESV ( invelitori plate ) - 78*140;;;buc;;103.00;discount oferit in lista: 20-30%
11. FAKRO;FERESTRE DE MANSARDA - FAKRO PVC (cu rezistenta ridicata la umezeala);78*140;Kit termoizolare termica - XDP - 78*140;;;buc;;42.00;discount oferit in lista: 20-30%
11. FAKRO;FERESTRE DE MANSARDA - FAKRO PVC (cu rezistenta ridicata la umezeala);78*160;Fereastra - PTP - V U3 - 78*160;;;buc;;553.00;discount oferit in lista: 20-30%
11. FAKRO;FERESTRE DE MANSARDA - FAKRO PVC (cu rezistenta ridicata la umezeala);78*160;Fereastra - PTP - V U5 ( cu trei foi de sticla ) - 78*160;;;buc;;860.00;discount oferit in lista: 20-30%
11. FAKRO;FERESTRE DE MANSARDA - FAKRO PVC (cu rezistenta ridicata la umezeala);78*160;Rama EZV - A pt invelitori ondulate (cu jgheab ascuns) cu kit XDP - 78*160;;;buc;;148.00;discount oferit in lista: 20-30%
11. FAKRO;FERESTRE DE MANSARDA - FAKRO PVC (cu rezistenta ridicata la umezeala);78*160;Rama EHV - A pentru Romanic (cu jgheab ascuns) - 78*160;;;buc;;142.00;discount oferit in lista: 20-30%
11. FAKRO;FERESTRE DE MANSARDA - FAKRO PVC (cu rezistenta ridicata la umezeala);78*160;Rama ESV ( invelitori plate ) - 78*160;;;buc;;115.00;discount oferit in lista: 20-30%
11. FAKRO;FERESTRE DE MANSARDA - FAKRO PVC (cu rezistenta ridicata la umezeala);78*160;Kit termoizolare termica - XDP - 78*160;;;buc;;42.00;discount oferit in lista: 20-30%
11. FAKRO;FERESTRE DE MANSARDA - FAKRO PVC (cu rezistenta ridicata la umezeala);94*118;Fereastra - PTP - V U3 - 94*118;;;buc;;556.00;discount oferit in lista: 20-30%
11. FAKRO;FERESTRE DE MANSARDA - FAKRO PVC (cu rezistenta ridicata la umezeala);94*118;Fereastra - PTP - V U5 ( cu trei foi de sticla ) - 94*118;;;buc;;832.00;discount oferit in lista: 20-30%
11. FAKRO;FERESTRE DE MANSARDA - FAKRO PVC (cu rezistenta ridicata la umezeala);94*118;Rama EZV - A pt invelitori ondulate (cu jgheab ascuns) cu kit XDP - 94*118;;;buc;;136.00;discount oferit in lista: 20-30%
11. FAKRO;FERESTRE DE MANSARDA - FAKRO PVC (cu rezistenta ridicata la umezeala);94*118;Rama EHV - A pentru Romanic (cu jgheab ascuns) - 94*118;;;buc;;121.00;discount oferit in lista: 20-30%
11. FAKRO;FERESTRE DE MANSARDA - FAKRO PVC (cu rezistenta ridicata la umezeala);94*118;Rama ESV ( invelitori plate ) - 94*118;;;buc;;108.00;discount oferit in lista: 20-30%
11. FAKRO;FERESTRE DE MANSARDA - FAKRO PVC (cu rezistenta ridicata la umezeala);94*118;Kit termoizolare termica - XDP - 94*118;;;buc;;42.00;discount oferit in lista: 20-30%
11. FAKRO;FERESTRE DE MANSARDA - FAKRO PVC (cu rezistenta ridicata la umezeala);94*140;Fereastra - PTP - V U3 - 94*140;;;buc;;593.00;discount oferit in lista: 20-30%
11. FAKRO;FERESTRE DE MANSARDA - FAKRO PVC (cu rezistenta ridicata la umezeala);94*140;Fereastra - PTP - V U5 ( cu trei foi de sticla ) - 94*140;;;buc;;892.00;discount oferit in lista: 20-30%
11. FAKRO;FERESTRE DE MANSARDA - FAKRO PVC (cu rezistenta ridicata la umezeala);94*140;Rama EZV - A pt invelitori ondulate (cu jgheab ascuns) cu kit XDP - 94*140;;;buc;;140.00;discount oferit in lista: 20-30%
11. FAKRO;FERESTRE DE MANSARDA - FAKRO PVC (cu rezistenta ridicata la umezeala);94*140;Rama EHV - A pentru Romanic (cu jgheab ascuns) - 94*140;;;buc;;123.00;discount oferit in lista: 20-30%
11. FAKRO;FERESTRE DE MANSARDA - FAKRO PVC (cu rezistenta ridicata la umezeala);94*140;Rama ESV ( invelitori plate ) - 94*140;;;buc;;110.00;discount oferit in lista: 20-30%
11. FAKRO;FERESTRE DE MANSARDA - FAKRO PVC (cu rezistenta ridicata la umezeala);94*140;Kit termoizolare termica - XDP - 94*140;;;buc;;42.00;discount oferit in lista: 20-30%
11. FAKRO;FERESTRE DE MANSARDA - OPTILIGHT;55*78;Fereastra B fara clapeta - 55*78;;;buc;;162.00;discount oferit in lista: 5.00%
11. FAKRO;FERESTRE DE MANSARDA - OPTILIGHT;55*78;Rama invelitori ondulate TZ - 55*78;;;buc;;55.00;discount oferit in lista: 5.00%
11. FAKRO;FERESTRE DE MANSARDA - OPTILIGHT;55*78;Rama invelitor plate TS - 55*78;;;buc;;49.00;discount oferit in lista: 5.00%
11. FAKRO;FERESTRE DE MANSARDA - OPTILIGHT;55*98;Fereastra B fara clapeta - 55*98;;;buc;;174.00;discount oferit in lista: 5.00%
11. FAKRO;FERESTRE DE MANSARDA - OPTILIGHT;55*98;Rama invelitori ondulate TZ - 55*98;;;buc;;57.00;discount oferit in lista: 5.00%
11. FAKRO;FERESTRE DE MANSARDA - OPTILIGHT;55*98;Rama invelitor plate TS - 55*98;;;buc;;54.00;discount oferit in lista: 5.00%
11. FAKRO;FERESTRE DE MANSARDA - OPTILIGHT;66*118;Fereastra B fara clapeta - 66*118;;;buc;;202.00;discount oferit in lista: 5.00%
11. FAKRO;FERESTRE DE MANSARDA - OPTILIGHT;66*118;Rama invelitori ondulate TZ - 66*118;;;buc;;60.00;discount oferit in lista: 5.00%
11. FAKRO;FERESTRE DE MANSARDA - OPTILIGHT;66*118;Rama invelitor plate TS - 66*118;;;buc;;59.00;discount oferit in lista: 5.00%
11. FAKRO;FERESTRE DE MANSARDA - OPTILIGHT;78*98;Fereastra B fara clapeta - 78*98;;;buc;;198.00;discount oferit in lista: 5.00%
11. FAKRO;FERESTRE DE MANSARDA - OPTILIGHT;78*98;Rama invelitori ondulate TZ - 78*98;;;buc;;60.00;discount oferit in lista: 5.00%
11. FAKRO;FERESTRE DE MANSARDA - OPTILIGHT;78*98;Rama invelitor plate TS - 78*98;;;buc;;58.00;discount oferit in lista: 5.00%
11. FAKRO;FERESTRE DE MANSARDA - OPTILIGHT;78*118;Fereastra B fara clapeta - 78*118;;;buc;;206.00;discount oferit in lista: 5.00%
11. FAKRO;FERESTRE DE MANSARDA - OPTILIGHT;78*118;Rama invelitori ondulate TZ - 78*118;;;buc;;64.00;discount oferit in lista: 5.00%
11. FAKRO;FERESTRE DE MANSARDA - OPTILIGHT;78*118;Rama invelitor plate TS - 78*118;;;buc;;59.00;discount oferit in lista: 5.00%
11. FAKRO;FERESTRE DE MANSARDA - OPTILIGHT;78*140;Fereastra B fara clapeta - 78*140;;;buc;;226.00;discount oferit in lista: 5.00%
11. FAKRO;FERESTRE DE MANSARDA - OPTILIGHT;78*140;Rama invelitori ondulate TZ - 78*140;;;buc;;65.00;discount oferit in lista: 5.00%
11. FAKRO;FERESTRE DE MANSARDA - OPTILIGHT;78*140;Rama invelitor plate TS - 78*140;;;buc;;61.00;discount oferit in lista: 5.00%
11. FAKRO;FERESTRE DE MANSARDA - OPTILIGHT;114*118;Fereastra B fara clapeta - 114*118;;;buc;;260.00;discount oferit in lista: 5.00%
11. FAKRO;FERESTRE DE MANSARDA - OPTILIGHT;114*118;Rama invelitori ondulate TZ - 114*118;;;buc;;76.00;discount oferit in lista: 5.00%
11. FAKRO;FERESTRE DE MANSARDA - OPTILIGHT;114*118;Rama invelitor plate TS - 114*118;;;buc;;67.00;discount oferit in lista: 5.00%
11. FAKRO;FERESTRE LUMINATOARE & ACCES ACOPERIS NELOCUIBIL;46*55;Luminator OPTILOOK (rama etansare inclusa) - 46*55;;;buc;;99.00;discount oferit in lista: 5.00%
11. FAKRO;FERESTRE LUMINATOARE & ACCES ACOPERIS NELOCUIBIL;46*55;Luminator WGT (rama etansare inclusa) - 46*55;;;buc;;126.00;discount oferit in lista: 5.00%
11. FAKRO;FERESTRE LUMINATOARE & ACCES ACOPERIS NELOCUIBIL;46*55;Luminator WGI (rama etansare inclusa) - 46*55;;;buc;;144.00;discount oferit in lista: 5.00%
11. FAKRO;FERESTRE LUMINATOARE & ACCES ACOPERIS NELOCUIBIL;46*75;Luminator OPTILOOK (rama etansare inclusa) - 46*75;;;buc;;104.00;discount oferit in lista: 5.00%
11. FAKRO;FERESTRE LUMINATOARE & ACCES ACOPERIS NELOCUIBIL;46*75;Luminator WGT (rama etansare inclusa) - 46*75;;;buc;;140.00;discount oferit in lista: 5.00%
11. FAKRO;FERESTRE LUMINATOARE & ACCES ACOPERIS NELOCUIBIL;46*75;Luminator WGI(rama etansare inclusa) - 46*75;;;buc;;163.00;discount oferit in lista: 5.00%
11. FAKRO;SCARI PENTRU ACCES POD;60X120;Scara Modulara din Lemn OLB Basic 60x121 (H = 2.8 m) - 60X120;;;buc;;132.00;discount oferit in lista: 5.00%
11. FAKRO;SCARI PENTRU ACCES POD;70X120;Scara Modulara din Lemn OLB Basic 70x121 (H = 2.8 m) - 70X120;;;buc;;135.00;discount oferit in lista: 5.00%
11. FAKRO;SCARI PENTRU ACCES POD;50X80;Scara Optistep Pantograf OST 50x81 (H = 2.8 m) - 50X80;;;buc;;249.00;discount oferit in lista: 5.00%
11. FAKRO;SCARI PENTRU ACCES POD;60X90;Scara Optistep Pantograf OST 60x90 (H = 2.8 m) - 60X90;;;buc;;266.00;discount oferit in lista: 5.00%
11. FAKRO;SCARI PENTRU ACCES POD;60X120;Scara Optistep Pantograf OST 60x120 (H = 2.8 m) - 60X120;;;buc;;269.00;discount oferit in lista: 5.00%
11. FAKRO;SCARI PENTRU ACCES POD;70X80;Scara Optistep Pantograf OST 70x80 (H = 2.8 m) - 70X80;;;buc;;269.00;discount oferit in lista: 5.00%
11. FAKRO;SCARI PENTRU ACCES POD;70X120;Scara Optistep Pantograf OST 70x120 (H = 2.8 m) - 70X120;;;buc;;280.00;discount oferit in lista: 5.00%
11. FAKRO;SCARI MODULARE DIN LEMN PENTRU ACCES POD;55*111;Scara modulara LWK Komfort (usa termoizolanta , cu maner , usa alba) (H = 2.80 m) - 55*111;;;buc;;246.00;discount oferit in lista: 15-20%
11. FAKRO;SCARI MODULARE DIN LEMN PENTRU ACCES POD;60*94;Scara modulara LWK Komfort (usa termoizolanta , cu maner , usa alba) (H = 2.80 m) - 60*94;;;buc;;269.00;discount oferit in lista: 15-20%
11. FAKRO;SCARI MODULARE DIN LEMN PENTRU ACCES POD;60*100;Scara modulara LWK Komfort (usa termoizolanta , cu maner , usa alba) (H = 2.80 m) - 60*100;;;buc;;269.00;discount oferit in lista: 15-20%
11. FAKRO;SCARI MODULARE DIN LEMN PENTRU ACCES POD;60*111;Scara modulara LWK Komfort (usa termoizolanta , cu maner , usa alba) (H = 2.80 m) - 60*111;;;buc;;248.00;discount oferit in lista: 15-20%
11. FAKRO;SCARI MODULARE DIN LEMN PENTRU ACCES POD;60*120;Scara modulara LWK Komfort (usa termoizolanta , cu maner , usa alba) (H = 2.80 m) - 60*120;;;buc;;242.00;discount oferit in lista: 15-20%
11. FAKRO;SCARI MODULARE DIN LEMN PENTRU ACCES POD;60*120;Scara modulara LWT Thermo (usa supertermoizolatoare , cu maner , usa alba) (H = 2.80 m) - 60*120;;;buc;;438.00;discount oferit in lista: 15-20%
11. FAKRO;SCARI MODULARE DIN LEMN PENTRU ACCES POD;60*120;Scara modulara LWF (rezistenta la foc - 60 minute) (H = 2.80 m) - 60*120;;;buc;;560.00;discount oferit in lista: 15-20%
11. FAKRO;SCARI MODULARE DIN LEMN PENTRU ACCES POD;60*130;Scara modulara LWK Komfort (usa termoizolanta , cu maner , usa alba) (H = 2.80 m) - 60*130;;;buc;;252.00;discount oferit in lista: 15-20%
11. FAKRO;SCARI MODULARE DIN LEMN PENTRU ACCES POD;70*94;Scara modulara LWK Komfort (usa termoizolanta , cu maner , usa alba) (H = 2.80 m) - 70*94;;;buc;;269.00;discount oferit in lista: 15-20%
11. FAKRO;SCARI MODULARE DIN LEMN PENTRU ACCES POD;70*100;Scara modulara LWK Komfort (usa termoizolanta , cu maner , usa alba) (H = 2.80 m) - 70*100;;;buc;;275.00;discount oferit in lista: 15-20%
11. FAKRO;SCARI MODULARE DIN LEMN PENTRU ACCES POD;70*111;Scara modulara LWK Komfort (usa termoizolanta , cu maner , usa alba) (H = 2.80 m) - 70*111;;;buc;;248.00;discount oferit in lista: 15-20%
11. FAKRO;SCARI MODULARE DIN LEMN PENTRU ACCES POD;70*120;Scara modulara LWK Komfort (usa termoizolanta , cu maner , usa alba) (H = 2.80 m) - 70*120;;;buc;;246.00;discount oferit in lista: 15-20%
11. FAKRO;SCARI MODULARE DIN LEMN PENTRU ACCES POD;70*120;Scara modulara LWT Thermo (usa supertermoizolatoare , cu maner , usa alba) (H = 2.80 m) - 70*120;;;buc;;452.00;discount oferit in lista: 15-20%
11. FAKRO;SCARI MODULARE DIN LEMN PENTRU ACCES POD;70*120;Scara modulara LWF (rezistenta la foc - 60 minute) (H = 2.80 m) - 70*120;;;buc;;563.00;discount oferit in lista: 15-20%
11. FAKRO;SCARI MODULARE DIN LEMN PENTRU ACCES POD;70*130;Scara modulara LWK Komfort (usa termoizolanta , cu maner , usa alba) (H = 2.80 m) - 70*130;;;buc;;267.00;discount oferit in lista: 15-20%
11. FAKRO;SCARI MODULARE DIN LEMN PENTRU ACCES POD;70*130;Scara modulara LWT Thermo (usa supertermoizolatoare , cu maner , usa alba) (H = 2.80 m) - 70*130;;;buc;;463.00;discount oferit in lista: 15-20%
11. FAKRO;SCARI MODULARE DIN LEMN PENTRU ACCES POD;70*130;Scara modulara LWF (rezistenta la foc - 60 minute) (H = 2.80 m) - 70*130;;;buc;;571.00;discount oferit in lista: 15-20%
11. FAKRO;SCARI MODULARE DIN LEMN PENTRU ACCES POD;70*140;Scara modulara LWK Komfort (usa termoizolanta , cu maner , usa alba) (H = 2.80 m) - 70*140;;;buc;;287.00;discount oferit in lista: 15-20%
11. FAKRO;SCARI MODULARE DIN LEMN PENTRU ACCES POD;70*140;Scara modulara LWT Thermo (usa supertermoizolatoare , cu maner , usa alba) (H = 2.80 m) - 70*140;;;buc;;476.00;discount oferit in lista: 15-20%
11. FAKRO;SCARI MODULARE DIN LEMN PENTRU ACCES POD;70*140;Scara modulara LWF (rezistenta la foc - 60 minute) (H = 2.80 m) - 70*140;;;buc;;573.00;discount oferit in lista: 15-20%
11. FAKRO;SCARI MODULARE DIN LEMN PENTRU ACCES POD;60*130;Scara modulara LWK Komfort (usa termoizolanta , cu maner , usa alba) (H = 3.05 m) - 60*130;;;buc;;292.00;discount oferit in lista: 15-20%
11. FAKRO;SCARI MODULARE DIN LEMN PENTRU ACCES POD;60*130;Scara modulara LWT Thermo (usa supertermoizolatoare , cu maner , usa alba) (H = 3.05 m) - 60*130;;;buc;;505.00;discount oferit in lista: 15-20%
11. FAKRO;SCARI MODULARE DIN LEMN PENTRU ACCES POD;60*140;Scara modulara LWK Komfort (usa termoizolanta , cu maner , usa alba) (H = 3.05 m) - 60*140;;;buc;;297.00;discount oferit in lista: 15-20%, asociere dimensiune-produs dedusa din celule imbinate (60*140/70*130 H3.05 de verificat)
11. FAKRO;SCARI MODULARE DIN LEMN PENTRU ACCES POD;70*130;Scara modulara LWK Komfort (usa termoizolanta , cu maner , usa alba) (H = 3.05 m) - 70*130;;;buc;;297.00;discount oferit in lista: 15-20%, asociere dimensiune-produs dedusa din celule imbinate (60*140/70*130 H3.05 de verificat)
11. FAKRO;SCARI MODULARE DIN LEMN PENTRU ACCES POD;70*130;Scara modulara LWT Thermo (usa supertermoizolatoare , cu maner , usa alba) (H = 3.05 m) - 70*130;;;buc;;518.00;discount oferit in lista: 15-20%, asociere dimensiune-produs dedusa din celule imbinate (60*140/70*130 H3.05 de verificat)
11. FAKRO;SCARI MODULARE DIN LEMN PENTRU ACCES POD;70*140;Scara modulara LWK Komfort (usa termoizolanta , cu maner , usa alba) (H = 3.05 m) - 70*140;;;buc;;322.00;discount oferit in lista: 15-20%
11. FAKRO;SCARI MODULARE DIN LEMN PENTRU ACCES POD;70*140;Scara modulara LWT Thermo (usa supertermoizolatoare , cu maner , usa alba) (H = 3.05 m) - 70*140;;;buc;;536.00;discount oferit in lista: 15-20%
12. VELUX;FERESTRE DE MANSARDA - VELUX;CK02;Fereastra Standard - GZL - 1051 - 55*78;;;buc;;280.00;discount oferit in lista: 15.00%
12. VELUX;FERESTRE DE MANSARDA - VELUX;CK02;Fereastra Standard Plus - GLL - 1061 ( 3 foi de sticla ) - 55*78;;;buc;;347.00;discount oferit in lista: 15.00%
12. VELUX;FERESTRE DE MANSARDA - VELUX;CK02;Fereastra Premium - GGL - 3068 ( 3 foi de sticla ) - 55*78;;;buc;;497.00;discount oferit in lista: 15.00%
12. VELUX;FERESTRE DE MANSARDA - VELUX;CK02;Rama EDW 2000 (invelitori ondulate) cu Kit BDX2000 - 55*78;;;buc;;126.00;discount oferit in lista: 15.00%
12. VELUX;FERESTRE DE MANSARDA - VELUX;CK02;Rama EDS 2000 (invelitori plate) cu Kit BDX2000 - 55*78;;;buc;;126.00;discount oferit in lista: 15.00%
12. VELUX;FERESTRE DE MANSARDA - VELUX;CK02;Rama EDQ 2000 (invelitori faltuite) cu Kit BDX2000 - 55*78;;;buc;;126.00;discount oferit in lista: 15.00%
12. VELUX;FERESTRE DE MANSARDA - VELUX;CK04;Fereastra Standard - GZL - 1051 - 55*98;;;buc;;300.00;discount oferit in lista: 15.00%
12. VELUX;FERESTRE DE MANSARDA - VELUX;CK04;Fereastra Standard Plus - GLL - 1061 ( 3 foi de sticla ) - 55*98;;;buc;;370.00;discount oferit in lista: 15.00%
12. VELUX;FERESTRE DE MANSARDA - VELUX;CK04;Fereastra Premium - GGL - 3068 ( 3 foi de sticla ) - 55*98;;;buc;;530.00;discount oferit in lista: 15.00%
12. VELUX;FERESTRE DE MANSARDA - VELUX;CK04;Rama EDW 2000 (invelitori ondulate) cu Kit BDX2000 - 55*98;;;buc;;129.00;discount oferit in lista: 15.00%
12. VELUX;FERESTRE DE MANSARDA - VELUX;CK04;Rama EDS 2000 (invelitori plate) cu Kit BDX2000 - 55*98;;;buc;;129.00;discount oferit in lista: 15.00%
12. VELUX;FERESTRE DE MANSARDA - VELUX;CK04;Rama EDQ 2000 (invelitori faltuite) cu Kit BDX2000 - 55*98;;;buc;;129.00;discount oferit in lista: 15.00%
12. VELUX;FERESTRE DE MANSARDA - VELUX;FK04;Fereastra Standard - GZL - 1051 - 66*98;;;buc;;333.00;discount oferit in lista: 15.00%
12. VELUX;FERESTRE DE MANSARDA - VELUX;FK04;Fereastra Standard Plus - GLL - 1061 ( 3 foi de sticla ) - 66*98;;;buc;;413.00;discount oferit in lista: 15.00%
12. VELUX;FERESTRE DE MANSARDA - VELUX;FK04;Fereastra Premium - GGL - 3068 ( 3 foi de sticla ) - 66*98;;;buc;;589.00;discount oferit in lista: 15.00%
12. VELUX;FERESTRE DE MANSARDA - VELUX;FK04;Rama EDW 2000 (invelitori ondulate) cu Kit BDX2000 - 66*98;;;buc;;133.00;discount oferit in lista: 15.00%
12. VELUX;FERESTRE DE MANSARDA - VELUX;FK04;Rama EDS 2000 (invelitori plate) cu Kit BDX2000 - 66*98;;;buc;;133.00;discount oferit in lista: 15.00%
12. VELUX;FERESTRE DE MANSARDA - VELUX;FK04;Rama EDQ 2000 (invelitori faltuite) cu Kit BDX2000 - 66*98;;;buc;;133.00;discount oferit in lista: 15.00%
12. VELUX;FERESTRE DE MANSARDA - VELUX;FK06;Fereastra Standard - GZL - 1051 - 66*118;;;buc;;348.00;discount oferit in lista: 15.00%
12. VELUX;FERESTRE DE MANSARDA - VELUX;FK06;Fereastra Standard Plus - GLL - 1061 ( 3 foi de sticla ) - 66*118;;;buc;;429.00;discount oferit in lista: 15.00%
12. VELUX;FERESTRE DE MANSARDA - VELUX;FK06;Fereastra Premium - GGL - 3068 ( 3 foi de sticla ) - 66*118;;;buc;;615.00;discount oferit in lista: 15.00%
12. VELUX;FERESTRE DE MANSARDA - VELUX;FK06;Rama EDW 2000 (invelitori ondulate) cu Kit BDX2000 - 66*118;;;buc;;144.00;discount oferit in lista: 15.00%
12. VELUX;FERESTRE DE MANSARDA - VELUX;FK06;Rama EDS 2000 (invelitori plate) cu Kit BDX2000 - 66*118;;;buc;;144.00;discount oferit in lista: 15.00%
12. VELUX;FERESTRE DE MANSARDA - VELUX;FK06;Rama EDQ 2000 (invelitori faltuite) cu Kit BDX2000 - 66*118;;;buc;;144.00;discount oferit in lista: 15.00%
12. VELUX;FERESTRE DE MANSARDA - VELUX;FK08;Fereastra Standard - GZL - 1051 - 66*140;;;buc;;381.00;discount oferit in lista: 15.00%
12. VELUX;FERESTRE DE MANSARDA - VELUX;FK08;Fereastra Standard Plus - GLL - 1061 ( 3 foi de sticla ) - 66*140;;;buc;;470.00;discount oferit in lista: 15.00%
12. VELUX;FERESTRE DE MANSARDA - VELUX;FK08;Fereastra Premium - GGL - 3068 ( 3 foi de sticla ) - 66*140;;;buc;;674.00;discount oferit in lista: 15.00%
12. VELUX;FERESTRE DE MANSARDA - VELUX;FK08;Rama EDW 2000 (invelitori ondulate) cu Kit BDX2000 - 66*140;;;buc;;151.00;discount oferit in lista: 15.00%
12. VELUX;FERESTRE DE MANSARDA - VELUX;FK08;Rama EDS 2000 (invelitori plate) cu Kit BDX2000 - 66*140;;;buc;;151.00;discount oferit in lista: 15.00%
12. VELUX;FERESTRE DE MANSARDA - VELUX;FK08;Rama EDQ 2000 (invelitori faltuite) cu Kit BDX2000 - 66*140;;;buc;;151.00;discount oferit in lista: 15.00%
12. VELUX;FERESTRE DE MANSARDA - VELUX;MK04;Fereastra Standard - GZL - 1051 - 78*98;;;buc;;340.00;discount oferit in lista: 15.00%
12. VELUX;FERESTRE DE MANSARDA - VELUX;MK04;Fereastra Standard Plus - GLL - 1061 ( 3 foi de sticla ) - 78*98;;;buc;;420.00;discount oferit in lista: 15.00%
12. VELUX;FERESTRE DE MANSARDA - VELUX;MK04;Fereastra Premium - GGL - 3068 ( 3 foi de sticla ) - 78*98;;;buc;;602.00;discount oferit in lista: 15.00%
12. VELUX;FERESTRE DE MANSARDA - VELUX;MK04;Rama EDW 2000 (invelitori ondulate) cu Kit BDX2000 - 78*98;;;buc;;144.00;discount oferit in lista: 15.00%
12. VELUX;FERESTRE DE MANSARDA - VELUX;MK04;Rama EDS 2000 (invelitori plate) cu Kit BDX2000 - 78*98;;;buc;;144.00;discount oferit in lista: 15.00%
12. VELUX;FERESTRE DE MANSARDA - VELUX;MK04;Rama EDQ 2000 (invelitori faltuite) cu Kit BDX2000 - 78*98;;;buc;;144.00;discount oferit in lista: 15.00%
12. VELUX;FERESTRE DE MANSARDA - VELUX;MK06;Fereastra Standard - GZL - 1051 - 78*118;;;buc;;370.00;discount oferit in lista: 15.00%
12. VELUX;FERESTRE DE MANSARDA - VELUX;MK06;Fereastra Standard Plus - GLL - 1061 ( 3 foi de sticla ) - 78*118;;;buc;;456.00;discount oferit in lista: 15.00%
12. VELUX;FERESTRE DE MANSARDA - VELUX;MK06;Fereastra Premium - GGL - 3068 ( 3 foi de sticla ) - 78*118;;;buc;;654.00;discount oferit in lista: 15.00%
12. VELUX;FERESTRE DE MANSARDA - VELUX;MK06;Rama EDW 2000 (invelitori ondulate) cu Kit BDX2000 - 78*118;;;buc;;151.00;discount oferit in lista: 15.00%
12. VELUX;FERESTRE DE MANSARDA - VELUX;MK06;Rama EDS 2000 (invelitori plate) cu Kit BDX2000 - 78*118;;;buc;;151.00;discount oferit in lista: 15.00%
12. VELUX;FERESTRE DE MANSARDA - VELUX;MK06;Rama EDQ 2000 (invelitori faltuite) cu Kit BDX2000 - 78*118;;;buc;;151.00;discount oferit in lista: 15.00%
12. VELUX;FERESTRE DE MANSARDA - VELUX;MK08;Fereastra Standard - GZL - 1051 - 78*140;;;buc;;396.00;discount oferit in lista: 15.00%
12. VELUX;FERESTRE DE MANSARDA - VELUX;MK08;Fereastra Standard Plus - GLL - 1061 ( 3 foi de sticla ) - 78*140;;;buc;;488.00;discount oferit in lista: 15.00%
12. VELUX;FERESTRE DE MANSARDA - VELUX;MK08;Fereastra Premium - GGL - 3068 ( 3 foi de sticla ) - 78*140;;;buc;;700.00;discount oferit in lista: 15.00%
12. VELUX;FERESTRE DE MANSARDA - VELUX;MK08;Rama EDW 2000 (invelitori ondulate) cu Kit BDX2000 - 78*140;;;buc;;160.00;discount oferit in lista: 15.00%
12. VELUX;FERESTRE DE MANSARDA - VELUX;MK08;Rama EDS 2000 (invelitori plate) cu Kit BDX2000 - 78*140;;;buc;;160.00;discount oferit in lista: 15.00%
12. VELUX;FERESTRE DE MANSARDA - VELUX;MK08;Rama EDQ 2000 (invelitori faltuite) cu Kit BDX2000 - 78*140;;;buc;;160.00;discount oferit in lista: 15.00%
12. VELUX;FERESTRE DE MANSARDA - VELUX;MK10;Fereastra Standard - GZL - 1051 - 78*160;;;buc;;458.00;discount oferit in lista: 15.00%
12. VELUX;FERESTRE DE MANSARDA - VELUX;MK10;Fereastra Standard Plus - GLL - 1061 ( 3 foi de sticla ) - 78*160;;;buc;;566.00;discount oferit in lista: 15.00%
12. VELUX;FERESTRE DE MANSARDA - VELUX;MK10;Fereastra Premium - GGL - 3068 ( 3 foi de sticla ) - 78*160;;;buc;;811.00;discount oferit in lista: 15.00%
12. VELUX;FERESTRE DE MANSARDA - VELUX;MK10;Rama EDW 2000 (invelitori ondulate) cu Kit BDX2000 - 78*160;;;buc;;177.00;discount oferit in lista: 15.00%
12. VELUX;FERESTRE DE MANSARDA - VELUX;MK10;Rama EDS 2000 (invelitori plate) cu Kit BDX2000 - 78*160;;;buc;;177.00;discount oferit in lista: 15.00%
12. VELUX;FERESTRE DE MANSARDA - VELUX;MK10;Rama EDQ 2000 (invelitori faltuite) cu Kit BDX2000 - 78*160;;;buc;;177.00;discount oferit in lista: 15.00%
12. VELUX;FERESTRE DE MANSARDA - VELUX;PK06;Fereastra Standard - GZL - 1051 - 94*118;;;buc;;433.00;discount oferit in lista: 15.00%
12. VELUX;FERESTRE DE MANSARDA - VELUX;PK06;Fereastra Standard Plus - GLL - 1061 ( 3 foi de sticla ) - 94*118;;;buc;;534.00;discount oferit in lista: 15.00%
12. VELUX;FERESTRE DE MANSARDA - VELUX;PK06;Fereastra Premium - GGL - 3068 ( 3 foi de sticla ) - 94*118;;;buc;;765.00;discount oferit in lista: 15.00%
12. VELUX;FERESTRE DE MANSARDA - VELUX;PK06;Rama EDW 2000 (invelitori ondulate) cu Kit BDX2000 - 94*118;;;buc;;171.00;discount oferit in lista: 15.00%
12. VELUX;FERESTRE DE MANSARDA - VELUX;PK06;Rama EDS 2000 (invelitori plate) cu Kit BDX2000 - 94*118;;;buc;;171.00;discount oferit in lista: 15.00%
12. VELUX;FERESTRE DE MANSARDA - VELUX;PK06;Rama EDQ 2000 (invelitori faltuite) cu Kit BDX2000 - 94*118;;;buc;;171.00;discount oferit in lista: 15.00%
12. VELUX;FERESTRE DE MANSARDA - VELUX;PK08;Fereastra Standard - GZL - 1051 - 94*140;;;buc;;462.00;discount oferit in lista: 15.00%
12. VELUX;FERESTRE DE MANSARDA - VELUX;PK08;Fereastra Standard Plus - GLL - 1061 ( 3 foi de sticla ) - 94*140;;;buc;;570.00;discount oferit in lista: 15.00%
12. VELUX;FERESTRE DE MANSARDA - VELUX;PK08;Fereastra Premium - GGL - 3068 ( 3 foi de sticla ) - 94*140;;;buc;;817.00;discount oferit in lista: 15.00%
12. VELUX;FERESTRE DE MANSARDA - VELUX;PK08;Rama EDW 2000 (invelitori ondulate) cu Kit BDX2000 - 94*140;;;buc;;180.00;discount oferit in lista: 15.00%
12. VELUX;FERESTRE DE MANSARDA - VELUX;PK08;Rama EDS 2000 (invelitori plate) cu Kit BDX2000 - 94*140;;;buc;;180.00;discount oferit in lista: 15.00%
12. VELUX;FERESTRE DE MANSARDA - VELUX;PK08;Rama EDQ 2000 (invelitori faltuite) cu Kit BDX2000 - 94*140;;;buc;;180.00;discount oferit in lista: 15.00%
12. VELUX;FERESTRE DE MANSARDA - VELUX;SK06;Fereastra Standard - GZL - 1051 - 114*118;;;buc;;455.00;discount oferit in lista: 15.00%
12. VELUX;FERESTRE DE MANSARDA - VELUX;SK06;Fereastra Standard Plus - GLL - 1061 ( 3 foi de sticla ) - 114*118;;;buc;;561.00;discount oferit in lista: 15.00%
12. VELUX;FERESTRE DE MANSARDA - VELUX;SK06;Fereastra Premium - GGL - 3068 ( 3 foi de sticla ) - 114*118;;;buc;;804.00;discount oferit in lista: 15.00%
12. VELUX;FERESTRE DE MANSARDA - VELUX;SK06;Rama EDW 2000 (invelitori ondulate) cu Kit BDX2000 - 114*118;;;buc;;178.00;discount oferit in lista: 15.00%
12. VELUX;FERESTRE DE MANSARDA - VELUX;SK06;Rama EDS 2000 (invelitori plate) cu Kit BDX2000 - 114*118;;;buc;;178.00;discount oferit in lista: 15.00%
12. VELUX;FERESTRE DE MANSARDA - VELUX;SK06;Rama EDQ 2000 (invelitori faltuite) cu Kit BDX2000 - 114*118;;;buc;;178.00;discount oferit in lista: 15.00%
12. VELUX;FERESTRE DE MANSARDA - VELUX;SK08;Fereastra Standard - GZL - 1051 - 114*140;;;buc;;506.00;discount oferit in lista: 15.00%
12. VELUX;FERESTRE DE MANSARDA - VELUX;SK08;Fereastra Standard Plus - GLL - 1061 ( 3 foi de sticla ) - 114*140;;;buc;;625.00;discount oferit in lista: 15.00%
12. VELUX;FERESTRE DE MANSARDA - VELUX;SK08;Fereastra Premium - GGL - 3068 ( 3 foi de sticla ) - 114*140;;;buc;;896.00;discount oferit in lista: 15.00%
12. VELUX;FERESTRE DE MANSARDA - VELUX;SK08;Rama EDW 2000 (invelitori ondulate) cu Kit BDX2000 - 114*140;;;buc;;189.00;discount oferit in lista: 15.00%
12. VELUX;FERESTRE DE MANSARDA - VELUX;SK08;Rama EDS 2000 (invelitori plate) cu Kit BDX2000 - 114*140;;;buc;;189.00;discount oferit in lista: 15.00%
12. VELUX;FERESTRE DE MANSARDA - VELUX;SK08;Rama EDQ 2000 (invelitori faltuite) cu Kit BDX2000 - 114*140;;;buc;;189.00;discount oferit in lista: 15.00%
12. VELUX;FERESTRE DE MANSARDA - VELUX PVC (cu rezistenta ridicata la umezeala);CK02;Fereastra Standard Plus - GLU - 0061 (3 foi de sticla) - 55*78;;;buc;;416.00;discount oferit in lista: 15.00%
12. VELUX;FERESTRE DE MANSARDA - VELUX PVC (cu rezistenta ridicata la umezeala);CK02;Fereastra Premium - GGU - 0068 ( 3 foi de sticla ) - 55*78;;;buc;;621.00;discount oferit in lista: 15.00%
12. VELUX;FERESTRE DE MANSARDA - VELUX PVC (cu rezistenta ridicata la umezeala);CK02;Rama EDW 2000 (invelitori ondulate) cu Kit BDX2000 - 55*78;;;buc;;126.00;discount oferit in lista: 15.00%
12. VELUX;FERESTRE DE MANSARDA - VELUX PVC (cu rezistenta ridicata la umezeala);CK02;Rama EDS 2000 (invelitori plate) cu Kit BDX2000 - 55*78;;;buc;;126.00;discount oferit in lista: 15.00%
12. VELUX;FERESTRE DE MANSARDA - VELUX PVC (cu rezistenta ridicata la umezeala);CK02;Rama EDQ 2000 (invelitori faltuite) cu Kit BDX2000 - 55*78;;;buc;;126.00;discount oferit in lista: 15.00%
12. VELUX;FERESTRE DE MANSARDA - VELUX PVC (cu rezistenta ridicata la umezeala);CK04;Fereastra Standard Plus - GLU - 0061 (3 foi de sticla) - 55*98;;;buc;;416.00;discount oferit in lista: 15.00%
12. VELUX;FERESTRE DE MANSARDA - VELUX PVC (cu rezistenta ridicata la umezeala);CK04;Fereastra Premium - GGU - 0068 ( 3 foi de sticla ) - 55*98;;;buc;;662.00;discount oferit in lista: 15.00%
12. VELUX;FERESTRE DE MANSARDA - VELUX PVC (cu rezistenta ridicata la umezeala);CK04;Rama EDW 2000 (invelitori ondulate) cu Kit BDX2000 - 55*98;;;buc;;129.00;discount oferit in lista: 15.00%
12. VELUX;FERESTRE DE MANSARDA - VELUX PVC (cu rezistenta ridicata la umezeala);CK04;Rama EDS 2000 (invelitori plate) cu Kit BDX2000 - 55*98;;;buc;;129.00;discount oferit in lista: 15.00%
12. VELUX;FERESTRE DE MANSARDA - VELUX PVC (cu rezistenta ridicata la umezeala);CK04;Rama EDQ 2000 (invelitori faltuite) cu Kit BDX2000 - 55*98;;;buc;;129.00;discount oferit in lista: 15.00%
12. VELUX;FERESTRE DE MANSARDA - VELUX PVC (cu rezistenta ridicata la umezeala);FK04;Fereastra Standard Plus - GLU - 0061 (3 foi de sticla) - 66*98;;;buc;;;indisponibil, discount oferit in lista: 15.00%
12. VELUX;FERESTRE DE MANSARDA - VELUX PVC (cu rezistenta ridicata la umezeala);FK04;Fereastra Premium - GGU - 0068 ( 3 foi de sticla ) - 66*98;;;buc;;736.00;discount oferit in lista: 15.00%
12. VELUX;FERESTRE DE MANSARDA - VELUX PVC (cu rezistenta ridicata la umezeala);FK04;Rama EDW 2000 (invelitori ondulate) cu Kit BDX2000 - 66*98;;;buc;;133.00;discount oferit in lista: 15.00%
12. VELUX;FERESTRE DE MANSARDA - VELUX PVC (cu rezistenta ridicata la umezeala);FK04;Rama EDS 2000 (invelitori plate) cu Kit BDX2000 - 66*98;;;buc;;133.00;discount oferit in lista: 15.00%
12. VELUX;FERESTRE DE MANSARDA - VELUX PVC (cu rezistenta ridicata la umezeala);FK04;Rama EDQ 2000 (invelitori faltuite) cu Kit BDX2000 - 66*98;;;buc;;133.00;discount oferit in lista: 15.00%
12. VELUX;FERESTRE DE MANSARDA - VELUX PVC (cu rezistenta ridicata la umezeala);FK06;Fereastra Standard Plus - GLU - 0061 (3 foi de sticla) - 66*118;;;buc;;515.00;discount oferit in lista: 15.00%
12. VELUX;FERESTRE DE MANSARDA - VELUX PVC (cu rezistenta ridicata la umezeala);FK06;Fereastra Premium - GGU - 0068 ( 3 foi de sticla ) - 66*118;;;buc;;768.00;discount oferit in lista: 15.00%
12. VELUX;FERESTRE DE MANSARDA - VELUX PVC (cu rezistenta ridicata la umezeala);FK06;Rama EDW 2000 (invelitori ondulate) cu Kit BDX2000 - 66*118;;;buc;;144.00;discount oferit in lista: 15.00%
12. VELUX;FERESTRE DE MANSARDA - VELUX PVC (cu rezistenta ridicata la umezeala);FK06;Rama EDS 2000 (invelitori plate) cu Kit BDX2000 - 66*118;;;buc;;144.00;discount oferit in lista: 15.00%
12. VELUX;FERESTRE DE MANSARDA - VELUX PVC (cu rezistenta ridicata la umezeala);FK06;Rama EDQ 2000 (invelitori faltuite) cu Kit BDX2000 - 66*118;;;buc;;144.00;discount oferit in lista: 15.00%
12. VELUX;FERESTRE DE MANSARDA - VELUX PVC (cu rezistenta ridicata la umezeala);FK08;Fereastra Standard Plus - GLU - 0061 (3 foi de sticla) - 66*140;;;buc;;564.00;discount oferit in lista: 15.00%
12. VELUX;FERESTRE DE MANSARDA - VELUX PVC (cu rezistenta ridicata la umezeala);FK08;Fereastra Premium - GGU - 0068 ( 3 foi de sticla ) - 66*140;;;buc;;842.00;discount oferit in lista: 15.00%
12. VELUX;FERESTRE DE MANSARDA - VELUX PVC (cu rezistenta ridicata la umezeala);FK08;Rama EDW 2000 (invelitori ondulate) cu Kit BDX2000 - 66*140;;;buc;;151.00;discount oferit in lista: 15.00%
12. VELUX;FERESTRE DE MANSARDA - VELUX PVC (cu rezistenta ridicata la umezeala);FK08;Rama EDS 2000 (invelitori plate) cu Kit BDX2000 - 66*140;;;buc;;151.00;discount oferit in lista: 15.00%
12. VELUX;FERESTRE DE MANSARDA - VELUX PVC (cu rezistenta ridicata la umezeala);FK08;Rama EDQ 2000 (invelitori faltuite) cu Kit BDX2000 - 66*140;;;buc;;151.00;discount oferit in lista: 15.00%
12. VELUX;FERESTRE DE MANSARDA - VELUX PVC (cu rezistenta ridicata la umezeala);MK04;Fereastra Standard Plus - GLU - 0061 (3 foi de sticla) - 78*98;;;buc;;504.00;discount oferit in lista: 15.00%
12. VELUX;FERESTRE DE MANSARDA - VELUX PVC (cu rezistenta ridicata la umezeala);MK04;Fereastra Premium - GGU - 0068 ( 3 foi de sticla ) - 78*98;;;buc;;752.00;discount oferit in lista: 15.00%
12. VELUX;FERESTRE DE MANSARDA - VELUX PVC (cu rezistenta ridicata la umezeala);MK04;Rama EDW 2000 (invelitori ondulate) cu Kit BDX2000 - 78*98;;;buc;;144.00;discount oferit in lista: 15.00%
12. VELUX;FERESTRE DE MANSARDA - VELUX PVC (cu rezistenta ridicata la umezeala);MK04;Rama EDS 2000 (invelitori plate) cu Kit BDX2000 - 78*98;;;buc;;144.00;discount oferit in lista: 15.00%
12. VELUX;FERESTRE DE MANSARDA - VELUX PVC (cu rezistenta ridicata la umezeala);MK04;Rama EDQ 2000 (invelitori faltuite) cu Kit BDX2000 - 78*98;;;buc;;144.00;discount oferit in lista: 15.00%
12. VELUX;FERESTRE DE MANSARDA - VELUX PVC (cu rezistenta ridicata la umezeala);MK06;Fereastra Standard Plus - GLU - 0061 (3 foi de sticla) - 78*118;;;buc;;548.00;discount oferit in lista: 15.00%
12. VELUX;FERESTRE DE MANSARDA - VELUX PVC (cu rezistenta ridicata la umezeala);MK06;Fereastra Premium - GGU - 0068 ( 3 foi de sticla ) - 78*118;;;buc;;817.00;discount oferit in lista: 15.00%
12. VELUX;FERESTRE DE MANSARDA - VELUX PVC (cu rezistenta ridicata la umezeala);MK06;Rama EDW 2000 (invelitori ondulate) cu Kit BDX2000 - 78*118;;;buc;;151.00;discount oferit in lista: 15.00%
12. VELUX;FERESTRE DE MANSARDA - VELUX PVC (cu rezistenta ridicata la umezeala);MK06;Rama EDS 2000 (invelitori plate) cu Kit BDX2000 - 78*118;;;buc;;151.00;discount oferit in lista: 15.00%
12. VELUX;FERESTRE DE MANSARDA - VELUX PVC (cu rezistenta ridicata la umezeala);MK06;Rama EDQ 2000 (invelitori faltuite) cu Kit BDX2000 - 78*118;;;buc;;151.00;discount oferit in lista: 15.00%
12. VELUX;FERESTRE DE MANSARDA - VELUX PVC (cu rezistenta ridicata la umezeala);MK08;Fereastra Standard Plus - GLU - 0061 (3 foi de sticla) - 78*140;;;buc;;586.00;discount oferit in lista: 15.00%
12. VELUX;FERESTRE DE MANSARDA - VELUX PVC (cu rezistenta ridicata la umezeala);MK08;Fereastra Premium - GGU - 0068 ( 3 foi de sticla ) - 78*140;;;buc;;874.00;discount oferit in lista: 15.00%
12. VELUX;FERESTRE DE MANSARDA - VELUX PVC (cu rezistenta ridicata la umezeala);MK08;Rama EDW 2000 (invelitori ondulate) cu Kit BDX2000 - 78*140;;;buc;;160.00;discount oferit in lista: 15.00%
12. VELUX;FERESTRE DE MANSARDA - VELUX PVC (cu rezistenta ridicata la umezeala);MK08;Rama EDS 2000 (invelitori plate) cu Kit BDX2000 - 78*140;;;buc;;160.00;discount oferit in lista: 15.00%
12. VELUX;FERESTRE DE MANSARDA - VELUX PVC (cu rezistenta ridicata la umezeala);MK08;Rama EDQ 2000 (invelitori faltuite) cu Kit BDX2000 - 78*140;;;buc;;160.00;discount oferit in lista: 15.00%
12. VELUX;FERESTRE DE MANSARDA - VELUX PVC (cu rezistenta ridicata la umezeala);MK10;Fereastra Standard Plus - GLU - 0061 (3 foi de sticla) - 78*160;;;buc;;679.00;discount oferit in lista: 15.00%
12. VELUX;FERESTRE DE MANSARDA - VELUX PVC (cu rezistenta ridicata la umezeala);MK10;Fereastra Premium - GGU - 0068 ( 3 foi de sticla ) - 78*160;;;buc;;1013.00;discount oferit in lista: 15.00%
12. VELUX;FERESTRE DE MANSARDA - VELUX PVC (cu rezistenta ridicata la umezeala);MK10;Rama EDW 2000 (invelitori ondulate) cu Kit BDX2000 - 78*160;;;buc;;177.00;discount oferit in lista: 15.00%
12. VELUX;FERESTRE DE MANSARDA - VELUX PVC (cu rezistenta ridicata la umezeala);MK10;Rama EDS 2000 (invelitori plate) cu Kit BDX2000 - 78*160;;;buc;;177.00;discount oferit in lista: 15.00%
12. VELUX;FERESTRE DE MANSARDA - VELUX PVC (cu rezistenta ridicata la umezeala);MK10;Rama EDQ 2000 (invelitori faltuite) cu Kit BDX2000 - 78*160;;;buc;;177.00;discount oferit in lista: 15.00%
12. VELUX;FERESTRE DE MANSARDA - VELUX PVC (cu rezistenta ridicata la umezeala);PK06;Fereastra Standard Plus - GLU - 0061 (3 foi de sticla) - 94*118;;;buc;;;indisponibil, discount oferit in lista: 15.00%
12. VELUX;FERESTRE DE MANSARDA - VELUX PVC (cu rezistenta ridicata la umezeala);PK06;Fereastra Premium - GGU - 0068 ( 3 foi de sticla ) - 94*118;;;buc;;956.00;discount oferit in lista: 15.00%
12. VELUX;FERESTRE DE MANSARDA - VELUX PVC (cu rezistenta ridicata la umezeala);PK06;Rama EDW 2000 (invelitori ondulate) cu Kit BDX2000 - 94*118;;;buc;;171.00;discount oferit in lista: 15.00%
12. VELUX;FERESTRE DE MANSARDA - VELUX PVC (cu rezistenta ridicata la umezeala);PK06;Rama EDS 2000 (invelitori plate) cu Kit BDX2000 - 94*118;;;buc;;171.00;discount oferit in lista: 15.00%
12. VELUX;FERESTRE DE MANSARDA - VELUX PVC (cu rezistenta ridicata la umezeala);PK06;Rama EDQ 2000 (invelitori faltuite) cu Kit BDX2000 - 94*118;;;buc;;171.00;discount oferit in lista: 15.00%
12. VELUX;FERESTRE DE MANSARDA - VELUX PVC (cu rezistenta ridicata la umezeala);PK08;Fereastra Standard Plus - GLU - 0061 (3 foi de sticla) - 94*140;;;buc;;685.00;discount oferit in lista: 15.00%
12. VELUX;FERESTRE DE MANSARDA - VELUX PVC (cu rezistenta ridicata la umezeala);PK08;Fereastra Premium - GGU - 0068 ( 3 foi de sticla ) - 94*140;;;buc;;1021.00;discount oferit in lista: 15.00%
12. VELUX;FERESTRE DE MANSARDA - VELUX PVC (cu rezistenta ridicata la umezeala);PK08;Rama EDW 2000 (invelitori ondulate) cu Kit BDX2000 - 94*140;;;buc;;180.00;discount oferit in lista: 15.00%
12. VELUX;FERESTRE DE MANSARDA - VELUX PVC (cu rezistenta ridicata la umezeala);PK08;Rama EDS 2000 (invelitori plate) cu Kit BDX2000 - 94*140;;;buc;;180.00;discount oferit in lista: 15.00%
12. VELUX;FERESTRE DE MANSARDA - VELUX PVC (cu rezistenta ridicata la umezeala);PK08;Rama EDQ 2000 (invelitori faltuite) cu Kit BDX2000 - 94*140;;;buc;;180.00;discount oferit in lista: 15.00%
12. VELUX;FERESTRE DE MANSARDA - VELUX PVC (cu rezistenta ridicata la umezeala);SK06;Fereastra Standard Plus - GLU - 0061 (3 foi de sticla) - 114*118;;;buc;;;indisponibil, discount oferit in lista: 15.00%
12. VELUX;FERESTRE DE MANSARDA - VELUX PVC (cu rezistenta ridicata la umezeala);SK06;Fereastra Premium - GGU - 0068 ( 3 foi de sticla ) - 114*118;;;buc;;1005.00;discount oferit in lista: 15.00%
12. VELUX;FERESTRE DE MANSARDA - VELUX PVC (cu rezistenta ridicata la umezeala);SK06;Rama EDW 2000 (invelitori ondulate) cu Kit BDX2000 - 114*118;;;buc;;178.00;discount oferit in lista: 15.00%
12. VELUX;FERESTRE DE MANSARDA - VELUX PVC (cu rezistenta ridicata la umezeala);SK06;Rama EDS 2000 (invelitori plate) cu Kit BDX2000 - 114*118;;;buc;;178.00;discount oferit in lista: 15.00%
12. VELUX;FERESTRE DE MANSARDA - VELUX PVC (cu rezistenta ridicata la umezeala);SK06;Rama EDQ 2000 (invelitori faltuite) cu Kit BDX2000 - 114*118;;;buc;;178.00;discount oferit in lista: 15.00%
12. VELUX;FERESTRE DE MANSARDA - VELUX PVC (cu rezistenta ridicata la umezeala);SK08;Fereastra Standard Plus - GLU - 0061 (3 foi de sticla) - 114*140;;;buc;;750.00;discount oferit in lista: 15.00%
12. VELUX;FERESTRE DE MANSARDA - VELUX PVC (cu rezistenta ridicata la umezeala);SK08;Fereastra Premium - GGU - 0068 ( 3 foi de sticla ) - 114*140;;;buc;;1120.00;discount oferit in lista: 15.00%
12. VELUX;FERESTRE DE MANSARDA - VELUX PVC (cu rezistenta ridicata la umezeala);SK08;Rama EDW 2000 (invelitori ondulate) cu Kit BDX2000 - 114*140;;;buc;;189.00;discount oferit in lista: 15.00%
12. VELUX;FERESTRE DE MANSARDA - VELUX PVC (cu rezistenta ridicata la umezeala);SK08;Rama EDS 2000 (invelitori plate) cu Kit BDX2000 - 114*140;;;buc;;189.00;discount oferit in lista: 15.00%
12. VELUX;FERESTRE DE MANSARDA - VELUX PVC (cu rezistenta ridicata la umezeala);SK08;Rama EDQ 2000 (invelitori faltuite) cu Kit BDX2000 - 114*140;;;buc;;189.00;discount oferit in lista: 15.00%
12. VELUX;FERESTRE LUMINATOARE PENTRU POD - VELUX (VLT);;Luminator pod - VLT 1000 - 45*55;;;buc;;124.00;discount oferit in lista: 5.00%
12. VELUX;FERESTRE LUMINATOARE PENTRU POD - VELUX (VLT);;Luminator pod - VLT 1000 - 46*73;;;buc;;136.00;discount oferit in lista: 5.00%
