categorie;cod_articol;denumire;um;pret_unitar_fara_tva_lei;din_care_material;din_care_manopera;din_care_utilaj;din_care_transport;sursa_document;data_document;autor_sau_beneficiar;id_drive
betoane / armaturi / cofraje / mortare;CJ05B1 [4];ANCADRAMENTE FIBROCIMENT 15MM GROSIME CU NAS DE 3 CM;mp;487,47;414,14;73,08;0,25;0,00;"9.2. OFERTA V1 REV CU VALORI PTDE.pdf – F3 cu valori (Spital paliatie, desfiintare C1-C3 si construire); pret direct fara CI/profit";2026-07-06;Proiectant S.C. Tanari Arhitect SRL / Beneficiar ACTIS (Asoc. Comunitara pt. Dezv. Intrepr. Sociale);1LARNS5Adn3FbJ7styKw3LZrEBoluKomc
betoane / armaturi / cofraje / mortare;;Armatura BST500C pentru platforma din beton armat (articol global, furnizare+executie);kg;6,50;;;;;Liste cantitati de lucrari.pdf – F3 cu valori, cat. Rezistenta (stocare energie parc fotovoltaic);2026-09-21;Proiectant SC Ogaus Technology SRL / Beneficiar Comuna Galbinasi;1Pkc-tOjidHMsOUDK1B8pxyq5dmS7om08
betoane / armaturi / cofraje / mortare;;Armatura din plasa sudata 6/100x100 (articol global, furnizare+executie);kg;6,50;;;;;Liste cantitati de lucrari.pdf – F3 cu valori, cat. Rezistenta (stocare energie parc fotovoltaic);2026-09-21;Proiectant SC Ogaus Technology SRL / Beneficiar Comuna Galbinasi;1Pkc-tOjidHMsOUDK1B8pxyq5dmS7om08
betoane / armaturi / cofraje / mortare;RMA12B;"Armaturi din beton - BST 500 S clasa de ductibilitate ""C"" - executate pe tronsoane limitate intre 1-3 m, cu petrecerea armaturilor conform normativelor in vigoare (fasonat si montat) la fundatii";kg;11,53;3,97;7,56;0,00;0,00;"Deviz oferta.pdf – F3 oferta eDevize (restaurare biserica); pret direct, la care se adauga CAM 2,25% man., CI 10%, profit 5%";2025-06-17;Executant SC Aurora Inconstruct SRL / Beneficiar Biserica Sf. Imp. Constantin si Elena;1rue0Jaajr2kNvdWBeV5ZObPL36nPRRQk
betoane / armaturi / cofraje / mortare;RMA13B;"Armaturi din otrel beton - BST 500 S clasa de ductibilitate ""C"" - la elemente de consolidare puternic solicitate, inclusiv armaturile coloanelor forate";kg;10,93;4,00;6,93;0,00;0,00;"Deviz oferta.pdf – F3 oferta eDevize (restaurare biserica); pret direct, la care se adauga CAM 2,25% man., CI 10%, profit 5%";2025-06-17;Executant SC Aurora Inconstruct SRL / Beneficiar Biserica Sf. Imp. Constantin si Elena;1rue0Jaajr2kNvdWBeV5ZObPL36nPRRQk
betoane / armaturi / cofraje / mortare;IA18A1#;Armaturi fine pentru cazanele de incalzire centrala... termometru (drept sau coltar) cu aparatoare sau termometru cu scala rotunda;buc;210,69;203,34;7,34;0,00;0,00;"Deviz oferta.pdf – F3 oferta eDevize (restaurare biserica); pret direct, la care se adauga CAM 2,25% man., CI 10%, profit 5%";2025-06-17;Executant SC Aurora Inconstruct SRL / Beneficiar Biserica Sf. Imp. Constantin si Elena;1rue0Jaajr2kNvdWBeV5ZObPL36nPRRQk
betoane / armaturi / cofraje / mortare;2100969;BETON DE CIMENT B 250 STAS 3622 [resursa material];MC;435,50;435,50;;;;"9.2. OFERTA V1 REV CU VALORI PTDE.pdf – F3 cu valori (Spital paliatie, desfiintare C1-C3 si construire); pret direct fara CI/profit";2026-07-06;Proiectant S.C. Tanari Arhitect SRL / Beneficiar ACTIS (Asoc. Comunitara pt. Dezv. Intrepr. Sociale);1LARNS5Adn3FbJ7styKw3LZrEBoluKomc
betoane / armaturi / cofraje / mortare;ACD04A08^;Bazine vidanjabile de tip Alfa Ecologic, din poliesteti armati cu fibra de sticla (PAFS), cu volum de 26 mc, pentru zone fara canalizare;buc;34794,95;34067,06;127,89;600,00;0,00;"9.2. OFERTA V1 REV CU VALORI PTDE.pdf – F3 cu valori (Spital paliatie, desfiintare C1-C3 si construire); pret direct fara CI/profit";2026-07-06;Proiectant S.C. Tanari Arhitect SRL / Beneficiar ACTIS (Asoc. Comunitara pt. Dezv. Intrepr. Sociale);1LARNS5Adn3FbJ7styKw3LZrEBoluKomc
betoane / armaturi / cofraje / mortare;;Beton C25/30 pentru platforma (articol global, furnizare+executie);mc;350,00;;;;;Liste cantitati de lucrari.pdf – F3 cu valori, cat. Rezistenta (stocare energie parc fotovoltaic);2026-09-21;Proiectant SC Ogaus Technology SRL / Beneficiar Comuna Galbinasi;1Pkc-tOjidHMsOUDK1B8pxyq5dmS7om08
betoane / armaturi / cofraje / mortare;RMA03A;Beton armat clasa C16/20 turnat in elemente de subzidire sau consolidari de fundatii, in conditii speciale, spatii restranse, pe tronsoane si etape de lucru, inclusiv ancorajele coloanelor fora6te si placa de pardoseala;mc;566,89;339,90;188,99;38,00;0,00;"Deviz oferta.pdf – F3 oferta eDevize (restaurare biserica); pret direct, la care se adauga CAM 2,25% man., CI 10%, profit 5%";2025-06-17;Executant SC Aurora Inconstruct SRL / Beneficiar Biserica Sf. Imp. Constantin si Elena;1rue0Jaajr2kNvdWBeV5ZObPL36nPRRQk
betoane / armaturi / cofraje / mortare;RMA04A;Beton armat cls. C 20/25 turnat in elemente de consolidare inscrise in santuri, sau locase sapate in grosimea zidurilor;mc;665,94;375,95;251,99;38,00;0,00;"Deviz oferta.pdf – F3 oferta eDevize (restaurare biserica); pret direct, la care se adauga CAM 2,25% man., CI 10%, profit 5%";2025-06-17;Executant SC Aurora Inconstruct SRL / Beneficiar Biserica Sf. Imp. Constantin si Elena;1rue0Jaajr2kNvdWBeV5ZObPL36nPRRQk
betoane / armaturi / cofraje / mortare;RMA04A;Beton armat cls. C 20/25 turnat in elemente de consolidare inscrise in santuri, sau locase sapate in grosimea zidurilor si pentru consolidarea turlei;mc;665,94;375,95;251,99;38,00;0,00;"Deviz oferta.pdf – F3 oferta eDevize (restaurare biserica); pret direct, la care se adauga CAM 2,25% man., CI 10%, profit 5%";2025-06-17;Executant SC Aurora Inconstruct SRL / Beneficiar Biserica Sf. Imp. Constantin si Elena;1rue0Jaajr2kNvdWBeV5ZObPL36nPRRQk
betoane / armaturi / cofraje / mortare;2100957;Beton de ciment B 200-BC-15 stas 3622 [resursa material];mc;360,00;360,00;;;;"Deviz oferta.pdf – F3 oferta eDevize (restaurare biserica); pret direct, la care se adauga CAM 2,25% man., CI 10%, profit 5%";2025-06-17;Executant SC Aurora Inconstruct SRL / Beneficiar Biserica Sf. Imp. Constantin si Elena;1rue0Jaajr2kNvdWBeV5ZObPL36nPRRQk
betoane / armaturi / cofraje / mortare;H2Z01A1 [1];Beton impermeabilizat / trotuar beton slab armat;mc;299,60;256,76;15,95;26,89;0,00;"9.2. OFERTA V1 REV CU VALORI PTDE.pdf – F3 cu valori (Spital paliatie, desfiintare C1-C3 si construire); pret direct fara CI/profit";2026-07-06;Proiectant S.C. Tanari Arhitect SRL / Beneficiar ACTIS (Asoc. Comunitara pt. Dezv. Intrepr. Sociale);1LARNS5Adn3FbJ7styKw3LZrEBoluKomc
betoane / armaturi / cofraje / mortare;20019248;Beton marfa C 20/25 – Bc 25 (B 350) T3/T4 f 31 cu aditiv 2 Diafragme [resursa material];mc;437,05;437,05;;;;"9.2. OFERTA V1 REV CU VALORI PTDE.pdf – F3 cu valori (Spital paliatie, desfiintare C1-C3 si construire); pret direct fara CI/profit";2026-07-06;Proiectant S.C. Tanari Arhitect SRL / Beneficiar ACTIS (Asoc. Comunitara pt. Dezv. Intrepr. Sociale);1LARNS5Adn3FbJ7styKw3LZrEBoluKomc
betoane / armaturi / cofraje / mortare;20019248;Beton marfa C 20/25 – Bc 25 (B 350) T3/T4 f 31 cu aditiv 4 Plansee, scari interioare si exterioare, atic [resursa material];mc;437,05;437,05;;;;"9.2. OFERTA V1 REV CU VALORI PTDE.pdf – F3 cu valori (Spital paliatie, desfiintare C1-C3 si construire); pret direct fara CI/profit";2026-07-06;Proiectant S.C. Tanari Arhitect SRL / Beneficiar ACTIS (Asoc. Comunitara pt. Dezv. Intrepr. Sociale);1LARNS5Adn3FbJ7styKw3LZrEBoluKomc
betoane / armaturi / cofraje / mortare;20019248;Beton marfa C 20/25 – Bc 25 (B 350) T3/T4 f 31 cu aditiv [resursa material];mc;437,05;437,05;;;;"9.2. OFERTA V1 REV CU VALORI PTDE.pdf – F3 cu valori (Spital paliatie, desfiintare C1-C3 si construire); pret direct fara CI/profit";2026-07-06;Proiectant S.C. Tanari Arhitect SRL / Beneficiar ACTIS (Asoc. Comunitara pt. Dezv. Intrepr. Sociale);1LARNS5Adn3FbJ7styKw3LZrEBoluKomc
betoane / armaturi / cofraje / mortare;20019283;Beton marfa C25/30 T3/T4 H II/A-S 32,5 R 16 ( B400 ) [resursa material];mc;456,07;456,07;;;;"9.2. OFERTA V1 REV CU VALORI PTDE.pdf – F3 cu valori (Spital paliatie, desfiintare C1-C3 si construire); pret direct fara CI/profit";2026-07-06;Proiectant S.C. Tanari Arhitect SRL / Beneficiar ACTIS (Asoc. Comunitara pt. Dezv. Intrepr. Sociale);1LARNS5Adn3FbJ7styKw3LZrEBoluKomc
betoane / armaturi / cofraje / mortare;2100910;Beton marfa clasa C 10/8 ( BC10/B150) [resursa material];mc;284,43;284,43;;;;"9.2. OFERTA V1 REV CU VALORI PTDE.pdf – F3 cu valori (Spital paliatie, desfiintare C1-C3 si construire); pret direct fara CI/profit";2026-07-06;Proiectant S.C. Tanari Arhitect SRL / Beneficiar ACTIS (Asoc. Comunitara pt. Dezv. Intrepr. Sociale);1LARNS5Adn3FbJ7styKw3LZrEBoluKomc
betoane / armaturi / cofraje / mortare;2100912;Beton marfa clasa C 20/16 ( BC20/B250) [resursa material];mc;309,80;309,80;;;;"9.2. OFERTA V1 REV CU VALORI PTDE.pdf – F3 cu valori (Spital paliatie, desfiintare C1-C3 si construire); pret direct fara CI/profit";2026-07-06;Proiectant S.C. Tanari Arhitect SRL / Beneficiar ACTIS (Asoc. Comunitara pt. Dezv. Intrepr. Sociale);1LARNS5Adn3FbJ7styKw3LZrEBoluKomc
betoane / armaturi / cofraje / mortare;RMA02A;Beton simplu clasa C 8/10 turnat egalizari, plombe locale la fundatii, goluri sau caverne;mc;522,40;295,41;188,99;38,00;0,00;"Deviz oferta.pdf – F3 oferta eDevize (restaurare biserica); pret direct, la care se adauga CAM 2,25% man., CI 10%, profit 5%";2025-06-17;Executant SC Aurora Inconstruct SRL / Beneficiar Biserica Sf. Imp. Constantin si Elena;1rue0Jaajr2kNvdWBeV5ZObPL36nPRRQk
betoane / armaturi / cofraje / mortare;CA02B#;Beton simplu turnat in egalizari, pante, sape la inaltimi pana la 35 m inclusiv...preparare cu centrala de betoane si turnare cu mijloace clasice beton clasa C10/8 (Bc 10/B 150);mc;447,75;314,35;133,40;0,00;0,00;"9.2. OFERTA V1 REV CU VALORI PTDE.pdf – F3 cu valori (Spital paliatie, desfiintare C1-C3 si construire); pret direct fara CI/profit";2026-07-06;Proiectant S.C. Tanari Arhitect SRL / Beneficiar ACTIS (Asoc. Comunitara pt. Dezv. Intrepr. Sociale);1LARNS5Adn3FbJ7styKw3LZrEBoluKomc
betoane / armaturi / cofraje / mortare;2800246;Bordura beton pentru trotuare 1000x250x200 a1 s 1139 [resursa material];m;25,74;25,74;;;;"9.2. OFERTA V1 REV CU VALORI PTDE.pdf – F3 cu valori (Spital paliatie, desfiintare C1-C3 si construire); pret direct fara CI/profit";2026-07-06;Proiectant S.C. Tanari Arhitect SRL / Beneficiar ACTIS (Asoc. Comunitara pt. Dezv. Intrepr. Sociale);1LARNS5Adn3FbJ7styKw3LZrEBoluKomc
betoane / armaturi / cofraje / mortare;2800246;Bordura beton pentru trotuare [resursa material];m;55,00;55,00;;;;"Deviz oferta.pdf – F3 oferta eDevize (restaurare biserica); pret direct, la care se adauga CAM 2,25% man., CI 10%, profit 5%";2025-06-17;Executant SC Aurora Inconstruct SRL / Beneficiar Biserica Sf. Imp. Constantin si Elena;1rue0Jaajr2kNvdWBeV5ZObPL36nPRRQk
betoane / armaturi / cofraje / mortare;DE08XA;Borduri din piatra pentru trotuare avind dimensiunile 30X25 pe fundatii de beton 35X15 cm;m;107,55;44,99;61,74;0,82;0,00;"Deviz oferta.pdf – F3 oferta eDevize (restaurare biserica); pret direct, la care se adauga CAM 2,25% man., CI 10%, profit 5%";2025-06-17;Executant SC Aurora Inconstruct SRL / Beneficiar Biserica Sf. Imp. Constantin si Elena;1rue0Jaajr2kNvdWBeV5ZObPL36nPRRQk
betoane / armaturi / cofraje / mortare;CO03A#;Borduri pentru trotuare asezate pe mortar poza m 100-T...,5 cm, pe fundatie beton c 5/4 (b 75) cca. 15 cm, rosturi umplute cu mortar;m;38,85;15,95;20,30;2,60;0,00;"9.2. OFERTA V1 REV CU VALORI PTDE.pdf – F3 cu valori (Spital paliatie, desfiintare C1-C3 si construire); pret direct fara CI/profit";2026-07-06;Proiectant S.C. Tanari Arhitect SRL / Beneficiar ACTIS (Asoc. Comunitara pt. Dezv. Intrepr. Sociale);1LARNS5Adn3FbJ7styKw3LZrEBoluKomc
betoane / armaturi / cofraje / mortare;DE10A1;Borduri prefabricate din beton pt trotuare 20 X 25 cm, pe fundatie din beton 30 X 15 cm;m;92,01;54,83;37,18;0,00;0,00;"Deviz oferta.pdf – F3 oferta eDevize (restaurare biserica); pret direct, la care se adauga CAM 2,25% man., CI 10%, profit 5%";2025-06-17;Executant SC Aurora Inconstruct SRL / Beneficiar Biserica Sf. Imp. Constantin si Elena;1rue0Jaajr2kNvdWBeV5ZObPL36nPRRQk
betoane / armaturi / cofraje / mortare;IC40D1#;Bratara pentru fixarea conductelor din otel... pana la 1 inci inclusiv pentru instalatii de incalzire centrala sau gaze montata prin dibluri cu expandare pe zid beton;buc;23,09;5,99;15,76;1,35;0,00;"Deviz oferta.pdf – F3 oferta eDevize (restaurare biserica); pret direct, la care se adauga CAM 2,25% man., CI 10%, profit 5%";2025-06-17;Executant SC Aurora Inconstruct SRL / Beneficiar Biserica Sf. Imp. Constantin si Elena;1rue0Jaajr2kNvdWBeV5ZObPL36nPRRQk
betoane / armaturi / cofraje / mortare;IC40D1#;Bratara pentru fixarea conductelor din otel... pana la 1 inci inclusiv pentru instalatii de incalzire centrala sau gaze montata prin dibluri cu expandare pe zid beton;buc;24,48;7,38;15,76;1,35;0,00;"Deviz oferta.pdf – F3 oferta eDevize (restaurare biserica); pret direct, la care se adauga CAM 2,25% man., CI 10%, profit 5%";2025-06-17;Executant SC Aurora Inconstruct SRL / Beneficiar Biserica Sf. Imp. Constantin si Elena;1rue0Jaajr2kNvdWBeV5ZObPL36nPRRQk
betoane / armaturi / cofraje / mortare;IC40D1#;Bratara pentru fixarea conductelor din otel... pana la 1 inci inclusiv pentru instalatii de incalzire centrala sau gaze montata prin dibluri cu expandare pe zid beton;buc;24,36;7,25;15,76;1,35;0,00;"Deviz oferta.pdf – F3 oferta eDevize (restaurare biserica); pret direct, la care se adauga CAM 2,25% man., CI 10%, profit 5%";2025-06-17;Executant SC Aurora Inconstruct SRL / Beneficiar Biserica Sf. Imp. Constantin si Elena;1rue0Jaajr2kNvdWBeV5ZObPL36nPRRQk
betoane / armaturi / cofraje / mortare;IC40D1#;Bratara pentru fixarea conductelor din otel... pana la 1 inci inclusiv pentru instalatii de incalzire centrala sau gaze montata prin dibluri cu expandare pe zid beton;buc;22,95;5,85;15,76;1,35;0,00;"Deviz oferta.pdf – F3 oferta eDevize (restaurare biserica); pret direct, la care se adauga CAM 2,25% man., CI 10%, profit 5%";2025-06-17;Executant SC Aurora Inconstruct SRL / Beneficiar Biserica Sf. Imp. Constantin si Elena;1rue0Jaajr2kNvdWBeV5ZObPL36nPRRQk
betoane / armaturi / cofraje / mortare;IC40D1#;Bratara pentru fixarea conductelor din otel... pana la 1 inci inclusiv pentru instalatii de incalzire centrala sau gaze montata prin dibluri cu expandare pe zid beton;buc;24,35;7,25;15,76;1,35;0,00;"Deviz oferta.pdf – F3 oferta eDevize (restaurare biserica); pret direct, la care se adauga CAM 2,25% man., CI 10%, profit 5%";2025-06-17;Executant SC Aurora Inconstruct SRL / Beneficiar Biserica Sf. Imp. Constantin si Elena;1rue0Jaajr2kNvdWBeV5ZObPL36nPRRQk
betoane / armaturi / cofraje / mortare;CZ0301E1;CONFECT.ARMAT.FASONARE BARE PT.FUNDATII IZOL.CONTINUI SI RADIERE IN ATEL.CENT.PC 52 D=10- 16 MM;kg;5,47;4,59;0,73;0,16;0,00;"9.2. OFERTA V1 REV CU VALORI PTDE.pdf – F3 cu valori (Spital paliatie, desfiintare C1-C3 si construire); pret direct fara CI/profit";2026-07-06;Proiectant S.C. Tanari Arhitect SRL / Beneficiar ACTIS (Asoc. Comunitara pt. Dezv. Intrepr. Sociale);1LARNS5Adn3FbJ7styKw3LZrEBoluKomc
betoane / armaturi / cofraje / mortare;CZ0301F-;CONFECTIONAT ARMATURI BST500C BST500C, IN ATELIERE CENTRALIZATE;kg;5,46;4,59;0,70;0,18;0,00;"9.2. OFERTA V1 REV CU VALORI PTDE.pdf – F3 cu valori (Spital paliatie, desfiintare C1-C3 si construire); pret direct fara CI/profit";2026-07-06;Proiectant S.C. Tanari Arhitect SRL / Beneficiar ACTIS (Asoc. Comunitara pt. Dezv. Intrepr. Sociale);1LARNS5Adn3FbJ7styKw3LZrEBoluKomc
betoane / armaturi / cofraje / mortare;AcD104A01;Camin colector V150, + [1] Lxlxh=50x18.5x61 cm, cu lumina 150mm, din beton cu polimeri, cu granitura de etansare DN150, amprenta pentru imbinare in colt, T sau;buc;67,18;64,86;2,32;0,00;0,00;"9.2. OFERTA V1 REV CU VALORI PTDE.pdf – F3 cu valori (Spital paliatie, desfiintare C1-C3 si construire); pret direct fara CI/profit";2026-07-06;Proiectant S.C. Tanari Arhitect SRL / Beneficiar ACTIS (Asoc. Comunitara pt. Dezv. Intrepr. Sociale);1LARNS5Adn3FbJ7styKw3LZrEBoluKomc
betoane / armaturi / cofraje / mortare;ACD08H1;Camin vane beton mon. sect. circ. pr. tip 1785-2 di 1,25 m. h... 2,0 fara apa subterana carosabil;buc;10233,71;1013,26;9186,73;33,72;0,00;"Deviz oferta.pdf – F3 oferta eDevize (restaurare biserica); pret direct, la care se adauga CAM 2,25% man., CI 10%, profit 5%";2025-06-17;Executant SC Aurora Inconstruct SRL / Beneficiar Biserica Sf. Imp. Constantin si Elena;1rue0Jaajr2kNvdWBeV5ZObPL36nPRRQk
betoane / armaturi / cofraje / mortare;;Carotari si strapungeri placa de beton si traversare elemente de compartimentare;buc;76,50;;;;;"Oferta SD-6 409-E Hotel PIETROASA (Climatronic) – foaia Cap.6-Circuite hidraulice; 15 EUR x 5,1";2025-09-01;Ofertant Climatronic SRL / Beneficiar Hotel Pietroasa SA Buzau;1ne-s6Ae1aOu82-H0kXysRaOdfZGkZ7l7
betoane / armaturi / cofraje / mortare;CB03XF;Cofraje din panouri refol.cu placaj de 15cm pt.turn.bet.in stilpi si cadre la cons.cu inal.pina 20 m;mp;52,24;15,99;36,25;0,00;0,00;"9.2. OFERTA V1 REV CU VALORI PTDE.pdf – F3 cu valori (Spital paliatie, desfiintare C1-C3 si construire); pret direct fara CI/profit";2026-07-06;Proiectant S.C. Tanari Arhitect SRL / Beneficiar ACTIS (Asoc. Comunitara pt. Dezv. Intrepr. Sociale);1LARNS5Adn3FbJ7styKw3LZrEBoluKomc
betoane / armaturi / cofraje / mortare;IC44A1#;"Confectionarea montarea si cimentarea tevii de protectie la trecerea conductelor prin ziduri... 1"" - 2""";buc;31,13;5,93;25,20;0,00;0,00;"Deviz oferta.pdf – F3 oferta eDevize (restaurare biserica); pret direct, la care se adauga CAM 2,25% man., CI 10%, profit 5%";2025-06-17;Executant SC Aurora Inconstruct SRL / Beneficiar Biserica Sf. Imp. Constantin si Elena;1rue0Jaajr2kNvdWBeV5ZObPL36nPRRQk
betoane / armaturi / cofraje / mortare;IC44B1#;"Confectionarea montarea si cimentarea tevii de protectie la trecerea conductelor prin ziduri... 2 1/2"" - 4""";buc;60,84;34,59;26,25;0,00;0,00;"Deviz oferta.pdf – F3 oferta eDevize (restaurare biserica); pret direct, la care se adauga CAM 2,25% man., CI 10%, profit 5%";2025-06-17;Executant SC Aurora Inconstruct SRL / Beneficiar Biserica Sf. Imp. Constantin si Elena;1rue0Jaajr2kNvdWBeV5ZObPL36nPRRQk
betoane / armaturi / cofraje / mortare;IC44B1#;"Confectionarea montarea si cimentarea tevii de protectie la trecerea conductelor prin ziduri... 2 1/2"" - 4""";buc;58,53;32,28;26,25;0,00;0,00;"Deviz oferta.pdf – F3 oferta eDevize (restaurare biserica); pret direct, la care se adauga CAM 2,25% man., CI 10%, profit 5%";2025-06-17;Executant SC Aurora Inconstruct SRL / Beneficiar Biserica Sf. Imp. Constantin si Elena;1rue0Jaajr2kNvdWBeV5ZObPL36nPRRQk
betoane / armaturi / cofraje / mortare;IC44A1#;"Confectionarea montarea si cimentarea tevii de protectie la trecerea conductelor prin ziduri...1"" - 2""";buc;12,45;0,85;11,60;0,00;0,00;"9.2. OFERTA V1 REV CU VALORI PTDE.pdf – F3 cu valori (Spital paliatie, desfiintare C1-C3 si construire); pret direct fara CI/profit";2026-07-06;Proiectant S.C. Tanari Arhitect SRL / Beneficiar ACTIS (Asoc. Comunitara pt. Dezv. Intrepr. Sociale);1LARNS5Adn3FbJ7styKw3LZrEBoluKomc
betoane / armaturi / cofraje / mortare;IC44B1#;"Confectionarea montarea si cimentarea tevii de protectie la trecerea conductelor prin ziduri...2 1/2"" - 4""";buc;16,38;1,88;14,50;0,00;0,00;"9.2. OFERTA V1 REV CU VALORI PTDE.pdf – F3 cu valori (Spital paliatie, desfiintare C1-C3 si construire); pret direct fara CI/profit";2026-07-06;Proiectant S.C. Tanari Arhitect SRL / Beneficiar ACTIS (Asoc. Comunitara pt. Dezv. Intrepr. Sociale);1LARNS5Adn3FbJ7styKw3LZrEBoluKomc
betoane / armaturi / cofraje / mortare;RCSB21A%;Forarea mecanica a gaurilor cu diametrul=15cm, in elem.de beton, cu gros.=<20cm;buc;14,56;7,76;6,60;0,20;0,00;"Deviz oferta.pdf – F3 oferta eDevize (restaurare biserica); pret direct, la care se adauga CAM 2,25% man., CI 10%, profit 5%";2025-06-17;Executant SC Aurora Inconstruct SRL / Beneficiar Biserica Sf. Imp. Constantin si Elena;1rue0Jaajr2kNvdWBeV5ZObPL36nPRRQk
betoane / armaturi / cofraje / mortare;DA14A1;Fundatie beton ciment la strazi alei si platforme carosabile;mc;607,42;374,61;194,81;38,00;0,00;"Deviz oferta.pdf – F3 oferta eDevize (restaurare biserica); pret direct, la care se adauga CAM 2,25% man., CI 10%, profit 5%";2025-06-17;Executant SC Aurora Inconstruct SRL / Beneficiar Biserica Sf. Imp. Constantin si Elena;1rue0Jaajr2kNvdWBeV5ZObPL36nPRRQk
betoane / armaturi / cofraje / mortare;CN05A+;Grund de impregnare si consolidare pentru fatade - DEKO Grund PS 112 - utilizat pentru:...consolidarea tencuielilor exterioare din ciment, var - ciment, var - nisip,;mp;63,26;54,56;8,70;0,00;0,00;"9.2. OFERTA V1 REV CU VALORI PTDE.pdf – F3 cu valori (Spital paliatie, desfiintare C1-C3 si construire); pret direct fara CI/profit";2026-07-06;Proiectant S.C. Tanari Arhitect SRL / Beneficiar ACTIS (Asoc. Comunitara pt. Dezv. Intrepr. Sociale);1LARNS5Adn3FbJ7styKw3LZrEBoluKomc
betoane / armaturi / cofraje / mortare;RMA04A;Idem - Beton cu agregate usoare - LC200G;mc;665,94;375,95;251,99;38,00;0,00;"Deviz oferta.pdf – F3 oferta eDevize (restaurare biserica); pret direct, la care se adauga CAM 2,25% man., CI 10%, profit 5%";2025-06-17;Executant SC Aurora Inconstruct SRL / Beneficiar Biserica Sf. Imp. Constantin si Elena;1rue0Jaajr2kNvdWBeV5ZObPL36nPRRQk
betoane / armaturi / cofraje / mortare;RMA15A;Injectari fisuri, deschid. < 2 mm, zid., bolti, arce-caram. zid. gros.<= 30 cm, lapte-ciment 400 kg cim./mc;m;60,04;9,64;50,39;0,00;0,00;"Deviz oferta.pdf – F3 oferta eDevize (restaurare biserica); pret direct, la care se adauga CAM 2,25% man., CI 10%, profit 5%";2025-06-17;Executant SC Aurora Inconstruct SRL / Beneficiar Biserica Sf. Imp. Constantin si Elena;1rue0Jaajr2kNvdWBeV5ZObPL36nPRRQk
betoane / armaturi / cofraje / mortare;RMA15A;Injectari fisuri, deschid.<2mm, zid.,bolti,arce-caram.zid.gros.<=30cm, lapte-ciment 400kg cim./mc;m;40,25;0,25;40,00;0,00;0,00;5-BISERICA GARLASI-BISERICA-CU VALORI.PDF – F3 Arhitectura (SofteH, listat 12.05.2023);2023-05-12;Beneficiar Parohia/Biserica Garlasi, Buzau (deviz proiectant);1SStdo4o2D6OmwG1EnsxdCLK3tnqJIy_y
betoane / armaturi / cofraje / mortare;NL01;Izol. orizont. hidro. ex. cu bariera ch. cu bat. silicon. congel. mont. in orif. oriz. in rost. zid. (freezteq) pt. zid. de 110 cm gros. cuprinde mont. bat. congelate in gauri gata exec. si inj. mort. de ciment dupa dispersia solutiei;ml;127,73;100,00;27,73;0,00;0,00;"Deviz oferta.pdf – F3 oferta eDevize (restaurare biserica); pret direct, la care se adauga CAM 2,25% man., CI 10%, profit 5%";2025-06-17;Executant SC Aurora Inconstruct SRL / Beneficiar Biserica Sf. Imp. Constantin si Elena;1rue0Jaajr2kNvdWBeV5ZObPL36nPRRQk
betoane / armaturi / cofraje / mortare;;MN-Armaturi fine - manometru;buc;84,15;;;;;"Oferta SD-6 409-E Hotel PIETROASA (Climatronic) – foaia Cap.5- Centrala Termica; 16.5 EUR x 5,1";2025-09-01;Ofertant Climatronic SRL / Beneficiar Hotel Pietroasa SA Buzau;1ne-s6Ae1aOu82-H0kXysRaOdfZGkZ7l7
betoane / armaturi / cofraje / mortare;CC01A1 [1];MONTARE ARMATURI BST;kg;1,09;0,13;0,96;0,00;0,00;"9.2. OFERTA V1 REV CU VALORI PTDE.pdf – F3 cu valori (Spital paliatie, desfiintare C1-C3 si construire); pret direct fara CI/profit";2026-07-06;Proiectant S.C. Tanari Arhitect SRL / Beneficiar ACTIS (Asoc. Comunitara pt. Dezv. Intrepr. Sociale);1LARNS5Adn3FbJ7styKw3LZrEBoluKomc
betoane / armaturi / cofraje / mortare;CC01C1;MONTARE ARMATURI DIN OTEL BETON IN FUNDATII CONTI NUE,PLACI DE RADIERE,CU DIST DIN MASE PLASTICE;kg;0,71;0,13;0,58;0,00;0,00;"9.2. OFERTA V1 REV CU VALORI PTDE.pdf – F3 cu valori (Spital paliatie, desfiintare C1-C3 si construire); pret direct fara CI/profit";2026-07-06;Proiectant S.C. Tanari Arhitect SRL / Beneficiar ACTIS (Asoc. Comunitara pt. Dezv. Intrepr. Sociale);1LARNS5Adn3FbJ7styKw3LZrEBoluKomc
betoane / armaturi / cofraje / mortare;CL21A1;MONTAREA CONFECTIILOR METALICE DIVERSE INGLOBATE IN BETON;kg;3,82;0,05;3,77;0,00;0,00;"9.2. OFERTA V1 REV CU VALORI PTDE.pdf – F3 cu valori (Spital paliatie, desfiintare C1-C3 si construire); pret direct fara CI/profit";2026-07-06;Proiectant S.C. Tanari Arhitect SRL / Beneficiar ACTIS (Asoc. Comunitara pt. Dezv. Intrepr. Sociale);1LARNS5Adn3FbJ7styKw3LZrEBoluKomc
betoane / armaturi / cofraje / mortare;CFB23+;Masa de spaclu ptr.tencuieli de var- ciment, PutzSpachtel, tinci de nivelare, gros.3mm, permeabil la vapori, absorbtie redusa de apa, pe suport tencuieli rugoase-denivelate, aplicat pe;mp;7,54;4,64;2,90;0,00;0,00;"9.2. OFERTA V1 REV CU VALORI PTDE.pdf – F3 cu valori (Spital paliatie, desfiintare C1-C3 si construire); pret direct fara CI/profit";2026-07-06;Proiectant S.C. Tanari Arhitect SRL / Beneficiar ACTIS (Asoc. Comunitara pt. Dezv. Intrepr. Sociale);1LARNS5Adn3FbJ7styKw3LZrEBoluKomc
betoane / armaturi / cofraje / mortare;RPCU07A#;Matarea golurilor si santurilor dupa instalatii- consolidari: goluri in pereti, cu mortar de ipsos - pentru consolidari si restaurari se adauga;buc;8,38;0,22;7,87;0,28;0,00;"Deviz oferta.pdf – F3 oferta eDevize (restaurare biserica); pret direct, la care se adauga CAM 2,25% man., CI 10%, profit 5%";2025-06-17;Executant SC Aurora Inconstruct SRL / Beneficiar Biserica Sf. Imp. Constantin si Elena;1rue0Jaajr2kNvdWBeV5ZObPL36nPRRQk
betoane / armaturi / cofraje / mortare;RPCU07B%;Matarea golurilor si santurilor,dupa instalatii- consolidari: goluri in pereti, cu mortar de var-ciment;buc;28,18;0,48;27,09;0,62;0,00;"Deviz oferta.pdf – F3 oferta eDevize (restaurare biserica); pret direct, la care se adauga CAM 2,25% man., CI 10%, profit 5%";2025-06-17;Executant SC Aurora Inconstruct SRL / Beneficiar Biserica Sf. Imp. Constantin si Elena;1rue0Jaajr2kNvdWBeV5ZObPL36nPRRQk
betoane / armaturi / cofraje / mortare;CC02F1;Montarea armaturilor din otel-beton în elemente de constructii, exclusiv cele din constructiile executate în cofraje glisante la constructii executate la o înaltime pâna la 35 m inclusiv, din;kg;1,08;0,18;0,90;0,00;0,00;"9.2. OFERTA V1 REV CU VALORI PTDE.pdf – F3 cu valori (Spital paliatie, desfiintare C1-C3 si construire); pret direct fara CI/profit";2026-07-06;Proiectant S.C. Tanari Arhitect SRL / Beneficiar ACTIS (Asoc. Comunitara pt. Dezv. Intrepr. Sociale);1LARNS5Adn3FbJ7styKw3LZrEBoluKomc
betoane / armaturi / cofraje / mortare;21011450;Mortar M 100 [resursa material];mc;450,00;450,00;;;;"Deviz oferta.pdf – F3 oferta eDevize (restaurare biserica); pret direct, la care se adauga CAM 2,25% man., CI 10%, profit 5%";2025-06-17;Executant SC Aurora Inconstruct SRL / Beneficiar Biserica Sf. Imp. Constantin si Elena;1rue0Jaajr2kNvdWBeV5ZObPL36nPRRQk
betoane / armaturi / cofraje / mortare;2101127;Mortar pentru tencuiala universala alba cu aplicare manuala [resursa material];kg;2,16;2,16;;;;"9.2. OFERTA V1 REV CU VALORI PTDE.pdf – F3 cu valori (Spital paliatie, desfiintare C1-C3 si construire); pret direct fara CI/profit";2026-07-06;Proiectant S.C. Tanari Arhitect SRL / Beneficiar ACTIS (Asoc. Comunitara pt. Dezv. Intrepr. Sociale);1LARNS5Adn3FbJ7styKw3LZrEBoluKomc
betoane / armaturi / cofraje / mortare;DB02A#;Pavaj cu mat.de pavaj cal.i - calupuri, asezate pe 1 strat de nisip;mp;110,22;;;;;"9.2. OFERTA V1 REV CU VALORI PTDE.pdf – F3 cu valori (Spital paliatie, desfiintare C1-C3 si construire); pret direct fara CI/profit";2026-07-06;Proiectant S.C. Tanari Arhitect SRL / Beneficiar ACTIS (Asoc. Comunitara pt. Dezv. Intrepr. Sociale);1LARNS5Adn3FbJ7styKw3LZrEBoluKomc
betoane / armaturi / cofraje / mortare;DB02G#;Pavaj cu mat.de pavaj cal.i - pavele abnorme, asezate pe 1 strat de nisip;mp;221,52;202,54;18,56;0,43;0,00;"9.2. OFERTA V1 REV CU VALORI PTDE.pdf – F3 cu valori (Spital paliatie, desfiintare C1-C3 si construire); pret direct fara CI/profit";2026-07-06;Proiectant S.C. Tanari Arhitect SRL / Beneficiar ACTIS (Asoc. Comunitara pt. Dezv. Intrepr. Sociale);1LARNS5Adn3FbJ7styKw3LZrEBoluKomc
betoane / armaturi / cofraje / mortare;DD03B1;Pavaj de pav abnorme exec pe un substr de mortar de ciment;mp;131,80;74,63;56,70;0,48;0,00;"Deviz oferta.pdf – F3 oferta eDevize (restaurare biserica); pret direct, la care se adauga CAM 2,25% man., CI 10%, profit 5%";2025-06-17;Executant SC Aurora Inconstruct SRL / Beneficiar Biserica Sf. Imp. Constantin si Elena;1rue0Jaajr2kNvdWBeV5ZObPL36nPRRQk
betoane / armaturi / cofraje / mortare;DB02A% [4];Pavaje cu dale rectificate de ciment 3cm;mp;100,89;78,91;20,88;1,10;0,00;"9.2. OFERTA V1 REV CU VALORI PTDE.pdf – F3 cu valori (Spital paliatie, desfiintare C1-C3 si construire); pret direct fara CI/profit";2026-07-06;Proiectant S.C. Tanari Arhitect SRL / Beneficiar ACTIS (Asoc. Comunitara pt. Dezv. Intrepr. Sociale);1LARNS5Adn3FbJ7styKw3LZrEBoluKomc
betoane / armaturi / cofraje / mortare;IC37B1#;Piese de racordare (fiinguri) cu.. 2 imbinari din pe imbinate rpin presare cu infiletare cu teava din pe armata cu diametrul exterior de 20 mm;buc;16,47;2,29;14,17;0,00;0,00;"Deviz oferta.pdf – F3 oferta eDevize (restaurare biserica); pret direct, la care se adauga CAM 2,25% man., CI 10%, profit 5%";2025-06-17;Executant SC Aurora Inconstruct SRL / Beneficiar Biserica Sf. Imp. Constantin si Elena;1rue0Jaajr2kNvdWBeV5ZObPL36nPRRQk
betoane / armaturi / cofraje / mortare;IC37C1#;Piese de racordare (fiinguri) cu.. 2 imbinari din pe imbinate rpin presare cu infiletare cu teava din pe armata cu diametrul exterior de 25 mm;buc;18,74;2,98;15,76;0,00;0,00;"Deviz oferta.pdf – F3 oferta eDevize (restaurare biserica); pret direct, la care se adauga CAM 2,25% man., CI 10%, profit 5%";2025-06-17;Executant SC Aurora Inconstruct SRL / Beneficiar Biserica Sf. Imp. Constantin si Elena;1rue0Jaajr2kNvdWBeV5ZObPL36nPRRQk
betoane / armaturi / cofraje / mortare;IC37D1#;Piese de racordare (fiinguri) cu.. 2 imbinari din pe imbinate rpin presare cu infiletare cu teava din pe armata cu diametrul exterior de 32 mm;buc;21,77;4,44;17,32;0,00;0,00;"Deviz oferta.pdf – F3 oferta eDevize (restaurare biserica); pret direct, la care se adauga CAM 2,25% man., CI 10%, profit 5%";2025-06-17;Executant SC Aurora Inconstruct SRL / Beneficiar Biserica Sf. Imp. Constantin si Elena;1rue0Jaajr2kNvdWBeV5ZObPL36nPRRQk
betoane / armaturi / cofraje / mortare;IC37B1#;Piese de racordare (fiinguri) cu... 2 imbinari din pe imbinate rpin presare cu infiletare cu teava din pe armata cu diametrul exterior de 20 mm;buc;16,43;2,25;14,17;0,00;0,00;"Deviz oferta.pdf – F3 oferta eDevize (restaurare biserica); pret direct, la care se adauga CAM 2,25% man., CI 10%, profit 5%";2025-06-17;Executant SC Aurora Inconstruct SRL / Beneficiar Biserica Sf. Imp. Constantin si Elena;1rue0Jaajr2kNvdWBeV5ZObPL36nPRRQk
betoane / armaturi / cofraje / mortare;IC37B1#;Piese de racordare (fiinguri) cu... 2 imbinari din pe imbinate rpin presare cu infiletare cu teava din pe armata cu diametrul exterior de 20 mm;buc;19,87;5,69;14,17;0,00;0,00;"Deviz oferta.pdf – F3 oferta eDevize (restaurare biserica); pret direct, la care se adauga CAM 2,25% man., CI 10%, profit 5%";2025-06-17;Executant SC Aurora Inconstruct SRL / Beneficiar Biserica Sf. Imp. Constantin si Elena;1rue0Jaajr2kNvdWBeV5ZObPL36nPRRQk
betoane / armaturi / cofraje / mortare;IC37B1#;Piese de racordare (fiinguri) cu... 2 imbinari din pe imbinate rpin presare cu infiletare cu teava din pe armata cu diametrul exterior de 20 mm;buc;19,77;5,59;14,17;0,00;0,00;"Deviz oferta.pdf – F3 oferta eDevize (restaurare biserica); pret direct, la care se adauga CAM 2,25% man., CI 10%, profit 5%";2025-06-17;Executant SC Aurora Inconstruct SRL / Beneficiar Biserica Sf. Imp. Constantin si Elena;1rue0Jaajr2kNvdWBeV5ZObPL36nPRRQk
betoane / armaturi / cofraje / mortare;IC37C1#;Piese de racordare (fiinguri) cu... 2 imbinari din pe imbinate rpin presare cu infiletare cu teava din pe armata cu diametrul exterior de 25 mm;buc;18,66;2,91;15,76;0,00;0,00;"Deviz oferta.pdf – F3 oferta eDevize (restaurare biserica); pret direct, la care se adauga CAM 2,25% man., CI 10%, profit 5%";2025-06-17;Executant SC Aurora Inconstruct SRL / Beneficiar Biserica Sf. Imp. Constantin si Elena;1rue0Jaajr2kNvdWBeV5ZObPL36nPRRQk
betoane / armaturi / cofraje / mortare;IC37C1#;Piese de racordare (fiinguri) cu... 2 imbinari din pe imbinate rpin presare cu infiletare cu teava din pe armata cu diametrul exterior de 25 mm;buc;24,14;8,38;15,76;0,00;0,00;"Deviz oferta.pdf – F3 oferta eDevize (restaurare biserica); pret direct, la care se adauga CAM 2,25% man., CI 10%, profit 5%";2025-06-17;Executant SC Aurora Inconstruct SRL / Beneficiar Biserica Sf. Imp. Constantin si Elena;1rue0Jaajr2kNvdWBeV5ZObPL36nPRRQk
betoane / armaturi / cofraje / mortare;IC37C1#;Piese de racordare (fiinguri) cu... 2 imbinari din pe imbinate rpin presare cu infiletare cu teava din pe armata cu diametrul exterior de 25 mm;buc;28,10;12,34;15,76;0,00;0,00;"Deviz oferta.pdf – F3 oferta eDevize (restaurare biserica); pret direct, la care se adauga CAM 2,25% man., CI 10%, profit 5%";2025-06-17;Executant SC Aurora Inconstruct SRL / Beneficiar Biserica Sf. Imp. Constantin si Elena;1rue0Jaajr2kNvdWBeV5ZObPL36nPRRQk
betoane / armaturi / cofraje / mortare;IC37D1#;Piese de racordare (fiinguri) cu... 2 imbinari din pe imbinate rpin presare cu infiletare cu teava din pe armata cu diametrul exterior de 32 mm;buc;20,61;3,28;17,32;0,00;0,00;"Deviz oferta.pdf – F3 oferta eDevize (restaurare biserica); pret direct, la care se adauga CAM 2,25% man., CI 10%, profit 5%";2025-06-17;Executant SC Aurora Inconstruct SRL / Beneficiar Biserica Sf. Imp. Constantin si Elena;1rue0Jaajr2kNvdWBeV5ZObPL36nPRRQk
betoane / armaturi / cofraje / mortare;IC37D1#;Piese de racordare (fiinguri) cu... 2 imbinari din pe imbinate rpin presare cu infiletare cu teava din pe armata cu diametrul exterior de 32 mm;buc;21,91;4,58;17,32;0,00;0,00;"Deviz oferta.pdf – F3 oferta eDevize (restaurare biserica); pret direct, la care se adauga CAM 2,25% man., CI 10%, profit 5%";2025-06-17;Executant SC Aurora Inconstruct SRL / Beneficiar Biserica Sf. Imp. Constantin si Elena;1rue0Jaajr2kNvdWBeV5ZObPL36nPRRQk
betoane / armaturi / cofraje / mortare;IC37D1#;Piese de racordare (fiinguri) cu... 2 imbinari din pe imbinate rpin presare cu infiletare cu teava din pe armata cu diametrul exterior de 32 mm;buc;23,01;5,68;17,32;0,00;0,00;"Deviz oferta.pdf – F3 oferta eDevize (restaurare biserica); pret direct, la care se adauga CAM 2,25% man., CI 10%, profit 5%";2025-06-17;Executant SC Aurora Inconstruct SRL / Beneficiar Biserica Sf. Imp. Constantin si Elena;1rue0Jaajr2kNvdWBeV5ZObPL36nPRRQk
betoane / armaturi / cofraje / mortare;IC37D1#;Piese de racordare (fiinguri) cu... 2 imbinari din pe imbinate rpin presare cu infiletare cu teava din pe armata cu diametrul exterior de 32 mm;buc;69,71;52,38;17,32;0,00;0,00;"Deviz oferta.pdf – F3 oferta eDevize (restaurare biserica); pret direct, la care se adauga CAM 2,25% man., CI 10%, profit 5%";2025-06-17;Executant SC Aurora Inconstruct SRL / Beneficiar Biserica Sf. Imp. Constantin si Elena;1rue0Jaajr2kNvdWBeV5ZObPL36nPRRQk
betoane / armaturi / cofraje / mortare;IC38B1#;Piese de racordare (fiinguri) cu...2 imbinari din poliprop. imbinate rpin polifusiune cu teava din poliprop. armata cu diametrul exterior de 25 mm;buc;9,67;4,00;5,22;0,45;0,00;"9.2. OFERTA V1 REV CU VALORI PTDE.pdf – F3 cu valori (Spital paliatie, desfiintare C1-C3 si construire); pret direct fara CI/profit";2026-07-06;Proiectant S.C. Tanari Arhitect SRL / Beneficiar ACTIS (Asoc. Comunitara pt. Dezv. Intrepr. Sociale);1LARNS5Adn3FbJ7styKw3LZrEBoluKomc
betoane / armaturi / cofraje / mortare;IC38C1#;Piese de racordare (fiinguri) cu...2 imbinari din poliprop. imbinate rpin polifusiune cu teava din poliprop. armata cu diametrul exterior de 32 mm;buc;10,63;4,02;6,09;0,53;0,00;"9.2. OFERTA V1 REV CU VALORI PTDE.pdf – F3 cu valori (Spital paliatie, desfiintare C1-C3 si construire); pret direct fara CI/profit";2026-07-06;Proiectant S.C. Tanari Arhitect SRL / Beneficiar ACTIS (Asoc. Comunitara pt. Dezv. Intrepr. Sociale);1LARNS5Adn3FbJ7styKw3LZrEBoluKomc
betoane / armaturi / cofraje / mortare;IC38D1#;Piese de racordare (fiinguri) cu...2 imbinari din poliprop. imbinate rpin polifusiune cu teava din poliprop. armata cu diametrul exterior de 40 mm;buc;13,52;5,96;6,96;0,60;0,00;"9.2. OFERTA V1 REV CU VALORI PTDE.pdf – F3 cu valori (Spital paliatie, desfiintare C1-C3 si construire); pret direct fara CI/profit";2026-07-06;Proiectant S.C. Tanari Arhitect SRL / Beneficiar ACTIS (Asoc. Comunitara pt. Dezv. Intrepr. Sociale);1LARNS5Adn3FbJ7styKw3LZrEBoluKomc
betoane / armaturi / cofraje / mortare;IC38E1#;Piese de racordare (fiinguri) cu...2 imbinari din poliprop. imbinate rpin polifusiune cu teava din poliprop. armata cu diametrul exterior de 50 mm;buc;14,49;5,98;7,83;0,68;0,00;"9.2. OFERTA V1 REV CU VALORI PTDE.pdf – F3 cu valori (Spital paliatie, desfiintare C1-C3 si construire); pret direct fara CI/profit";2026-07-06;Proiectant S.C. Tanari Arhitect SRL / Beneficiar ACTIS (Asoc. Comunitara pt. Dezv. Intrepr. Sociale);1LARNS5Adn3FbJ7styKw3LZrEBoluKomc
betoane / armaturi / cofraje / mortare;IC38F1#;Piese de racordare (fiinguri) cu...2 imbinari din poliprop. imbinate rpin polifusiune cu teava din poliprop. armata cu diametrul exterior de 63 mm;buc;15,45;6,00;8,70;0,75;0,00;"9.2. OFERTA V1 REV CU VALORI PTDE.pdf – F3 cu valori (Spital paliatie, desfiintare C1-C3 si construire); pret direct fara CI/profit";2026-07-06;Proiectant S.C. Tanari Arhitect SRL / Beneficiar ACTIS (Asoc. Comunitara pt. Dezv. Intrepr. Sociale);1LARNS5Adn3FbJ7styKw3LZrEBoluKomc
betoane / armaturi / cofraje / mortare;IC38A1#;Piese de racordare (fiinguri) cu...2 imbinari din poliprop. imbinate rpin polifusiune cu teava din poliprop. armata cu diametrul exterior de pana la 20 mm inclusiv;buc;8,70;3,97;4,35;0,38;0,00;"9.2. OFERTA V1 REV CU VALORI PTDE.pdf – F3 cu valori (Spital paliatie, desfiintare C1-C3 si construire); pret direct fara CI/profit";2026-07-06;Proiectant S.C. Tanari Arhitect SRL / Beneficiar ACTIS (Asoc. Comunitara pt. Dezv. Intrepr. Sociale);1LARNS5Adn3FbJ7styKw3LZrEBoluKomc
betoane / armaturi / cofraje / mortare;IC38H1#;Piese de racordare (fiinguri) cu...3 imbinari din poliprop. imbinate rpin polifusiune cu teava din poliprop. armata cu diametrul exterior de 25 mm;buc;14,11;5,92;7,54;0,65;0,00;"9.2. OFERTA V1 REV CU VALORI PTDE.pdf – F3 cu valori (Spital paliatie, desfiintare C1-C3 si construire); pret direct fara CI/profit";2026-07-06;Proiectant S.C. Tanari Arhitect SRL / Beneficiar ACTIS (Asoc. Comunitara pt. Dezv. Intrepr. Sociale);1LARNS5Adn3FbJ7styKw3LZrEBoluKomc
betoane / armaturi / cofraje / mortare;IC38I1#;Piese de racordare (fiinguri) cu...3 imbinari din poliprop. imbinate rpin polifusiune cu teava din poliprop. armata cu diametrul exterior de 32 mm;buc;15,39;5,94;8,70;0,75;0,00;"9.2. OFERTA V1 REV CU VALORI PTDE.pdf – F3 cu valori (Spital paliatie, desfiintare C1-C3 si construire); pret direct fara CI/profit";2026-07-06;Proiectant S.C. Tanari Arhitect SRL / Beneficiar ACTIS (Asoc. Comunitara pt. Dezv. Intrepr. Sociale);1LARNS5Adn3FbJ7styKw3LZrEBoluKomc
betoane / armaturi / cofraje / mortare;IC38J1#;Piese de racordare (fiinguri) cu...3 imbinari din poliprop. imbinate rpin polifusiune cu teava din poliprop. armata cu diametrul exterior de 40 mm;buc;18,59;7,88;9,86;0,85;0,00;"9.2. OFERTA V1 REV CU VALORI PTDE.pdf – F3 cu valori (Spital paliatie, desfiintare C1-C3 si construire); pret direct fara CI/profit";2026-07-06;Proiectant S.C. Tanari Arhitect SRL / Beneficiar ACTIS (Asoc. Comunitara pt. Dezv. Intrepr. Sociale);1LARNS5Adn3FbJ7styKw3LZrEBoluKomc
betoane / armaturi / cofraje / mortare;IC38K1#;Piese de racordare (fiinguri) cu...3 imbinari din poliprop. imbinate rpin polifusiune cu teava din poliprop. armata cu diametrul exterior de 50 mm;buc;19,87;7,90;11,02;0,95;0,00;"9.2. OFERTA V1 REV CU VALORI PTDE.pdf – F3 cu valori (Spital paliatie, desfiintare C1-C3 si construire); pret direct fara CI/profit";2026-07-06;Proiectant S.C. Tanari Arhitect SRL / Beneficiar ACTIS (Asoc. Comunitara pt. Dezv. Intrepr. Sociale);1LARNS5Adn3FbJ7styKw3LZrEBoluKomc
betoane / armaturi / cofraje / mortare;IC38L1#;Piese de racordare (fiinguri) cu...3 imbinari din poliprop. imbinate rpin polifusiune cu teava din poliprop. armata cu diametrul exterior de 63 mm;buc;21,16;7,93;12,18;1,05;0,00;"9.2. OFERTA V1 REV CU VALORI PTDE.pdf – F3 cu valori (Spital paliatie, desfiintare C1-C3 si construire); pret direct fara CI/profit";2026-07-06;Proiectant S.C. Tanari Arhitect SRL / Beneficiar ACTIS (Asoc. Comunitara pt. Dezv. Intrepr. Sociale);1LARNS5Adn3FbJ7styKw3LZrEBoluKomc
betoane / armaturi / cofraje / mortare;IC38G1#;Piese de racordare (fiinguri) cu...3 imbinari din poliprop. imbinate rpin polifusiune cu teava din poliprop. armata cu diametrul exterior de pana la 20 mm inclusiv;buc;13,14;5,89;6,67;0,58;0,00;"9.2. OFERTA V1 REV CU VALORI PTDE.pdf – F3 cu valori (Spital paliatie, desfiintare C1-C3 si construire); pret direct fara CI/profit";2026-07-06;Proiectant S.C. Tanari Arhitect SRL / Beneficiar ACTIS (Asoc. Comunitara pt. Dezv. Intrepr. Sociale);1LARNS5Adn3FbJ7styKw3LZrEBoluKomc
betoane / armaturi / cofraje / mortare;TE06C1 [5];Plasa de armatura sudata tip stnb...d=6mm ochiurile 100x100mm [1];kg;4,47;0,41;4,06;0,00;0,00;"9.2. OFERTA V1 REV CU VALORI PTDE.pdf – F3 cu valori (Spital paliatie, desfiintare C1-C3 si construire); pret direct fara CI/profit";2026-07-06;Proiectant S.C. Tanari Arhitect SRL / Beneficiar ACTIS (Asoc. Comunitara pt. Dezv. Intrepr. Sociale);1LARNS5Adn3FbJ7styKw3LZrEBoluKomc
betoane / armaturi / cofraje / mortare;TE06C1 [1];Plasa de armatura sudata tip stnb...d=8mm ochiurile 200x200mm;mp;24,67;20,62;4,06;0,00;0,00;"9.2. OFERTA V1 REV CU VALORI PTDE.pdf – F3 cu valori (Spital paliatie, desfiintare C1-C3 si construire); pret direct fara CI/profit";2026-07-06;Proiectant S.C. Tanari Arhitect SRL / Beneficiar ACTIS (Asoc. Comunitara pt. Dezv. Intrepr. Sociale);1LARNS5Adn3FbJ7styKw3LZrEBoluKomc
betoane / armaturi / cofraje / mortare;AcE201A02;Rigola V150S tip 0.0 Lxlxh = + [1] 100x18.5x21 cm cu lumina 150 mm, din beton cu polimeri cu muchie din otel zincat, producator ACO, cod 12730;m;179,52;167,92;11,60;0,00;0,00;"9.2. OFERTA V1 REV CU VALORI PTDE.pdf – F3 cu valori (Spital paliatie, desfiintare C1-C3 si construire); pret direct fara CI/profit";2026-07-06;Proiectant S.C. Tanari Arhitect SRL / Beneficiar ACTIS (Asoc. Comunitara pt. Dezv. Intrepr. Sociale);1LARNS5Adn3FbJ7styKw3LZrEBoluKomc
betoane / armaturi / cofraje / mortare;CO03A1;Rigole din beton cu grilaj;m;133,20;78,20;55,00;0,00;0,00;"Deviz oferta.pdf – F3 oferta eDevize (restaurare biserica); pret direct, la care se adauga CAM 2,25% man., CI 10%, profit 5%";2025-06-17;Executant SC Aurora Inconstruct SRL / Beneficiar Biserica Sf. Imp. Constantin si Elena;1rue0Jaajr2kNvdWBeV5ZObPL36nPRRQk
betoane / armaturi / cofraje / mortare;SD05A#;Robinet reglaj, drept sau coltar, mont inaintea armaturilor la... obiecte sanit, D=3/8'' -1/2'';buc;60,42;44,66;15,76;0,00;0,00;"Deviz oferta.pdf – F3 oferta eDevize (restaurare biserica); pret direct, la care se adauga CAM 2,25% man., CI 10%, profit 5%";2025-06-17;Executant SC Aurora Inconstruct SRL / Beneficiar Biserica Sf. Imp. Constantin si Elena;1rue0Jaajr2kNvdWBeV5ZObPL36nPRRQk
betoane / armaturi / cofraje / mortare;;SM-Suport metalic sustinere chiller 2800x2200x 600 mm, inclusiv talpi de sustinere si fixare de placa de beton;buc;6834,00;;;;;"Oferta SD-6 409-E Hotel PIETROASA (Climatronic) – foaia Cap.4-Instalatie apa racita; 1340 EUR x 5,1";2025-09-01;Ofertant Climatronic SRL / Beneficiar Hotel Pietroasa SA Buzau;1ne-s6Ae1aOu82-H0kXysRaOdfZGkZ7l7
betoane / armaturi / cofraje / mortare;;TM-Armaturi fine - termomanometru;buc;79,05;;;;;"Oferta SD-6 409-E Hotel PIETROASA (Climatronic) – foaia Cap.5- Centrala Termica; 15.5 EUR x 5,1";2025-09-01;Ofertant Climatronic SRL / Beneficiar Hotel Pietroasa SA Buzau;1ne-s6Ae1aOu82-H0kXysRaOdfZGkZ7l7
betoane / armaturi / cofraje / mortare;CA02A1;TURNARE BETON ARMAT IN FUNDATII IZOLATE CU VOLUM <3MC;MC;119,67;1,04;113,68;4,95;0,00;"9.2. OFERTA V1 REV CU VALORI PTDE.pdf – F3 cu valori (Spital paliatie, desfiintare C1-C3 si construire); pret direct fara CI/profit";2026-07-06;Proiectant S.C. Tanari Arhitect SRL / Beneficiar ACTIS (Asoc. Comunitara pt. Dezv. Intrepr. Sociale);1LARNS5Adn3FbJ7styKw3LZrEBoluKomc
betoane / armaturi / cofraje / mortare;DC04A%;Taierea cu masina cu discuri diamantate a rosturilor de dilatatie si contractie in betonul de uzura la:... piste aeroportuare;m;66,43;7,03;31,50;27,90;0,00;"Deviz oferta.pdf – F3 oferta eDevize (restaurare biserica); pret direct, la care se adauga CAM 2,25% man., CI 10%, profit 5%";2025-06-17;Executant SC Aurora Inconstruct SRL / Beneficiar Biserica Sf. Imp. Constantin si Elena;1rue0Jaajr2kNvdWBeV5ZObPL36nPRRQk
betoane / armaturi / cofraje / mortare;IC35B1#;Teava din polietilena armata de inalta densitate si poliprop. armata... sau nearmata montata la leg. corp. aparatelor de incalzire in instal. de incalzire centr. cu diametrul ext. de 20 mm;m;24,20;5,82;18,38;0,00;0,00;"Deviz oferta.pdf – F3 oferta eDevize (restaurare biserica); pret direct, la care se adauga CAM 2,25% man., CI 10%, profit 5%";2025-06-17;Executant SC Aurora Inconstruct SRL / Beneficiar Biserica Sf. Imp. Constantin si Elena;1rue0Jaajr2kNvdWBeV5ZObPL36nPRRQk
betoane / armaturi / cofraje / mortare;IC35C1#;Teava din polietilena armata de inalta densitate si poliprop. armata... sau nearmata montata la leg. corp. aparatelor de incalzire in instal. de incalzire centr. cu diametrul ext. de 25 mm;m;30,95;9,95;21,00;0,00;0,00;"Deviz oferta.pdf – F3 oferta eDevize (restaurare biserica); pret direct, la care se adauga CAM 2,25% man., CI 10%, profit 5%";2025-06-17;Executant SC Aurora Inconstruct SRL / Beneficiar Biserica Sf. Imp. Constantin si Elena;1rue0Jaajr2kNvdWBeV5ZObPL36nPRRQk
betoane / armaturi / cofraje / mortare;IC35D1#;Teava din polietilena armata de inalta densitate si poliprop. armata... sau nearmata montata la leg. corp. aparatelor de incalzire in instal. de incalzire centr. cu diametrul ext. de 32 mm;m;35,58;11,95;23,63;0,00;0,00;"Deviz oferta.pdf – F3 oferta eDevize (restaurare biserica); pret direct, la care se adauga CAM 2,25% man., CI 10%, profit 5%";2025-06-17;Executant SC Aurora Inconstruct SRL / Beneficiar Biserica Sf. Imp. Constantin si Elena;1rue0Jaajr2kNvdWBeV5ZObPL36nPRRQk
betoane / armaturi / cofraje / mortare;IC36B1#;Teava din polietilena armata de inalta densitate su poliprop. armata sau...nearmata montata in coloane in instal. de incalzire centr. cu diametrul ext. de 25 mm;m;10,15;0,00;10,15;0,00;0,00;"9.2. OFERTA V1 REV CU VALORI PTDE.pdf – F3 cu valori (Spital paliatie, desfiintare C1-C3 si construire); pret direct fara CI/profit";2026-07-06;Proiectant S.C. Tanari Arhitect SRL / Beneficiar ACTIS (Asoc. Comunitara pt. Dezv. Intrepr. Sociale);1LARNS5Adn3FbJ7styKw3LZrEBoluKomc
betoane / armaturi / cofraje / mortare;IC36C1#;Teava din polietilena armata de inalta densitate su poliprop. armata sau...nearmata montata in coloane in instal. de incalzire centr. cu diametrul ext. de 32 mm;m;11,60;0,00;11,60;0,00;0,00;"9.2. OFERTA V1 REV CU VALORI PTDE.pdf – F3 cu valori (Spital paliatie, desfiintare C1-C3 si construire); pret direct fara CI/profit";2026-07-06;Proiectant S.C. Tanari Arhitect SRL / Beneficiar ACTIS (Asoc. Comunitara pt. Dezv. Intrepr. Sociale);1LARNS5Adn3FbJ7styKw3LZrEBoluKomc
betoane / armaturi / cofraje / mortare;IC36D1#;Teava din polietilena armata de inalta densitate su poliprop. armata sau...nearmata montata in coloane in instal. de incalzire centr. cu diametrul ext. de 40 mm;m;13,05;0,00;13,05;0,00;0,00;"9.2. OFERTA V1 REV CU VALORI PTDE.pdf – F3 cu valori (Spital paliatie, desfiintare C1-C3 si construire); pret direct fara CI/profit";2026-07-06;Proiectant S.C. Tanari Arhitect SRL / Beneficiar ACTIS (Asoc. Comunitara pt. Dezv. Intrepr. Sociale);1LARNS5Adn3FbJ7styKw3LZrEBoluKomc
betoane / armaturi / cofraje / mortare;IC36E1#;Teava din polietilena armata de inalta densitate su poliprop. armata sau...nearmata montata in coloane in instal. de incalzire centr. cu diametrul ext. de 50 mm;m;14,50;0,00;14,50;0,00;0,00;"9.2. OFERTA V1 REV CU VALORI PTDE.pdf – F3 cu valori (Spital paliatie, desfiintare C1-C3 si construire); pret direct fara CI/profit";2026-07-06;Proiectant S.C. Tanari Arhitect SRL / Beneficiar ACTIS (Asoc. Comunitara pt. Dezv. Intrepr. Sociale);1LARNS5Adn3FbJ7styKw3LZrEBoluKomc
betoane / armaturi / cofraje / mortare;IC36F1#;Teava din polietilena armata de inalta densitate su poliprop. armata sau...nearmata montata in coloane in instal. de incalzire centr. cu diametrul ext. de 63 mm;m;15,95;0,00;15,95;0,00;0,00;"9.2. OFERTA V1 REV CU VALORI PTDE.pdf – F3 cu valori (Spital paliatie, desfiintare C1-C3 si construire); pret direct fara CI/profit";2026-07-06;Proiectant S.C. Tanari Arhitect SRL / Beneficiar ACTIS (Asoc. Comunitara pt. Dezv. Intrepr. Sociale);1LARNS5Adn3FbJ7styKw3LZrEBoluKomc
betoane / armaturi / cofraje / mortare;IC36F1# [2];Teava din polietilena armata de inalta densitate su poliprop. armata sau...nearmata montata in coloane in instal. de incalzire centr. cu diametrul ext. de 75 mm;m;15,95;0,00;15,95;0,00;0,00;"9.2. OFERTA V1 REV CU VALORI PTDE.pdf – F3 cu valori (Spital paliatie, desfiintare C1-C3 si construire); pret direct fara CI/profit";2026-07-06;Proiectant S.C. Tanari Arhitect SRL / Beneficiar ACTIS (Asoc. Comunitara pt. Dezv. Intrepr. Sociale);1LARNS5Adn3FbJ7styKw3LZrEBoluKomc
betoane / armaturi / cofraje / mortare;IC36A1#;Teava din polietilena armata de inalta densitate su poliprop. armata sau...nearmata montata in coloane in instal. de incalzire centr. cu diametrul ext. de pana la 20 mm inclusiv;m;8,70;0,00;8,70;0,00;0,00;"9.2. OFERTA V1 REV CU VALORI PTDE.pdf – F3 cu valori (Spital paliatie, desfiintare C1-C3 si construire); pret direct fara CI/profit";2026-07-06;Proiectant S.C. Tanari Arhitect SRL / Beneficiar ACTIS (Asoc. Comunitara pt. Dezv. Intrepr. Sociale);1LARNS5Adn3FbJ7styKw3LZrEBoluKomc
betoane / armaturi / cofraje / mortare;CF12A#;Tencuieli exterioare speciale in similipiatra, executate manual, exclusiv schel...la fatade, socluri etc, cu grundul din mortar de ciment marca M 100-T cu adaos de var, driscuit din gros, iar;mp;103,18;21,98;81,20;0,00;0,00;"9.2. OFERTA V1 REV CU VALORI PTDE.pdf – F3 cu valori (Spital paliatie, desfiintare C1-C3 si construire); pret direct fara CI/profit";2026-07-06;Proiectant S.C. Tanari Arhitect SRL / Beneficiar ACTIS (Asoc. Comunitara pt. Dezv. Intrepr. Sociale);1LARNS5Adn3FbJ7styKw3LZrEBoluKomc
betoane / armaturi / cofraje / mortare;CH01A;Trepte piatra simple sau profil. pe fundatii existente, mortar M100-Z, ajust. buciardare, frecare;m;446,31;257,32;188,99;0,00;0,00;"Deviz oferta.pdf – F3 oferta eDevize (restaurare biserica); pret direct, la care se adauga CAM 2,25% man., CI 10%, profit 5%";2025-06-17;Executant SC Aurora Inconstruct SRL / Beneficiar Biserica Sf. Imp. Constantin si Elena;1rue0Jaajr2kNvdWBeV5ZObPL36nPRRQk
betoane / armaturi / cofraje / mortare;CH01A;Trepte piatra simple sau profil.pe fundatii existente,mortar m100-z ajust.buciardare,frecare;m;309,29;136,29;173,00;0,00;0,00;5-BISERICA GARLASI-BISERICA-CU VALORI.PDF – F3 Arhitectura (SofteH, listat 12.05.2023);2023-05-12;Beneficiar Parohia/Biserica Garlasi, Buzau (deviz proiectant);1SStdo4o2D6OmwG1EnsxdCLK3tnqJIy_y
betoane / armaturi / cofraje / mortare;CO01A1;Trotuar din beton simplu turnat pe loc;mp;20,00;6,66;13,34;0,00;0,00;"9.2. OFERTA V1 REV CU VALORI PTDE.pdf – F3 cu valori (Spital paliatie, desfiintare C1-C3 si construire); pret direct fara CI/profit";2026-07-06;Proiectant S.C. Tanari Arhitect SRL / Beneficiar ACTIS (Asoc. Comunitara pt. Dezv. Intrepr. Sociale);1LARNS5Adn3FbJ7styKw3LZrEBoluKomc
betoane / armaturi / cofraje / mortare;CA07H1;Turnarea cu pompa a betonului armat în elementele constructiilor, exclusiv cele executate în cofraje glisante la constructii cu înaltimea pâna la 15 m inclusiv, în plansee (placi, grinzi, stâlpi);mc;49,30;3,58;23,20;22,52;0,00;"9.2. OFERTA V1 REV CU VALORI PTDE.pdf – F3 cu valori (Spital paliatie, desfiintare C1-C3 si construire); pret direct fara CI/profit";2026-07-06;Proiectant S.C. Tanari Arhitect SRL / Beneficiar ACTIS (Asoc. Comunitara pt. Dezv. Intrepr. Sociale);1LARNS5Adn3FbJ7styKw3LZrEBoluKomc
betoane / armaturi / cofraje / mortare;CA07D1;Turnarea cu pompa a betonului armat în elementele constructiilor, exclusiv cele executate în cofraje glisante în radiere (placi, grinzi), fundatii continue si pereti (sub cota ± 0,00) a constructiei;mc;36,63;2,54;16,53;17,55;0,00;"9.2. OFERTA V1 REV CU VALORI PTDE.pdf – F3 cu valori (Spital paliatie, desfiintare C1-C3 si construire); pret direct fara CI/profit";2026-07-06;Proiectant S.C. Tanari Arhitect SRL / Beneficiar ACTIS (Asoc. Comunitara pt. Dezv. Intrepr. Sociale);1LARNS5Adn3FbJ7styKw3LZrEBoluKomc
betoane / armaturi / cofraje / mortare;ACE08A1;Umplutura cu: nisip [1];mc;105,69;88,00;17,69;0,00;0,00;"9.2. OFERTA V1 REV CU VALORI PTDE.pdf – F3 cu valori (Spital paliatie, desfiintare C1-C3 si construire); pret direct fara CI/profit";2026-07-06;Proiectant S.C. Tanari Arhitect SRL / Beneficiar ACTIS (Asoc. Comunitara pt. Dezv. Intrepr. Sociale);1LARNS5Adn3FbJ7styKw3LZrEBoluKomc
betoane / armaturi / cofraje / mortare;ACE08A1;Umplutura in sant. la cond. de alim. cu apa si canalizare cu: nisip;mc;105,69;88,00;17,69;0,00;0,00;"9.2. OFERTA V1 REV CU VALORI PTDE.pdf – F3 cu valori (Spital paliatie, desfiintare C1-C3 si construire); pret direct fara CI/profit";2026-07-06;Proiectant S.C. Tanari Arhitect SRL / Beneficiar ACTIS (Asoc. Comunitara pt. Dezv. Intrepr. Sociale);1LARNS5Adn3FbJ7styKw3LZrEBoluKomc
betoane / armaturi / cofraje / mortare;ACE08A1;Umplutura in... sant. la cond. de alim. cu apa si canalizare cu: nisip;mc;111,38;72,95;38,43;0,00;0,00;"Deviz oferta.pdf – F3 oferta eDevize (restaurare biserica); pret direct, la care se adauga CAM 2,25% man., CI 10%, profit 5%";2025-06-17;Executant SC Aurora Inconstruct SRL / Beneficiar Biserica Sf. Imp. Constantin si Elena;1rue0Jaajr2kNvdWBeV5ZObPL36nPRRQk
betoane / armaturi / cofraje / mortare;ACE08A1;Umplutura in... sant. la cond. de alim. cu apa si canalizare cu: nisip;mc;130,70;72,95;57,75;0,00;0,00;"Deviz oferta.pdf – F3 oferta eDevize (restaurare biserica); pret direct, la care se adauga CAM 2,25% man., CI 10%, profit 5%";2025-06-17;Executant SC Aurora Inconstruct SRL / Beneficiar Biserica Sf. Imp. Constantin si Elena;1rue0Jaajr2kNvdWBeV5ZObPL36nPRRQk
betoane / armaturi / cofraje / mortare;CK12D%;Usi met.doua canaturi supr.toc <7mp incl.din prof.ol, cu armat.si accesorii in zid.de orice natura;mp;156,22;21,37;134,85;0,00;0,00;"9.2. OFERTA V1 REV CU VALORI PTDE.pdf – F3 cu valori (Spital paliatie, desfiintare C1-C3 si construire); pret direct fara CI/profit";2026-07-06;Proiectant S.C. Tanari Arhitect SRL / Beneficiar ACTIS (Asoc. Comunitara pt. Dezv. Intrepr. Sociale);1LARNS5Adn3FbJ7styKw3LZrEBoluKomc
betoane / armaturi / cofraje / mortare;CK25D#;Usi profiluri mase...plastice,2 canaturi,supraf toc <= 7 mp,inclusiv armaturi si accesorii,montate in zid de orice fel la constructii cu H <= 35 m;mp;50,06;23,67;26,39;0,00;0,00;"9.2. OFERTA V1 REV CU VALORI PTDE.pdf – F3 cu valori (Spital paliatie, desfiintare C1-C3 si construire); pret direct fara CI/profit";2026-07-06;Proiectant S.C. Tanari Arhitect SRL / Beneficiar ACTIS (Asoc. Comunitara pt. Dezv. Intrepr. Sociale);1LARNS5Adn3FbJ7styKw3LZrEBoluKomc
betoane / armaturi / cofraje / mortare;CK21A#;Usi profiluri...aluminiu,1 canat,supraf toc <= 7 mp,inclusiv armaturi si accesorii, montare in zid de orice fel, la constructii cu H <= 35 m;mp;49,42;21,87;27,55;0,00;0,00;"9.2. OFERTA V1 REV CU VALORI PTDE.pdf – F3 cu valori (Spital paliatie, desfiintare C1-C3 si construire); pret direct fara CI/profit";2026-07-06;Proiectant S.C. Tanari Arhitect SRL / Beneficiar ACTIS (Asoc. Comunitara pt. Dezv. Intrepr. Sociale);1LARNS5Adn3FbJ7styKw3LZrEBoluKomc
betoane / armaturi / cofraje / mortare;CK21D#;Usi profiluri...aluminiu,2 canaturi,supraf toc <= 7 mp,inclusiv armaturi si accesorii,montare in zid de orice fel, la constructii cu H <= 35 m;mp;54,41;23,67;30,74;0,00;0,00;"9.2. OFERTA V1 REV CU VALORI PTDE.pdf – F3 cu valori (Spital paliatie, desfiintare C1-C3 si construire); pret direct fara CI/profit";2026-07-06;Proiectant S.C. Tanari Arhitect SRL / Beneficiar ACTIS (Asoc. Comunitara pt. Dezv. Intrepr. Sociale);1LARNS5Adn3FbJ7styKw3LZrEBoluKomc
betoane / armaturi / cofraje / mortare;ACE02B1;gs0i -- guri de scurgere monobloc, din [4] PE-HD cu depozit de nisip, cu garda de miros DN 400, cu H = 1085-1296 mm Prevazut cu : - rama din PE-HD, - piesa telescopica reglabila de la 0 la 40 mm.;buc;1736,48;1242,03;494,45;0,00;0,00;"9.2. OFERTA V1 REV CU VALORI PTDE.pdf – F3 cu valori (Spital paliatie, desfiintare C1-C3 si construire); pret direct fara CI/profit";2026-07-06;Proiectant S.C. Tanari Arhitect SRL / Beneficiar ACTIS (Asoc. Comunitara pt. Dezv. Intrepr. Sociale);1LARNS5Adn3FbJ7styKw3LZrEBoluKomc
confectii metalice / feronerie;3271697;@ CONFECTII METALICE METALICE CU EMAIL CLORCAUCIUC A IN 2 STRATURI [resursa material];kg;15,50;15,50;;;;"9.2. OFERTA V1 REV CU VALORI PTDE.pdf – F3 cu valori (Spital paliatie, desfiintare C1-C3 si construire); pret direct fara CI/profit";2026-07-06;Proiectant S.C. Tanari Arhitect SRL / Beneficiar ACTIS (Asoc. Comunitara pt. Dezv. Intrepr. Sociale);1LARNS5Adn3FbJ7styKw3LZrEBoluKomc
confectii metalice / feronerie;8000848;ANCORE DIN OTEL TIP S355J2, CONFORM DETALII PROIECT [resursa material];buc;12,32;12,32;;;;"9.2. OFERTA V1 REV CU VALORI PTDE.pdf – F3 cu valori (Spital paliatie, desfiintare C1-C3 si construire); pret direct fara CI/profit";2026-07-06;Proiectant S.C. Tanari Arhitect SRL / Beneficiar ACTIS (Asoc. Comunitara pt. Dezv. Intrepr. Sociale);1LARNS5Adn3FbJ7styKw3LZrEBoluKomc
confectii metalice / feronerie;RCSL02A#;Balustrada fier forjat / metalica [7];m;885,88;628,14;243,60;14,14;0,00;"9.2. OFERTA V1 REV CU VALORI PTDE.pdf – F3 cu valori (Spital paliatie, desfiintare C1-C3 si construire); pret direct fara CI/profit";2026-07-06;Proiectant S.C. Tanari Arhitect SRL / Beneficiar ACTIS (Asoc. Comunitara pt. Dezv. Intrepr. Sociale);1LARNS5Adn3FbJ7styKw3LZrEBoluKomc
confectii metalice / feronerie;M08;Banda din otel laminata la cald 3 x 30 [resursa material, estimare autor];kg;8,00;8,00;;;;Oferta_financiara_BILZI_Romgaz_Stejari.xlsx – foaia Preturi (resurse);2026-10-01;BILZI STEEL PROFILE SRL;1vUAaUr8ZpPF-rApifT3WOnjFNW2sKdj-
confectii metalice / feronerie;4203519;Cadru metalic in perete [resursa material];buc;25,20;25,20;;;;"Deviz oferta.pdf – F3 oferta eDevize (restaurare biserica); pret direct, la care se adauga CAM 2,25% man., CI 10%, profit 5%";2025-06-17;Executant SC Aurora Inconstruct SRL / Beneficiar Biserica Sf. Imp. Constantin si Elena;1rue0Jaajr2kNvdWBeV5ZObPL36nPRRQk
confectii metalice / feronerie;6310172;Constructie metal.OL 37 pref.mecano. Nezincate [resursa material];kg;21,23;21,23;;;;"9.2. OFERTA V1 REV CU VALORI PTDE.pdf – F3 cu valori (Spital paliatie, desfiintare C1-C3 si construire); pret direct fara CI/profit";2026-07-06;Proiectant S.C. Tanari Arhitect SRL / Beneficiar ACTIS (Asoc. Comunitara pt. Dezv. Intrepr. Sociale);1LARNS5Adn3FbJ7styKw3LZrEBoluKomc
confectii metalice / feronerie;5886942;Cuie cu cap conic tip A1 3 x 70 OL34 S 2111;kg;9,00;9,00;0,00;0,00;0,00;"Propunere_financiara_BILZI_SDF_Onesti.xlsx – F3 oferta proprie (lucrari acoperis hala, Romsilva DS Bacau); pret direct, adaos 25% separat";2026-10-01;Ofertant BILZI STEEL PROFILE SRL / Beneficiar RNP Romsilva DS Bacau;1pe4vyBBOUknM1CDZScHidnvsaDDsmVIx
confectii metalice / feronerie;M05;Cuie cu cap conic tip A1 3 x 70 [resursa material, Estimare preț de piață – de verificat];kg;9,00;9,00;;;;"Propunere_financiara_BILZI_SDF_Onesti.xlsx – foaia Preturi (resurse; EUR furnizor convertit de autor la BNR+1% = 5,3313)";2026-10-01;BILZI STEEL PROFILE SRL;1pe4vyBBOUknM1CDZScHidnvsaDDsmVIx
confectii metalice / feronerie;5886954;Cuie cu cap conic tip a1 3 x 80 OL 34 s 2111 [resursa material];kg;7,48;7,48;;;;"9.2. OFERTA V1 REV CU VALORI PTDE.pdf – F3 cu valori (Spital paliatie, desfiintare C1-C3 si construire); pret direct fara CI/profit";2026-07-06;Proiectant S.C. Tanari Arhitect SRL / Beneficiar ACTIS (Asoc. Comunitara pt. Dezv. Intrepr. Sociale);1LARNS5Adn3FbJ7styKw3LZrEBoluKomc
confectii metalice / feronerie;5887013;Cuie cu cap conic tip a1 4 x110 OL 34 s 2111 [resursa material];kg;7,48;7,48;;;;"9.2. OFERTA V1 REV CU VALORI PTDE.pdf – F3 cu valori (Spital paliatie, desfiintare C1-C3 si construire); pret direct fara CI/profit";2026-07-06;Proiectant S.C. Tanari Arhitect SRL / Beneficiar ACTIS (Asoc. Comunitara pt. Dezv. Intrepr. Sociale);1LARNS5Adn3FbJ7styKw3LZrEBoluKomc
confectii metalice / feronerie;M11;Cuie cu cap plat tip B 3,0 x 30 [resursa material, estimare autor];kg;10,00;10,00;;;;Oferta_financiara_BILZI_Romgaz_Stejari.xlsx – foaia Preturi (resurse);2026-10-01;BILZI STEEL PROFILE SRL;1vUAaUr8ZpPF-rApifT3WOnjFNW2sKdj-
confectii metalice / feronerie;2453213;Cuier A 1 portelan alb c.2 ni 546 [resursa material];buc;13,06;13,06;;;;"9.2. OFERTA V1 REV CU VALORI PTDE.pdf – F3 cu valori (Spital paliatie, desfiintare C1-C3 si construire); pret direct fara CI/profit";2026-07-06;Proiectant S.C. Tanari Arhitect SRL / Beneficiar ACTIS (Asoc. Comunitara pt. Dezv. Intrepr. Sociale);1LARNS5Adn3FbJ7styKw3LZrEBoluKomc
confectii metalice / feronerie;6718879;Cuier baie aminoplast 2 agatatori ni 2199 [resursa material];buc;96,00;96,00;;;;"Deviz oferta.pdf – F3 oferta eDevize (restaurare biserica); pret direct, la care se adauga CAM 2,25% man., CI 10%, profit 5%";2025-06-17;Executant SC Aurora Inconstruct SRL / Beneficiar Biserica Sf. Imp. Constantin si Elena;1rue0Jaajr2kNvdWBeV5ZObPL36nPRRQk
confectii metalice / feronerie;RCSL02A#;Montare scari metalice [8];buc;258,43;0,69;243,60;14,14;0,00;"9.2. OFERTA V1 REV CU VALORI PTDE.pdf – F3 cu valori (Spital paliatie, desfiintare C1-C3 si construire); pret direct fara CI/profit";2026-07-06;Proiectant S.C. Tanari Arhitect SRL / Beneficiar ACTIS (Asoc. Comunitara pt. Dezv. Intrepr. Sociale);1LARNS5Adn3FbJ7styKw3LZrEBoluKomc
confectii metalice / feronerie;CG02A02^;PROFIL T <PexKIT> PENTRU ROSTURI DE DILATARE L=1,2m;m;61,46;40,58;20,88;0,00;0,00;"9.2. OFERTA V1 REV CU VALORI PTDE.pdf – F3 cu valori (Spital paliatie, desfiintare C1-C3 si construire); pret direct fara CI/profit";2026-07-06;Proiectant S.C. Tanari Arhitect SRL / Beneficiar ACTIS (Asoc. Comunitara pt. Dezv. Intrepr. Sociale);1LARNS5Adn3FbJ7styKw3LZrEBoluKomc
confectii metalice / feronerie;20010469;Panou afisare gata confectionat si finisat [resursa material];buc;865,00;865,00;;;;"9.2. OFERTA V1 REV CU VALORI PTDE.pdf – F3 cu valori (Spital paliatie, desfiintare C1-C3 si construire); pret direct fara CI/profit";2026-07-06;Proiectant S.C. Tanari Arhitect SRL / Beneficiar ACTIS (Asoc. Comunitara pt. Dezv. Intrepr. Sociale);1LARNS5Adn3FbJ7styKw3LZrEBoluKomc
confectii metalice / feronerie;CJ03XB;Profiluri ext. trase cu sabl. cu iesind.> 5 cm si desf. 30 cm cu mort. M100 cu strat piatrmoz. finisat. frecare;m;209,29;76,79;132,30;0,20;0,00;"Deviz oferta.pdf – F3 oferta eDevize (restaurare biserica); pret direct, la care se adauga CAM 2,25% man., CI 10%, profit 5%";2025-06-17;Executant SC Aurora Inconstruct SRL / Beneficiar Biserica Sf. Imp. Constantin si Elena;1rue0Jaajr2kNvdWBeV5ZObPL36nPRRQk
confectii metalice / feronerie;CJ03XB;Profiluri ext.trase cu sabl.cu iesind.>5cmsi desf.30cm cu mort.m100 cu strat piatrmoz.finisat.frecar;m;1910,08;1789,75;120,00;0,33;0,00;5-BISERICA GARLASI-BISERICA-CU VALORI.PDF – F3 Arhitectura (SofteH, listat 12.05.2023);2023-05-12;Beneficiar Parohia/Biserica Garlasi, Buzau (deviz proiectant);1SStdo4o2D6OmwG1EnsxdCLK3tnqJIy_y
confectii metalice / feronerie;CJ04B1;Profiluri exterioare la briuri de 30 - 60 cm latime din piatra artificiala frecate;m;129,29;44,95;82,84;1,50;0,00;"Deviz oferta.pdf – F3 oferta eDevize (restaurare biserica); pret direct, la care se adauga CAM 2,25% man., CI 10%, profit 5%";2025-06-17;Executant SC Aurora Inconstruct SRL / Beneficiar Biserica Sf. Imp. Constantin si Elena;1rue0Jaajr2kNvdWBeV5ZObPL36nPRRQk
confectii metalice / feronerie;CJ04B1;Profiluri exterioare la briuri de 30-60cm latime din piatra artificiala frecate.;m;1757,26;1627,65;129,20;0,41;0,00;5-BISERICA GARLASI-BISERICA-CU VALORI.PDF – F3 Arhitectura (SofteH, listat 12.05.2023);2023-05-12;Beneficiar Parohia/Biserica Garlasi, Buzau (deviz proiectant);1SStdo4o2D6OmwG1EnsxdCLK3tnqJIy_y
confectii metalice / feronerie;11304238;Scara metalica tip vapor 2,20 m lungime [resursa material];buc;1885,81;1885,81;;;;"9.2. OFERTA V1 REV CU VALORI PTDE.pdf – F3 cu valori (Spital paliatie, desfiintare C1-C3 si construire); pret direct fara CI/profit";2026-07-06;Proiectant S.C. Tanari Arhitect SRL / Beneficiar ACTIS (Asoc. Comunitara pt. Dezv. Intrepr. Sociale);1LARNS5Adn3FbJ7styKw3LZrEBoluKomc
confectii metalice / feronerie;11528526;Scara metalica tip vapor 3,70m lungime [resursa material];buc;2325,50;2325,50;;;;"9.2. OFERTA V1 REV CU VALORI PTDE.pdf – F3 cu valori (Spital paliatie, desfiintare C1-C3 si construire); pret direct fara CI/profit";2026-07-06;Proiectant S.C. Tanari Arhitect SRL / Beneficiar ACTIS (Asoc. Comunitara pt. Dezv. Intrepr. Sociale);1LARNS5Adn3FbJ7styKw3LZrEBoluKomc
confectii metalice / feronerie;6305634;Stelaj metalic pentru fixare echipament dispozitiv actionare [resursa material];kg;7,44;7,44;;;;"Deviz oferta.pdf – F3 oferta eDevize (restaurare biserica); pret direct, la care se adauga CAM 2,25% man., CI 10%, profit 5%";2025-06-17;Executant SC Aurora Inconstruct SRL / Beneficiar Biserica Sf. Imp. Constantin si Elena;1rue0Jaajr2kNvdWBeV5ZObPL36nPRRQk
confectii metalice / feronerie;ATD29A;Suporti, stelaje, constructii metalice din elemente prefabricate,nezincate;kg;6,13;0,68;5,45;0,00;0,00;"9.2. OFERTA V1 REV CU VALORI PTDE.pdf – F3 cu valori (Spital paliatie, desfiintare C1-C3 si construire); pret direct fara CI/profit";2026-07-06;Proiectant S.C. Tanari Arhitect SRL / Beneficiar ACTIS (Asoc. Comunitara pt. Dezv. Intrepr. Sociale);1LARNS5Adn3FbJ7styKw3LZrEBoluKomc
confectii metalice / feronerie;RME17A;Trepte masive piatra-cariera, 20X40cm profil simplu, mont. pe fundatii bet. exist., incl. rostuirea;m;569,99;255,00;314,99;0,00;0,00;"Deviz oferta.pdf – F3 oferta eDevize (restaurare biserica); pret direct, la care se adauga CAM 2,25% man., CI 10%, profit 5%";2025-06-17;Executant SC Aurora Inconstruct SRL / Beneficiar Biserica Sf. Imp. Constantin si Elena;1rue0Jaajr2kNvdWBeV5ZObPL36nPRRQk
confectii metalice / feronerie;7100702;Șuruburi autoforante;buc;0,25;0,25;0,00;0,00;0,00;"Propunere_financiara_BILZI_SDF_Onesti.xlsx – F3 oferta proprie (lucrari acoperis hala, Romsilva DS Bacau); pret direct, adaos 25% separat";2026-10-01;Ofertant BILZI STEEL PROFILE SRL / Beneficiar RNP Romsilva DS Bacau;1pe4vyBBOUknM1CDZScHidnvsaDDsmVIx
confectii metalice / feronerie;M09;Șuruburi autoforante cu garnitură, colorate [resursa material, Estimare preț de piață – de verificat];buc;0,25;0,25;;;;"Propunere_financiara_BILZI_SDF_Onesti.xlsx – foaia Preturi (resurse; EUR furnizor convertit de autor la BNR+1% = 5,3313)";2026-10-01;BILZI STEEL PROFILE SRL;1pe4vyBBOUknM1CDZScHidnvsaDDsmVIx
constructii generale (alte);7000320;ACUMULATOR 12V/12Ah 1 [5] [resursa material];buc;121,20;121,20;;;;"9.2. OFERTA V1 REV CU VALORI PTDE.pdf – F3 cu valori (Spital paliatie, desfiintare C1-C3 si construire); pret direct fara CI/profit";2026-07-06;Proiectant S.C. Tanari Arhitect SRL / Beneficiar ACTIS (Asoc. Comunitara pt. Dezv. Intrepr. Sociale);1LARNS5Adn3FbJ7styKw3LZrEBoluKomc
constructii generale (alte);20013894;Adaptor de flansa PE 100 D= 63 SDR11 [resursa material];buc;28,49;28,49;;;;"9.2. OFERTA V1 REV CU VALORI PTDE.pdf – F3 cu valori (Spital paliatie, desfiintare C1-C3 si construire); pret direct fara CI/profit";2026-07-06;Proiectant S.C. Tanari Arhitect SRL / Beneficiar ACTIS (Asoc. Comunitara pt. Dezv. Intrepr. Sociale);1LARNS5Adn3FbJ7styKw3LZrEBoluKomc
constructii generale (alte);M07;Aliaj de lipit staniu-plumb LP 30G [resursa material, estimare autor];kg;90,00;90,00;;;;Oferta_financiara_BILZI_Romgaz_Stejari.xlsx – foaia Preturi (resurse);2026-10-01;BILZI STEEL PROFILE SRL;1vUAaUr8ZpPF-rApifT3WOnjFNW2sKdj-
constructii generale (alte);VB24A#;Anemostat patrat, cu refulare pe 2, 3 si 4 directii (det. IPCT 61/602, 61/603, 61/604) cu perimetrul:...tip AP 2;buc;212,70;22,80;182,70;7,20;0,00;"9.2. OFERTA V1 REV CU VALORI PTDE.pdf – F3 cu valori (Spital paliatie, desfiintare C1-C3 si construire); pret direct fara CI/profit";2026-07-06;Proiectant S.C. Tanari Arhitect SRL / Beneficiar ACTIS (Asoc. Comunitara pt. Dezv. Intrepr. Sociale);1LARNS5Adn3FbJ7styKw3LZrEBoluKomc
constructii generale (alte);VB17A#;Atenuator circular de zgomot tip AZC (NII 107-84 catalog IAA - Alexandria) cu perimetrul:...800-1600 mm;buc;31,68;6,74;24,94;0,00;0,00;"9.2. OFERTA V1 REV CU VALORI PTDE.pdf – F3 cu valori (Spital paliatie, desfiintare C1-C3 si construire); pret direct fara CI/profit";2026-07-06;Proiectant S.C. Tanari Arhitect SRL / Beneficiar ACTIS (Asoc. Comunitara pt. Dezv. Intrepr. Sociale);1LARNS5Adn3FbJ7styKw3LZrEBoluKomc
constructii generale (alte);5760332;Atenuator de zgomot marca Lindab, cu diametrul de racord 200 mm.- model SLGU 200 600 100 [resursa material];buc;49,08;49,08;;;;"9.2. OFERTA V1 REV CU VALORI PTDE.pdf – F3 cu valori (Spital paliatie, desfiintare C1-C3 si construire); pret direct fara CI/profit";2026-07-06;Proiectant S.C. Tanari Arhitect SRL / Beneficiar ACTIS (Asoc. Comunitara pt. Dezv. Intrepr. Sociale);1LARNS5Adn3FbJ7styKw3LZrEBoluKomc
constructii generale (alte);CFMCS4B;BALUSTRADA DIN INOX CU MANA [1] CURENTA DIN INOX LA EXTERIOR;m;164,30;138,20;26,10;0,00;0,00;"9.2. OFERTA V1 REV CU VALORI PTDE.pdf – F3 cu valori (Spital paliatie, desfiintare C1-C3 si construire); pret direct fara CI/profit";2026-07-06;Proiectant S.C. Tanari Arhitect SRL / Beneficiar ACTIS (Asoc. Comunitara pt. Dezv. Intrepr. Sociale);1LARNS5Adn3FbJ7styKw3LZrEBoluKomc
constructii generale (alte);CFMCS4B;BALUSTRADA DIN INOX CU MANA [2] CURENTA DIN INOX LA EXTERIOR h=0,30 m;m;211,10;185,00;26,10;0,00;0,00;"9.2. OFERTA V1 REV CU VALORI PTDE.pdf – F3 cu valori (Spital paliatie, desfiintare C1-C3 si construire); pret direct fara CI/profit";2026-07-06;Proiectant S.C. Tanari Arhitect SRL / Beneficiar ACTIS (Asoc. Comunitara pt. Dezv. Intrepr. Sociale);1LARNS5Adn3FbJ7styKw3LZrEBoluKomc
constructii generale (alte);CFMCS4B;BALUSTRADA DIN INOX CU MANA [3] CURENTA DIN INOX LA EXTERIOR h=0,50 m;m;220,35;194,25;26,10;0,00;0,00;"9.2. OFERTA V1 REV CU VALORI PTDE.pdf – F3 cu valori (Spital paliatie, desfiintare C1-C3 si construire); pret direct fara CI/profit";2026-07-06;Proiectant S.C. Tanari Arhitect SRL / Beneficiar ACTIS (Asoc. Comunitara pt. Dezv. Intrepr. Sociale);1LARNS5Adn3FbJ7styKw3LZrEBoluKomc
constructii generale (alte);CG02A03^;BANDA <PexKIT> PENTRU ROSTURI [1] DE DILATARE 200x7, 25m;m;57,95;37,07;20,88;0,00;0,00;"9.2. OFERTA V1 REV CU VALORI PTDE.pdf – F3 cu valori (Spital paliatie, desfiintare C1-C3 si construire); pret direct fara CI/profit";2026-07-06;Proiectant S.C. Tanari Arhitect SRL / Beneficiar ACTIS (Asoc. Comunitara pt. Dezv. Intrepr. Sociale);1LARNS5Adn3FbJ7styKw3LZrEBoluKomc
constructii generale (alte);DF26A1 [2];BANDA AVERTIZARE APA;m;4,77;3,03;1,74;0,00;0,00;"9.2. OFERTA V1 REV CU VALORI PTDE.pdf – F3 cu valori (Spital paliatie, desfiintare C1-C3 si construire); pret direct fara CI/profit";2026-07-06;Proiectant S.C. Tanari Arhitect SRL / Beneficiar ACTIS (Asoc. Comunitara pt. Dezv. Intrepr. Sociale);1LARNS5Adn3FbJ7styKw3LZrEBoluKomc
constructii generale (alte);3519617;BARA DE SPRIJIN PT. PERS, CU DIZABILITATI TIP L 95X60 [resursa material];buc;865,00;865,00;;;;"9.2. OFERTA V1 REV CU VALORI PTDE.pdf – F3 cu valori (Spital paliatie, desfiintare C1-C3 si construire); pret direct fara CI/profit";2026-07-06;Proiectant S.C. Tanari Arhitect SRL / Beneficiar ACTIS (Asoc. Comunitara pt. Dezv. Intrepr. Sociale);1LARNS5Adn3FbJ7styKw3LZrEBoluKomc
constructii generale (alte);3519622;BARA DE SPRIJIN RABATABILA [resursa material];buc;842,00;842,00;;;;"9.2. OFERTA V1 REV CU VALORI PTDE.pdf – F3 cu valori (Spital paliatie, desfiintare C1-C3 si construire); pret direct fara CI/profit";2026-07-06;Proiectant S.C. Tanari Arhitect SRL / Beneficiar ACTIS (Asoc. Comunitara pt. Dezv. Intrepr. Sociale);1LARNS5Adn3FbJ7styKw3LZrEBoluKomc
constructii generale (alte);5535684;BUTON ALARMA PACIENTI [resursa material];buc;145,30;145,30;;;;"9.2. OFERTA V1 REV CU VALORI PTDE.pdf – F3 cu valori (Spital paliatie, desfiintare C1-C3 si construire); pret direct fara CI/profit";2026-07-06;Proiectant S.C. Tanari Arhitect SRL / Beneficiar ACTIS (Asoc. Comunitara pt. Dezv. Intrepr. Sociale);1LARNS5Adn3FbJ7styKw3LZrEBoluKomc
constructii generale (alte);CFMCS4B;Balustrada din inox, H = 0.90 m, [4] montan?i verticali, kick plate de 10 cm la baza - 1 mana curenta;m;514,60;488,50;26,10;0,00;0,00;"9.2. OFERTA V1 REV CU VALORI PTDE.pdf – F3 cu valori (Spital paliatie, desfiintare C1-C3 si construire); pret direct fara CI/profit";2026-07-06;Proiectant S.C. Tanari Arhitect SRL / Beneficiar ACTIS (Asoc. Comunitara pt. Dezv. Intrepr. Sociale);1LARNS5Adn3FbJ7styKw3LZrEBoluKomc
constructii generale (alte);CFMCS4B;Balustrada din inox, H = 0.90 m, [5] montanti verticali, kick plate de 10 cm la baza - 2 mana curenta;m;799,60;773,50;26,10;0,00;0,00;"9.2. OFERTA V1 REV CU VALORI PTDE.pdf – F3 cu valori (Spital paliatie, desfiintare C1-C3 si construire); pret direct fara CI/profit";2026-07-06;Proiectant S.C. Tanari Arhitect SRL / Beneficiar ACTIS (Asoc. Comunitara pt. Dezv. Intrepr. Sociale);1LARNS5Adn3FbJ7styKw3LZrEBoluKomc
constructii generale (alte);6716998;Banda din material termoplastic reflectorizanta [resursa material];m;7,89;7,89;;;;"Deviz oferta.pdf – F3 oferta eDevize (restaurare biserica); pret direct, la care se adauga CAM 2,25% man., CI 10%, profit 5%";2025-06-17;Executant SC Aurora Inconstruct SRL / Beneficiar Biserica Sf. Imp. Constantin si Elena;1rue0Jaajr2kNvdWBeV5ZObPL36nPRRQk
constructii generale (alte);8521060;Banda fibra de sticla pt.rosturi .L latime=50mm-25m/rola .L [resursa material];m;0,19;0,19;;;;"9.2. OFERTA V1 REV CU VALORI PTDE.pdf – F3 cu valori (Spital paliatie, desfiintare C1-C3 si construire); pret direct fara CI/profit";2026-07-06;Proiectant S.C. Tanari Arhitect SRL / Beneficiar ACTIS (Asoc. Comunitara pt. Dezv. Intrepr. Sociale);1LARNS5Adn3FbJ7styKw3LZrEBoluKomc
constructii generale (alte);3519623;Bara echipotentializare [resursa material];buc;125,50;125,50;;;;"9.2. OFERTA V1 REV CU VALORI PTDE.pdf – F3 cu valori (Spital paliatie, desfiintare C1-C3 si construire); pret direct fara CI/profit";2026-07-06;Proiectant S.C. Tanari Arhitect SRL / Beneficiar ACTIS (Asoc. Comunitara pt. Dezv. Intrepr. Sociale);1LARNS5Adn3FbJ7styKw3LZrEBoluKomc
constructii generale (alte);20012904;Bariera de vapori [resursa material];mp;5,79;5,79;;;;"9.2. OFERTA V1 REV CU VALORI PTDE.pdf – F3 cu valori (Spital paliatie, desfiintare C1-C3 si construire); pret direct fara CI/profit";2026-07-06;Proiectant S.C. Tanari Arhitect SRL / Beneficiar ACTIS (Asoc. Comunitara pt. Dezv. Intrepr. Sociale);1LARNS5Adn3FbJ7styKw3LZrEBoluKomc
constructii generale (alte);RMA31A;Batut dornuri de antrenare pentru dornuri cu adancimea de 100 cm;buc;32,83;4,79;28,00;0,04;0,00;"Deviz oferta.pdf – F3 oferta eDevize (restaurare biserica); pret direct, la care se adauga CAM 2,25% man., CI 10%, profit 5%";2025-06-17;Executant SC Aurora Inconstruct SRL / Beneficiar Biserica Sf. Imp. Constantin si Elena;1rue0Jaajr2kNvdWBeV5ZObPL36nPRRQk
constructii generale (alte);RMEB05A;Bloc de piatra similar cu piatra de mormant;m;248,70;111,23;136,71;0,76;0,00;"Deviz oferta.pdf – F3 oferta eDevize (restaurare biserica); pret direct, la care se adauga CAM 2,25% man., CI 10%, profit 5%";2025-06-17;Executant SC Aurora Inconstruct SRL / Beneficiar Biserica Sf. Imp. Constantin si Elena;1rue0Jaajr2kNvdWBeV5ZObPL36nPRRQk
constructii generale (alte);RMEB05A;Bloc de piatra similar cu piatra de mormant;m;1014,00;714,00;300,00;0,00;0,00;5-BISERICA GARLASI-BISERICA-CU VALORI.PDF – F3 Arhitectura (SofteH, listat 12.05.2023);2023-05-12;Beneficiar Parohia/Biserica Garlasi, Buzau (deviz proiectant);1SStdo4o2D6OmwG1EnsxdCLK3tnqJIy_y
constructii generale (alte);4204070;Bratara tevi instalatii apa si gaze 1 [resursa material];buc;6,19;6,19;;;;"9.2. OFERTA V1 REV CU VALORI PTDE.pdf – F3 cu valori (Spital paliatie, desfiintare C1-C3 si construire); pret direct fara CI/profit";2026-07-06;Proiectant S.C. Tanari Arhitect SRL / Beneficiar ACTIS (Asoc. Comunitara pt. Dezv. Intrepr. Sociale);1LARNS5Adn3FbJ7styKw3LZrEBoluKomc
constructii generale (alte);4204082;Bratara tevi instalatii apa si gaze 11/4 [resursa material];buc;6,58;6,58;;;;"9.2. OFERTA V1 REV CU VALORI PTDE.pdf – F3 cu valori (Spital paliatie, desfiintare C1-C3 si construire); pret direct fara CI/profit";2026-07-06;Proiectant S.C. Tanari Arhitect SRL / Beneficiar ACTIS (Asoc. Comunitara pt. Dezv. Intrepr. Sociale);1LARNS5Adn3FbJ7styKw3LZrEBoluKomc
constructii generale (alte);4204109;Bratara tevi instalatii apa si gaze 2 [resursa material];buc;8,27;8,27;;;;"9.2. OFERTA V1 REV CU VALORI PTDE.pdf – F3 cu valori (Spital paliatie, desfiintare C1-C3 si construire); pret direct fara CI/profit";2026-07-06;Proiectant S.C. Tanari Arhitect SRL / Beneficiar ACTIS (Asoc. Comunitara pt. Dezv. Intrepr. Sociale);1LARNS5Adn3FbJ7styKw3LZrEBoluKomc
constructii generale (alte);4204111;Bratara tevi instalatii apa si gaze 21/2 [resursa material];buc;9,42;9,42;;;;"9.2. OFERTA V1 REV CU VALORI PTDE.pdf – F3 cu valori (Spital paliatie, desfiintare C1-C3 si construire); pret direct fara CI/profit";2026-07-06;Proiectant S.C. Tanari Arhitect SRL / Beneficiar ACTIS (Asoc. Comunitara pt. Dezv. Intrepr. Sociale);1LARNS5Adn3FbJ7styKw3LZrEBoluKomc
constructii generale (alte);4204135;Bratara tevi instalatii apa si gaze 4 [resursa material];buc;11,87;11,87;;;;"9.2. OFERTA V1 REV CU VALORI PTDE.pdf – F3 cu valori (Spital paliatie, desfiintare C1-C3 si construire); pret direct fara CI/profit";2026-07-06;Proiectant S.C. Tanari Arhitect SRL / Beneficiar ACTIS (Asoc. Comunitara pt. Dezv. Intrepr. Sociale);1LARNS5Adn3FbJ7styKw3LZrEBoluKomc
constructii generale (alte);4204123;"Bratari tevi instalatii apa si gaze 3"" [resursa material]";buc;11,96;11,96;;;;"Deviz oferta.pdf – F3 oferta eDevize (restaurare biserica); pret direct, la care se adauga CAM 2,25% man., CI 10%, profit 5%";2025-06-17;Executant SC Aurora Inconstruct SRL / Beneficiar Biserica Sf. Imp. Constantin si Elena;1rue0Jaajr2kNvdWBeV5ZObPL36nPRRQk
constructii generale (alte);5535543;Buton manual alarmare la incendiu, adr esabil si carcasa [resursa material];buc;132,50;132,50;;;;"9.2. OFERTA V1 REV CU VALORI PTDE.pdf – F3 cu valori (Spital paliatie, desfiintare C1-C3 si construire); pret direct fara CI/profit";2026-07-06;Proiectant S.C. Tanari Arhitect SRL / Beneficiar ACTIS (Asoc. Comunitara pt. Dezv. Intrepr. Sociale);1LARNS5Adn3FbJ7styKw3LZrEBoluKomc
constructii generale (alte);20025123;CONTROLER CAMERA 1 [3] [resursa material];buc;350,97;350,97;;;;"9.2. OFERTA V1 REV CU VALORI PTDE.pdf – F3 cu valori (Spital paliatie, desfiintare C1-C3 si construire); pret direct fara CI/profit";2026-07-06;Proiectant S.C. Tanari Arhitect SRL / Beneficiar ACTIS (Asoc. Comunitara pt. Dezv. Intrepr. Sociale);1LARNS5Adn3FbJ7styKw3LZrEBoluKomc
constructii generale (alte);20018353;Camera video de supraveghere normala de exterior tip A1 [resursa material];buc;825,00;825,00;;;;"9.2. OFERTA V1 REV CU VALORI PTDE.pdf – F3 cu valori (Spital paliatie, desfiintare C1-C3 si construire); pret direct fara CI/profit";2026-07-06;Proiectant S.C. Tanari Arhitect SRL / Beneficiar ACTIS (Asoc. Comunitara pt. Dezv. Intrepr. Sociale);1LARNS5Adn3FbJ7styKw3LZrEBoluKomc
constructii generale (alte);20018339;Camera video de supraveghere normala de interior tip A1 [resursa material];buc;825,00;825,00;;;;"9.2. OFERTA V1 REV CU VALORI PTDE.pdf – F3 cu valori (Spital paliatie, desfiintare C1-C3 si construire); pret direct fara CI/profit";2026-07-06;Proiectant S.C. Tanari Arhitect SRL / Beneficiar ACTIS (Asoc. Comunitara pt. Dezv. Intrepr. Sociale);1LARNS5Adn3FbJ7styKw3LZrEBoluKomc
constructii generale (alte);RPACF14E#;Camine de vizitare cu h=2 m, sectiunea circulara, d = 1000 mm;buc;7644,08;4511,44;3106,84;25,81;0,00;"Deviz oferta.pdf – F3 oferta eDevize (restaurare biserica); pret direct, la care se adauga CAM 2,25% man., CI 10%, profit 5%";2025-06-17;Executant SC Aurora Inconstruct SRL / Beneficiar Biserica Sf. Imp. Constantin si Elena;1rue0Jaajr2kNvdWBeV5ZObPL36nPRRQk
constructii generale (alte);RPACF14E#;Camine de vizitare cu h=2 m, sectiunea circulara, d = 1000 mm;buc;7645,36;4511,44;3108,20;25,72;0,00;"Deviz oferta.pdf – F3 oferta eDevize (restaurare biserica); pret direct, la care se adauga CAM 2,25% man., CI 10%, profit 5%";2025-06-17;Executant SC Aurora Inconstruct SRL / Beneficiar Biserica Sf. Imp. Constantin si Elena;1rue0Jaajr2kNvdWBeV5ZObPL36nPRRQk
constructii generale (alte);6719586;Capac wc din mater. plastic [resursa material];buc;21,57;21,57;;;;"9.2. OFERTA V1 REV CU VALORI PTDE.pdf – F3 cu valori (Spital paliatie, desfiintare C1-C3 si construire); pret direct fara CI/profit";2026-07-06;Proiectant S.C. Tanari Arhitect SRL / Beneficiar ACTIS (Asoc. Comunitara pt. Dezv. Intrepr. Sociale);1LARNS5Adn3FbJ7styKw3LZrEBoluKomc
constructii generale (alte);6719586;Capac wc din mater. plastic [resursa material];buc;150,00;150,00;;;;"Deviz oferta.pdf – F3 oferta eDevize (restaurare biserica); pret direct, la care se adauga CAM 2,25% man., CI 10%, profit 5%";2025-06-17;Executant SC Aurora Inconstruct SRL / Beneficiar Biserica Sf. Imp. Constantin si Elena;1rue0Jaajr2kNvdWBeV5ZObPL36nPRRQk
constructii generale (alte);20014208;Colier punct fix 110 [resursa material];buc;38,22;38,22;;;;"9.2. OFERTA V1 REV CU VALORI PTDE.pdf – F3 cu valori (Spital paliatie, desfiintare C1-C3 si construire); pret direct fara CI/profit";2026-07-06;Proiectant S.C. Tanari Arhitect SRL / Beneficiar ACTIS (Asoc. Comunitara pt. Dezv. Intrepr. Sociale);1LARNS5Adn3FbJ7styKw3LZrEBoluKomc
constructii generale (alte);20014209;Colier punct fix 125 [resursa material];buc;59,70;59,70;;;;"9.2. OFERTA V1 REV CU VALORI PTDE.pdf – F3 cu valori (Spital paliatie, desfiintare C1-C3 si construire); pret direct fara CI/profit";2026-07-06;Proiectant S.C. Tanari Arhitect SRL / Beneficiar ACTIS (Asoc. Comunitara pt. Dezv. Intrepr. Sociale);1LARNS5Adn3FbJ7styKw3LZrEBoluKomc
constructii generale (alte);20014215;Colier punct fix 63 [resursa material];buc;32,51;32,51;;;;"9.2. OFERTA V1 REV CU VALORI PTDE.pdf – F3 cu valori (Spital paliatie, desfiintare C1-C3 si construire); pret direct fara CI/profit";2026-07-06;Proiectant S.C. Tanari Arhitect SRL / Beneficiar ACTIS (Asoc. Comunitara pt. Dezv. Intrepr. Sociale);1LARNS5Adn3FbJ7styKw3LZrEBoluKomc
constructii generale (alte);20014216;Colier punct fix 75 [resursa material];buc;35,10;35,10;;;;"9.2. OFERTA V1 REV CU VALORI PTDE.pdf – F3 cu valori (Spital paliatie, desfiintare C1-C3 si construire); pret direct fara CI/profit";2026-07-06;Proiectant S.C. Tanari Arhitect SRL / Beneficiar ACTIS (Asoc. Comunitara pt. Dezv. Intrepr. Sociale);1LARNS5Adn3FbJ7styKw3LZrEBoluKomc
constructii generale (alte);20014217;Colier punct fix 90 [resursa material];buc;36,03;36,03;;;;"9.2. OFERTA V1 REV CU VALORI PTDE.pdf – F3 cu valori (Spital paliatie, desfiintare C1-C3 si construire); pret direct fara CI/profit";2026-07-06;Proiectant S.C. Tanari Arhitect SRL / Beneficiar ACTIS (Asoc. Comunitara pt. Dezv. Intrepr. Sociale);1LARNS5Adn3FbJ7styKw3LZrEBoluKomc
constructii generale (alte);5520366;Comutator cap scara sau cruce, 230V/10A, IP20, montat ingropat [resursa material];buc;30,00;30,00;;;;"Deviz oferta.pdf – F3 oferta eDevize (restaurare biserica); pret direct, la care se adauga CAM 2,25% man., CI 10%, profit 5%";2025-06-17;Executant SC Aurora Inconstruct SRL / Beneficiar Biserica Sf. Imp. Constantin si Elena;1rue0Jaajr2kNvdWBeV5ZObPL36nPRRQk
constructii generale (alte);4828278;Conductor af -750 1X 2,5 S 5699 [resursa material];m;2,50;2,50;;;;"Deviz oferta.pdf – F3 oferta eDevize (restaurare biserica); pret direct, la care se adauga CAM 2,25% man., CI 10%, profit 5%";2025-06-17;Executant SC Aurora Inconstruct SRL / Beneficiar Biserica Sf. Imp. Constantin si Elena;1rue0Jaajr2kNvdWBeV5ZObPL36nPRRQk
constructii generale (alte);4826476;Conductor fctiff -750 1x 16 s [resursa material];m;7,21;7,21;;;;"9.2. OFERTA V1 REV CU VALORI PTDE.pdf – F3 cu valori (Spital paliatie, desfiintare C1-C3 si construire); pret direct fara CI/profit";2026-07-06;Proiectant S.C. Tanari Arhitect SRL / Beneficiar ACTIS (Asoc. Comunitara pt. Dezv. Intrepr. Sociale);1LARNS5Adn3FbJ7styKw3LZrEBoluKomc
constructii generale (alte);4826957;Conductor fy 1x 25 s 6865 [resursa material];m;10,32;10,32;;;;"9.2. OFERTA V1 REV CU VALORI PTDE.pdf – F3 cu valori (Spital paliatie, desfiintare C1-C3 si construire); pret direct fara CI/profit";2026-07-06;Proiectant S.C. Tanari Arhitect SRL / Beneficiar ACTIS (Asoc. Comunitara pt. Dezv. Intrepr. Sociale);1LARNS5Adn3FbJ7styKw3LZrEBoluKomc
constructii generale (alte);RPCO12XB;Conf.si mont.obloanelor simple cu tabl.pine,exec.din cherest.ras.din scinduri asamblate;mp;811,64;537,89;273,75;0,00;0,00;5-BISERICA GARLASI-BISERICA-CU VALORI.PDF – F3 Arhitectura (SofteH, listat 12.05.2023);2023-05-12;Beneficiar Parohia/Biserica Garlasi, Buzau (deviz proiectant);1SStdo4o2D6OmwG1EnsxdCLK3tnqJIy_y
constructii generale (alte);4203557;Consola brat dublu emailata 420mm cal.1 s 3343 [resursa material];buc;17,17;17,17;;;;"9.2. OFERTA V1 REV CU VALORI PTDE.pdf – F3 cu valori (Spital paliatie, desfiintare C1-C3 si construire); pret direct fara CI/profit";2026-07-06;Proiectant S.C. Tanari Arhitect SRL / Beneficiar ACTIS (Asoc. Comunitara pt. Dezv. Intrepr. Sociale);1LARNS5Adn3FbJ7styKw3LZrEBoluKomc
constructii generale (alte);W1C09A1;Constructii din ol... montare in statii si posturi de transf. suporturi, stelaje, canale etc. montare;kg;20,11;8,77;11,34;0,00;0,00;"Deviz oferta.pdf – F3 oferta eDevize (restaurare biserica); pret direct, la care se adauga CAM 2,25% man., CI 10%, profit 5%";2025-06-17;Executant SC Aurora Inconstruct SRL / Beneficiar Biserica Sf. Imp. Constantin si Elena;1rue0Jaajr2kNvdWBeV5ZObPL36nPRRQk
constructii generale (alte);6704256;Copex M 18 [resursa material];m;4,70;4,70;;;;"Deviz oferta.pdf – F3 oferta eDevize (restaurare biserica); pret direct, la care se adauga CAM 2,25% man., CI 10%, profit 5%";2025-06-17;Executant SC Aurora Inconstruct SRL / Beneficiar Biserica Sf. Imp. Constantin si Elena;1rue0Jaajr2kNvdWBeV5ZObPL36nPRRQk
constructii generale (alte);6704270;Copex M 40 [resursa material];m;15,00;15,00;;;;"Deviz oferta.pdf – F3 oferta eDevize (restaurare biserica); pret direct, la care se adauga CAM 2,25% man., CI 10%, profit 5%";2025-06-17;Executant SC Aurora Inconstruct SRL / Beneficiar Biserica Sf. Imp. Constantin si Elena;1rue0Jaajr2kNvdWBeV5ZObPL36nPRRQk
constructii generale (alte);5102633;Corp il. CONTINUAREA LUCRULUI [resursa material];buc;350,00;350,00;;;;"Deviz oferta.pdf – F3 oferta eDevize (restaurare biserica); pret direct, la care se adauga CAM 2,25% man., CI 10%, profit 5%";2025-06-17;Executant SC Aurora Inconstruct SRL / Beneficiar Biserica Sf. Imp. Constantin si Elena;1rue0Jaajr2kNvdWBeV5ZObPL36nPRRQk
constructii generale (alte);RMF39A#;Cruci din fier forjat lucrate pe santier dupa model original;buc;3529,96;2270,00;1259,96;0,00;0,00;"Deviz oferta.pdf – F3 oferta eDevize (restaurare biserica); pret direct, la care se adauga CAM 2,25% man., CI 10%, profit 5%";2025-06-17;Executant SC Aurora Inconstruct SRL / Beneficiar Biserica Sf. Imp. Constantin si Elena;1rue0Jaajr2kNvdWBeV5ZObPL36nPRRQk
constructii generale (alte);RMF39A;Cruci din fier forjat lucrate pe santier dupa model original.;buc;1835,25;435,25;1400,00;0,00;0,00;5-BISERICA GARLASI-BISERICA-CU VALORI.PDF – F3 Arhitectura (SofteH, listat 12.05.2023);2023-05-12;Beneficiar Parohia/Biserica Garlasi, Buzau (deviz proiectant);1SStdo4o2D6OmwG1EnsxdCLK3tnqJIy_y
constructii generale (alte);VB05A# [6];Curba 90 grade rectangulara 1000x90;buc;97,30;42,60;39,15;15,55;0,00;"9.2. OFERTA V1 REV CU VALORI PTDE.pdf – F3 cu valori (Spital paliatie, desfiintare C1-C3 si construire); pret direct fara CI/profit";2026-07-06;Proiectant S.C. Tanari Arhitect SRL / Beneficiar ACTIS (Asoc. Comunitara pt. Dezv. Intrepr. Sociale);1LARNS5Adn3FbJ7styKw3LZrEBoluKomc
constructii generale (alte);VB05A# [7];Curba la 45 grade BFU 100 45;buc;183,56;114,36;53,65;15,55;0,00;"9.2. OFERTA V1 REV CU VALORI PTDE.pdf – F3 cu valori (Spital paliatie, desfiintare C1-C3 si construire); pret direct fara CI/profit";2026-07-06;Proiectant S.C. Tanari Arhitect SRL / Beneficiar ACTIS (Asoc. Comunitara pt. Dezv. Intrepr. Sociale);1LARNS5Adn3FbJ7styKw3LZrEBoluKomc
constructii generale (alte);VB05A# [5];Curba la 45 grade BFU 200 45;buc;487,70;364,56;107,59;15,55;0,00;"9.2. OFERTA V1 REV CU VALORI PTDE.pdf – F3 cu valori (Spital paliatie, desfiintare C1-C3 si construire); pret direct fara CI/profit";2026-07-06;Proiectant S.C. Tanari Arhitect SRL / Beneficiar ACTIS (Asoc. Comunitara pt. Dezv. Intrepr. Sociale);1LARNS5Adn3FbJ7styKw3LZrEBoluKomc
constructii generale (alte);VB05A# [4];Curba la 90 grade BFU 200 90;buc;487,70;364,56;107,59;15,55;0,00;"9.2. OFERTA V1 REV CU VALORI PTDE.pdf – F3 cu valori (Spital paliatie, desfiintare C1-C3 si construire); pret direct fara CI/profit";2026-07-06;Proiectant S.C. Tanari Arhitect SRL / Beneficiar ACTIS (Asoc. Comunitara pt. Dezv. Intrepr. Sociale);1LARNS5Adn3FbJ7styKw3LZrEBoluKomc
constructii generale (alte);7312463;Cutie cu eclisa pentru centura de {mp ...m^ntare tip ces-2 [resursa material];buc;30,02;30,02;;;;"9.2. OFERTA V1 REV CU VALORI PTDE.pdf – F3 cu valori (Spital paliatie, desfiintare C1-C3 si construire); pret direct fara CI/profit";2026-07-06;Proiectant S.C. Tanari Arhitect SRL / Beneficiar ACTIS (Asoc. Comunitara pt. Dezv. Intrepr. Sociale);1LARNS5Adn3FbJ7styKw3LZrEBoluKomc
constructii generale (alte);20018390;Detectoare de gaz (diferite gaze) [resursa material];buc;490,00;490,00;;;;"Deviz oferta.pdf – F3 oferta eDevize (restaurare biserica); pret direct, la care se adauga CAM 2,25% man., CI 10%, profit 5%";2025-06-17;Executant SC Aurora Inconstruct SRL / Beneficiar Biserica Sf. Imp. Constantin si Elena;1rue0Jaajr2kNvdWBeV5ZObPL36nPRRQk
constructii generale (alte);0111001;Detector adresabil pentru fum [resursa material];buc;185,00;185,00;;;;"9.2. OFERTA V1 REV CU VALORI PTDE.pdf – F3 cu valori (Spital paliatie, desfiintare C1-C3 si construire); pret direct fara CI/profit";2026-07-06;Proiectant S.C. Tanari Arhitect SRL / Beneficiar ACTIS (Asoc. Comunitara pt. Dezv. Intrepr. Sociale);1LARNS5Adn3FbJ7styKw3LZrEBoluKomc
constructii generale (alte);7800952;Detector inundatie [resursa material];buc;186,14;186,14;;;;"9.2. OFERTA V1 REV CU VALORI PTDE.pdf – F3 cu valori (Spital paliatie, desfiintare C1-C3 si construire); pret direct fara CI/profit";2026-07-06;Proiectant S.C. Tanari Arhitect SRL / Beneficiar ACTIS (Asoc. Comunitara pt. Dezv. Intrepr. Sociale);1LARNS5Adn3FbJ7styKw3LZrEBoluKomc
constructii generale (alte);5891382;Dozator de sapun lichid [resursa material];buc;55,00;55,00;;;;"Deviz oferta.pdf – F3 oferta eDevize (restaurare biserica); pret direct, la care se adauga CAM 2,25% man., CI 10%, profit 5%";2025-06-17;Executant SC Aurora Inconstruct SRL / Beneficiar Biserica Sf. Imp. Constantin si Elena;1rue0Jaajr2kNvdWBeV5ZObPL36nPRRQk
constructii generale (alte);7318987;Doze de deviatie si conexiuni, IP40, montaj aparent, rotunda [resursa material];buc;14,00;14,00;;;;"Deviz oferta.pdf – F3 oferta eDevize (restaurare biserica); pret direct, la care se adauga CAM 2,25% man., CI 10%, profit 5%";2025-06-17;Executant SC Aurora Inconstruct SRL / Beneficiar Biserica Sf. Imp. Constantin si Elena;1rue0Jaajr2kNvdWBeV5ZObPL36nPRRQk
constructii generale (alte);7319046;Doze de deviatie si conexiuni, minim 10 intrari/iesiri, IP40, montaj ingropat, patrata [resursa material];buc;15,00;15,00;;;;"Deviz oferta.pdf – F3 oferta eDevize (restaurare biserica); pret direct, la care se adauga CAM 2,25% man., CI 10%, profit 5%";2025-06-17;Executant SC Aurora Inconstruct SRL / Beneficiar Biserica Sf. Imp. Constantin si Elena;1rue0Jaajr2kNvdWBeV5ZObPL36nPRRQk
constructii generale (alte);L2A04A1;Dren pt. apa infiltrata din bolovani;m;53,29;28,98;24,31;0,00;0,00;"Deviz oferta.pdf – F3 oferta eDevize (restaurare biserica); pret direct, la care se adauga CAM 2,25% man., CI 10%, profit 5%";2025-06-17;Executant SC Aurora Inconstruct SRL / Beneficiar Biserica Sf. Imp. Constantin si Elena;1rue0Jaajr2kNvdWBeV5ZObPL36nPRRQk
constructii generale (alte);6106131;EMAIL MARON E.711-1 NTR 90-80 [resursa material];kg;32,20;32,20;;;;"9.2. OFERTA V1 REV CU VALORI PTDE.pdf – F3 cu valori (Spital paliatie, desfiintare C1-C3 si construire); pret direct fara CI/profit";2026-07-06;Proiectant S.C. Tanari Arhitect SRL / Beneficiar ACTIS (Asoc. Comunitara pt. Dezv. Intrepr. Sociale);1LARNS5Adn3FbJ7styKw3LZrEBoluKomc
constructii generale (alte);VB03A01^;Element imbinare NPU 200 - asim;buc;101,25;43,25;58,00;0,00;0,00;"9.2. OFERTA V1 REV CU VALORI PTDE.pdf – F3 cu valori (Spital paliatie, desfiintare C1-C3 si construire); pret direct fara CI/profit";2026-07-06;Proiectant S.C. Tanari Arhitect SRL / Beneficiar ACTIS (Asoc. Comunitara pt. Dezv. Intrepr. Sociale);1LARNS5Adn3FbJ7styKw3LZrEBoluKomc
constructii generale (alte);6106143;Email rosu oxid pe baza de ulei E. 731-2 nii 1703-73 [resursa material];kg;30,00;30,00;;;;"Deviz oferta.pdf – F3 oferta eDevize (restaurare biserica); pret direct, la care se adauga CAM 2,25% man., CI 10%, profit 5%";2025-06-17;Executant SC Aurora Inconstruct SRL / Beneficiar Biserica Sf. Imp. Constantin si Elena;1rue0Jaajr2kNvdWBeV5ZObPL36nPRRQk
constructii generale (alte);2451485;Etajera portelan tip e2.30 c.1 ni 716 [resursa material];buc;190,00;190,00;;;;"Deviz oferta.pdf – F3 oferta eDevize (restaurare biserica); pret direct, la care se adauga CAM 2,25% man., CI 10%, profit 5%";2025-06-17;Executant SC Aurora Inconstruct SRL / Beneficiar Biserica Sf. Imp. Constantin si Elena;1rue0Jaajr2kNvdWBeV5ZObPL36nPRRQk
constructii generale (alte);Disjunctor;F+N, 16a, Mosaic Legrand Linkeo 077522;buc;165,50;165,50;0,00;0,00;0,00;"9.2. OFERTA V1 REV CU VALORI PTDE.pdf – F3 cu valori (Spital paliatie, desfiintare C1-C3 si construire); pret direct fara CI/profit";2026-07-06;Proiectant S.C. Tanari Arhitect SRL / Beneficiar ACTIS (Asoc. Comunitara pt. Dezv. Intrepr. Sociale);1LARNS5Adn3FbJ7styKw3LZrEBoluKomc
constructii generale (alte);8000544;Fereastra Al.+ tripan - 0.80x0.40 m, 1 canat, OB (oscilo-batant) [resursa material];mp;865,00;865,00;;;;"9.2. OFERTA V1 REV CU VALORI PTDE.pdf – F3 cu valori (Spital paliatie, desfiintare C1-C3 si construire); pret direct fara CI/profit";2026-07-06;Proiectant S.C. Tanari Arhitect SRL / Beneficiar ACTIS (Asoc. Comunitara pt. Dezv. Intrepr. Sociale);1LARNS5Adn3FbJ7styKw3LZrEBoluKomc
constructii generale (alte);8000551;Fereastra Al.+ tripan - 1.60x1.50 m, 2 canate, 1OB - 1Fix [resursa material];mp;865,00;865,00;;;;"9.2. OFERTA V1 REV CU VALORI PTDE.pdf – F3 cu valori (Spital paliatie, desfiintare C1-C3 si construire); pret direct fara CI/profit";2026-07-06;Proiectant S.C. Tanari Arhitect SRL / Beneficiar ACTIS (Asoc. Comunitara pt. Dezv. Intrepr. Sociale);1LARNS5Adn3FbJ7styKw3LZrEBoluKomc
constructii generale (alte);8000545;Fereastra Al.+ tripan - 2.10x1.20 m, 2 canate, 1OB - 1Fix [resursa material];mp;865,00;865,00;;;;"9.2. OFERTA V1 REV CU VALORI PTDE.pdf – F3 cu valori (Spital paliatie, desfiintare C1-C3 si construire); pret direct fara CI/profit";2026-07-06;Proiectant S.C. Tanari Arhitect SRL / Beneficiar ACTIS (Asoc. Comunitara pt. Dezv. Intrepr. Sociale);1LARNS5Adn3FbJ7styKw3LZrEBoluKomc
constructii generale (alte);6619023;Furtun cauciucat pentru incendiu tip C 2 s 2164 [resursa material];m;10,09;10,09;;;;"9.2. OFERTA V1 REV CU VALORI PTDE.pdf – F3 cu valori (Spital paliatie, desfiintare C1-C3 si construire); pret direct fara CI/profit";2026-07-06;Proiectant S.C. Tanari Arhitect SRL / Beneficiar ACTIS (Asoc. Comunitara pt. Dezv. Intrepr. Sociale);1LARNS5Adn3FbJ7styKw3LZrEBoluKomc
constructii generale (alte);6607551;Garnitura de etansare ans plan pn6/2,5 D = 50 m 100-500 g2x4 s 1733 [resursa material];buc;20,90;20,90;;;;"Deviz oferta.pdf – F3 oferta eDevize (restaurare biserica); pret direct, la care se adauga CAM 2,25% man., CI 10%, profit 5%";2025-06-17;Executant SC Aurora Inconstruct SRL / Beneficiar Biserica Sf. Imp. Constantin si Elena;1rue0Jaajr2kNvdWBeV5ZObPL36nPRRQk
constructii generale (alte);M13;Grinda rasinoase cu 4 fete plane, L = 4–6 m [resursa material, estimare autor];mc;1500,00;1500,00;;;;Oferta_financiara_BILZI_Romgaz_Stejari.xlsx – foaia Preturi (resurse);2026-10-01;BILZI STEEL PROFILE SRL;1vUAaUr8ZpPF-rApifT3WOnjFNW2sKdj-
constructii generale (alte);M1I01A#;Grup electrocompresor cu gr.pina la 0,5 t;buc;320,02;;;;;"9.2. OFERTA V1 REV CU VALORI PTDE.pdf – F3 cu valori (Spital paliatie, desfiintare C1-C3 si construire); pret direct fara CI/profit";2026-07-06;Proiectant S.C. Tanari Arhitect SRL / Beneficiar ACTIS (Asoc. Comunitara pt. Dezv. Intrepr. Sociale);1LARNS5Adn3FbJ7styKw3LZrEBoluKomc
constructii generale (alte);GD11A1 [1];Kit drenaj SISTEM COMPLET;set;416,39;126,97;289,42;0,00;0,00;"9.2. OFERTA V1 REV CU VALORI PTDE.pdf – F3 cu valori (Spital paliatie, desfiintare C1-C3 si construire); pret direct fara CI/profit";2026-07-06;Proiectant S.C. Tanari Arhitect SRL / Beneficiar ACTIS (Asoc. Comunitara pt. Dezv. Intrepr. Sociale);1LARNS5Adn3FbJ7styKw3LZrEBoluKomc
constructii generale (alte);CH07A1 [2];MANA CURENTA DIN INOX;m;312,91;299,57;13,34;0,00;0,00;"9.2. OFERTA V1 REV CU VALORI PTDE.pdf – F3 cu valori (Spital paliatie, desfiintare C1-C3 si construire); pret direct fara CI/profit";2026-07-06;Proiectant S.C. Tanari Arhitect SRL / Beneficiar ACTIS (Asoc. Comunitara pt. Dezv. Intrepr. Sociale);1LARNS5Adn3FbJ7styKw3LZrEBoluKomc
constructii generale (alte);7328267;Manometru cu rob.control [resursa material];buc;79,04;79,04;;;;"9.2. OFERTA V1 REV CU VALORI PTDE.pdf – F3 cu valori (Spital paliatie, desfiintare C1-C3 si construire); pret direct fara CI/profit";2026-07-06;Proiectant S.C. Tanari Arhitect SRL / Beneficiar ACTIS (Asoc. Comunitara pt. Dezv. Intrepr. Sociale);1LARNS5Adn3FbJ7styKw3LZrEBoluKomc
constructii generale (alte);TFD01A1;Manometru montat...pe conducta;buc;128,56;67,98;45,82;14,76;0,00;"9.2. OFERTA V1 REV CU VALORI PTDE.pdf – F3 cu valori (Spital paliatie, desfiintare C1-C3 si construire); pret direct fara CI/profit";2026-07-06;Proiectant S.C. Tanari Arhitect SRL / Beneficiar ACTIS (Asoc. Comunitara pt. Dezv. Intrepr. Sociale);1LARNS5Adn3FbJ7styKw3LZrEBoluKomc
constructii generale (alte);DF15XA;Marcaj longitudinal cu banda din mat. termoplastic reflectorizant;m;8,53;8,53;0,00;0,00;0,00;"Deviz oferta.pdf – F3 oferta eDevize (restaurare biserica); pret direct, la care se adauga CAM 2,25% man., CI 10%, profit 5%";2025-06-17;Executant SC Aurora Inconstruct SRL / Beneficiar Biserica Sf. Imp. Constantin si Elena;1rue0Jaajr2kNvdWBeV5ZObPL36nPRRQk
constructii generale (alte);DF15XA;Marcaj longitudinal cu banda din material termoplastic reflectorizant;m;13,29;8,76;3,78;0,75;0,00;"Deviz oferta.pdf – F3 oferta eDevize (restaurare biserica); pret direct, la care se adauga CAM 2,25% man., CI 10%, profit 5%";2025-06-17;Executant SC Aurora Inconstruct SRL / Beneficiar Biserica Sf. Imp. Constantin si Elena;1rue0Jaajr2kNvdWBeV5ZObPL36nPRRQk
constructii generale (alte);20018376;Modul de extensie interfete bucle [resursa material];buc;759,63;759,63;;;;"9.2. OFERTA V1 REV CU VALORI PTDE.pdf – F3 cu valori (Spital paliatie, desfiintare C1-C3 si construire); pret direct fara CI/profit";2026-07-06;Proiectant S.C. Tanari Arhitect SRL / Beneficiar ACTIS (Asoc. Comunitara pt. Dezv. Intrepr. Sociale);1LARNS5Adn3FbJ7styKw3LZrEBoluKomc
constructii generale (alte);20018373;Modul de intrari/iesiri pentru sisteme adresabile [resursa material];buc;404,73;404,73;;;;"9.2. OFERTA V1 REV CU VALORI PTDE.pdf – F3 cu valori (Spital paliatie, desfiintare C1-C3 si construire); pret direct fara CI/profit";2026-07-06;Proiectant S.C. Tanari Arhitect SRL / Beneficiar ACTIS (Asoc. Comunitara pt. Dezv. Intrepr. Sociale);1LARNS5Adn3FbJ7styKw3LZrEBoluKomc
constructii generale (alte);FA11C1;Montare separator de hidrocarburi cf proiect;buc;4140,99;308,85;2832,14;1000,00;0,00;"9.2. OFERTA V1 REV CU VALORI PTDE.pdf – F3 cu valori (Spital paliatie, desfiintare C1-C3 si construire); pret direct fara CI/profit";2026-07-06;Proiectant S.C. Tanari Arhitect SRL / Beneficiar ACTIS (Asoc. Comunitara pt. Dezv. Intrepr. Sociale);1LARNS5Adn3FbJ7styKw3LZrEBoluKomc
constructii generale (alte);2505009;NVR [resursa material];buc;762,30;762,30;;;;"9.2. OFERTA V1 REV CU VALORI PTDE.pdf – F3 cu valori (Spital paliatie, desfiintare C1-C3 si construire); pret direct fara CI/profit";2026-07-06;Proiectant S.C. Tanari Arhitect SRL / Beneficiar ACTIS (Asoc. Comunitara pt. Dezv. Intrepr. Sociale);1LARNS5Adn3FbJ7styKw3LZrEBoluKomc
constructii generale (alte);4123309;Niplu normal zincat DN 1 1/2 cod [resursa material];buc;5,58;5,58;;;;"9.2. OFERTA V1 REV CU VALORI PTDE.pdf – F3 cu valori (Spital paliatie, desfiintare C1-C3 si construire); pret direct fara CI/profit";2026-07-06;Proiectant S.C. Tanari Arhitect SRL / Beneficiar ACTIS (Asoc. Comunitara pt. Dezv. Intrepr. Sociale);1LARNS5Adn3FbJ7styKw3LZrEBoluKomc
constructii generale (alte);2506088;Oglinda 500X600 cromata [resursa material];buc;325,71;325,71;;;;"9.2. OFERTA V1 REV CU VALORI PTDE.pdf – F3 cu valori (Spital paliatie, desfiintare C1-C3 si construire); pret direct fara CI/profit";2026-07-06;Proiectant S.C. Tanari Arhitect SRL / Beneficiar ACTIS (Asoc. Comunitara pt. Dezv. Intrepr. Sociale);1LARNS5Adn3FbJ7styKw3LZrEBoluKomc
constructii generale (alte);2506085;Oglinda cristal dreptunghiulara [resursa material];buc;420,00;420,00;;;;"Deviz oferta.pdf – F3 oferta eDevize (restaurare biserica); pret direct, la care se adauga CAM 2,25% man., CI 10%, profit 5%";2025-06-17;Executant SC Aurora Inconstruct SRL / Beneficiar Biserica Sf. Imp. Constantin si Elena;1rue0Jaajr2kNvdWBeV5ZObPL36nPRRQk
constructii generale (alte);7258911;PANOU DE IDENTIFICARE [resursa material];buc;1275,00;1275,00;;;;"9.2. OFERTA V1 REV CU VALORI PTDE.pdf – F3 cu valori (Spital paliatie, desfiintare C1-C3 si construire); pret direct fara CI/profit";2026-07-06;Proiectant S.C. Tanari Arhitect SRL / Beneficiar ACTIS (Asoc. Comunitara pt. Dezv. Intrepr. Sociale);1LARNS5Adn3FbJ7styKw3LZrEBoluKomc
constructii generale (alte);2452958;Pachet rezervor wc incastrat in perete, cadru si placa comanda [resursa material];buc;1100,00;1100,00;;;;"Deviz oferta.pdf – F3 oferta eDevize (restaurare biserica); pret direct, la care se adauga CAM 2,25% man., CI 10%, profit 5%";2025-06-17;Executant SC Aurora Inconstruct SRL / Beneficiar Biserica Sf. Imp. Constantin si Elena;1rue0Jaajr2kNvdWBeV5ZObPL36nPRRQk
constructii generale (alte);TCC36A2;Panou repetor pentru centrale [2] adresabile, montaj aparent;buc;1376,85;695,06;681,79;0,00;0,00;"9.2. OFERTA V1 REV CU VALORI PTDE.pdf – F3 cu valori (Spital paliatie, desfiintare C1-C3 si construire); pret direct fara CI/profit";2026-07-06;Proiectant S.C. Tanari Arhitect SRL / Beneficiar ACTIS (Asoc. Comunitara pt. Dezv. Intrepr. Sociale);1LARNS5Adn3FbJ7styKw3LZrEBoluKomc
constructii generale (alte);5204077;Papuc alum120mmp presat [resursa material];buc;11,50;11,50;;;;"Deviz oferta.pdf – F3 oferta eDevize (restaurare biserica); pret direct, la care se adauga CAM 2,25% man., CI 10%, profit 5%";2025-06-17;Executant SC Aurora Inconstruct SRL / Beneficiar Biserica Sf. Imp. Constantin si Elena;1rue0Jaajr2kNvdWBeV5ZObPL36nPRRQk
constructii generale (alte);CK03A1;Pereti cortina Al. cu geam tripan ASIMILAT [1];mp;2273,65;2146,05;127,60;0,00;0,00;"9.2. OFERTA V1 REV CU VALORI PTDE.pdf – F3 cu valori (Spital paliatie, desfiintare C1-C3 si construire); pret direct fara CI/profit";2026-07-06;Proiectant S.C. Tanari Arhitect SRL / Beneficiar ACTIS (Asoc. Comunitara pt. Dezv. Intrepr. Sociale);1LARNS5Adn3FbJ7styKw3LZrEBoluKomc
constructii generale (alte);7333184;Pichet PSI - complet echipat [resursa material];buc;980,00;980,00;;;;"9.2. OFERTA V1 REV CU VALORI PTDE.pdf – F3 cu valori (Spital paliatie, desfiintare C1-C3 si construire); pret direct fara CI/profit";2026-07-06;Proiectant S.C. Tanari Arhitect SRL / Beneficiar ACTIS (Asoc. Comunitara pt. Dezv. Intrepr. Sociale);1LARNS5Adn3FbJ7styKw3LZrEBoluKomc
constructii generale (alte);6721023;Piesa curatire poliprop ignif,canal,diam D3 = 110 mm [resursa material];buc;12,42;12,42;;;;"Deviz oferta.pdf – F3 oferta eDevize (restaurare biserica); pret direct, la care se adauga CAM 2,25% man., CI 10%, profit 5%";2025-06-17;Executant SC Aurora Inconstruct SRL / Beneficiar Biserica Sf. Imp. Constantin si Elena;1rue0Jaajr2kNvdWBeV5ZObPL36nPRRQk
constructii generale (alte);4124414;Piesa leg.fon.trec.ol.cond. G = 6,3 G = 50 kg barem pret [resursa material];kg;4,20;4,20;;;;"Deviz oferta.pdf – F3 oferta eDevize (restaurare biserica); pret direct, la care se adauga CAM 2,25% man., CI 10%, profit 5%";2025-06-17;Executant SC Aurora Inconstruct SRL / Beneficiar Biserica Sf. Imp. Constantin si Elena;1rue0Jaajr2kNvdWBeV5ZObPL36nPRRQk
constructii generale (alte);11492824;Placa de capat V150S tip 0-20 ptr. ambele capete ale rigolei, producator ACO cod 12785 [resursa material];buc;128,00;128,00;;;;"9.2. OFERTA V1 REV CU VALORI PTDE.pdf – F3 cu valori (Spital paliatie, desfiintare C1-C3 si construire); pret direct fara CI/profit";2026-07-06;Proiectant S.C. Tanari Arhitect SRL / Beneficiar ACTIS (Asoc. Comunitara pt. Dezv. Intrepr. Sociale);1LARNS5Adn3FbJ7styKw3LZrEBoluKomc
constructii generale (alte);2924286;Placa pfl melam.1 fata film dec.cal.1 gr.4/1 s7578 [resursa material];mp;20,47;20,47;;;;"9.2. OFERTA V1 REV CU VALORI PTDE.pdf – F3 cu valori (Spital paliatie, desfiintare C1-C3 si construire); pret direct fara CI/profit";2026-07-06;Proiectant S.C. Tanari Arhitect SRL / Beneficiar ACTIS (Asoc. Comunitara pt. Dezv. Intrepr. Sociale);1LARNS5Adn3FbJ7styKw3LZrEBoluKomc
constructii generale (alte);CG12XA;Plinte si scafe mozaic,turn.pe loc,incl.str.sup.mort.m100t,frec.si spal.orizontale 6-10cm h,la peret;m;49,98;;;;;"9.2. OFERTA V1 REV CU VALORI PTDE.pdf – F3 cu valori (Spital paliatie, desfiintare C1-C3 si construire); pret direct fara CI/profit";2026-07-06;Proiectant S.C. Tanari Arhitect SRL / Beneficiar ACTIS (Asoc. Comunitara pt. Dezv. Intrepr. Sociale);1LARNS5Adn3FbJ7styKw3LZrEBoluKomc
constructii generale (alte);5105269;Policandru 1000w [resursa material];buc;10000,00;10000,00;;;;"Deviz oferta.pdf – F3 oferta eDevize (restaurare biserica); pret direct, la care se adauga CAM 2,25% man., CI 10%, profit 5%";2025-06-17;Executant SC Aurora Inconstruct SRL / Beneficiar Biserica Sf. Imp. Constantin si Elena;1rue0Jaajr2kNvdWBeV5ZObPL36nPRRQk
constructii generale (alte);5105312;Policandru 2000w [resursa material];buc;18000,00;18000,00;;;;"Deviz oferta.pdf – F3 oferta eDevize (restaurare biserica); pret direct, la care se adauga CAM 2,25% man., CI 10%, profit 5%";2025-06-17;Executant SC Aurora Inconstruct SRL / Beneficiar Biserica Sf. Imp. Constantin si Elena;1rue0Jaajr2kNvdWBeV5ZObPL36nPRRQk
constructii generale (alte);5105283;Policandru 3000w [resursa material];buc;25000,00;25000,00;;;;"Deviz oferta.pdf – F3 oferta eDevize (restaurare biserica); pret direct, la care se adauga CAM 2,25% man., CI 10%, profit 5%";2025-06-17;Executant SC Aurora Inconstruct SRL / Beneficiar Biserica Sf. Imp. Constantin si Elena;1rue0Jaajr2kNvdWBeV5ZObPL36nPRRQk
constructii generale (alte);5105271;Policandru 600w [resursa material];buc;8000,00;8000,00;;;;"Deviz oferta.pdf – F3 oferta eDevize (restaurare biserica); pret direct, la care se adauga CAM 2,25% man., CI 10%, profit 5%";2025-06-17;Executant SC Aurora Inconstruct SRL / Beneficiar Biserica Sf. Imp. Constantin si Elena;1rue0Jaajr2kNvdWBeV5ZObPL36nPRRQk
constructii generale (alte);2453615;Port-hirtie portelan hi-1 c.1 [resursa material];buc;176,00;176,00;;;;"Deviz oferta.pdf – F3 oferta eDevize (restaurare biserica); pret direct, la care se adauga CAM 2,25% man., CI 10%, profit 5%";2025-06-17;Executant SC Aurora Inconstruct SRL / Beneficiar Biserica Sf. Imp. Constantin si Elena;1rue0Jaajr2kNvdWBeV5ZObPL36nPRRQk
constructii generale (alte);RMF40A;Prot. preventiva / de stopare a atacului biologic, solutii tip ... prin pensulare 2 straturi;mp;18,51;7,80;10,71;0,00;0,00;"Deviz oferta.pdf – F3 oferta eDevize (restaurare biserica); pret direct, la care se adauga CAM 2,25% man., CI 10%, profit 5%";2025-06-17;Executant SC Aurora Inconstruct SRL / Beneficiar Biserica Sf. Imp. Constantin si Elena;1rue0Jaajr2kNvdWBeV5ZObPL36nPRRQk
constructii generale (alte);RMF40A;Prot.preventiva / de stopare a atacului biologic,solutii tip....prin pensulare 2 straturi;mp;28,11;19,61;8,50;0,00;0,00;5-BISERICA GARLASI-BISERICA-CU VALORI.PDF – F3 Arhitectura (SofteH, listat 12.05.2023);2023-05-12;Beneficiar Parohia/Biserica Garlasi, Buzau (deviz proiectant);1SStdo4o2D6OmwG1EnsxdCLK3tnqJIy_y
constructii generale (alte);CG37A;Protectie pictura murala;mp;14,95;5,50;9,45;0,00;0,00;"Deviz oferta.pdf – F3 oferta eDevize (restaurare biserica); pret direct, la care se adauga CAM 2,25% man., CI 10%, profit 5%";2025-06-17;Executant SC Aurora Inconstruct SRL / Beneficiar Biserica Sf. Imp. Constantin si Elena;1rue0Jaajr2kNvdWBeV5ZObPL36nPRRQk
constructii generale (alte);CG37A;Protectie pictura murala;mp;54,16;32,41;21,75;0,00;0,00;5-BISERICA GARLASI-BISERICA-CU VALORI.PDF – F3 Arhitectura (SofteH, listat 12.05.2023);2023-05-12;Beneficiar Parohia/Biserica Garlasi, Buzau (deviz proiectant);1SStdo4o2D6OmwG1EnsxdCLK3tnqJIy_y
constructii generale (alte);Descarcator;Pt.Supraten Legrand Linkeo 077540;buc;252,00;;;;;"9.2. OFERTA V1 REV CU VALORI PTDE.pdf – F3 cu valori (Spital paliatie, desfiintare C1-C3 si construire); pret direct fara CI/profit";2026-07-06;Proiectant S.C. Tanari Arhitect SRL / Beneficiar ACTIS (Asoc. Comunitara pt. Dezv. Intrepr. Sociale);1LARNS5Adn3FbJ7styKw3LZrEBoluKomc
constructii generale (alte);6312132;"Racord flexibil apa 1/2"" l = 500 mm [resursa material]";buc;27,00;27,00;;;;"Deviz oferta.pdf – F3 oferta eDevize (restaurare biserica); pret direct, la care se adauga CAM 2,25% man., CI 10%, profit 5%";2025-06-17;Executant SC Aurora Inconstruct SRL / Beneficiar Biserica Sf. Imp. Constantin si Elena;1rue0Jaajr2kNvdWBeV5ZObPL36nPRRQk
constructii generale (alte);11429889;Racord infundat pentru Racord Stord Dn65 [resursa material];buc;58,88;58,88;;;;"9.2. OFERTA V1 REV CU VALORI PTDE.pdf – F3 cu valori (Spital paliatie, desfiintare C1-C3 si construire); pret direct fara CI/profit";2026-07-06;Proiectant S.C. Tanari Arhitect SRL / Beneficiar ACTIS (Asoc. Comunitara pt. Dezv. Intrepr. Sociale);1LARNS5Adn3FbJ7styKw3LZrEBoluKomc
constructii generale (alte);2453172;Rezervor wc DIZAB [resursa material];buc;188,11;188,11;;;;"9.2. OFERTA V1 REV CU VALORI PTDE.pdf – F3 cu valori (Spital paliatie, desfiintare C1-C3 si construire); pret direct fara CI/profit";2026-07-06;Proiectant S.C. Tanari Arhitect SRL / Beneficiar ACTIS (Asoc. Comunitara pt. Dezv. Intrepr. Sociale);1LARNS5Adn3FbJ7styKw3LZrEBoluKomc
constructii generale (alte);2452958;Rezervor wc r 2 semiinaltime alb c.1 s 9441 [resursa material];buc;174,20;174,20;;;;"9.2. OFERTA V1 REV CU VALORI PTDE.pdf – F3 cu valori (Spital paliatie, desfiintare C1-C3 si construire); pret direct fara CI/profit";2026-07-06;Proiectant S.C. Tanari Arhitect SRL / Beneficiar ACTIS (Asoc. Comunitara pt. Dezv. Intrepr. Sociale);1LARNS5Adn3FbJ7styKw3LZrEBoluKomc
constructii generale (alte);DB29A#;Ridicarea sau coborarea la nivelul strazilor sau drumurilor a cutiilor cu capac;buc;582,91;477,92;105,00;0,00;0,00;"Deviz oferta.pdf – F3 oferta eDevize (restaurare biserica); pret direct, la care se adauga CAM 2,25% man., CI 10%, profit 5%";2025-06-17;Executant SC Aurora Inconstruct SRL / Beneficiar Biserica Sf. Imp. Constantin si Elena;1rue0Jaajr2kNvdWBeV5ZObPL36nPRRQk
constructii generale (alte);DB29A%;Ridicarea sau coborarea la nivelul strazilor sau drumurilor a cutiilor cu capac;buc;582,91;477,92;105,00;0,00;0,00;"Deviz oferta.pdf – F3 oferta eDevize (restaurare biserica); pret direct, la care se adauga CAM 2,25% man., CI 10%, profit 5%";2025-06-17;Executant SC Aurora Inconstruct SRL / Beneficiar Biserica Sf. Imp. Constantin si Elena;1rue0Jaajr2kNvdWBeV5ZObPL36nPRRQk
constructii generale (alte);RMEB05A;Rigole din piatra in proximitatea bisericii;m;123,00;68,00;55,00;0,00;0,00;"Deviz oferta.pdf – F3 oferta eDevize (restaurare biserica); pret direct, la care se adauga CAM 2,25% man., CI 10%, profit 5%";2025-06-17;Executant SC Aurora Inconstruct SRL / Beneficiar Biserica Sf. Imp. Constantin si Elena;1rue0Jaajr2kNvdWBeV5ZObPL36nPRRQk
constructii generale (alte);AMC2335C;Rotametru...Montarea mecanismului indicator , verificarea legaturilor pneumatice , remedierea defectiunilor si reglarea aparatului prin probe succesive;buc;98,60;0,00;98,60;0,00;0,00;"9.2. OFERTA V1 REV CU VALORI PTDE.pdf – F3 cu valori (Spital paliatie, desfiintare C1-C3 si construire); pret direct fara CI/profit";2026-07-06;Proiectant S.C. Tanari Arhitect SRL / Beneficiar ACTIS (Asoc. Comunitara pt. Dezv. Intrepr. Sociale);1LARNS5Adn3FbJ7styKw3LZrEBoluKomc
constructii generale (alte);CA02I1 [3];STRAT RETENTIE APA [2];mp;134,19;16,63;114,26;3,30;0,00;"9.2. OFERTA V1 REV CU VALORI PTDE.pdf – F3 cu valori (Spital paliatie, desfiintare C1-C3 si construire); pret direct fara CI/profit";2026-07-06;Proiectant S.C. Tanari Arhitect SRL / Beneficiar ACTIS (Asoc. Comunitara pt. Dezv. Intrepr. Sociale);1LARNS5Adn3FbJ7styKw3LZrEBoluKomc
constructii generale (alte);TSA02C1;Sap. man. in spatii limit. sub 1 m cu taluz vert. nespr. in pam. necoez. si sl. coez. adinc. <0.75 m t. tare;mc;132,93;0,00;132,93;0,00;0,00;"Deviz oferta.pdf – F3 oferta eDevize (restaurare biserica); pret direct, la care se adauga CAM 2,25% man., CI 10%, profit 5%";2025-06-17;Executant SC Aurora Inconstruct SRL / Beneficiar Biserica Sf. Imp. Constantin si Elena;1rue0Jaajr2kNvdWBeV5ZObPL36nPRRQk
constructii generale (alte);2903830;Scindura rasin lunga tiv cls C gR = 24mm L = 3,00m s 942 [resursa material];mc;1261,00;1261,00;;;;"9.2. OFERTA V1 REV CU VALORI PTDE.pdf – F3 cu valori (Spital paliatie, desfiintare C1-C3 si construire); pret direct fara CI/profit";2026-07-06;Proiectant S.C. Tanari Arhitect SRL / Beneficiar ACTIS (Asoc. Comunitara pt. Dezv. Intrepr. Sociale);1LARNS5Adn3FbJ7styKw3LZrEBoluKomc
constructii generale (alte);20018443;Senzor exterior temperatura [resursa material];buc;396,00;396,00;;;;"Deviz oferta.pdf – F3 oferta eDevize (restaurare biserica); pret direct, la care se adauga CAM 2,25% man., CI 10%, profit 5%";2025-06-17;Executant SC Aurora Inconstruct SRL / Beneficiar Biserica Sf. Imp. Constantin si Elena;1rue0Jaajr2kNvdWBeV5ZObPL36nPRRQk
constructii generale (alte);TCB08A1;Sirena conventionala acustica si [9] luminoasa, inclusiv acumulatori;buc;181,47;35,02;146,45;0,00;0,00;"9.2. OFERTA V1 REV CU VALORI PTDE.pdf – F3 cu valori (Spital paliatie, desfiintare C1-C3 si construire); pret direct fara CI/profit";2026-07-06;Proiectant S.C. Tanari Arhitect SRL / Beneficiar ACTIS (Asoc. Comunitara pt. Dezv. Intrepr. Sociale);1LARNS5Adn3FbJ7styKw3LZrEBoluKomc
constructii generale (alte);20018500;Sirena de interior pentru sisteme incendiu, rosie, 24Vcc. [resursa material];buc;125,60;125,60;;;;"9.2. OFERTA V1 REV CU VALORI PTDE.pdf – F3 cu valori (Spital paliatie, desfiintare C1-C3 si construire); pret direct fara CI/profit";2026-07-06;Proiectant S.C. Tanari Arhitect SRL / Beneficiar ACTIS (Asoc. Comunitara pt. Dezv. Intrepr. Sociale);1LARNS5Adn3FbJ7styKw3LZrEBoluKomc
constructii generale (alte);7345166;Sirena externa autoalimentata, DC 24 V, rosie [resursa material];buc;210,00;210,00;;;;"9.2. OFERTA V1 REV CU VALORI PTDE.pdf – F3 cu valori (Spital paliatie, desfiintare C1-C3 si construire); pret direct fara CI/profit";2026-07-06;Proiectant S.C. Tanari Arhitect SRL / Beneficiar ACTIS (Asoc. Comunitara pt. Dezv. Intrepr. Sociale);1LARNS5Adn3FbJ7styKw3LZrEBoluKomc
constructii generale (alte);TCA10O1;Sistem de pozare panouri fotovoltaice [1] est-vest;set;2922,48;2828,81;93,67;0,00;0,00;"9.2. OFERTA V1 REV CU VALORI PTDE.pdf – F3 cu valori (Spital paliatie, desfiintare C1-C3 si construire); pret direct fara CI/profit";2026-07-06;Proiectant S.C. Tanari Arhitect SRL / Beneficiar ACTIS (Asoc. Comunitara pt. Dezv. Intrepr. Sociale);1LARNS5Adn3FbJ7styKw3LZrEBoluKomc
constructii generale (alte);4625016;Sorb simplu cu flanse pu DN = 50 PN = 10 s 2231 [resursa material];buc;148,18;148,18;;;;"9.2. OFERTA V1 REV CU VALORI PTDE.pdf – F3 cu valori (Spital paliatie, desfiintare C1-C3 si construire); pret direct fara CI/profit";2026-07-06;Proiectant S.C. Tanari Arhitect SRL / Beneficiar ACTIS (Asoc. Comunitara pt. Dezv. Intrepr. Sociale);1LARNS5Adn3FbJ7styKw3LZrEBoluKomc
constructii generale (alte);4200348;Spalator simplu din inox [resursa material];buc;325,65;325,65;;;;"9.2. OFERTA V1 REV CU VALORI PTDE.pdf – F3 cu valori (Spital paliatie, desfiintare C1-C3 si construire); pret direct fara CI/profit";2026-07-06;Proiectant S.C. Tanari Arhitect SRL / Beneficiar ACTIS (Asoc. Comunitara pt. Dezv. Intrepr. Sociale);1LARNS5Adn3FbJ7styKw3LZrEBoluKomc
constructii generale (alte);PK50A1;Sudura el... man pentru imbin pieselor met. prin suprapunere avand grosimea de 5-10 mm;m;112,32;47,04;65,28;0,00;0,00;"Deviz oferta.pdf – F3 oferta eDevize (restaurare biserica); pret direct, la care se adauga CAM 2,25% man., CI 10%, profit 5%";2025-06-17;Executant SC Aurora Inconstruct SRL / Beneficiar Biserica Sf. Imp. Constantin si Elena;1rue0Jaajr2kNvdWBeV5ZObPL36nPRRQk
constructii generale (alte);AMC3D23A;Sursa de ALIMENTARE [1];buc;219,63;206,00;13,63;0,00;0,00;"9.2. OFERTA V1 REV CU VALORI PTDE.pdf – F3 cu valori (Spital paliatie, desfiintare C1-C3 si construire); pret direct fara CI/profit";2026-07-06;Proiectant S.C. Tanari Arhitect SRL / Beneficiar ACTIS (Asoc. Comunitara pt. Dezv. Intrepr. Sociale);1LARNS5Adn3FbJ7styKw3LZrEBoluKomc
constructii generale (alte);7349039;TB - CONFORM SCHEMA MONOFILARA [resursa material];buc;15000,00;15000,00;;;;"Deviz oferta.pdf – F3 oferta eDevize (restaurare biserica); pret direct, la care se adauga CAM 2,25% man., CI 10%, profit 5%";2025-06-17;Executant SC Aurora Inconstruct SRL / Beneficiar Biserica Sf. Imp. Constantin si Elena;1rue0Jaajr2kNvdWBeV5ZObPL36nPRRQk
constructii generale (alte);7349003;TG - CONFORM SCHEMA MONOFILARA [resursa material];buc;15000,00;15000,00;;;;"Deviz oferta.pdf – F3 oferta eDevize (restaurare biserica); pret direct, la care se adauga CAM 2,25% man., CI 10%, profit 5%";2025-06-17;Executant SC Aurora Inconstruct SRL / Beneficiar Biserica Sf. Imp. Constantin si Elena;1rue0Jaajr2kNvdWBeV5ZObPL36nPRRQk
constructii generale (alte);3643700;Tabla zincata s2028 1 x1000x2000 OL 32-1N cal.1 [resursa material];kg;5,42;5,42;;;;"9.2. OFERTA V1 REV CU VALORI PTDE.pdf – F3 cu valori (Spital paliatie, desfiintare C1-C3 si construire); pret direct fara CI/profit";2026-07-06;Proiectant S.C. Tanari Arhitect SRL / Beneficiar ACTIS (Asoc. Comunitara pt. Dezv. Intrepr. Sociale);1LARNS5Adn3FbJ7styKw3LZrEBoluKomc
constructii generale (alte);3642287;Tabla zincata, stas 2028, 0,50x 650x1000 mm, OL 32-1N calitatea I [resursa material];kg;5,50;5,50;;;;"9.2. OFERTA V1 REV CU VALORI PTDE.pdf – F3 cu valori (Spital paliatie, desfiintare C1-C3 si construire); pret direct fara CI/profit";2026-07-06;Proiectant S.C. Tanari Arhitect SRL / Beneficiar ACTIS (Asoc. Comunitara pt. Dezv. Intrepr. Sociale);1LARNS5Adn3FbJ7styKw3LZrEBoluKomc
constructii generale (alte);7355076;Termometru inst.incalzire coltar cu aparatoare [resursa material];buc;148,00;148,00;;;;"Deviz oferta.pdf – F3 oferta eDevize (restaurare biserica); pret direct, la care se adauga CAM 2,25% man., CI 10%, profit 5%";2025-06-17;Executant SC Aurora Inconstruct SRL / Beneficiar Biserica Sf. Imp. Constantin si Elena;1rue0Jaajr2kNvdWBeV5ZObPL36nPRRQk
constructii generale (alte);20014611;Tija filetata M10/1000 [resursa material];buc;9,34;9,34;;;;"9.2. OFERTA V1 REV CU VALORI PTDE.pdf – F3 cu valori (Spital paliatie, desfiintare C1-C3 si construire); pret direct fara CI/profit";2026-07-06;Proiectant S.C. Tanari Arhitect SRL / Beneficiar ACTIS (Asoc. Comunitara pt. Dezv. Intrepr. Sociale);1LARNS5Adn3FbJ7styKw3LZrEBoluKomc
constructii generale (alte);7349015;Tsig - CONFORM SCHEMA MONOFILARA [resursa material];buc;4000,00;4000,00;;;;"Deviz oferta.pdf – F3 oferta eDevize (restaurare biserica); pret direct, la care se adauga CAM 2,25% man., CI 10%, profit 5%";2025-06-17;Executant SC Aurora Inconstruct SRL / Beneficiar Biserica Sf. Imp. Constantin si Elena;1rue0Jaajr2kNvdWBeV5ZObPL36nPRRQk
constructii generale (alte);7349027;Tsig B - CONFORM SCHEMA MONOFILARA [resursa material];buc;14000,00;14000,00;;;;"Deviz oferta.pdf – F3 oferta eDevize (restaurare biserica); pret direct, la care se adauga CAM 2,25% man., CI 10%, profit 5%";2025-06-17;Executant SC Aurora Inconstruct SRL / Beneficiar Biserica Sf. Imp. Constantin si Elena;1rue0Jaajr2kNvdWBeV5ZObPL36nPRRQk
constructii generale (alte);11360491;Unitate <Pexkit> control 6 zone 14 circuite 220v [resursa material];buc;577,48;577,48;;;;"9.2. OFERTA V1 REV CU VALORI PTDE.pdf – F3 cu valori (Spital paliatie, desfiintare C1-C3 si construire); pret direct fara CI/profit";2026-07-06;Proiectant S.C. Tanari Arhitect SRL / Beneficiar ACTIS (Asoc. Comunitara pt. Dezv. Intrepr. Sociale);1LARNS5Adn3FbJ7styKw3LZrEBoluKomc
constructii generale (alte);7356849;Uscator de maini [resursa material];buc;215,20;215,20;;;;"9.2. OFERTA V1 REV CU VALORI PTDE.pdf – F3 cu valori (Spital paliatie, desfiintare C1-C3 si construire); pret direct fara CI/profit";2026-07-06;Proiectant S.C. Tanari Arhitect SRL / Beneficiar ACTIS (Asoc. Comunitara pt. Dezv. Intrepr. Sociale);1LARNS5Adn3FbJ7styKw3LZrEBoluKomc
constructii generale (alte);2447513;Vas closet PERSOANE DIZAB [resursa material];buc;645,50;645,50;;;;"9.2. OFERTA V1 REV CU VALORI PTDE.pdf – F3 cu valori (Spital paliatie, desfiintare C1-C3 si construire); pret direct fara CI/profit";2026-07-06;Proiectant S.C. Tanari Arhitect SRL / Beneficiar ACTIS (Asoc. Comunitara pt. Dezv. Intrepr. Sociale);1LARNS5Adn3FbJ7styKw3LZrEBoluKomc
constructii generale (alte);2442757;Vas closet col2-a portelan alb c. 1 s 2066 [resursa material];buc;122,67;122,67;;;;"9.2. OFERTA V1 REV CU VALORI PTDE.pdf – F3 cu valori (Spital paliatie, desfiintare C1-C3 si construire); pret direct fara CI/profit";2026-07-06;Proiectant S.C. Tanari Arhitect SRL / Beneficiar ACTIS (Asoc. Comunitara pt. Dezv. Intrepr. Sociale);1LARNS5Adn3FbJ7styKw3LZrEBoluKomc
constructii generale (alte);2442757;Vas closet suspendat [resursa material];buc;750,00;750,00;;;;"Deviz oferta.pdf – F3 oferta eDevize (restaurare biserica); pret direct, la care se adauga CAM 2,25% man., CI 10%, profit 5%";2025-06-17;Executant SC Aurora Inconstruct SRL / Beneficiar Biserica Sf. Imp. Constantin si Elena;1rue0Jaajr2kNvdWBeV5ZObPL36nPRRQk
constructii generale (alte);RPCS18B#;lmprejmuire OS [2];m;132,77;90,92;26,10;15,75;0,00;"9.2. OFERTA V1 REV CU VALORI PTDE.pdf – F3 cu valori (Spital paliatie, desfiintare C1-C3 si construire); pret direct fara CI/profit";2026-07-06;Proiectant S.C. Tanari Arhitect SRL / Beneficiar ACTIS (Asoc. Comunitara pt. Dezv. Intrepr. Sociale);1LARNS5Adn3FbJ7styKw3LZrEBoluKomc
demontari / desfaceri;DESF.;DESFACERE TROTUAR EXISTENT TROT.;mp;35,99;0,00;8,99;15,00;12,00;"9.2. OFERTA V1 REV CU VALORI PTDE.pdf – F3 cu valori (Spital paliatie, desfiintare C1-C3 si construire); pret direct fara CI/profit";2026-07-06;Proiectant S.C. Tanari Arhitect SRL / Beneficiar ACTIS (Asoc. Comunitara pt. Dezv. Intrepr. Sociale);1LARNS5Adn3FbJ7styKw3LZrEBoluKomc
demontari / desfaceri;RPCT09G1;Demolarea elementelor de beton simplu si beton armat cu mijloace ...mecanice a betonului armat din pereti, trepte, grinzi, stâlpi, placi si prefabricate;mc;170,77;0,00;159,50;11,27;0,00;"9.2. OFERTA V1 REV CU VALORI PTDE.pdf – F3 cu valori (Spital paliatie, desfiintare C1-C3 si construire); pret direct fara CI/profit";2026-07-06;Proiectant S.C. Tanari Arhitect SRL / Beneficiar ACTIS (Asoc. Comunitara pt. Dezv. Intrepr. Sociale);1LARNS5Adn3FbJ7styKw3LZrEBoluKomc
demontari / desfaceri;RPCG33C%;Demolarea peretilor de zidarie din:caramida plina,bca, blocuri ceramice,gvp,excl.schela si curatirea;mc;119,40;1,25;114,55;3,60;0,00;"9.2. OFERTA V1 REV CU VALORI PTDE.pdf – F3 cu valori (Spital paliatie, desfiintare C1-C3 si construire); pret direct fara CI/profit";2026-07-06;Proiectant S.C. Tanari Arhitect SRL / Beneficiar ACTIS (Asoc. Comunitara pt. Dezv. Intrepr. Sociale);1LARNS5Adn3FbJ7styKw3LZrEBoluKomc
demontari / desfaceri;RPEE22A#;Demont. aparate electr. monofaz. de 60-100 va (autotransf. ridic.tens, transf.monofaz.separat.60- 500va);buc;6,93;0,00;6,93;0,00;0,00;"Deviz oferta.pdf – F3 oferta eDevize (restaurare biserica); pret direct, la care se adauga CAM 2,25% man., CI 10%, profit 5%";2025-06-17;Executant SC Aurora Inconstruct SRL / Beneficiar Biserica Sf. Imp. Constantin si Elena;1rue0Jaajr2kNvdWBeV5ZObPL36nPRRQk
demontari / desfaceri;RPEB10A1;Demontare cond fy, afy introd tub... 1-4 mmp;m;1,26;0,00;1,26;0,00;0,00;"Deviz oferta.pdf – F3 oferta eDevize (restaurare biserica); pret direct, la care se adauga CAM 2,25% man., CI 10%, profit 5%";2025-06-17;Executant SC Aurora Inconstruct SRL / Beneficiar Biserica Sf. Imp. Constantin si Elena;1rue0Jaajr2kNvdWBeV5ZObPL36nPRRQk
demontari / desfaceri;RPCI41A+corectia01;Demontare elemente de acoperis - jgheaburi, burlane, sorturi etc.;ml;26,70;0,00;26,46;0,24;0,00;"Deviz oferta.pdf – F3 oferta eDevize (restaurare biserica); pret direct, la care se adauga CAM 2,25% man., CI 10%, profit 5%";2025-06-17;Executant SC Aurora Inconstruct SRL / Beneficiar Biserica Sf. Imp. Constantin si Elena;1rue0Jaajr2kNvdWBeV5ZObPL36nPRRQk
demontari / desfaceri;RPEH08A#;Demontare instalatie paratrasnet-piesele de protectie si separatie;buc;17,14;0,00;17,00;0,14;0,00;"Deviz oferta.pdf – F3 oferta eDevize (restaurare biserica); pret direct, la care se adauga CAM 2,25% man., CI 10%, profit 5%";2025-06-17;Executant SC Aurora Inconstruct SRL / Beneficiar Biserica Sf. Imp. Constantin si Elena;1rue0Jaajr2kNvdWBeV5ZObPL36nPRRQk
demontari / desfaceri;RPEC18B1;Demontare loc lampa ingrop. in zid. tenc in incap... h>3m;buc;49,13;0,00;49,13;0,00;0,00;"Deviz oferta.pdf – F3 oferta eDevize (restaurare biserica); pret direct, la care se adauga CAM 2,25% man., CI 10%, profit 5%";2025-06-17;Executant SC Aurora Inconstruct SRL / Beneficiar Biserica Sf. Imp. Constantin si Elena;1rue0Jaajr2kNvdWBeV5ZObPL36nPRRQk
demontari / desfaceri;RPEG19B1;Demontare tablou... distrib deschis masca metal apar;buc;10,59;0,00;10,59;0,00;0,00;"Deviz oferta.pdf – F3 oferta eDevize (restaurare biserica); pret direct, la care se adauga CAM 2,25% man., CI 10%, profit 5%";2025-06-17;Executant SC Aurora Inconstruct SRL / Beneficiar Biserica Sf. Imp. Constantin si Elena;1rue0Jaajr2kNvdWBeV5ZObPL36nPRRQk
demontari / desfaceri;RPEA15H1;Demontare tub prot... ipe instatie apar intre 20-25 mm;m;17,63;0,00;17,63;0,00;0,00;"Deviz oferta.pdf – F3 oferta eDevize (restaurare biserica); pret direct, la care se adauga CAM 2,25% man., CI 10%, profit 5%";2025-06-17;Executant SC Aurora Inconstruct SRL / Beneficiar Biserica Sf. Imp. Constantin si Elena;1rue0Jaajr2kNvdWBeV5ZObPL36nPRRQk
demontari / desfaceri;RPCP45A#;Demontarea ...usilor si ferestrelor [1] metalice P USI PVC;mp;17,71;0,00;17,40;0,31;0,00;"9.2. OFERTA V1 REV CU VALORI PTDE.pdf – F3 cu valori (Spital paliatie, desfiintare C1-C3 si construire); pret direct fara CI/profit";2026-07-06;Proiectant S.C. Tanari Arhitect SRL / Beneficiar ACTIS (Asoc. Comunitara pt. Dezv. Intrepr. Sociale);1LARNS5Adn3FbJ7styKw3LZrEBoluKomc
demontari / desfaceri;RPCP45A#;Demontarea ...usilor si ferestrelor metalice;kg;17,73;0,02;17,40;0,31;0,00;"9.2. OFERTA V1 REV CU VALORI PTDE.pdf – F3 cu valori (Spital paliatie, desfiintare C1-C3 si construire); pret direct fara CI/profit";2026-07-06;Proiectant S.C. Tanari Arhitect SRL / Beneficiar ACTIS (Asoc. Comunitara pt. Dezv. Intrepr. Sociale);1LARNS5Adn3FbJ7styKw3LZrEBoluKomc
demontari / desfaceri;RPCT34A1;Demontarea usilor si a ferestrelor metalice....;kg;1,74;0,00;1,74;0,00;0,00;"9.2. OFERTA V1 REV CU VALORI PTDE.pdf – F3 cu valori (Spital paliatie, desfiintare C1-C3 si construire); pret direct fara CI/profit";2026-07-06;Proiectant S.C. Tanari Arhitect SRL / Beneficiar ACTIS (Asoc. Comunitara pt. Dezv. Intrepr. Sociale);1LARNS5Adn3FbJ7styKw3LZrEBoluKomc
demontari / desfaceri;RPCT33A1;Demontarea usilor si ferestrelor din lemn;mp;27,03;0,00;27,03;0,00;0,00;"Deviz oferta.pdf – F3 oferta eDevize (restaurare biserica); pret direct, la care se adauga CAM 2,25% man., CI 10%, profit 5%";2025-06-17;Executant SC Aurora Inconstruct SRL / Beneficiar Biserica Sf. Imp. Constantin si Elena;1rue0Jaajr2kNvdWBeV5ZObPL36nPRRQk
demontari / desfaceri;RPCT33A1;Demontarea usilor si ferestrelor din lemn;mp;25,74;0,00;25,74;0,00;0,00;5-BISERICA GARLASI-BISERICA-CU VALORI.PDF – F3 Arhitectura (SofteH, listat 12.05.2023);2023-05-12;Beneficiar Parohia/Biserica Garlasi, Buzau (deviz proiectant);1SStdo4o2D6OmwG1EnsxdCLK3tnqJIy_y
demontari / desfaceri;RPCH33C;Desfacere astereala existenta;mp;31,24;0,00;31,00;0,24;0,00;"Deviz oferta.pdf – F3 oferta eDevize (restaurare biserica); pret direct, la care se adauga CAM 2,25% man., CI 10%, profit 5%";2025-06-17;Executant SC Aurora Inconstruct SRL / Beneficiar Biserica Sf. Imp. Constantin si Elena;1rue0Jaajr2kNvdWBeV5ZObPL36nPRRQk
demontari / desfaceri;RMF01A;Desfacere ingrijita-sarpanta coif turla, componente ale structurii monumentelor din lemn;mc;793,78;0,00;793,78;0,00;0,00;"Deviz oferta.pdf – F3 oferta eDevize (restaurare biserica); pret direct, la care se adauga CAM 2,25% man., CI 10%, profit 5%";2025-06-17;Executant SC Aurora Inconstruct SRL / Beneficiar Biserica Sf. Imp. Constantin si Elena;1rue0Jaajr2kNvdWBeV5ZObPL36nPRRQk
demontari / desfaceri;RMF01A;Desfacere ingrijita-sarpanta coif turla, componente ale structurii monumentelor din lemn;mc;1260,00;0,00;1260,00;0,00;0,00;5-BISERICA GARLASI-BISERICA-CU VALORI.PDF – F3 Arhitectura (SofteH, listat 12.05.2023);2023-05-12;Beneficiar Parohia/Biserica Garlasi, Buzau (deviz proiectant);1SStdo4o2D6OmwG1EnsxdCLK3tnqJIy_y
demontari / desfaceri;RPCT26XB;Desfacerea invelitorilor din olane,tigle solzi sauprofilate cu jgheaburi asezate pe sipci batute;mp;19,14;0,00;19,14;0,00;0,00;"9.2. OFERTA V1 REV CU VALORI PTDE.pdf – F3 cu valori (Spital paliatie, desfiintare C1-C3 si construire); pret direct fara CI/profit";2026-07-06;Proiectant S.C. Tanari Arhitect SRL / Beneficiar ACTIS (Asoc. Comunitara pt. Dezv. Intrepr. Sociale);1LARNS5Adn3FbJ7styKw3LZrEBoluKomc
demontari / desfaceri;RPCT26A1;Desfacerea invelitorilor din tabla zincata sau neagra de 0,4–0,5 mm, fara recuperarea materialelor;mp;12,35;0,00;12,35;0,00;0,00;"Oferta_financiara_BILZI_Romgaz_Stejari.xlsx – F3 oferta proprie (reparatie acoperis bloc Stejari, Medias); pret direct, adaos 30% separat";2026-10-01;Ofertant BILZI STEEL PROFILE SRL / Beneficiar SNGN Romgaz SA;1vUAaUr8ZpPF-rApifT3WOnjFNW2sKdj-
demontari / desfaceri;RPCK06A;Desfacerea pardoselilor din beton, mozaic, ciment, placi de piatra, marmura, gresie, din caramida, etc.;mp;51,68;0,43;51,25;0,00;0,00;"Deviz oferta.pdf – F3 oferta eDevize (restaurare biserica); pret direct, la care se adauga CAM 2,25% man., CI 10%, profit 5%";2025-06-17;Executant SC Aurora Inconstruct SRL / Beneficiar Biserica Sf. Imp. Constantin si Elena;1rue0Jaajr2kNvdWBeV5ZObPL36nPRRQk
demontari / desfaceri;RPCK06A;Desfacerea pardoselilor din beton,mozaic,ciment,placi de piatra,marmura,gresie,din caramida,etc.;mp;43,34;0,14;43,20;0,00;0,00;5-BISERICA GARLASI-BISERICA-CU VALORI.PDF – F3 Arhitectura (SofteH, listat 12.05.2023);2023-05-12;Beneficiar Parohia/Biserica Garlasi, Buzau (deviz proiectant);1SStdo4o2D6OmwG1EnsxdCLK3tnqJIy_y
demontari / desfaceri;RPCK46C;Desfacerea pardoselilor reci din mozaic turnat pe loc, marmura, piatra, gresie, placi ceramice, etc.;mp;49,97;0,43;49,13;0,41;0,00;"Deviz oferta.pdf – F3 oferta eDevize (restaurare biserica); pret direct, la care se adauga CAM 2,25% man., CI 10%, profit 5%";2025-06-17;Executant SC Aurora Inconstruct SRL / Beneficiar Biserica Sf. Imp. Constantin si Elena;1rue0Jaajr2kNvdWBeV5ZObPL36nPRRQk
demontari / desfaceri;RPCT25A1;Desfacerea sarpantelor din lemn si a elementelor componente a aster. din scand. sau pfl la cons. obis.;mp;37,77;0,00;37,77;0,00;0,00;"Deviz oferta.pdf – F3 oferta eDevize (restaurare biserica); pret direct, la care se adauga CAM 2,25% man., CI 10%, profit 5%";2025-06-17;Executant SC Aurora Inconstruct SRL / Beneficiar Biserica Sf. Imp. Constantin si Elena;1rue0Jaajr2kNvdWBeV5ZObPL36nPRRQk
demontari / desfaceri;RPCT25A1;Desfacerea sarpantelor din lemn si a elementelor componente a aster.din scind.sau pfl la cons.obis.;mp;9,33;0,00;9,33;0,00;0,00;5-BISERICA GARLASI-BISERICA-CU VALORI.PDF – F3 Arhitectura (SofteH, listat 12.05.2023);2023-05-12;Beneficiar Parohia/Biserica Garlasi, Buzau (deviz proiectant);1SStdo4o2D6OmwG1EnsxdCLK3tnqJIy_y
demontari / desfaceri;RPCT25A1;Desfacerea sarpantelor din lemn si a elementelor componente...a asterealei din scânduri de rasinoase sau PFL, la constructii obisnuite;mp;5,80;0,00;5,80;0,00;0,00;"9.2. OFERTA V1 REV CU VALORI PTDE.pdf – F3 cu valori (Spital paliatie, desfiintare C1-C3 si construire); pret direct fara CI/profit";2026-07-06;Proiectant S.C. Tanari Arhitect SRL / Beneficiar ACTIS (Asoc. Comunitara pt. Dezv. Intrepr. Sociale);1LARNS5Adn3FbJ7styKw3LZrEBoluKomc
demontari / desfaceri;RPCT14C1;Desfacerea tenc la fatada exec in praf de piatra cu mortar de ciment;mp;22,00;0,00;22,00;0,00;0,00;"Deviz oferta.pdf – F3 oferta eDevize (restaurare biserica); pret direct, la care se adauga CAM 2,25% man., CI 10%, profit 5%";2025-06-17;Executant SC Aurora Inconstruct SRL / Beneficiar Biserica Sf. Imp. Constantin si Elena;1rue0Jaajr2kNvdWBeV5ZObPL36nPRRQk
demontari / desfaceri;RPCT14C1;Desfacerea tenc la fatade exec in praf de piatra cu mortar de ciment;mp;43,20;0,00;43,20;0,00;0,00;5-BISERICA GARLASI-BISERICA-CU VALORI.PDF – F3 Arhitectura (SofteH, listat 12.05.2023);2023-05-12;Beneficiar Parohia/Biserica Garlasi, Buzau (deviz proiectant);1SStdo4o2D6OmwG1EnsxdCLK3tnqJIy_y
demontari / desfaceri;RPDB36A;Desfacerea trotuarelor din dale de beton sau bazalt orice dimensiuni, asezate pe beton;mp;24,57;0,00;24,57;0,00;0,00;"Deviz oferta.pdf – F3 oferta eDevize (restaurare biserica); pret direct, la care se adauga CAM 2,25% man., CI 10%, profit 5%";2025-06-17;Executant SC Aurora Inconstruct SRL / Beneficiar Biserica Sf. Imp. Constantin si Elena;1rue0Jaajr2kNvdWBeV5ZObPL36nPRRQk
demontari / desfaceri;RPDB36A;Desfacerea trotuarelor din dale de beton sau bazalt orice dimensiuni, asezate pe beton;mp;15,60;0,00;15,60;0,00;0,00;5-BISERICA GARLASI-BISERICA-CU VALORI.PDF – F3 Arhitectura (SofteH, listat 12.05.2023);2023-05-12;Beneficiar Parohia/Biserica Garlasi, Buzau (deviz proiectant);1SStdo4o2D6OmwG1EnsxdCLK3tnqJIy_y
demontari / desfaceri;RPCH31B;Mont. si demont. schele pt. lucrari int. si ext., inclusiv schelele pentru cons. - rest. turlelor, pt. inaltimi de peste 7 m, exec. din bile-manele, incl. streasina de protectie si toate mat. de prindere si rigidizare de elem. constructiei;mp;116,20;54,24;60,48;1,48;0,00;"Deviz oferta.pdf – F3 oferta eDevize (restaurare biserica); pret direct, la care se adauga CAM 2,25% man., CI 10%, profit 5%";2025-06-17;Executant SC Aurora Inconstruct SRL / Beneficiar Biserica Sf. Imp. Constantin si Elena;1rue0Jaajr2kNvdWBeV5ZObPL36nPRRQk
demontari / desfaceri;H1O03A1;Spargere din beton in volume mici pana la 0,25 mc, in acelasi perimetru, executate in galerii cu mijloace... mecanice, betoane simple;mc;1188,12;5,81;1175,54;6,76;0,00;"Deviz oferta.pdf – F3 oferta eDevize (restaurare biserica); pret direct, la care se adauga CAM 2,25% man., CI 10%, profit 5%";2025-06-17;Executant SC Aurora Inconstruct SRL / Beneficiar Biserica Sf. Imp. Constantin si Elena;1rue0Jaajr2kNvdWBeV5ZObPL36nPRRQk
demontari / desfaceri;DG06XA;Spargerea si desfac.bet.de cim.pe supraf.limit.pt.pozare cabluri,cond.etc exec.din imbrac.carosabila;mc;137,00;0,00;122,67;14,33;0,00;"9.2. OFERTA V1 REV CU VALORI PTDE.pdf – F3 cu valori (Spital paliatie, desfiintare C1-C3 si construire); pret direct fara CI/profit";2026-07-06;Proiectant S.C. Tanari Arhitect SRL / Beneficiar ACTIS (Asoc. Comunitara pt. Dezv. Intrepr. Sociale);1LARNS5Adn3FbJ7styKw3LZrEBoluKomc
demontari / desfaceri;DG06B1;Spargerea si desfacerea betonului de ciment 0pe suprafete limitate, pentru pozarea cablurilor, conductelor, podetelor si gurilor de scurgere etc, executate in: alei, trotuare sau fundatii de drumuri;mc;224,53;0,00;212,93;11,60;0,00;"Deviz oferta.pdf – F3 oferta eDevize (restaurare biserica); pret direct, la care se adauga CAM 2,25% man., CI 10%, profit 5%";2025-06-17;Executant SC Aurora Inconstruct SRL / Beneficiar Biserica Sf. Imp. Constantin si Elena;1rue0Jaajr2kNvdWBeV5ZObPL36nPRRQk
demontari / desfaceri;RPDB38A%;Spargerea si desfacerea betonului de ciment pe suprafete limitate pentru pozari de cabluri, conducte, podete sau guri de scurgere, etc. executate in: imbracaminte carosabila;mc;530,79;0,00;446,40;84,39;0,00;"Deviz oferta.pdf – F3 oferta eDevize (restaurare biserica); pret direct, la care se adauga CAM 2,25% man., CI 10%, profit 5%";2025-06-17;Executant SC Aurora Inconstruct SRL / Beneficiar Biserica Sf. Imp. Constantin si Elena;1rue0Jaajr2kNvdWBeV5ZObPL36nPRRQk
finisaje / tamplarie;IF03A02+;Banda perimetrala autoadeziva pentru sistemul PexKIT de incalzire prin pardoseala 7x200mm;m;2,10;1,52;0,58;0,00;0,00;"9.2. OFERTA V1 REV CU VALORI PTDE.pdf – F3 cu valori (Spital paliatie, desfiintare C1-C3 si construire); pret direct fara CI/profit";2026-07-06;Proiectant S.C. Tanari Arhitect SRL / Beneficiar ACTIS (Asoc. Comunitara pt. Dezv. Intrepr. Sociale);1LARNS5Adn3FbJ7styKw3LZrEBoluKomc
finisaje / tamplarie;IF03A01+;Banda perimetrala autoadeziva pentru sistemul PexKIT de incalzire prin pardoseala 8X120mm;m;2,10;1,52;0,58;0,00;0,00;"9.2. OFERTA V1 REV CU VALORI PTDE.pdf – F3 cu valori (Spital paliatie, desfiintare C1-C3 si construire); pret direct fara CI/profit";2026-07-06;Proiectant S.C. Tanari Arhitect SRL / Beneficiar ACTIS (Asoc. Comunitara pt. Dezv. Intrepr. Sociale);1LARNS5Adn3FbJ7styKw3LZrEBoluKomc
finisaje / tamplarie;IA17B1#;Boiler vertical montat pe pardoseala, boilerul avand capaciatatea de...350- 800 l;buc;160,46;78,03;81,20;1,23;0,00;"9.2. OFERTA V1 REV CU VALORI PTDE.pdf – F3 cu valori (Spital paliatie, desfiintare C1-C3 si construire); pret direct fara CI/profit";2026-07-06;Proiectant S.C. Tanari Arhitect SRL / Beneficiar ACTIS (Asoc. Comunitara pt. Dezv. Intrepr. Sociale);1LARNS5Adn3FbJ7styKw3LZrEBoluKomc
finisaje / tamplarie;;CC-Contra-cadru pentru prindere si fixare grila in scafa de gips carton , S=600x200, Model CFU 05-600x200-France Air(sau similar)-60009474;buc;31,62;;;;;"Oferta SD-6 409-E Hotel PIETROASA (Climatronic) – foaia Cap.1-VCV; 6.2 EUR x 5,1";2025-09-01;Ofertant Climatronic SRL / Beneficiar Hotel Pietroasa SA Buzau;1ne-s6Ae1aOu82-H0kXysRaOdfZGkZ7l7
finisaje / tamplarie;;CC-Contra-cadru pentru prindere si fixare grila in scafa de gips carton , S=800x200, Model CFU 05-800x200-France Air(sau similar)-60009475;buc;39,78;;;;;"Oferta SD-6 409-E Hotel PIETROASA (Climatronic) – foaia Cap.1-VCV; 7.8 EUR x 5,1";2025-09-01;Ofertant Climatronic SRL / Beneficiar Hotel Pietroasa SA Buzau;1ne-s6Ae1aOu82-H0kXysRaOdfZGkZ7l7
finisaje / tamplarie;0003956;CHIT DE ROSTURI [resursa material];kg;0,85;0,85;;;;"9.2. OFERTA V1 REV CU VALORI PTDE.pdf – F3 cu valori (Spital paliatie, desfiintare C1-C3 si construire); pret direct fara CI/profit";2026-07-06;Proiectant S.C. Tanari Arhitect SRL / Beneficiar ACTIS (Asoc. Comunitara pt. Dezv. Intrepr. Sociale);1LARNS5Adn3FbJ7styKw3LZrEBoluKomc
finisaje / tamplarie;SB49A2;Caciula de ventilatie din tabla, mont pe coloane aeris din tub fonta sau gresie antiacida... d= 75 mm;buc;65,55;36,15;29,40;0,00;0,00;"Deviz oferta.pdf – F3 oferta eDevize (restaurare biserica); pret direct, la care se adauga CAM 2,25% man., CI 10%, profit 5%";2025-06-17;Executant SC Aurora Inconstruct SRL / Beneficiar Biserica Sf. Imp. Constantin si Elena;1rue0Jaajr2kNvdWBeV5ZObPL36nPRRQk
finisaje / tamplarie;;Coliere de prindere si fixare circuite hidraulice in sapa&planseu;buc;3,82;;;;;"Oferta SD-6 409-E Hotel PIETROASA (Climatronic) – foaia Cap.6-Circuite hidraulice; 0.75 EUR x 5,1";2025-09-01;Ofertant Climatronic SRL / Beneficiar Hotel Pietroasa SA Buzau;1ne-s6Ae1aOu82-H0kXysRaOdfZGkZ7l7
finisaje / tamplarie;;Coliere de prindere si fixare circuite hidraulice in sapa&planseu;buc;4,08;;;;;"Oferta SD-6 409-E Hotel PIETROASA (Climatronic) – foaia Cap.6-Circuite hidraulice; 0.8 EUR x 5,1";2025-09-01;Ofertant Climatronic SRL / Beneficiar Hotel Pietroasa SA Buzau;1ne-s6Ae1aOu82-H0kXysRaOdfZGkZ7l7
finisaje / tamplarie;;Coliere de prindere si fixare circuite hidraulice in sapa&planseu;buc;4,33;;;;;"Oferta SD-6 409-E Hotel PIETROASA (Climatronic) – foaia Cap.6-Circuite hidraulice; 0.85 EUR x 5,1";2025-09-01;Ofertant Climatronic SRL / Beneficiar Hotel Pietroasa SA Buzau;1ne-s6Ae1aOu82-H0kXysRaOdfZGkZ7l7
finisaje / tamplarie;4203569;Consola brat dublu vopsita 420mm cal.1 s 3343 [resursa material];buc;14,31;14,31;;;;"9.2. OFERTA V1 REV CU VALORI PTDE.pdf – F3 cu valori (Spital paliatie, desfiintare C1-C3 si construire); pret direct fara CI/profit";2026-07-06;Proiectant S.C. Tanari Arhitect SRL / Beneficiar ACTIS (Asoc. Comunitara pt. Dezv. Intrepr. Sociale);1LARNS5Adn3FbJ7styKw3LZrEBoluKomc
finisaje / tamplarie;CK19A#;Ferestre aluminiu cu unul sau mai multe canaturi, suprafata tocului...<= 3,00 mp,la constructii cu h<= 35 m;mp;61,33;29,43;31,90;0,00;0,00;"9.2. OFERTA V1 REV CU VALORI PTDE.pdf – F3 cu valori (Spital paliatie, desfiintare C1-C3 si construire); pret direct fara CI/profit";2026-07-06;Proiectant S.C. Tanari Arhitect SRL / Beneficiar ACTIS (Asoc. Comunitara pt. Dezv. Intrepr. Sociale);1LARNS5Adn3FbJ7styKw3LZrEBoluKomc
finisaje / tamplarie;CK11G1;Ferestre metalice ferestre din aluminiu montate la constructii cu înaltimea pâna la 10 m inclusiv, cu suprafata tocului pâna la 3mp inclusiv ,;mp;125,99;10,28;115,71;0,00;0,00;"9.2. OFERTA V1 REV CU VALORI PTDE.pdf – F3 cu valori (Spital paliatie, desfiintare C1-C3 si construire); pret direct fara CI/profit";2026-07-06;Proiectant S.C. Tanari Arhitect SRL / Beneficiar ACTIS (Asoc. Comunitara pt. Dezv. Intrepr. Sociale);1LARNS5Adn3FbJ7styKw3LZrEBoluKomc
finisaje / tamplarie;CK11H1;Ferestre metalice ferestre din aluminiu montate la constructii cu înaltimea pâna la 10 m inclusiv, cu suprafata tocului între 3 si 4,5 mp inclusiv ,;mp;123,09;10,28;112,81;0,00;0,00;"9.2. OFERTA V1 REV CU VALORI PTDE.pdf – F3 cu valori (Spital paliatie, desfiintare C1-C3 si construire); pret direct fara CI/profit";2026-07-06;Proiectant S.C. Tanari Arhitect SRL / Beneficiar ACTIS (Asoc. Comunitara pt. Dezv. Intrepr. Sociale);1LARNS5Adn3FbJ7styKw3LZrEBoluKomc
finisaje / tamplarie;CK11I1;Ferestre metalice ferestre din aluminiu montate la constructii cu înaltimea pâna la 10 m inclusiv, cu suprafata tocului între 4,5 si 6 mp inclusiv,;mp;118,45;10,28;108,17;0,00;0,00;"9.2. OFERTA V1 REV CU VALORI PTDE.pdf – F3 cu valori (Spital paliatie, desfiintare C1-C3 si construire); pret direct fara CI/profit";2026-07-06;Proiectant S.C. Tanari Arhitect SRL / Beneficiar ACTIS (Asoc. Comunitara pt. Dezv. Intrepr. Sociale);1LARNS5Adn3FbJ7styKw3LZrEBoluKomc
finisaje / tamplarie;CK11B1;Ferestre metalice ferestre metalice montate mecanic la constructii cu înaltimea pâna la 35 m inclusiv, cu suprafata tocului pâna la 3 mp inclusiv ,;mp;79,48;3,50;75,98;0,00;0,00;"9.2. OFERTA V1 REV CU VALORI PTDE.pdf – F3 cu valori (Spital paliatie, desfiintare C1-C3 si construire); pret direct fara CI/profit";2026-07-06;Proiectant S.C. Tanari Arhitect SRL / Beneficiar ACTIS (Asoc. Comunitara pt. Dezv. Intrepr. Sociale);1LARNS5Adn3FbJ7styKw3LZrEBoluKomc
finisaje / tamplarie;CD24D1 [9];GHENE SI SCAFE DIN RIGIPS [1];mp;90,02;27,67;62,35;0,00;0,00;"9.2. OFERTA V1 REV CU VALORI PTDE.pdf – F3 cu valori (Spital paliatie, desfiintare C1-C3 si construire); pret direct fara CI/profit";2026-07-06;Proiectant S.C. Tanari Arhitect SRL / Beneficiar ACTIS (Asoc. Comunitara pt. Dezv. Intrepr. Sociale);1LARNS5Adn3FbJ7styKw3LZrEBoluKomc
finisaje / tamplarie;;GRC-grila de transfer aer pentru montare in foia de usa, S=400x200, Model GAP 91(sau similar)-61011320- *OPTIONAL, se poate renunta la aceasta numai daca se micsoreaza foaia de usa cu inaltimea 13-15 mm la partea inferio;buc;219,30;;;;;"Oferta SD-6 409-E Hotel PIETROASA (Climatronic) – foaia Cap.2-Sistem ventilatie; 43 EUR x 5,1";2025-09-01;Ofertant Climatronic SRL / Beneficiar Hotel Pietroasa SA Buzau;1ne-s6Ae1aOu82-H0kXysRaOdfZGkZ7l7
finisaje / tamplarie;6100038;GRESIE ANTIDERAPANTA 7 PARDOSEALA FLOTANTA TERASE ETAJ 1 CERAMICA PATRATE SAU DREPTUNGHIULARE DE ACEEASI CULOARE ASEZATE SIMPLU [resursa material];mp;68,95;68,95;;;;"9.2. OFERTA V1 REV CU VALORI PTDE.pdf – F3 cu valori (Spital paliatie, desfiintare C1-C3 si construire); pret direct fara CI/profit";2026-07-06;Proiectant S.C. Tanari Arhitect SRL / Beneficiar ACTIS (Asoc. Comunitara pt. Dezv. Intrepr. Sociale);1LARNS5Adn3FbJ7styKw3LZrEBoluKomc
finisaje / tamplarie;6100038;GRESIE ANTIDERAPANTA [resursa material];mp;68,95;68,95;;;;"9.2. OFERTA V1 REV CU VALORI PTDE.pdf – F3 cu valori (Spital paliatie, desfiintare C1-C3 si construire); pret direct fara CI/profit";2026-07-06;Proiectant S.C. Tanari Arhitect SRL / Beneficiar ACTIS (Asoc. Comunitara pt. Dezv. Intrepr. Sociale);1LARNS5Adn3FbJ7styKw3LZrEBoluKomc
finisaje / tamplarie;9800056;GRESIE RECTIFICATA .L ANTIDERAPANTA [resursa material];mp;82,10;82,10;;;;"9.2. OFERTA V1 REV CU VALORI PTDE.pdf – F3 cu valori (Spital paliatie, desfiintare C1-C3 si construire); pret direct fara CI/profit";2026-07-06;Proiectant S.C. Tanari Arhitect SRL / Beneficiar ACTIS (Asoc. Comunitara pt. Dezv. Intrepr. Sociale);1LARNS5Adn3FbJ7styKw3LZrEBoluKomc
finisaje / tamplarie;IZD07A;Grunduirea si vopsirea manuala a rezervoarelor cu vopsele gata preparate, în urmatoarele variante un strat de vopsea de minium de plumb;mp;8,39;3,46;4,93;0,00;0,00;"9.2. OFERTA V1 REV CU VALORI PTDE.pdf – F3 cu valori (Spital paliatie, desfiintare C1-C3 si construire); pret direct fara CI/profit";2026-07-06;Proiectant S.C. Tanari Arhitect SRL / Beneficiar ACTIS (Asoc. Comunitara pt. Dezv. Intrepr. Sociale);1LARNS5Adn3FbJ7styKw3LZrEBoluKomc
finisaje / tamplarie;;MA-Materiale si accesorii pentru montare (coliere fixare tubulaturi D=125-160 mm, tiranti filetati M6, ansamblu surub/saibe/piulite, garnituri etanseizare, suruburi autoforante,chit siliconic;set;4998,00;;;;;"Oferta SD-6 409-E Hotel PIETROASA (Climatronic) – foaia Cap.2-Sistem ventilatie; 980 EUR x 5,1";2025-09-01;Ofertant Climatronic SRL / Beneficiar Hotel Pietroasa SA Buzau;1ne-s6Ae1aOu82-H0kXysRaOdfZGkZ7l7
finisaje / tamplarie;;MA-Materiale si accesorii pentru montare: oxigen tehnic, acetilena, azot, electrozi sudura, electrozi din aliaj Cu/Ag, pasta decapanta, grund, vopsea, chit siliconic, spuma etanseizare, banda aluminiu ,etc;set;3825,00;;;;;"Oferta SD-6 409-E Hotel PIETROASA (Climatronic) – foaia Cap.5- Centrala Termica; 750 EUR x 5,1";2025-09-01;Ofertant Climatronic SRL / Beneficiar Hotel Pietroasa SA Buzau;1ne-s6Ae1aOu82-H0kXysRaOdfZGkZ7l7
finisaje / tamplarie;;MA-Materiale si accesorii pentru montare: oxigen tehnic, acetilena, azot, electrozi sudura, grund, vopsea, chit siliconic, spuma etanseizare, ansamblu mecanic saibe/suruburi/piulite ,etc;set;7446,00;;;;;"Oferta SD-6 409-E Hotel PIETROASA (Climatronic) – foaia Cap.4-Instalatie apa racita; 1460 EUR x 5,1";2025-09-01;Ofertant Climatronic SRL / Beneficiar Hotel Pietroasa SA Buzau;1ne-s6Ae1aOu82-H0kXysRaOdfZGkZ7l7
finisaje / tamplarie;DE09C#;Marcaje rutiere transversale si diverse, exec.mecanic, cu vopsea pe suprafete carosabile;mp;51,45;31,53;13,92;6,00;0,00;"9.2. OFERTA V1 REV CU VALORI PTDE.pdf – F3 cu valori (Spital paliatie, desfiintare C1-C3 si construire); pret direct fara CI/profit";2026-07-06;Proiectant S.C. Tanari Arhitect SRL / Beneficiar ACTIS (Asoc. Comunitara pt. Dezv. Intrepr. Sociale);1LARNS5Adn3FbJ7styKw3LZrEBoluKomc
finisaje / tamplarie;DE09C%;Marcaje vizuale - plinta PVC / polimer, 18 cm latime si 5 cm grosime. H montaj = 1,15m.;m;36,20;16,28;13,92;6,00;0,00;"9.2. OFERTA V1 REV CU VALORI PTDE.pdf – F3 cu valori (Spital paliatie, desfiintare C1-C3 si construire); pret direct fara CI/profit";2026-07-06;Proiectant S.C. Tanari Arhitect SRL / Beneficiar ACTIS (Asoc. Comunitara pt. Dezv. Intrepr. Sociale);1LARNS5Adn3FbJ7styKw3LZrEBoluKomc
finisaje / tamplarie;11300692;Motoare desfumare ferestre, alimentare 24V sau 240V, cursa lant 400mm, forta impingere/tragere 300N, pentru ferestre ce depasesc lungimea de 1200mm [resursa material];buc;901,71;901,71;;;;"9.2. OFERTA V1 REV CU VALORI PTDE.pdf – F3 cu valori (Spital paliatie, desfiintare C1-C3 si construire); pret direct fara CI/profit";2026-07-06;Proiectant S.C. Tanari Arhitect SRL / Beneficiar ACTIS (Asoc. Comunitara pt. Dezv. Intrepr. Sociale);1LARNS5Adn3FbJ7styKw3LZrEBoluKomc
finisaje / tamplarie;11300680;Motoare desfumare usi, alimentare 24V, consum 1,3A, forta 300N, timp deschidere 60sec, cursa 122 grade [resursa material];buc;577,89;577,89;;;;"9.2. OFERTA V1 REV CU VALORI PTDE.pdf – F3 cu valori (Spital paliatie, desfiintare C1-C3 si construire); pret direct fara CI/profit";2026-07-06;Proiectant S.C. Tanari Arhitect SRL / Beneficiar ACTIS (Asoc. Comunitara pt. Dezv. Intrepr. Sociale);1LARNS5Adn3FbJ7styKw3LZrEBoluKomc
finisaje / tamplarie;TCB10XA;Motoare desfumare usi, alimentare [1] 24V, consum 1,3A, forta 300N, timp deschidere 60sec, cursa 122 grade;buc;2944,61;1815,93;1128,68;0,00;0,00;"9.2. OFERTA V1 REV CU VALORI PTDE.pdf – F3 cu valori (Spital paliatie, desfiintare C1-C3 si construire); pret direct fara CI/profit";2026-07-06;Proiectant S.C. Tanari Arhitect SRL / Beneficiar ACTIS (Asoc. Comunitara pt. Dezv. Intrepr. Sociale);1LARNS5Adn3FbJ7styKw3LZrEBoluKomc
finisaje / tamplarie;EG01I1 [2];PARATRASNET CU DISPOZITIV DE AMORSARE PDA;buc;1272,66;;;;;"9.2. OFERTA V1 REV CU VALORI PTDE.pdf – F3 cu valori (Spital paliatie, desfiintare C1-C3 si construire); pret direct fara CI/profit";2026-07-06;Proiectant S.C. Tanari Arhitect SRL / Beneficiar ACTIS (Asoc. Comunitara pt. Dezv. Intrepr. Sociale);1LARNS5Adn3FbJ7styKw3LZrEBoluKomc
finisaje / tamplarie;CG11A1 [11];PARDOSELI DIN GRESIE CERAMICA ANTIDERAPANTA;mp;63,55;5,05;58,00;0,50;0,00;"9.2. OFERTA V1 REV CU VALORI PTDE.pdf – F3 cu valori (Spital paliatie, desfiintare C1-C3 si construire); pret direct fara CI/profit";2026-07-06;Proiectant S.C. Tanari Arhitect SRL / Beneficiar ACTIS (Asoc. Comunitara pt. Dezv. Intrepr. Sociale);1LARNS5Adn3FbJ7styKw3LZrEBoluKomc
finisaje / tamplarie;CG06A1 [1];PARDOSELI DIN RASINA EPOXIDICA;mp;134,32;78,47;55,10;0,75;0,00;"9.2. OFERTA V1 REV CU VALORI PTDE.pdf – F3 cu valori (Spital paliatie, desfiintare C1-C3 si construire); pret direct fara CI/profit";2026-07-06;Proiectant S.C. Tanari Arhitect SRL / Beneficiar ACTIS (Asoc. Comunitara pt. Dezv. Intrepr. Sociale);1LARNS5Adn3FbJ7styKw3LZrEBoluKomc
finisaje / tamplarie;;PP-Radiator port-prosop din otel vopsit RAL 9010 S=600x1190, capacitate de incalzire Qinc=899W, Model Catania (sau similar);buc;724,20;;;;;"Oferta SD-6 409-E Hotel PIETROASA (Climatronic) – foaia Cap.3 Calorifere-Radiatoare; 142 EUR x 5,1";2025-09-01;Ofertant Climatronic SRL / Beneficiar Hotel Pietroasa SA Buzau;1ne-s6Ae1aOu82-H0kXysRaOdfZGkZ7l7
finisaje / tamplarie;RME05A;Pardoseli din dale de piatra cu figuri regulate (finite din fabrica), gros. si suprafete variabile;mp;436,63;201,02;235,61;0,00;0,00;"Deviz oferta.pdf – F3 oferta eDevize (restaurare biserica); pret direct, la care se adauga CAM 2,25% man., CI 10%, profit 5%";2025-06-17;Executant SC Aurora Inconstruct SRL / Beneficiar Biserica Sf. Imp. Constantin si Elena;1rue0Jaajr2kNvdWBeV5ZObPL36nPRRQk
finisaje / tamplarie;RME05A;Pardoseli din dale de piatra cu figuri regulate (finite din fabrica), gros.si suprafete variabile;mp;927,42;267,42;660,00;0,00;0,00;5-BISERICA GARLASI-BISERICA-CU VALORI.PDF – F3 Arhitectura (SofteH, listat 12.05.2023);2023-05-12;Beneficiar Parohia/Biserica Garlasi, Buzau (deviz proiectant);1SStdo4o2D6OmwG1EnsxdCLK3tnqJIy_y
finisaje / tamplarie;CG03B1;Pardoseli din materiale plastice cu covor din policlorura de vinil (PVC) pe suport textil lipit cu prenadez, în încaperi cu suprafete peste 20 m2, cu pervaz din PVC;mp;39,28;17,70;21,46;0,13;0,00;"9.2. OFERTA V1 REV CU VALORI PTDE.pdf – F3 cu valori (Spital paliatie, desfiintare C1-C3 si construire); pret direct fara CI/profit";2026-07-06;Proiectant S.C. Tanari Arhitect SRL / Beneficiar ACTIS (Asoc. Comunitara pt. Dezv. Intrepr. Sociale);1LARNS5Adn3FbJ7styKw3LZrEBoluKomc
finisaje / tamplarie;8527030;Placi gips-carton rezistente la foc gkf .L 12.5mm 1200/200 [resursa material];mp;13,01;13,01;;;;"9.2. OFERTA V1 REV CU VALORI PTDE.pdf – F3 cu valori (Spital paliatie, desfiintare C1-C3 si construire); pret direct fara CI/profit";2026-07-06;Proiectant S.C. Tanari Arhitect SRL / Beneficiar ACTIS (Asoc. Comunitara pt. Dezv. Intrepr. Sociale);1LARNS5Adn3FbJ7styKw3LZrEBoluKomc
finisaje / tamplarie;CG17A% [9];Plinta alba polimer dur;m;19,00;10,30;8,70;0,00;0,00;"9.2. OFERTA V1 REV CU VALORI PTDE.pdf – F3 cu valori (Spital paliatie, desfiintare C1-C3 si construire); pret direct fara CI/profit";2026-07-06;Proiectant S.C. Tanari Arhitect SRL / Beneficiar ACTIS (Asoc. Comunitara pt. Dezv. Intrepr. Sociale);1LARNS5Adn3FbJ7styKw3LZrEBoluKomc
finisaje / tamplarie;5536169;Priza monobloc sub tencuiala 250/10a cod 160 [resursa material];buc;37,00;37,00;;;;"9.2. OFERTA V1 REV CU VALORI PTDE.pdf – F3 cu valori (Spital paliatie, desfiintare C1-C3 si construire); pret direct fara CI/profit";2026-07-06;Proiectant S.C. Tanari Arhitect SRL / Beneficiar ACTIS (Asoc. Comunitara pt. Dezv. Intrepr. Sociale);1LARNS5Adn3FbJ7styKw3LZrEBoluKomc
finisaje / tamplarie;CZ0204A1;SAPA M100 [1];mc;284,22;;;;;"9.2. OFERTA V1 REV CU VALORI PTDE.pdf – F3 cu valori (Spital paliatie, desfiintare C1-C3 si construire); pret direct fara CI/profit";2026-07-06;Proiectant S.C. Tanari Arhitect SRL / Beneficiar ACTIS (Asoc. Comunitara pt. Dezv. Intrepr. Sociale);1LARNS5Adn3FbJ7styKw3LZrEBoluKomc
finisaje / tamplarie;CG42B01+;Sapa de egalizare HASIT...glisanta sau flotanta;mp;38,24;;;;;"9.2. OFERTA V1 REV CU VALORI PTDE.pdf – F3 cu valori (Spital paliatie, desfiintare C1-C3 si construire); pret direct fara CI/profit";2026-07-06;Proiectant S.C. Tanari Arhitect SRL / Beneficiar ACTIS (Asoc. Comunitara pt. Dezv. Intrepr. Sociale);1LARNS5Adn3FbJ7styKw3LZrEBoluKomc
finisaje / tamplarie;CG01F1;Sapa suport autonivelatoare sub pardoseli de 3 cm grosime;mp;43,66;;;;;"Deviz oferta.pdf – F3 oferta eDevize (restaurare biserica); pret direct, la care se adauga CAM 2,25% man., CI 10%, profit 5%";2025-06-17;Executant SC Aurora Inconstruct SRL / Beneficiar Biserica Sf. Imp. Constantin si Elena;1rue0Jaajr2kNvdWBeV5ZObPL36nPRRQk
finisaje / tamplarie;CG01F1;Sapa suport autonivelatoare sub pardoseli de 3cmgrosime;mp;14,50;11,89;2,00;0,61;0,00;5-BISERICA GARLASI-BISERICA-CU VALORI.PDF – F3 Arhitectura (SofteH, listat 12.05.2023);2023-05-12;Beneficiar Parohia/Biserica Garlasi, Buzau (deviz proiectant);1SStdo4o2D6OmwG1EnsxdCLK3tnqJIy_y
finisaje / tamplarie;SB28A#;Sifon de pardoseala din polipropilena, avand diametrul iesirii de... 50 mm;buc;97,65;84,53;13,12;0,00;0,00;"Deviz oferta.pdf – F3 oferta eDevize (restaurare biserica); pret direct, la care se adauga CAM 2,25% man., CI 10%, profit 5%";2025-06-17;Executant SC Aurora Inconstruct SRL / Beneficiar Biserica Sf. Imp. Constantin si Elena;1rue0Jaajr2kNvdWBeV5ZObPL36nPRRQk
finisaje / tamplarie;SB06XB;Sifon de pardoseala,din fonta emailata,avind diametrul de 50 mm, combinat;buc;73,71;36,01;37,70;0,00;0,00;"9.2. OFERTA V1 REV CU VALORI PTDE.pdf – F3 cu valori (Spital paliatie, desfiintare C1-C3 si construire); pret direct fara CI/profit";2026-07-06;Proiectant S.C. Tanari Arhitect SRL / Beneficiar ACTIS (Asoc. Comunitara pt. Dezv. Intrepr. Sociale);1LARNS5Adn3FbJ7styKw3LZrEBoluKomc
finisaje / tamplarie;;Sifon montare in pardoseala grila Inox, D=50 mm ptr colectare apa;buc;40,80;;;;;"Oferta SD-6 409-E Hotel PIETROASA (Climatronic) – foaia Cap.7-Instalatii Sanitare; 8 EUR x 5,1";2025-09-01;Ofertant Climatronic SRL / Beneficiar Hotel Pietroasa SA Buzau;1ne-s6Ae1aOu82-H0kXysRaOdfZGkZ7l7
finisaje / tamplarie;7100701;Silicon îmbinare maro;buc;25,00;25,00;0,00;0,00;0,00;"Propunere_financiara_BILZI_SDF_Onesti.xlsx – F3 oferta proprie (lucrari acoperis hala, Romsilva DS Bacau); pret direct, adaos 25% separat";2026-10-01;Ofertant BILZI STEEL PROFILE SRL / Beneficiar RNP Romsilva DS Bacau;1pe4vyBBOUknM1CDZScHidnvsaDDsmVIx
finisaje / tamplarie;M25;Silicon îmbinare maro [resursa material, Estimare preț de piață – de verificat];buc;25,00;25,00;;;;"Propunere_financiara_BILZI_SDF_Onesti.xlsx – foaia Preturi (resurse; EUR furnizor convertit de autor la BNR+1% = 5,3313)";2026-10-01;BILZI STEEL PROFILE SRL;1pe4vyBBOUknM1CDZScHidnvsaDDsmVIx
finisaje / tamplarie;CK32B# [1];Storuri...(jaluzele) venetiene din aluminiu eloxat,pentru ferestre,inclusiv accesoriile - asim. Brise-soleil tabla prevopsita;mp;331,54;308,34;23,20;0,00;0,00;"9.2. OFERTA V1 REV CU VALORI PTDE.pdf – F3 cu valori (Spital paliatie, desfiintare C1-C3 si construire); pret direct fara CI/profit";2026-07-06;Proiectant S.C. Tanari Arhitect SRL / Beneficiar ACTIS (Asoc. Comunitara pt. Dezv. Intrepr. Sociale);1LARNS5Adn3FbJ7styKw3LZrEBoluKomc
finisaje / tamplarie;IFB09B3;Strat drenant cu tubulatura de ventilatie sub pardoseala;mp;207,84;132,21;75,62;0,00;0,00;"Deviz oferta.pdf – F3 oferta eDevize (restaurare biserica); pret direct, la care se adauga CAM 2,25% man., CI 10%, profit 5%";2025-06-17;Executant SC Aurora Inconstruct SRL / Beneficiar Biserica Sf. Imp. Constantin si Elena;1rue0Jaajr2kNvdWBeV5ZObPL36nPRRQk
finisaje / tamplarie;IFB09B3;Strat drenant cu tubulatura de ventilatie sub pardoseala;mp;62,33;50,33;12,00;0,00;0,00;5-BISERICA GARLASI-BISERICA-CU VALORI.PDF – F3 Arhitectura (SofteH, listat 12.05.2023);2023-05-12;Beneficiar Parohia/Biserica Garlasi, Buzau (deviz proiectant);1SStdo4o2D6OmwG1EnsxdCLK3tnqJIy_y
finisaje / tamplarie;3272324;TEAVA DE POLIETILENA RETICULATA PE-XA 16X2,2MM, IZOLATA, PENTRU MONTAJ INGROPAT IN SAPA SI APARENT, PN6 [resursa material];m;3,10;3,10;;;;"9.2. OFERTA V1 REV CU VALORI PTDE.pdf – F3 cu valori (Spital paliatie, desfiintare C1-C3 si construire); pret direct fara CI/profit";2026-07-06;Proiectant S.C. Tanari Arhitect SRL / Beneficiar ACTIS (Asoc. Comunitara pt. Dezv. Intrepr. Sociale);1LARNS5Adn3FbJ7styKw3LZrEBoluKomc
finisaje / tamplarie;CN14XB;Tapete pe baza de polimeri pe sup.hirt.incl.mont.baghete plic.pe pereti pref.bet.cel.lipit cu adeziv;mp;27,45;7,15;20,30;0,00;0,00;"9.2. OFERTA V1 REV CU VALORI PTDE.pdf – F3 cu valori (Spital paliatie, desfiintare C1-C3 si construire); pret direct fara CI/profit";2026-07-06;Proiectant S.C. Tanari Arhitect SRL / Beneficiar ACTIS (Asoc. Comunitara pt. Dezv. Intrepr. Sociale);1LARNS5Adn3FbJ7styKw3LZrEBoluKomc
finisaje / tamplarie;EA03XA;"Teava prot.otel,montata ingropat in pardoseala saupam. pina 0,8m ad.cu dn pina 50mm (2"") inclusiv";m;31,90;0,00;31,90;0,00;0,00;"9.2. OFERTA V1 REV CU VALORI PTDE.pdf – F3 cu valori (Spital paliatie, desfiintare C1-C3 si construire); pret direct fara CI/profit";2026-07-06;Proiectant S.C. Tanari Arhitect SRL / Beneficiar ACTIS (Asoc. Comunitara pt. Dezv. Intrepr. Sociale);1LARNS5Adn3FbJ7styKw3LZrEBoluKomc
finisaje / tamplarie;CF17A02+;Tencuieli decorative - SOCLU [3];mp;37,93;29,23;8,70;0,00;0,00;"9.2. OFERTA V1 REV CU VALORI PTDE.pdf – F3 cu valori (Spital paliatie, desfiintare C1-C3 si construire); pret direct fara CI/profit";2026-07-06;Proiectant S.C. Tanari Arhitect SRL / Beneficiar ACTIS (Asoc. Comunitara pt. Dezv. Intrepr. Sociale);1LARNS5Adn3FbJ7styKw3LZrEBoluKomc
finisaje / tamplarie;CF44A01+;Tencuieli speciale subtiri, bob de orez, [1] granulatie fina, albe.;mp;22,81;18,28;4,52;0,00;0,00;"9.2. OFERTA V1 REV CU VALORI PTDE.pdf – F3 cu valori (Spital paliatie, desfiintare C1-C3 si construire); pret direct fara CI/profit";2026-07-06;Proiectant S.C. Tanari Arhitect SRL / Beneficiar ACTIS (Asoc. Comunitara pt. Dezv. Intrepr. Sociale);1LARNS5Adn3FbJ7styKw3LZrEBoluKomc
finisaje / tamplarie;CF44C01+;Tencuieli speciale subtiri, scoarta de [1] copac, granulatie medie, gri.;mp;18,02;13,21;4,81;0,00;0,00;"9.2. OFERTA V1 REV CU VALORI PTDE.pdf – F3 cu valori (Spital paliatie, desfiintare C1-C3 si construire); pret direct fara CI/profit";2026-07-06;Proiectant S.C. Tanari Arhitect SRL / Beneficiar ACTIS (Asoc. Comunitara pt. Dezv. Intrepr. Sociale);1LARNS5Adn3FbJ7styKw3LZrEBoluKomc
finisaje / tamplarie;IF02A01+;Tubulatura PexKIT pentru incalzirea prin pardoseala D 16x2 mm, prin fixare pe placa cu nuturi;m;2,24;1,52;0,73;0,00;0,00;"9.2. OFERTA V1 REV CU VALORI PTDE.pdf – F3 cu valori (Spital paliatie, desfiintare C1-C3 si construire); pret direct fara CI/profit";2026-07-06;Proiectant S.C. Tanari Arhitect SRL / Beneficiar ACTIS (Asoc. Comunitara pt. Dezv. Intrepr. Sociale);1LARNS5Adn3FbJ7styKw3LZrEBoluKomc
finisaje / tamplarie;IF02B02+;Tubulatura PexKIT pentru incalzirea prin pardoseala D 20x2 mm, prin fixare pe plasa de sarma;m;9,05;7,52;1,54;0,00;0,00;"9.2. OFERTA V1 REV CU VALORI PTDE.pdf – F3 cu valori (Spital paliatie, desfiintare C1-C3 si construire); pret direct fara CI/profit";2026-07-06;Proiectant S.C. Tanari Arhitect SRL / Beneficiar ACTIS (Asoc. Comunitara pt. Dezv. Intrepr. Sociale);1LARNS5Adn3FbJ7styKw3LZrEBoluKomc
finisaje / tamplarie;2928443;Usa antipanica cu autoinchidere, dubla, batanta - 1550 x 2300 mm (Al.+ tripan) [resursa material];mp;985,00;985,00;;;;"9.2. OFERTA V1 REV CU VALORI PTDE.pdf – F3 cu valori (Spital paliatie, desfiintare C1-C3 si construire); pret direct fara CI/profit";2026-07-06;Proiectant S.C. Tanari Arhitect SRL / Beneficiar ACTIS (Asoc. Comunitara pt. Dezv. Intrepr. Sociale);1LARNS5Adn3FbJ7styKw3LZrEBoluKomc
finisaje / tamplarie;6308025;Usa antipanica cu autoinchidere, dubla, batanta - 1600 x 2300 mm cu supralumina fereastra evacuare fum 1600x700 mm (Al.+ tripan) [resursa material];mp;865,00;865,00;;;;"9.2. OFERTA V1 REV CU VALORI PTDE.pdf – F3 cu valori (Spital paliatie, desfiintare C1-C3 si construire); pret direct fara CI/profit";2026-07-06;Proiectant S.C. Tanari Arhitect SRL / Beneficiar ACTIS (Asoc. Comunitara pt. Dezv. Intrepr. Sociale);1LARNS5Adn3FbJ7styKw3LZrEBoluKomc
finisaje / tamplarie;2933304;Usa int. C5Sa, dubla, plina, 1.00x2.20 .L m [resursa material];mp;965,00;965,00;;;;"9.2. OFERTA V1 REV CU VALORI PTDE.pdf – F3 cu valori (Spital paliatie, desfiintare C1-C3 si construire); pret direct fara CI/profit";2026-07-06;Proiectant S.C. Tanari Arhitect SRL / Beneficiar ACTIS (Asoc. Comunitara pt. Dezv. Intrepr. Sociale);1LARNS5Adn3FbJ7styKw3LZrEBoluKomc
finisaje / tamplarie;2933330;Usa int. C5Sa, dubla, plina, 1.50x2.20 .L m canat, pe captuseli cu latime mai mica sau egala cu 19 cm, la constructii cu inaltime mai mica sau egala cu 35 m [resursa material];mp;965,00;965,00;;;;"9.2. OFERTA V1 REV CU VALORI PTDE.pdf – F3 cu valori (Spital paliatie, desfiintare C1-C3 si construire); pret direct fara CI/profit";2026-07-06;Proiectant S.C. Tanari Arhitect SRL / Beneficiar ACTIS (Asoc. Comunitara pt. Dezv. Intrepr. Sociale);1LARNS5Adn3FbJ7styKw3LZrEBoluKomc
finisaje / tamplarie;2933328;Usa int. C5Sa, simpla, plina, 1.00x2.20 .L m canat, pe captuseli cu latime mai mica sau egala cu 19 cm, la constructii cu inaltime mai mica sau egala cu 35 m [resursa material];mp;965,00;965,00;;;;"9.2. OFERTA V1 REV CU VALORI PTDE.pdf – F3 cu valori (Spital paliatie, desfiintare C1-C3 si construire); pret direct fara CI/profit";2026-07-06;Proiectant S.C. Tanari Arhitect SRL / Beneficiar ACTIS (Asoc. Comunitara pt. Dezv. Intrepr. Sociale);1LARNS5Adn3FbJ7styKw3LZrEBoluKomc
finisaje / tamplarie;2933366;Usa int. C5Sa, simpla, plina, 1.50x2.20 .L m canat, pe captuseli cu latime mai mica sau egala cu 19 cm, la constructii cu inaltime mai mica sau egala cu 35 m [resursa material];mp;965,00;965,00;;;;"9.2. OFERTA V1 REV CU VALORI PTDE.pdf – F3 cu valori (Spital paliatie, desfiintare C1-C3 si construire); pret direct fara CI/profit";2026-07-06;Proiectant S.C. Tanari Arhitect SRL / Beneficiar ACTIS (Asoc. Comunitara pt. Dezv. Intrepr. Sociale);1LARNS5Adn3FbJ7styKw3LZrEBoluKomc
finisaje / tamplarie;2928490;Usa int. C5Sa, simpla, vitrata cu .L jaluzea integrata, 1.50x2.20 m [resursa material];mp;965,00;965,00;;;;"9.2. OFERTA V1 REV CU VALORI PTDE.pdf – F3 cu valori (Spital paliatie, desfiintare C1-C3 si construire); pret direct fara CI/profit";2026-07-06;Proiectant S.C. Tanari Arhitect SRL / Beneficiar ACTIS (Asoc. Comunitara pt. Dezv. Intrepr. Sociale);1LARNS5Adn3FbJ7styKw3LZrEBoluKomc
finisaje / tamplarie;11665203;Usa int. metalica cu panouri HPL, .L culisanta, plina, 0.93x2.15 m [resursa material];mp;1778,53;1778,53;;;;"9.2. OFERTA V1 REV CU VALORI PTDE.pdf – F3 cu valori (Spital paliatie, desfiintare C1-C3 si construire); pret direct fara CI/profit";2026-07-06;Proiectant S.C. Tanari Arhitect SRL / Beneficiar ACTIS (Asoc. Comunitara pt. Dezv. Intrepr. Sociale);1LARNS5Adn3FbJ7styKw3LZrEBoluKomc
finisaje / tamplarie;11665217;Usa int. metalica cu panouri HPL, .L dubla, plina, 1.50x2.00 m [resursa material];mp;1872,51;1872,51;;;;"9.2. OFERTA V1 REV CU VALORI PTDE.pdf – F3 cu valori (Spital paliatie, desfiintare C1-C3 si construire); pret direct fara CI/profit";2026-07-06;Proiectant S.C. Tanari Arhitect SRL / Beneficiar ACTIS (Asoc. Comunitara pt. Dezv. Intrepr. Sociale);1LARNS5Adn3FbJ7styKw3LZrEBoluKomc
finisaje / tamplarie;11665171;Usa int. metalica cu panouri HPL, .L dubla, plina, 1.50x2.10 m [resursa material];mp;1296,30;1296,30;;;;"9.2. OFERTA V1 REV CU VALORI PTDE.pdf – F3 cu valori (Spital paliatie, desfiintare C1-C3 si construire); pret direct fara CI/profit";2026-07-06;Proiectant S.C. Tanari Arhitect SRL / Beneficiar ACTIS (Asoc. Comunitara pt. Dezv. Intrepr. Sociale);1LARNS5Adn3FbJ7styKw3LZrEBoluKomc
finisaje / tamplarie;11665178;Usa int. metalica cu panouri HPL, .L simpla, plina, 0.70x2.00 m [resursa material];mp;1358,60;1358,60;;;;"9.2. OFERTA V1 REV CU VALORI PTDE.pdf – F3 cu valori (Spital paliatie, desfiintare C1-C3 si construire); pret direct fara CI/profit";2026-07-06;Proiectant S.C. Tanari Arhitect SRL / Beneficiar ACTIS (Asoc. Comunitara pt. Dezv. Intrepr. Sociale);1LARNS5Adn3FbJ7styKw3LZrEBoluKomc
finisaje / tamplarie;11665107;Usa int. metalica cu panouri HPL, .L simpla, plina, 0.70x2.10 m [resursa material];mp;1561,56;1561,56;;;;"9.2. OFERTA V1 REV CU VALORI PTDE.pdf – F3 cu valori (Spital paliatie, desfiintare C1-C3 si construire); pret direct fara CI/profit";2026-07-06;Proiectant S.C. Tanari Arhitect SRL / Beneficiar ACTIS (Asoc. Comunitara pt. Dezv. Intrepr. Sociale);1LARNS5Adn3FbJ7styKw3LZrEBoluKomc
finisaje / tamplarie;11665056;Usa int. metalica cu panouri HPL, .L simpla, plina, 0.80x2.10 m [resursa material];mp;1172,06;1172,06;;;;"9.2. OFERTA V1 REV CU VALORI PTDE.pdf – F3 cu valori (Spital paliatie, desfiintare C1-C3 si construire); pret direct fara CI/profit";2026-07-06;Proiectant S.C. Tanari Arhitect SRL / Beneficiar ACTIS (Asoc. Comunitara pt. Dezv. Intrepr. Sociale);1LARNS5Adn3FbJ7styKw3LZrEBoluKomc
finisaje / tamplarie;11665105;Usa int. metalica cu panouri HPL, .L simpla, plina, 0.90x2.20 m [resursa material];mp;1767,15;1767,15;;;;"9.2. OFERTA V1 REV CU VALORI PTDE.pdf – F3 cu valori (Spital paliatie, desfiintare C1-C3 si construire); pret direct fara CI/profit";2026-07-06;Proiectant S.C. Tanari Arhitect SRL / Beneficiar ACTIS (Asoc. Comunitara pt. Dezv. Intrepr. Sociale);1LARNS5Adn3FbJ7styKw3LZrEBoluKomc
finisaje / tamplarie;6308031;Usa metalica cu sticla securizata, exterioara - 1000 x 2100 mm (Al.+ tripan) [resursa material];mp;865,00;865,00;;;;"9.2. OFERTA V1 REV CU VALORI PTDE.pdf – F3 cu valori (Spital paliatie, desfiintare C1-C3 si construire); pret direct fara CI/profit";2026-07-06;Proiectant S.C. Tanari Arhitect SRL / Beneficiar ACTIS (Asoc. Comunitara pt. Dezv. Intrepr. Sociale);1LARNS5Adn3FbJ7styKw3LZrEBoluKomc
finisaje / tamplarie;6308029;Usa metalica cu sticla securizata, exterioara - 1000 x 2300 mm (Al.+ tripan) [resursa material];mp;865,00;865,00;;;;"9.2. OFERTA V1 REV CU VALORI PTDE.pdf – F3 cu valori (Spital paliatie, desfiintare C1-C3 si construire); pret direct fara CI/profit";2026-07-06;Proiectant S.C. Tanari Arhitect SRL / Beneficiar ACTIS (Asoc. Comunitara pt. Dezv. Intrepr. Sociale);1LARNS5Adn3FbJ7styKw3LZrEBoluKomc
finisaje / tamplarie;6308035;Usa metalica cu sticla securizata, exterioara, dubla - 1450 x 2300 mm (Al.+ tripan) [resursa material];mp;865,00;865,00;;;;"9.2. OFERTA V1 REV CU VALORI PTDE.pdf – F3 cu valori (Spital paliatie, desfiintare C1-C3 si construire); pret direct fara CI/profit";2026-07-06;Proiectant S.C. Tanari Arhitect SRL / Beneficiar ACTIS (Asoc. Comunitara pt. Dezv. Intrepr. Sociale);1LARNS5Adn3FbJ7styKw3LZrEBoluKomc
finisaje / tamplarie;CK12D# [1];Usa metalica de interior, dublu canat, Conform tabloului de tamplarie C0 EI 60 - C L1.5xH2.1m - RAL 7016 gri antracit;mp;156,22;21,37;134,85;0,00;0,00;"9.2. OFERTA V1 REV CU VALORI PTDE.pdf – F3 cu valori (Spital paliatie, desfiintare C1-C3 si construire); pret direct fara CI/profit";2026-07-06;Proiectant S.C. Tanari Arhitect SRL / Beneficiar ACTIS (Asoc. Comunitara pt. Dezv. Intrepr. Sociale);1LARNS5Adn3FbJ7styKw3LZrEBoluKomc
finisaje / tamplarie;CK12XA;Usi metalice confec.din prof.ollam.sau tabla si acces.la constr.35m din ol,1canat supraf.toc.pin.7mp;mp;134,65;8,65;116,00;10,00;0,00;"9.2. OFERTA V1 REV CU VALORI PTDE.pdf – F3 cu valori (Spital paliatie, desfiintare C1-C3 si construire); pret direct fara CI/profit";2026-07-06;Proiectant S.C. Tanari Arhitect SRL / Beneficiar ACTIS (Asoc. Comunitara pt. Dezv. Intrepr. Sociale);1LARNS5Adn3FbJ7styKw3LZrEBoluKomc
finisaje / tamplarie;CK12XA;Usi metalice confec.din prof.ollam.sau tabla si acces.la constr.35m din ol,1canat supraf.toc.pin.7mp;mp;138,35;12,35;116,00;10,00;0,00;"9.2. OFERTA V1 REV CU VALORI PTDE.pdf – F3 cu valori (Spital paliatie, desfiintare C1-C3 si construire); pret direct fara CI/profit";2026-07-06;Proiectant S.C. Tanari Arhitect SRL / Beneficiar ACTIS (Asoc. Comunitara pt. Dezv. Intrepr. Sociale);1LARNS5Adn3FbJ7styKw3LZrEBoluKomc
finisaje / tamplarie;CK12XA;Usi metalice confec.din prof.ollam.sau tabla si acces.la constr.35m din ol,1canat supraf.toc.pin.7mp;mp;138,66;12,66;116,00;10,00;0,00;"9.2. OFERTA V1 REV CU VALORI PTDE.pdf – F3 cu valori (Spital paliatie, desfiintare C1-C3 si construire); pret direct fara CI/profit";2026-07-06;Proiectant S.C. Tanari Arhitect SRL / Beneficiar ACTIS (Asoc. Comunitara pt. Dezv. Intrepr. Sociale);1LARNS5Adn3FbJ7styKw3LZrEBoluKomc
finisaje / tamplarie;CK12XA;Usi metalice confec.din prof.ollam.sau tabla si acces.la constr.35m din ol,1canat supraf.toc.pin.7mp;mp;151,04;25,04;116,00;10,00;0,00;"9.2. OFERTA V1 REV CU VALORI PTDE.pdf – F3 cu valori (Spital paliatie, desfiintare C1-C3 si construire); pret direct fara CI/profit";2026-07-06;Proiectant S.C. Tanari Arhitect SRL / Beneficiar ACTIS (Asoc. Comunitara pt. Dezv. Intrepr. Sociale);1LARNS5Adn3FbJ7styKw3LZrEBoluKomc
finisaje / tamplarie;CK12XA;Usi metalice confec.din prof.ollam.sau tabla si acces.la constr.35m din ol,1canat supraf.toc.pin.7mp;mp;151,82;25,82;116,00;10,00;0,00;"9.2. OFERTA V1 REV CU VALORI PTDE.pdf – F3 cu valori (Spital paliatie, desfiintare C1-C3 si construire); pret direct fara CI/profit";2026-07-06;Proiectant S.C. Tanari Arhitect SRL / Beneficiar ACTIS (Asoc. Comunitara pt. Dezv. Intrepr. Sociale);1LARNS5Adn3FbJ7styKw3LZrEBoluKomc
finisaje / tamplarie;CK12XA;Usi metalice confec.din prof.ollam.sau tabla si acces.la constr.35m din ol,1canat supraf.toc.pin.7mp;mp;135,65;;;;;"9.2. OFERTA V1 REV CU VALORI PTDE.pdf – F3 cu valori (Spital paliatie, desfiintare C1-C3 si construire); pret direct fara CI/profit";2026-07-06;Proiectant S.C. Tanari Arhitect SRL / Beneficiar ACTIS (Asoc. Comunitara pt. Dezv. Intrepr. Sociale);1LARNS5Adn3FbJ7styKw3LZrEBoluKomc
finisaje / tamplarie;CK12XA;Usi metalice confec.din prof.ollam.sau tabla si acces.la constr.35m din ol,1canat supraf.toc.pin.7mp;mp;143,67;17,67;116,00;10,00;0,00;"9.2. OFERTA V1 REV CU VALORI PTDE.pdf – F3 cu valori (Spital paliatie, desfiintare C1-C3 si construire); pret direct fara CI/profit";2026-07-06;Proiectant S.C. Tanari Arhitect SRL / Beneficiar ACTIS (Asoc. Comunitara pt. Dezv. Intrepr. Sociale);1LARNS5Adn3FbJ7styKw3LZrEBoluKomc
finisaje / tamplarie;CK12XA;Usi metalice confec.din prof.ollam.sau tabla si acces.la constr.35m din ol,1canat supraf.toc.pin.7mp;mp;137,72;11,72;116,00;10,00;0,00;"9.2. OFERTA V1 REV CU VALORI PTDE.pdf – F3 cu valori (Spital paliatie, desfiintare C1-C3 si construire); pret direct fara CI/profit";2026-07-06;Proiectant S.C. Tanari Arhitect SRL / Beneficiar ACTIS (Asoc. Comunitara pt. Dezv. Intrepr. Sociale);1LARNS5Adn3FbJ7styKw3LZrEBoluKomc
finisaje / tamplarie;CK12XA;Usi metalice confec.din prof.ollam.sau tabla si acces.la constr.35m din ol,1canat supraf.toc.pin.7mp;mp;141,62;15,62;116,00;10,00;0,00;"9.2. OFERTA V1 REV CU VALORI PTDE.pdf – F3 cu valori (Spital paliatie, desfiintare C1-C3 si construire); pret direct fara CI/profit";2026-07-06;Proiectant S.C. Tanari Arhitect SRL / Beneficiar ACTIS (Asoc. Comunitara pt. Dezv. Intrepr. Sociale);1LARNS5Adn3FbJ7styKw3LZrEBoluKomc
finisaje / tamplarie;CK12XA;Usi metalice confec.din prof.ollam.sau tabla si acces.la constr.35m din ol,1canat supraf.toc.pin.7mp;mp;139,59;13,59;116,00;10,00;0,00;"9.2. OFERTA V1 REV CU VALORI PTDE.pdf – F3 cu valori (Spital paliatie, desfiintare C1-C3 si construire); pret direct fara CI/profit";2026-07-06;Proiectant S.C. Tanari Arhitect SRL / Beneficiar ACTIS (Asoc. Comunitara pt. Dezv. Intrepr. Sociale);1LARNS5Adn3FbJ7styKw3LZrEBoluKomc
finisaje / tamplarie;CK14A1;Usi metalice confectionate din profiluri de otel usi metalice într-un canat, cu suprafata tocului pâna la 5 mp inclusiv ,;mp;136,41;7,50;128,76;0,15;0,00;"9.2. OFERTA V1 REV CU VALORI PTDE.pdf – F3 cu valori (Spital paliatie, desfiintare C1-C3 si construire); pret direct fara CI/profit";2026-07-06;Proiectant S.C. Tanari Arhitect SRL / Beneficiar ACTIS (Asoc. Comunitara pt. Dezv. Intrepr. Sociale);1LARNS5Adn3FbJ7styKw3LZrEBoluKomc
finisaje / tamplarie;IZD29A#;Vopsirea protectiilor gletuite, la conducte si aparate,exec.in 2 straturi vopsea si 1 strat lac;mp;23,26;5,76;16,82;0,68;0,00;"9.2. OFERTA V1 REV CU VALORI PTDE.pdf – F3 cu valori (Spital paliatie, desfiintare C1-C3 si construire); pret direct fara CI/profit";2026-07-06;Proiectant S.C. Tanari Arhitect SRL / Beneficiar ACTIS (Asoc. Comunitara pt. Dezv. Intrepr. Sociale);1LARNS5Adn3FbJ7styKw3LZrEBoluKomc
finisaje / tamplarie;CN20A1 [2];Vopsitorie lavabila cu ioni de argint;mp;8,17;3,53;4,64;0,00;0,00;"9.2. OFERTA V1 REV CU VALORI PTDE.pdf – F3 cu valori (Spital paliatie, desfiintare C1-C3 si construire); pret direct fara CI/profit";2026-07-06;Proiectant S.C. Tanari Arhitect SRL / Beneficiar ACTIS (Asoc. Comunitara pt. Dezv. Intrepr. Sociale);1LARNS5Adn3FbJ7styKw3LZrEBoluKomc
finisaje / tamplarie;IZA06B1;Vopsitorii anticorozive pe tamplarie metalica, utilaje tehnologice si constructii metalice email clorcauciuc (un strat grund de miniu, un strat grund perclorvinilic si trei straturi de email),;mp;72,07;36,68;35,38;0,00;0,00;"Deviz oferta.pdf – F3 oferta eDevize (restaurare biserica); pret direct, la care se adauga CAM 2,25% man., CI 10%, profit 5%";2025-06-17;Executant SC Aurora Inconstruct SRL / Beneficiar Biserica Sf. Imp. Constantin si Elena;1rue0Jaajr2kNvdWBeV5ZObPL36nPRRQk
finisaje / tamplarie;RCSR01B;Zugraveli int., superioare in praf de matase sau desene cu rola;mp;75,33;24,93;50,39;0,00;0,00;"Deviz oferta.pdf – F3 oferta eDevize (restaurare biserica); pret direct, la care se adauga CAM 2,25% man., CI 10%, profit 5%";2025-06-17;Executant SC Aurora Inconstruct SRL / Beneficiar Biserica Sf. Imp. Constantin si Elena;1rue0Jaajr2kNvdWBeV5ZObPL36nPRRQk
finisaje / tamplarie;RCSR01B;Zugraveli int.,superioare in praf de matase sau indesene cu rola;mp;18,19;2,59;15,40;0,21;0,00;5-BISERICA GARLASI-BISERICA-CU VALORI.PDF – F3 Arhitectura (SofteH, listat 12.05.2023);2023-05-12;Beneficiar Parohia/Biserica Garlasi, Buzau (deviz proiectant);1SStdo4o2D6OmwG1EnsxdCLK3tnqJIy_y
hidroizolatii;IZA15A+;Asim - Vopsitorie hidroizolanta la interior;mp;87,92;77,77;10,15;0,00;0,00;"9.2. OFERTA V1 REV CU VALORI PTDE.pdf – F3 cu valori (Spital paliatie, desfiintare C1-C3 si construire); pret direct fara CI/profit";2026-07-06;Proiectant S.C. Tanari Arhitect SRL / Beneficiar ACTIS (Asoc. Comunitara pt. Dezv. Intrepr. Sociale);1LARNS5Adn3FbJ7styKw3LZrEBoluKomc
hidroizolatii;2600036;Bitum pentru materiale si lucrari pentru hidroizolatii tip h 68/75 s 7064 [48] EXPANDAT 10 CM cf tehnologie furnizor [resursa material];kg;6,38;6,38;;;;"9.2. OFERTA V1 REV CU VALORI PTDE.pdf – F3 cu valori (Spital paliatie, desfiintare C1-C3 si construire); pret direct fara CI/profit";2026-07-06;Proiectant S.C. Tanari Arhitect SRL / Beneficiar ACTIS (Asoc. Comunitara pt. Dezv. Intrepr. Sociale);1LARNS5Adn3FbJ7styKw3LZrEBoluKomc
hidroizolatii;2600036;Bitum pentru materiale si lucrari pentru hidroizolatii tip h 68/75 s 7064 [resursa material];kg;6,38;6,38;;;;"9.2. OFERTA V1 REV CU VALORI PTDE.pdf – F3 cu valori (Spital paliatie, desfiintare C1-C3 si construire); pret direct fara CI/profit";2026-07-06;Proiectant S.C. Tanari Arhitect SRL / Beneficiar ACTIS (Asoc. Comunitara pt. Dezv. Intrepr. Sociale);1LARNS5Adn3FbJ7styKw3LZrEBoluKomc
hidroizolatii;RMA28A;Forari in zidaria de caramida pentru dornuri de antrenare (inclusiv forarile pentr hidroizolatie) cu adancimea de 100 cm;buc;28,35;0,00;28,35;0,00;0,00;"Deviz oferta.pdf – F3 oferta eDevize (restaurare biserica); pret direct, la care se adauga CAM 2,25% man., CI 10%, profit 5%";2025-06-17;Executant SC Aurora Inconstruct SRL / Beneficiar Biserica Sf. Imp. Constantin si Elena;1rue0Jaajr2kNvdWBeV5ZObPL36nPRRQk
hidroizolatii;IZF27A01^;HIDROIZOLATIE TIP EPDM;mp;64,09;52,09;11,89;0,11;0,00;"9.2. OFERTA V1 REV CU VALORI PTDE.pdf – F3 cu valori (Spital paliatie, desfiintare C1-C3 si construire); pret direct fara CI/profit";2026-07-06;Proiectant S.C. Tanari Arhitect SRL / Beneficiar ACTIS (Asoc. Comunitara pt. Dezv. Intrepr. Sociale);1LARNS5Adn3FbJ7styKw3LZrEBoluKomc
hidroizolatii;CIB07A1+;Hidroizolatie ACRILICA ptr. int., monocomponenta, fara solventi, permeabila la vapori- sub placaje ceramice la bai si cabine dus, -aplicata pe suport absorbant;mp;88,44;73,36;15,08;0,00;0,00;"9.2. OFERTA V1 REV CU VALORI PTDE.pdf – F3 cu valori (Spital paliatie, desfiintare C1-C3 si construire); pret direct fara CI/profit";2026-07-06;Proiectant S.C. Tanari Arhitect SRL / Beneficiar ACTIS (Asoc. Comunitara pt. Dezv. Intrepr. Sociale);1LARNS5Adn3FbJ7styKw3LZrEBoluKomc
hidroizolatii;IZC06A;Hidroizolatie cu sistem de membrana poliuretanica;mp;67,04;42,40;24,57;0,08;0,00;"Deviz oferta.pdf – F3 oferta eDevize (restaurare biserica); pret direct, la care se adauga CAM 2,25% man., CI 10%, profit 5%";2025-06-17;Executant SC Aurora Inconstruct SRL / Beneficiar Biserica Sf. Imp. Constantin si Elena;1rue0Jaajr2kNvdWBeV5ZObPL36nPRRQk
hidroizolatii;IZC06A;Hidroizolatie cu sistem de membrana poliuretanica;mp;49,13;47,56;1,55;0,02;0,00;5-BISERICA GARLASI-BISERICA-CU VALORI.PDF – F3 Arhitectura (SofteH, listat 12.05.2023);2023-05-12;Beneficiar Parohia/Biserica Garlasi, Buzau (deviz proiectant);1SStdo4o2D6OmwG1EnsxdCLK3tnqJIy_y
hidroizolatii;IZF73C01+;Hidroizolatie elastica bicomponenta cu produse HASIT, aplicata...cu pensula (min. un strat de 1 mm);mp;9,16;4,87;4,29;0,00;0,00;"9.2. OFERTA V1 REV CU VALORI PTDE.pdf – F3 cu valori (Spital paliatie, desfiintare C1-C3 si construire); pret direct fara CI/profit";2026-07-06;Proiectant S.C. Tanari Arhitect SRL / Beneficiar ACTIS (Asoc. Comunitara pt. Dezv. Intrepr. Sociale);1LARNS5Adn3FbJ7styKw3LZrEBoluKomc
hidroizolatii;CIB07B1+;Hidroizolatie flexibila din bitum cauciuc [2] la pereti soclu/subsol;mp;55,42;40,34;15,08;0,00;0,00;"9.2. OFERTA V1 REV CU VALORI PTDE.pdf – F3 cu valori (Spital paliatie, desfiintare C1-C3 si construire); pret direct fara CI/profit";2026-07-06;Proiectant S.C. Tanari Arhitect SRL / Beneficiar ACTIS (Asoc. Comunitara pt. Dezv. Intrepr. Sociale);1LARNS5Adn3FbJ7styKw3LZrEBoluKomc
hidroizolatii;IZF28A+;Hidroizolatii din membrane bituminoase ROOFCOTE...la elemente de constructie verticale in contact cu solul;mp;76,13;;;;;"9.2. OFERTA V1 REV CU VALORI PTDE.pdf – F3 cu valori (Spital paliatie, desfiintare C1-C3 si construire); pret direct fara CI/profit";2026-07-06;Proiectant S.C. Tanari Arhitect SRL / Beneficiar ACTIS (Asoc. Comunitara pt. Dezv. Intrepr. Sociale);1LARNS5Adn3FbJ7styKw3LZrEBoluKomc
hidroizolatii;RPCI01A+corectia01;Invelitoare provizorie din carton bitumat, intr-un singur strat, batuta in cuie pe astereala;mp;24,23;9,58;14,49;0,16;0,00;"Deviz oferta.pdf – F3 oferta eDevize (restaurare biserica); pret direct, la care se adauga CAM 2,25% man., CI 10%, profit 5%";2025-06-17;Executant SC Aurora Inconstruct SRL / Beneficiar Biserica Sf. Imp. Constantin si Elena;1rue0Jaajr2kNvdWBeV5ZObPL36nPRRQk
hidroizolatii;RMA30A;Matare gauri cu mortar de ciment cu adaos de aracet pentru. dornuri de antrenare - exclusiv gaurile pentru hidroizolatie;buc;32,51;1,01;31,50;0,00;0,00;"Deviz oferta.pdf – F3 oferta eDevize (restaurare biserica); pret direct, la care se adauga CAM 2,25% man., CI 10%, profit 5%";2025-06-17;Executant SC Aurora Inconstruct SRL / Beneficiar Biserica Sf. Imp. Constantin si Elena;1rue0Jaajr2kNvdWBeV5ZObPL36nPRRQk
hidroizolatii;IZF40A03^;Membrana HDPE lisa de tip Tegola Izoliner, cu grosime 2 mm, de dimensiuni 5.1x 120 ml, utilizata pentru impermeabilizare, ecologizare depozite materiale periculoase / nepericuloase;mp;62,52;27,72;34,80;0,00;0,00;"9.2. OFERTA V1 REV CU VALORI PTDE.pdf – F3 cu valori (Spital paliatie, desfiintare C1-C3 si construire); pret direct fara CI/profit";2026-07-06;Proiectant S.C. Tanari Arhitect SRL / Beneficiar ACTIS (Asoc. Comunitara pt. Dezv. Intrepr. Sociale);1LARNS5Adn3FbJ7styKw3LZrEBoluKomc
hidroizolatii;IZC46A+ [1];Membrana antiradacini;mp;51,21;41,93;9,28;0,00;0,00;"9.2. OFERTA V1 REV CU VALORI PTDE.pdf – F3 cu valori (Spital paliatie, desfiintare C1-C3 si construire); pret direct fara CI/profit";2026-07-06;Proiectant S.C. Tanari Arhitect SRL / Beneficiar ACTIS (Asoc. Comunitara pt. Dezv. Intrepr. Sociale);1LARNS5Adn3FbJ7styKw3LZrEBoluKomc
instalatii (sanitare/termice/HVAC);;A-Antigel pentru instalatii termosolare SOLAR HELIS GS -28grdC 20kg;l;17,85;;;;;"Oferta SD-6 409-E Hotel PIETROASA (Climatronic) – foaia Cap.5- Centrala Termica; 3.5 EUR x 5,1";2025-09-01;Ofertant Climatronic SRL / Beneficiar Hotel Pietroasa SA Buzau;1ne-s6Ae1aOu82-H0kXysRaOdfZGkZ7l7
instalatii (sanitare/termice/HVAC);;"AA-Aerisitor automat pentru sistem solar ICMA S110 1/2""";buc;56,10;;;;;"Oferta SD-6 409-E Hotel PIETROASA (Climatronic) – foaia Cap.5- Centrala Termica; 11 EUR x 5,1";2025-09-01;Ofertant Climatronic SRL / Beneficiar Hotel Pietroasa SA Buzau;1ne-s6Ae1aOu82-H0kXysRaOdfZGkZ7l7
instalatii (sanitare/termice/HVAC);IC49A1 [2];AERISITOR AUTOMAT DN 1/2;buc;55,39;23,20;32,19;0,00;0,00;"9.2. OFERTA V1 REV CU VALORI PTDE.pdf – F3 cu valori (Spital paliatie, desfiintare C1-C3 si construire); pret direct fara CI/profit";2026-07-06;Proiectant S.C. Tanari Arhitect SRL / Beneficiar ACTIS (Asoc. Comunitara pt. Dezv. Intrepr. Sociale);1LARNS5Adn3FbJ7styKw3LZrEBoluKomc
instalatii (sanitare/termice/HVAC);ACD04A1;ASIM. MONTARE CAMINE DE [3] VIZITARE CF PROIECT;buc;475,81;97,97;315,96;61,88;0,00;"9.2. OFERTA V1 REV CU VALORI PTDE.pdf – F3 cu valori (Spital paliatie, desfiintare C1-C3 si construire); pret direct fara CI/profit";2026-07-06;Proiectant S.C. Tanari Arhitect SRL / Beneficiar ACTIS (Asoc. Comunitara pt. Dezv. Intrepr. Sociale);1LARNS5Adn3FbJ7styKw3LZrEBoluKomc
instalatii (sanitare/termice/HVAC);11601950;Aerisitor (dezaerator) automat , cu robinet cromat 1/2 [resursa material];buc;134,45;134,45;;;;"9.2. OFERTA V1 REV CU VALORI PTDE.pdf – F3 cu valori (Spital paliatie, desfiintare C1-C3 si construire); pret direct fara CI/profit";2026-07-06;Proiectant S.C. Tanari Arhitect SRL / Beneficiar ACTIS (Asoc. Comunitara pt. Dezv. Intrepr. Sociale);1LARNS5Adn3FbJ7styKw3LZrEBoluKomc
instalatii (sanitare/termice/HVAC);VB24A# [3];Anemostate pentru aspiratia aerului viciat cudiametrul de 125mm, racordabil direct la tubulatura prin furtune flexibile izolate cu diametrul de 100 mm.;buc;437,70;247,80;182,70;7,20;0,00;"9.2. OFERTA V1 REV CU VALORI PTDE.pdf – F3 cu valori (Spital paliatie, desfiintare C1-C3 si construire); pret direct fara CI/profit";2026-07-06;Proiectant S.C. Tanari Arhitect SRL / Beneficiar ACTIS (Asoc. Comunitara pt. Dezv. Intrepr. Sociale);1LARNS5Adn3FbJ7styKw3LZrEBoluKomc
instalatii (sanitare/termice/HVAC);DF26A1 [1];BANDA AVERTIZARE PENTRU CANALIZARE;m;2,96;;;;;"9.2. OFERTA V1 REV CU VALORI PTDE.pdf – F3 cu valori (Spital paliatie, desfiintare C1-C3 si construire); pret direct fara CI/profit";2026-07-06;Proiectant S.C. Tanari Arhitect SRL / Beneficiar ACTIS (Asoc. Comunitara pt. Dezv. Intrepr. Sociale);1LARNS5Adn3FbJ7styKw3LZrEBoluKomc
instalatii (sanitare/termice/HVAC);;BE-Butelie vericala rupere de presiune cu rol dublu distribuitor /colector, D=500mm, H=2200, cu 2+2 stuturi de racordare, complet echipata si izolata termic;buc;11067,00;;;;;"Oferta SD-6 409-E Hotel PIETROASA (Climatronic) – foaia Cap.5- Centrala Termica; 2170 EUR x 5,1";2025-09-01;Ofertant Climatronic SRL / Beneficiar Hotel Pietroasa SA Buzau;1ne-s6Ae1aOu82-H0kXysRaOdfZGkZ7l7
instalatii (sanitare/termice/HVAC);IZC03A1#;Bariera contra vapori pe supraf.oriz.cu 1 strat carton bit.lipit pe toata supr.cu mastic bit;mp;5,57;3,02;2,32;0,23;0,00;"9.2. OFERTA V1 REV CU VALORI PTDE.pdf – F3 cu valori (Spital paliatie, desfiintare C1-C3 si construire); pret direct fara CI/profit";2026-07-06;Proiectant S.C. Tanari Arhitect SRL / Beneficiar ACTIS (Asoc. Comunitara pt. Dezv. Intrepr. Sociale);1LARNS5Adn3FbJ7styKw3LZrEBoluKomc
instalatii (sanitare/termice/HVAC);;Baterie Lavoar amestecatoare , tip Grohe(sau similar);buc;617,10;;;;;"Oferta SD-6 409-E Hotel PIETROASA (Climatronic) – foaia Cap.7-Instalatii Sanitare; 121 EUR x 5,1";2025-09-01;Ofertant Climatronic SRL / Beneficiar Hotel Pietroasa SA Buzau;1ne-s6Ae1aOu82-H0kXysRaOdfZGkZ7l7
instalatii (sanitare/termice/HVAC);SD04A#;Baterie amestec brat... bascul, stativa, pentru lavoar sau spalator, indif inchidere, incl pentru hand, d=1/2;buc;456,00;369,38;86,62;0,00;0,00;"Deviz oferta.pdf – F3 oferta eDevize (restaurare biserica); pret direct, la care se adauga CAM 2,25% man., CI 10%, profit 5%";2025-06-17;Executant SC Aurora Inconstruct SRL / Beneficiar Biserica Sf. Imp. Constantin si Elena;1rue0Jaajr2kNvdWBeV5ZObPL36nPRRQk
instalatii (sanitare/termice/HVAC);SD04A#;Baterie amestec brat...bascul,stativa,pentru lavoar sau spalator,indif inchidere,incl pentru hand,d=1/2;buc;69,35;21,50;47,85;0,00;0,00;"9.2. OFERTA V1 REV CU VALORI PTDE.pdf – F3 cu valori (Spital paliatie, desfiintare C1-C3 si construire); pret direct fara CI/profit";2026-07-06;Proiectant S.C. Tanari Arhitect SRL / Beneficiar ACTIS (Asoc. Comunitara pt. Dezv. Intrepr. Sociale);1LARNS5Adn3FbJ7styKw3LZrEBoluKomc
instalatii (sanitare/termice/HVAC);4201470;Baterie amestec spalator alama t.flx.jet.perl.1/2s8732 - monocomanda [resursa material];buc;243,63;243,63;;;;"9.2. OFERTA V1 REV CU VALORI PTDE.pdf – F3 cu valori (Spital paliatie, desfiintare C1-C3 si construire); pret direct fara CI/profit";2026-07-06;Proiectant S.C. Tanari Arhitect SRL / Beneficiar ACTIS (Asoc. Comunitara pt. Dezv. Intrepr. Sociale);1LARNS5Adn3FbJ7styKw3LZrEBoluKomc
instalatii (sanitare/termice/HVAC);4201511;Baterie amestecatoare lavoar [resursa material];buc;330,00;330,00;;;;"Deviz oferta.pdf – F3 oferta eDevize (restaurare biserica); pret direct, la care se adauga CAM 2,25% man., CI 10%, profit 5%";2025-06-17;Executant SC Aurora Inconstruct SRL / Beneficiar Biserica Sf. Imp. Constantin si Elena;1rue0Jaajr2kNvdWBeV5ZObPL36nPRRQk
instalatii (sanitare/termice/HVAC);4201406;Baterie lavoar cu fotocelula cu baterie 9V incorporata, cod 01 226 06 99 [resursa material];buc;235,63;235,63;;;;"9.2. OFERTA V1 REV CU VALORI PTDE.pdf – F3 cu valori (Spital paliatie, desfiintare C1-C3 si construire); pret direct fara CI/profit";2026-07-06;Proiectant S.C. Tanari Arhitect SRL / Beneficiar ACTIS (Asoc. Comunitara pt. Dezv. Intrepr. Sociale);1LARNS5Adn3FbJ7styKw3LZrEBoluKomc
instalatii (sanitare/termice/HVAC);5783511;Boiler 500L [resursa material];buc;5891,46;5891,46;;;;"9.2. OFERTA V1 REV CU VALORI PTDE.pdf – F3 cu valori (Spital paliatie, desfiintare C1-C3 si construire); pret direct fara CI/profit";2026-07-06;Proiectant S.C. Tanari Arhitect SRL / Beneficiar ACTIS (Asoc. Comunitara pt. Dezv. Intrepr. Sociale);1LARNS5Adn3FbJ7styKw3LZrEBoluKomc
instalatii (sanitare/termice/HVAC);5783510;Boiler o. cu serpentina pt.-t.max=200gr -t.min.5gr- 400l [resursa material];buc;3912,77;3912,77;;;;"9.2. OFERTA V1 REV CU VALORI PTDE.pdf – F3 cu valori (Spital paliatie, desfiintare C1-C3 si construire); pret direct fara CI/profit";2026-07-06;Proiectant S.C. Tanari Arhitect SRL / Beneficiar ACTIS (Asoc. Comunitara pt. Dezv. Intrepr. Sociale);1LARNS5Adn3FbJ7styKw3LZrEBoluKomc
instalatii (sanitare/termice/HVAC);SE57A#;Boiler, functionand cu agent termic apa calda 70 - 90 grade c, capacitatea...de pana la 1000 l;buc;92,80;0,00;92,80;0,00;0,00;"9.2. OFERTA V1 REV CU VALORI PTDE.pdf – F3 cu valori (Spital paliatie, desfiintare C1-C3 si construire); pret direct fara CI/profit";2026-07-06;Proiectant S.C. Tanari Arhitect SRL / Beneficiar ACTIS (Asoc. Comunitara pt. Dezv. Intrepr. Sociale);1LARNS5Adn3FbJ7styKw3LZrEBoluKomc
instalatii (sanitare/termice/HVAC);;Brat de dus pentru fixare in perete , L=400 mm, Model Grohe (sau similar);buc;418,20;;;;;"Oferta SD-6 409-E Hotel PIETROASA (Climatronic) – foaia Cap.7-Instalatii Sanitare; 82 EUR x 5,1";2025-09-01;Ofertant Climatronic SRL / Beneficiar Hotel Pietroasa SA Buzau;1ne-s6Ae1aOu82-H0kXysRaOdfZGkZ7l7
instalatii (sanitare/termice/HVAC);SA38G#;Bratara fixare cond alim apa si gaze,otel sau pvc Montare impuscat, conducta...d=2 1/2;buc;2,70;0,67;2,03;0,00;0,00;"9.2. OFERTA V1 REV CU VALORI PTDE.pdf – F3 cu valori (Spital paliatie, desfiintare C1-C3 si construire); pret direct fara CI/profit";2026-07-06;Proiectant S.C. Tanari Arhitect SRL / Beneficiar ACTIS (Asoc. Comunitara pt. Dezv. Intrepr. Sociale);1LARNS5Adn3FbJ7styKw3LZrEBoluKomc
instalatii (sanitare/termice/HVAC);SA37I#;Bratara fixare conducte alim apa si gaze,ol sau pvc Montare incastrat, conducte... d=4'';buc;39,68;12,39;27,29;0,00;0,00;"Deviz oferta.pdf – F3 oferta eDevize (restaurare biserica); pret direct, la care se adauga CAM 2,25% man., CI 10%, profit 5%";2025-06-17;Executant SC Aurora Inconstruct SRL / Beneficiar Biserica Sf. Imp. Constantin si Elena;1rue0Jaajr2kNvdWBeV5ZObPL36nPRRQk
instalatii (sanitare/termice/HVAC);SA37D#;Bratara fixare conducte alim apa si gaze,ol sau pvc Montare incastrat, conducte...d=1 1/4;buc;11,05;0,32;10,73;0,00;0,00;"9.2. OFERTA V1 REV CU VALORI PTDE.pdf – F3 cu valori (Spital paliatie, desfiintare C1-C3 si construire); pret direct fara CI/profit";2026-07-06;Proiectant S.C. Tanari Arhitect SRL / Beneficiar ACTIS (Asoc. Comunitara pt. Dezv. Intrepr. Sociale);1LARNS5Adn3FbJ7styKw3LZrEBoluKomc
instalatii (sanitare/termice/HVAC);SA37A#;Bratara fixare conducte alim apa si gaze,ol sau pvc Montare incastrat, conducte...d=1/2;buc;7,57;0,32;7,25;0,00;0,00;"9.2. OFERTA V1 REV CU VALORI PTDE.pdf – F3 cu valori (Spital paliatie, desfiintare C1-C3 si construire); pret direct fara CI/profit";2026-07-06;Proiectant S.C. Tanari Arhitect SRL / Beneficiar ACTIS (Asoc. Comunitara pt. Dezv. Intrepr. Sociale);1LARNS5Adn3FbJ7styKw3LZrEBoluKomc
instalatii (sanitare/termice/HVAC);SA37F#;Bratara fixare conducte alim apa si gaze,ol sau pvc Montare incastrat, conducte...d=2;buc;12,80;0,33;12,47;0,00;0,00;"9.2. OFERTA V1 REV CU VALORI PTDE.pdf – F3 cu valori (Spital paliatie, desfiintare C1-C3 si construire); pret direct fara CI/profit";2026-07-06;Proiectant S.C. Tanari Arhitect SRL / Beneficiar ACTIS (Asoc. Comunitara pt. Dezv. Intrepr. Sociale);1LARNS5Adn3FbJ7styKw3LZrEBoluKomc
instalatii (sanitare/termice/HVAC);SA37G#;Bratara fixare conducte alim apa si gaze,ol sau pvc Montare incastrat, conducte...d=2 1/2;buc;13,67;0,33;13,34;0,00;0,00;"9.2. OFERTA V1 REV CU VALORI PTDE.pdf – F3 cu valori (Spital paliatie, desfiintare C1-C3 si construire); pret direct fara CI/profit";2026-07-06;Proiectant S.C. Tanari Arhitect SRL / Beneficiar ACTIS (Asoc. Comunitara pt. Dezv. Intrepr. Sociale);1LARNS5Adn3FbJ7styKw3LZrEBoluKomc
instalatii (sanitare/termice/HVAC);SA37I#;Bratara fixare conducte alim apa si gaze,ol sau pvc Montare incastrat, conducte...d=4;buc;15,41;0,33;15,08;0,00;0,00;"9.2. OFERTA V1 REV CU VALORI PTDE.pdf – F3 cu valori (Spital paliatie, desfiintare C1-C3 si construire); pret direct fara CI/profit";2026-07-06;Proiectant S.C. Tanari Arhitect SRL / Beneficiar ACTIS (Asoc. Comunitara pt. Dezv. Intrepr. Sociale);1LARNS5Adn3FbJ7styKw3LZrEBoluKomc
instalatii (sanitare/termice/HVAC);4204044;Bratari de prindere teava din PP-R avand diametru de 25 mm [resursa material];buc;4,42;4,42;;;;"Deviz oferta.pdf – F3 oferta eDevize (restaurare biserica); pret direct, la care se adauga CAM 2,25% man., CI 10%, profit 5%";2025-06-17;Executant SC Aurora Inconstruct SRL / Beneficiar Biserica Sf. Imp. Constantin si Elena;1rue0Jaajr2kNvdWBeV5ZObPL36nPRRQk
instalatii (sanitare/termice/HVAC);4204056;Bratari de prindere teava din PP-R avand diametru de 32 mm [resursa material];buc;4,30;4,30;;;;"Deviz oferta.pdf – F3 oferta eDevize (restaurare biserica); pret direct, la care se adauga CAM 2,25% man., CI 10%, profit 5%";2025-06-17;Executant SC Aurora Inconstruct SRL / Beneficiar Biserica Sf. Imp. Constantin si Elena;1rue0Jaajr2kNvdWBeV5ZObPL36nPRRQk
instalatii (sanitare/termice/HVAC);4204032;Bratari de prindere teava din PP-R avand diametrul de 20 mm [resursa material];buc;3,00;3,00;;;;"Deviz oferta.pdf – F3 oferta eDevize (restaurare biserica); pret direct, la care se adauga CAM 2,25% man., CI 10%, profit 5%";2025-06-17;Executant SC Aurora Inconstruct SRL / Beneficiar Biserica Sf. Imp. Constantin si Elena;1rue0Jaajr2kNvdWBeV5ZObPL36nPRRQk
instalatii (sanitare/termice/HVAC);IC42B1 [2];Butelie egalizare L=1500mm, D=200mm, 4In-2Out DN100, 10bar, debit 40mc/h;buc;5059,41;4914,70;144,71;0,00;0,00;"9.2. OFERTA V1 REV CU VALORI PTDE.pdf – F3 cu valori (Spital paliatie, desfiintare C1-C3 si construire); pret direct fara CI/profit";2026-07-06;Proiectant S.C. Tanari Arhitect SRL / Beneficiar ACTIS (Asoc. Comunitara pt. Dezv. Intrepr. Sociale);1LARNS5Adn3FbJ7styKw3LZrEBoluKomc
instalatii (sanitare/termice/HVAC);;C/D- Colector-distribuitor agent termic apa calda D=315 mm, H=2500, cu 7 stuturi de racordare, complet echipata si izolata termic;buc;6885,00;;;;;"Oferta SD-6 409-E Hotel PIETROASA (Climatronic) – foaia Cap.5- Centrala Termica; 1350 EUR x 5,1";2025-09-01;Ofertant Climatronic SRL / Beneficiar Hotel Pietroasa SA Buzau;1ne-s6Ae1aOu82-H0kXysRaOdfZGkZ7l7
instalatii (sanitare/termice/HVAC);ACD04A1;CAMIN PENTRU APOMETRU [2];buc;114,80;0,00;114,80;0,00;0,00;"9.2. OFERTA V1 REV CU VALORI PTDE.pdf – F3 cu valori (Spital paliatie, desfiintare C1-C3 si construire); pret direct fara CI/profit";2026-07-06;Proiectant S.C. Tanari Arhitect SRL / Beneficiar ACTIS (Asoc. Comunitara pt. Dezv. Intrepr. Sociale);1LARNS5Adn3FbJ7styKw3LZrEBoluKomc
instalatii (sanitare/termice/HVAC);SF08A1 [1];CASETA METALICA DE VIZITARE INCASTRATA 400X400X140MM MONTAJ APARENT;buc;293,88;273,58;20,30;0,00;0,00;"9.2. OFERTA V1 REV CU VALORI PTDE.pdf – F3 cu valori (Spital paliatie, desfiintare C1-C3 si construire); pret direct fara CI/profit";2026-07-06;Proiectant S.C. Tanari Arhitect SRL / Beneficiar ACTIS (Asoc. Comunitara pt. Dezv. Intrepr. Sociale);1LARNS5Adn3FbJ7styKw3LZrEBoluKomc
instalatii (sanitare/termice/HVAC);;CE-Cos si piese de conectare pentru evacuare gaze arse de la cele 6 cazane- structura mixta din PVC si inox izolat termic D=125-350 mm,inclusiv suporti de prindere si fixare;sistem;32895,00;;;;;"Oferta SD-6 409-E Hotel PIETROASA (Climatronic) – foaia Cap.5- Centrala Termica; 6450 EUR x 5,1";2025-09-01;Ofertant Climatronic SRL / Beneficiar Hotel Pietroasa SA Buzau;1ne-s6Ae1aOu82-H0kXysRaOdfZGkZ7l7
instalatii (sanitare/termice/HVAC);;CH-Chiller monobloc, condensator racit cu aer, schimbator de caldura in placi, agent de racire freon ecologic R410A, 2 compresoare, capacitate racire Qrac=251Kw, calculata la temperatura exterioara ambientala Text=35°C, ;buc;215760,60;;;;;"Oferta SD-6 409-E Hotel PIETROASA (Climatronic) – foaia Cap.4-Instalatie apa racita; 42306 EUR x 5,1";2025-09-01;Ofertant Climatronic SRL / Beneficiar Hotel Pietroasa SA Buzau;1ne-s6Ae1aOu82-H0kXysRaOdfZGkZ7l7
instalatii (sanitare/termice/HVAC);ID04B1# [3];"CLAPETA DE SENS 2 1/2""";buc;500,58;493,33;7,25;0,00;0,00;"9.2. OFERTA V1 REV CU VALORI PTDE.pdf – F3 cu valori (Spital paliatie, desfiintare C1-C3 si construire); pret direct fara CI/profit";2026-07-06;Proiectant S.C. Tanari Arhitect SRL / Beneficiar ACTIS (Asoc. Comunitara pt. Dezv. Intrepr. Sociale);1LARNS5Adn3FbJ7styKw3LZrEBoluKomc
instalatii (sanitare/termice/HVAC);ID04B1# [2];"CLAPETA DE SENS 2""";buc;596,70;589,45;7,25;0,00;0,00;"9.2. OFERTA V1 REV CU VALORI PTDE.pdf – F3 cu valori (Spital paliatie, desfiintare C1-C3 si construire); pret direct fara CI/profit";2026-07-06;Proiectant S.C. Tanari Arhitect SRL / Beneficiar ACTIS (Asoc. Comunitara pt. Dezv. Intrepr. Sociale);1LARNS5Adn3FbJ7styKw3LZrEBoluKomc
instalatii (sanitare/termice/HVAC);ID04B1# [4];"CLAPETA DE SENS 3""";buc;103,26;96,01;7,25;0,00;0,00;"9.2. OFERTA V1 REV CU VALORI PTDE.pdf – F3 cu valori (Spital paliatie, desfiintare C1-C3 si construire); pret direct fara CI/profit";2026-07-06;Proiectant S.C. Tanari Arhitect SRL / Beneficiar ACTIS (Asoc. Comunitara pt. Dezv. Intrepr. Sociale);1LARNS5Adn3FbJ7styKw3LZrEBoluKomc
instalatii (sanitare/termice/HVAC);SD13E1 [3];"CLAPETA DE SENS , 1/2"" ATA";buc;24,12;10,20;13,92;0,00;0,00;"9.2. OFERTA V1 REV CU VALORI PTDE.pdf – F3 cu valori (Spital paliatie, desfiintare C1-C3 si construire); pret direct fara CI/profit";2026-07-06;Proiectant S.C. Tanari Arhitect SRL / Beneficiar ACTIS (Asoc. Comunitara pt. Dezv. Intrepr. Sociale);1LARNS5Adn3FbJ7styKw3LZrEBoluKomc
instalatii (sanitare/termice/HVAC);SD13E1 [1];CLAPETA DE SENS , CU MUFE FILETATE, PENTRU MONTAJ A ATA PARENT , MATERIAL MARUNT DE ETANSARE D 1.1 / 2;buc;16,12;2,20;13,92;0,00;0,00;"9.2. OFERTA V1 REV CU VALORI PTDE.pdf – F3 cu valori (Spital paliatie, desfiintare C1-C3 si construire); pret direct fara CI/profit";2026-07-06;Proiectant S.C. Tanari Arhitect SRL / Beneficiar ACTIS (Asoc. Comunitara pt. Dezv. Intrepr. Sociale);1LARNS5Adn3FbJ7styKw3LZrEBoluKomc
instalatii (sanitare/termice/HVAC);ID04B1# [6];"CLAPETA DE SENS DIN ALAMA CU CLAPET HIDRA 1 1/2""";buc;153,48;146,23;7,25;0,00;0,00;"9.2. OFERTA V1 REV CU VALORI PTDE.pdf – F3 cu valori (Spital paliatie, desfiintare C1-C3 si construire); pret direct fara CI/profit";2026-07-06;Proiectant S.C. Tanari Arhitect SRL / Beneficiar ACTIS (Asoc. Comunitara pt. Dezv. Intrepr. Sociale);1LARNS5Adn3FbJ7styKw3LZrEBoluKomc
instalatii (sanitare/termice/HVAC);RPID12A1;CLAPETA DE SENS DN25 [1] [2];buc;167,75;146,29;21,46;0,00;0,00;"9.2. OFERTA V1 REV CU VALORI PTDE.pdf – F3 cu valori (Spital paliatie, desfiintare C1-C3 si construire); pret direct fara CI/profit";2026-07-06;Proiectant S.C. Tanari Arhitect SRL / Beneficiar ACTIS (Asoc. Comunitara pt. Dezv. Intrepr. Sociale);1LARNS5Adn3FbJ7styKw3LZrEBoluKomc
instalatii (sanitare/termice/HVAC);11287304;CM01 înal?ime 1.00m, cu 3 stu? intrare PVC-KG De110mm, 1stu? iesire PVC- KG De 160mm, [resursa material];buc;1169,42;1169,42;;;;"9.2. OFERTA V1 REV CU VALORI PTDE.pdf – F3 cu valori (Spital paliatie, desfiintare C1-C3 si construire); pret direct fara CI/profit";2026-07-06;Proiectant S.C. Tanari Arhitect SRL / Beneficiar ACTIS (Asoc. Comunitara pt. Dezv. Intrepr. Sociale);1LARNS5Adn3FbJ7styKw3LZrEBoluKomc
instalatii (sanitare/termice/HVAC);11287305;CM02 - înal?ime 1.00m, cu 2stu? intrare PVC-KG De110mm, 1 stut intrare PVC-KG DE160, 1stu? iesire PVC-KG De 160mm, [resursa material];buc;1190,60;1190,60;;;;"9.2. OFERTA V1 REV CU VALORI PTDE.pdf – F3 cu valori (Spital paliatie, desfiintare C1-C3 si construire); pret direct fara CI/profit";2026-07-06;Proiectant S.C. Tanari Arhitect SRL / Beneficiar ACTIS (Asoc. Comunitara pt. Dezv. Intrepr. Sociale);1LARNS5Adn3FbJ7styKw3LZrEBoluKomc
instalatii (sanitare/termice/HVAC);11287306;CM03 înal?ime 1.15m, cu 1stu? intrare PVC-KG De110mm, 1stu? iesire PVC- KG De 110mm, [resursa material];buc;2111,87;2111,87;;;;"9.2. OFERTA V1 REV CU VALORI PTDE.pdf – F3 cu valori (Spital paliatie, desfiintare C1-C3 si construire); pret direct fara CI/profit";2026-07-06;Proiectant S.C. Tanari Arhitect SRL / Beneficiar ACTIS (Asoc. Comunitara pt. Dezv. Intrepr. Sociale);1LARNS5Adn3FbJ7styKw3LZrEBoluKomc
instalatii (sanitare/termice/HVAC);11428973;"COT ALAMA 1 1/2"" [resursa material]";buc;15,52;15,52;;;;"9.2. OFERTA V1 REV CU VALORI PTDE.pdf – F3 cu valori (Spital paliatie, desfiintare C1-C3 si construire); pret direct fara CI/profit";2026-07-06;Proiectant S.C. Tanari Arhitect SRL / Beneficiar ACTIS (Asoc. Comunitara pt. Dezv. Intrepr. Sociale);1LARNS5Adn3FbJ7styKw3LZrEBoluKomc
instalatii (sanitare/termice/HVAC);SA19C# [1];"COT LA 90 GRADE PEHD PN6 D= 1 1/4""";buc;10,53;4,15;6,38;0,00;0,00;"9.2. OFERTA V1 REV CU VALORI PTDE.pdf – F3 cu valori (Spital paliatie, desfiintare C1-C3 si construire); pret direct fara CI/profit";2026-07-06;Proiectant S.C. Tanari Arhitect SRL / Beneficiar ACTIS (Asoc. Comunitara pt. Dezv. Intrepr. Sociale);1LARNS5Adn3FbJ7styKw3LZrEBoluKomc
instalatii (sanitare/termice/HVAC);11287308;CP01 - înal?ime 1.00m, cu 3stu? intrare PVC-KG De110mm, 1stu? iesire PVC-KG De 160mm, [resursa material];buc;1294,23;1294,23;;;;"9.2. OFERTA V1 REV CU VALORI PTDE.pdf – F3 cu valori (Spital paliatie, desfiintare C1-C3 si construire); pret direct fara CI/profit";2026-07-06;Proiectant S.C. Tanari Arhitect SRL / Beneficiar ACTIS (Asoc. Comunitara pt. Dezv. Intrepr. Sociale);1LARNS5Adn3FbJ7styKw3LZrEBoluKomc
instalatii (sanitare/termice/HVAC);11287309;CP02 - înal?ime 1.00m, cu 2stu? intrare PVC-KG De110mm, 1stu? iesire PVC-KG De 160mm, [resursa material];buc;2406,18;2406,18;;;;"9.2. OFERTA V1 REV CU VALORI PTDE.pdf – F3 cu valori (Spital paliatie, desfiintare C1-C3 si construire); pret direct fara CI/profit";2026-07-06;Proiectant S.C. Tanari Arhitect SRL / Beneficiar ACTIS (Asoc. Comunitara pt. Dezv. Intrepr. Sociale);1LARNS5Adn3FbJ7styKw3LZrEBoluKomc
instalatii (sanitare/termice/HVAC);11287310;CP03 - înal?ime 1.00m, cu 1stu? intrare PVC-KG De110mm, 1stu? intrare PVC-KG De160mm, 1stu? iesire PVC-KG De 160mm, [resursa material];buc;2067,26;2067,26;;;;"9.2. OFERTA V1 REV CU VALORI PTDE.pdf – F3 cu valori (Spital paliatie, desfiintare C1-C3 si construire); pret direct fara CI/profit";2026-07-06;Proiectant S.C. Tanari Arhitect SRL / Beneficiar ACTIS (Asoc. Comunitara pt. Dezv. Intrepr. Sociale);1LARNS5Adn3FbJ7styKw3LZrEBoluKomc
instalatii (sanitare/termice/HVAC);11287315;CP03 - înal?ime 1.00m, cu 3stu? intrare PVC-KG De110mm, 1stu? intrare PVC-KG De160mm, 1stu? iesire PVC-KG De 160mm, [resursa material];buc;2015,20;2015,20;;;;"9.2. OFERTA V1 REV CU VALORI PTDE.pdf – F3 cu valori (Spital paliatie, desfiintare C1-C3 si construire); pret direct fara CI/profit";2026-07-06;Proiectant S.C. Tanari Arhitect SRL / Beneficiar ACTIS (Asoc. Comunitara pt. Dezv. Intrepr. Sociale);1LARNS5Adn3FbJ7styKw3LZrEBoluKomc
instalatii (sanitare/termice/HVAC);11287311;CP04 - înal?ime 1.00m, cu 1stu? intrare PVC-KG De200mm, 1stu? iesire PVC-KG De 200mm, [resursa material];buc;2415,16;2415,16;;;;"9.2. OFERTA V1 REV CU VALORI PTDE.pdf – F3 cu valori (Spital paliatie, desfiintare C1-C3 si construire); pret direct fara CI/profit";2026-07-06;Proiectant S.C. Tanari Arhitect SRL / Beneficiar ACTIS (Asoc. Comunitara pt. Dezv. Intrepr. Sociale);1LARNS5Adn3FbJ7styKw3LZrEBoluKomc
instalatii (sanitare/termice/HVAC);11407370;CP04 - înal?ime 1.00m, cu 4stu? intrare PVC-KG De110mm, 1stu? iesire PVC-KG De 160mm, [resursa material];buc;6100,95;6100,95;;;;"9.2. OFERTA V1 REV CU VALORI PTDE.pdf – F3 cu valori (Spital paliatie, desfiintare C1-C3 si construire); pret direct fara CI/profit";2026-07-06;Proiectant S.C. Tanari Arhitect SRL / Beneficiar ACTIS (Asoc. Comunitara pt. Dezv. Intrepr. Sociale);1LARNS5Adn3FbJ7styKw3LZrEBoluKomc
instalatii (sanitare/termice/HVAC);11287312;CPR - realizare camin racord pe reteaua de canalizare stradala, înal? ime 2.50m, cu 1stu? intrarePVC-KG De 200mm, 2stu? iesire PVC-KG De 250mm, [resursa material];buc;1231,20;1231,20;;;;"9.2. OFERTA V1 REV CU VALORI PTDE.pdf – F3 cu valori (Spital paliatie, desfiintare C1-C3 si construire); pret direct fara CI/profit";2026-07-06;Proiectant S.C. Tanari Arhitect SRL / Beneficiar ACTIS (Asoc. Comunitara pt. Dezv. Intrepr. Sociale);1LARNS5Adn3FbJ7styKw3LZrEBoluKomc
instalatii (sanitare/termice/HVAC);11287313;CPp01 - înal?ime 1.50m, cu 1stu? intrare PVC-KG De200mm, 2stu? iesire PVC-KG De 160mm, [resursa material];buc;1667,28;1667,28;;;;"9.2. OFERTA V1 REV CU VALORI PTDE.pdf – F3 cu valori (Spital paliatie, desfiintare C1-C3 si construire); pret direct fara CI/profit";2026-07-06;Proiectant S.C. Tanari Arhitect SRL / Beneficiar ACTIS (Asoc. Comunitara pt. Dezv. Intrepr. Sociale);1LARNS5Adn3FbJ7styKw3LZrEBoluKomc
instalatii (sanitare/termice/HVAC);11287314;CPp02 - înal?ime 1.20m, cu 2stu? intrare PVC-KG De110mm, 1stu? intrare PVC-KG De160mm, 1stu? iesire PVC-KG De 160mm, [resursa material];buc;1870,24;1870,24;;;;"9.2. OFERTA V1 REV CU VALORI PTDE.pdf – F3 cu valori (Spital paliatie, desfiintare C1-C3 si construire); pret direct fara CI/profit";2026-07-06;Proiectant S.C. Tanari Arhitect SRL / Beneficiar ACTIS (Asoc. Comunitara pt. Dezv. Intrepr. Sociale);1LARNS5Adn3FbJ7styKw3LZrEBoluKomc
instalatii (sanitare/termice/HVAC);11287307;CR - realizare camin racord pe reteaua de canalizare stradala, înal?ime 2.50m, cu 1stu? intrarePVC-KG De 160mm, 2stu? iesire PVC-KG De 250mm, [resursa material];buc;1890,38;1890,38;;;;"9.2. OFERTA V1 REV CU VALORI PTDE.pdf – F3 cu valori (Spital paliatie, desfiintare C1-C3 si construire); pret direct fara CI/profit";2026-07-06;Proiectant S.C. Tanari Arhitect SRL / Beneficiar ACTIS (Asoc. Comunitara pt. Dezv. Intrepr. Sociale);1LARNS5Adn3FbJ7styKw3LZrEBoluKomc
instalatii (sanitare/termice/HVAC);;CS-Clapeta de sens avand Dn=32÷40;buc;86,70;;;;;"Oferta SD-6 409-E Hotel PIETROASA (Climatronic) – foaia Cap.5- Centrala Termica; 17 EUR x 5,1";2025-09-01;Ofertant Climatronic SRL / Beneficiar Hotel Pietroasa SA Buzau;1ne-s6Ae1aOu82-H0kXysRaOdfZGkZ7l7
instalatii (sanitare/termice/HVAC);;CT- Pachet Centralală termică murală cu condensare cu tiraj fortat, caracteristici tehnice: - temperatura maxima Tmax=110°C, - presiune maxima de lucru P=6 bar, - capacitate incalzire Qinc=150Kw (T=50/30°C) , - randament;buc;39198,60;;;;;"Oferta SD-6 409-E Hotel PIETROASA (Climatronic) – foaia Cap.5- Centrala Termica; 7686 EUR x 5,1";2025-09-01;Ofertant Climatronic SRL / Beneficiar Hotel Pietroasa SA Buzau;1ne-s6Ae1aOu82-H0kXysRaOdfZGkZ7l7
instalatii (sanitare/termice/HVAC);SB10XA;Caciula de ventilatie din tabla,montata pe coloanede aerisire,avind diametrul de 50...150 mm;buc;35,96;9,86;26,10;0,00;0,00;"9.2. OFERTA V1 REV CU VALORI PTDE.pdf – F3 cu valori (Spital paliatie, desfiintare C1-C3 si construire); pret direct fara CI/profit";2026-07-06;Proiectant S.C. Tanari Arhitect SRL / Beneficiar ACTIS (Asoc. Comunitara pt. Dezv. Intrepr. Sociale);1LARNS5Adn3FbJ7styKw3LZrEBoluKomc
instalatii (sanitare/termice/HVAC);;Cap dus para 254x254 mm, Model Grohe (sau similar);buc;1387,20;;;;;"Oferta SD-6 409-E Hotel PIETROASA (Climatronic) – foaia Cap.7-Instalatii Sanitare; 272 EUR x 5,1";2025-09-01;Ofertant Climatronic SRL / Beneficiar Hotel Pietroasa SA Buzau;1ne-s6Ae1aOu82-H0kXysRaOdfZGkZ7l7
instalatii (sanitare/termice/HVAC);;Capac pentru vas WC, Model Ideal Standar-Vidima (sau similar);buc;142,80;;;;;"Oferta SD-6 409-E Hotel PIETROASA (Climatronic) – foaia Cap.7-Instalatii Sanitare; 28 EUR x 5,1";2025-09-01;Ofertant Climatronic SRL / Beneficiar Hotel Pietroasa SA Buzau;1ne-s6Ae1aOu82-H0kXysRaOdfZGkZ7l7
instalatii (sanitare/termice/HVAC);ACD01J1;Capac si rama stas 2308-81 pentru camine... cu piesa suport carosabil tip III a;buc;976,93;714,42;262,51;0,00;0,00;"Deviz oferta.pdf – F3 oferta eDevize (restaurare biserica); pret direct, la care se adauga CAM 2,25% man., CI 10%, profit 5%";2025-06-17;Executant SC Aurora Inconstruct SRL / Beneficiar Biserica Sf. Imp. Constantin si Elena;1rue0Jaajr2kNvdWBeV5ZObPL36nPRRQk
instalatii (sanitare/termice/HVAC);ACD01G1;Capac si rama stas 2308-81 pentru camine... cu piesa suport necarosabil tip I;buc;676,29;466,28;210,00;0,00;0,00;"Deviz oferta.pdf – F3 oferta eDevize (restaurare biserica); pret direct, la care se adauga CAM 2,25% man., CI 10%, profit 5%";2025-06-17;Executant SC Aurora Inconstruct SRL / Beneficiar Biserica Sf. Imp. Constantin si Elena;1rue0Jaajr2kNvdWBeV5ZObPL36nPRRQk
instalatii (sanitare/termice/HVAC);APR131350;Centrala telefonica ..., cu 10-15 linii;buc;72,50;;;;;"9.2. OFERTA V1 REV CU VALORI PTDE.pdf – F3 cu valori (Spital paliatie, desfiintare C1-C3 si construire); pret direct fara CI/profit";2026-07-06;Proiectant S.C. Tanari Arhitect SRL / Beneficiar ACTIS (Asoc. Comunitara pt. Dezv. Intrepr. Sociale);1LARNS5Adn3FbJ7styKw3LZrEBoluKomc
instalatii (sanitare/termice/HVAC);5773482;Clapeta antifoc tip c.a.b.can.circ. D = 200 tip ni/266 [resursa material];buc;538,62;538,62;;;;"9.2. OFERTA V1 REV CU VALORI PTDE.pdf – F3 cu valori (Spital paliatie, desfiintare C1-C3 si construire); pret direct fara CI/profit";2026-07-06;Proiectant S.C. Tanari Arhitect SRL / Beneficiar ACTIS (Asoc. Comunitara pt. Dezv. Intrepr. Sociale);1LARNS5Adn3FbJ7styKw3LZrEBoluKomc
instalatii (sanitare/termice/HVAC);ACE148A01+;Clapeta antiretur cu inchizator pt. canalizare exterioara gravitationala D = 110 mm;buc;311,40;282,00;29,40;0,00;0,00;"Deviz oferta.pdf – F3 oferta eDevize (restaurare biserica); pret direct, la care se adauga CAM 2,25% man., CI 10%, profit 5%";2025-06-17;Executant SC Aurora Inconstruct SRL / Beneficiar Biserica Sf. Imp. Constantin si Elena;1rue0Jaajr2kNvdWBeV5ZObPL36nPRRQk
instalatii (sanitare/termice/HVAC);ACE148A01+;Clapeta antiretur cu inchizator pt. canalizare exterioara gravitationala D = 110 mm;buc;377,85;360,00;17,85;0,00;0,00;"Deviz oferta.pdf – F3 oferta eDevize (restaurare biserica); pret direct, la care se adauga CAM 2,25% man., CI 10%, profit 5%";2025-06-17;Executant SC Aurora Inconstruct SRL / Beneficiar Biserica Sf. Imp. Constantin si Elena;1rue0Jaajr2kNvdWBeV5ZObPL36nPRRQk
instalatii (sanitare/termice/HVAC);ACE148A01+;Clapeta antiretur cu inchizator pt. canalizare exterioara gravitationala D = 110 mm;buc;378,67;360,82;17,85;0,00;0,00;"Deviz oferta.pdf – F3 oferta eDevize (restaurare biserica); pret direct, la care se adauga CAM 2,25% man., CI 10%, profit 5%";2025-06-17;Executant SC Aurora Inconstruct SRL / Beneficiar Biserica Sf. Imp. Constantin si Elena;1rue0Jaajr2kNvdWBeV5ZObPL36nPRRQk
instalatii (sanitare/termice/HVAC);20029521;Clapeta antiretur d.110 cu inchizator [resursa material];buc;282,00;282,00;;;;"Deviz oferta.pdf – F3 oferta eDevize (restaurare biserica); pret direct, la care se adauga CAM 2,25% man., CI 10%, profit 5%";2025-06-17;Executant SC Aurora Inconstruct SRL / Beneficiar Biserica Sf. Imp. Constantin si Elena;1rue0Jaajr2kNvdWBeV5ZObPL36nPRRQk
instalatii (sanitare/termice/HVAC);20029519;Clapeta antiretur d.160 cu inchizator teava pvc(g) sau pe, pp, pp-r D=16-110 mm [resursa material];buc;360,00;360,00;;;;"Deviz oferta.pdf – F3 oferta eDevize (restaurare biserica); pret direct, la care se adauga CAM 2,25% man., CI 10%, profit 5%";2025-06-17;Executant SC Aurora Inconstruct SRL / Beneficiar Biserica Sf. Imp. Constantin si Elena;1rue0Jaajr2kNvdWBeV5ZObPL36nPRRQk
instalatii (sanitare/termice/HVAC);VB01A1;Clapeta de reglare bif. contra greut. antifoc gata confec. perim....700-1500 mm Montare pe canal rectangulare;buc;12,51;4,42;8,09;0,00;0,00;"9.2. OFERTA V1 REV CU VALORI PTDE.pdf – F3 cu valori (Spital paliatie, desfiintare C1-C3 si construire); pret direct fara CI/profit";2026-07-06;Proiectant S.C. Tanari Arhitect SRL / Beneficiar ACTIS (Asoc. Comunitara pt. Dezv. Intrepr. Sociale);1LARNS5Adn3FbJ7styKw3LZrEBoluKomc
instalatii (sanitare/termice/HVAC);VB01A#;Clapeta de reglare, tip fluture, montata pe canale circulare tip CFC-I, CFC-II (det. IPCT 60/302, 60/303) cu perimetrul:...800-1600 mm;buc;144,98;39,07;99,76;6,15;0,00;"9.2. OFERTA V1 REV CU VALORI PTDE.pdf – F3 cu valori (Spital paliatie, desfiintare C1-C3 si construire); pret direct fara CI/profit";2026-07-06;Proiectant S.C. Tanari Arhitect SRL / Beneficiar ACTIS (Asoc. Comunitara pt. Dezv. Intrepr. Sociale);1LARNS5Adn3FbJ7styKw3LZrEBoluKomc
instalatii (sanitare/termice/HVAC);ACB07C1;Colier de siguranta la imbinarea cu mufa a tuburilor din fonta de presiune avand dn 125 mm.;buc;34,37;6,10;28,27;0,00;0,00;"9.2. OFERTA V1 REV CU VALORI PTDE.pdf – F3 cu valori (Spital paliatie, desfiintare C1-C3 si construire); pret direct fara CI/profit";2026-07-06;Proiectant S.C. Tanari Arhitect SRL / Beneficiar ACTIS (Asoc. Comunitara pt. Dezv. Intrepr. Sociale);1LARNS5Adn3FbJ7styKw3LZrEBoluKomc
instalatii (sanitare/termice/HVAC);ACB07E1;Colier de siguranta la imbinarea cu mufa a tuburilor din fonta de presiune avand dn 200 mm.;buc;58,48;16,50;41,98;0,00;0,00;"9.2. OFERTA V1 REV CU VALORI PTDE.pdf – F3 cu valori (Spital paliatie, desfiintare C1-C3 si construire); pret direct fara CI/profit";2026-07-06;Proiectant S.C. Tanari Arhitect SRL / Beneficiar ACTIS (Asoc. Comunitara pt. Dezv. Intrepr. Sociale);1LARNS5Adn3FbJ7styKw3LZrEBoluKomc
instalatii (sanitare/termice/HVAC);SA23A;Coliere de prindere si suporti complet echipate pentru sustinerea conductelor;buc;3,45;1,42;2,03;0,00;0,00;"9.2. OFERTA V1 REV CU VALORI PTDE.pdf – F3 cu valori (Spital paliatie, desfiintare C1-C3 si construire); pret direct fara CI/profit";2026-07-06;Proiectant S.C. Tanari Arhitect SRL / Beneficiar ACTIS (Asoc. Comunitara pt. Dezv. Intrepr. Sociale);1LARNS5Adn3FbJ7styKw3LZrEBoluKomc
instalatii (sanitare/termice/HVAC);;Corp baterie amestecatoare, montare ingropat pentru cabina dus/cada, tip Grohe(sau similar);buc;316,20;;;;;"Oferta SD-6 409-E Hotel PIETROASA (Climatronic) – foaia Cap.7-Instalatii Sanitare; 62 EUR x 5,1";2025-09-01;Ofertant Climatronic SRL / Beneficiar Hotel Pietroasa SA Buzau;1ne-s6Ae1aOu82-H0kXysRaOdfZGkZ7l7
instalatii (sanitare/termice/HVAC);6712605;Cot PVC neplast.imbin.prin lip.pn 10 DN 110 tip g s7175 [resursa material];buc;19,94;19,94;;;;"9.2. OFERTA V1 REV CU VALORI PTDE.pdf – F3 cu valori (Spital paliatie, desfiintare C1-C3 si construire); pret direct fara CI/profit";2026-07-06;Proiectant S.C. Tanari Arhitect SRL / Beneficiar ACTIS (Asoc. Comunitara pt. Dezv. Intrepr. Sociale);1LARNS5Adn3FbJ7styKw3LZrEBoluKomc
instalatii (sanitare/termice/HVAC);6712643;Cot PVC neplast.imbin.prin lip.pn 10 DN 160 tip g s7175 [resursa material];buc;36,16;36,16;;;;"9.2. OFERTA V1 REV CU VALORI PTDE.pdf – F3 cu valori (Spital paliatie, desfiintare C1-C3 si construire); pret direct fara CI/profit";2026-07-06;Proiectant S.C. Tanari Arhitect SRL / Beneficiar ACTIS (Asoc. Comunitara pt. Dezv. Intrepr. Sociale);1LARNS5Adn3FbJ7styKw3LZrEBoluKomc
instalatii (sanitare/termice/HVAC);6712679;Cot PVC neplast.imbin.prin lip.pn 10 DN 210 s 7175 [resursa material];buc;62,41;62,41;;;;"9.2. OFERTA V1 REV CU VALORI PTDE.pdf – F3 cu valori (Spital paliatie, desfiintare C1-C3 si construire); pret direct fara CI/profit";2026-07-06;Proiectant S.C. Tanari Arhitect SRL / Beneficiar ACTIS (Asoc. Comunitara pt. Dezv. Intrepr. Sociale);1LARNS5Adn3FbJ7styKw3LZrEBoluKomc
instalatii (sanitare/termice/HVAC);20036902;Cot Teraplast din PVC, cu inel, dimensiuni 250*87 mm (KGB) [resursa material];buc;69,68;69,68;;;;"9.2. OFERTA V1 REV CU VALORI PTDE.pdf – F3 cu valori (Spital paliatie, desfiintare C1-C3 si construire); pret direct fara CI/profit";2026-07-06;Proiectant S.C. Tanari Arhitect SRL / Beneficiar ACTIS (Asoc. Comunitara pt. Dezv. Intrepr. Sociale);1LARNS5Adn3FbJ7styKw3LZrEBoluKomc
instalatii (sanitare/termice/HVAC);6719487;Cot din polipropilena, avand diametrul 32 mm [resursa material];buc;4,06;4,06;;;;"Deviz oferta.pdf – F3 oferta eDevize (restaurare biserica); pret direct, la care se adauga CAM 2,25% man., CI 10%, profit 5%";2025-06-17;Executant SC Aurora Inconstruct SRL / Beneficiar Biserica Sf. Imp. Constantin si Elena;1rue0Jaajr2kNvdWBeV5ZObPL36nPRRQk
instalatii (sanitare/termice/HVAC);6719485;Cot din polipropilena, avind diametrul 20 mm [resursa material];buc;0,38;0,38;;;;"9.2. OFERTA V1 REV CU VALORI PTDE.pdf – F3 cu valori (Spital paliatie, desfiintare C1-C3 si construire); pret direct fara CI/profit";2026-07-06;Proiectant S.C. Tanari Arhitect SRL / Beneficiar ACTIS (Asoc. Comunitara pt. Dezv. Intrepr. Sociale);1LARNS5Adn3FbJ7styKw3LZrEBoluKomc
instalatii (sanitare/termice/HVAC);6719485;Cot din polipropilena, avind diametrul 20 mm [resursa material];buc;2,06;2,06;;;;"Deviz oferta.pdf – F3 oferta eDevize (restaurare biserica); pret direct, la care se adauga CAM 2,25% man., CI 10%, profit 5%";2025-06-17;Executant SC Aurora Inconstruct SRL / Beneficiar Biserica Sf. Imp. Constantin si Elena;1rue0Jaajr2kNvdWBeV5ZObPL36nPRRQk
instalatii (sanitare/termice/HVAC);6719486;Cot din polipropilena, avind diametrul 25 mm [resursa material];buc;0,57;0,57;;;;"9.2. OFERTA V1 REV CU VALORI PTDE.pdf – F3 cu valori (Spital paliatie, desfiintare C1-C3 si construire); pret direct fara CI/profit";2026-07-06;Proiectant S.C. Tanari Arhitect SRL / Beneficiar ACTIS (Asoc. Comunitara pt. Dezv. Intrepr. Sociale);1LARNS5Adn3FbJ7styKw3LZrEBoluKomc
instalatii (sanitare/termice/HVAC);6719486;Cot din polipropilena, avind diametrul 25 mm [resursa material];buc;2,53;2,53;;;;"Deviz oferta.pdf – F3 oferta eDevize (restaurare biserica); pret direct, la care se adauga CAM 2,25% man., CI 10%, profit 5%";2025-06-17;Executant SC Aurora Inconstruct SRL / Beneficiar Biserica Sf. Imp. Constantin si Elena;1rue0Jaajr2kNvdWBeV5ZObPL36nPRRQk
instalatii (sanitare/termice/HVAC);6719487;Cot din polipropilena, avind diametrul 32 mm [resursa material];buc;1,29;1,29;;;;"9.2. OFERTA V1 REV CU VALORI PTDE.pdf – F3 cu valori (Spital paliatie, desfiintare C1-C3 si construire); pret direct fara CI/profit";2026-07-06;Proiectant S.C. Tanari Arhitect SRL / Beneficiar ACTIS (Asoc. Comunitara pt. Dezv. Intrepr. Sociale);1LARNS5Adn3FbJ7styKw3LZrEBoluKomc
instalatii (sanitare/termice/HVAC);6719488;Cot din polipropilena, avind diametrul 40 mm [resursa material];buc;2,06;2,06;;;;"9.2. OFERTA V1 REV CU VALORI PTDE.pdf – F3 cu valori (Spital paliatie, desfiintare C1-C3 si construire); pret direct fara CI/profit";2026-07-06;Proiectant S.C. Tanari Arhitect SRL / Beneficiar ACTIS (Asoc. Comunitara pt. Dezv. Intrepr. Sociale);1LARNS5Adn3FbJ7styKw3LZrEBoluKomc
instalatii (sanitare/termice/HVAC);6719489;Cot din polipropilena, avind diametrul 50 mm [resursa material];buc;4,13;4,13;;;;"9.2. OFERTA V1 REV CU VALORI PTDE.pdf – F3 cu valori (Spital paliatie, desfiintare C1-C3 si construire); pret direct fara CI/profit";2026-07-06;Proiectant S.C. Tanari Arhitect SRL / Beneficiar ACTIS (Asoc. Comunitara pt. Dezv. Intrepr. Sociale);1LARNS5Adn3FbJ7styKw3LZrEBoluKomc
instalatii (sanitare/termice/HVAC);4117863;Cot fonta maleabila a1 s474 DN 10 3/8 zn [resursa material];buc;2,40;2,40;;;;"9.2. OFERTA V1 REV CU VALORI PTDE.pdf – F3 cu valori (Spital paliatie, desfiintare C1-C3 si construire); pret direct fara CI/profit";2026-07-06;Proiectant S.C. Tanari Arhitect SRL / Beneficiar ACTIS (Asoc. Comunitara pt. Dezv. Intrepr. Sociale);1LARNS5Adn3FbJ7styKw3LZrEBoluKomc
instalatii (sanitare/termice/HVAC);4117954;Cot fonta maleabila a1 s474 DN 25 1 zn [resursa material];buc;5,12;5,12;;;;"9.2. OFERTA V1 REV CU VALORI PTDE.pdf – F3 cu valori (Spital paliatie, desfiintare C1-C3 si construire); pret direct fara CI/profit";2026-07-06;Proiectant S.C. Tanari Arhitect SRL / Beneficiar ACTIS (Asoc. Comunitara pt. Dezv. Intrepr. Sociale);1LARNS5Adn3FbJ7styKw3LZrEBoluKomc
instalatii (sanitare/termice/HVAC);4118037;Cot fonta maleabila a1 s474 DN 50 2 zn [resursa material];buc;17,66;17,66;;;;"9.2. OFERTA V1 REV CU VALORI PTDE.pdf – F3 cu valori (Spital paliatie, desfiintare C1-C3 si construire); pret direct fara CI/profit";2026-07-06;Proiectant S.C. Tanari Arhitect SRL / Beneficiar ACTIS (Asoc. Comunitara pt. Dezv. Intrepr. Sociale);1LARNS5Adn3FbJ7styKw3LZrEBoluKomc
instalatii (sanitare/termice/HVAC);4118051;Cot fonta maleabila a1 s474 DN 65 21/2 zn [resursa material];buc;52,77;52,77;;;;"9.2. OFERTA V1 REV CU VALORI PTDE.pdf – F3 cu valori (Spital paliatie, desfiintare C1-C3 si construire); pret direct fara CI/profit";2026-07-06;Proiectant S.C. Tanari Arhitect SRL / Beneficiar ACTIS (Asoc. Comunitara pt. Dezv. Intrepr. Sociale);1LARNS5Adn3FbJ7styKw3LZrEBoluKomc
instalatii (sanitare/termice/HVAC);4118075;Cot fonta maleabila a1 s474 DN 80 3 zn [resursa material];buc;42,23;42,23;;;;"9.2. OFERTA V1 REV CU VALORI PTDE.pdf – F3 cu valori (Spital paliatie, desfiintare C1-C3 si construire); pret direct fara CI/profit";2026-07-06;Proiectant S.C. Tanari Arhitect SRL / Beneficiar ACTIS (Asoc. Comunitara pt. Dezv. Intrepr. Sociale);1LARNS5Adn3FbJ7styKw3LZrEBoluKomc
instalatii (sanitare/termice/HVAC);6704144;Cot mat plast (pe,pp,pp-r,etc) canal,imbin garn cauc D = 110 mm [resursa material];buc;7,40;7,40;;;;"9.2. OFERTA V1 REV CU VALORI PTDE.pdf – F3 cu valori (Spital paliatie, desfiintare C1-C3 si construire); pret direct fara CI/profit";2026-07-06;Proiectant S.C. Tanari Arhitect SRL / Beneficiar ACTIS (Asoc. Comunitara pt. Dezv. Intrepr. Sociale);1LARNS5Adn3FbJ7styKw3LZrEBoluKomc
instalatii (sanitare/termice/HVAC);6704141;Cot mat plast (pe,pp,pp-r,etc) canal,imbin garn cauc D = 40 mm [resursa material];buc;18,54;18,54;;;;"9.2. OFERTA V1 REV CU VALORI PTDE.pdf – F3 cu valori (Spital paliatie, desfiintare C1-C3 si construire); pret direct fara CI/profit";2026-07-06;Proiectant S.C. Tanari Arhitect SRL / Beneficiar ACTIS (Asoc. Comunitara pt. Dezv. Intrepr. Sociale);1LARNS5Adn3FbJ7styKw3LZrEBoluKomc
instalatii (sanitare/termice/HVAC);6704142;Cot mat plast (pe,pp,pp-r,etc) canal,imbin garn cauc D = 50 mm [resursa material];buc;8,40;8,40;;;;"9.2. OFERTA V1 REV CU VALORI PTDE.pdf – F3 cu valori (Spital paliatie, desfiintare C1-C3 si construire); pret direct fara CI/profit";2026-07-06;Proiectant S.C. Tanari Arhitect SRL / Beneficiar ACTIS (Asoc. Comunitara pt. Dezv. Intrepr. Sociale);1LARNS5Adn3FbJ7styKw3LZrEBoluKomc
instalatii (sanitare/termice/HVAC);6719435;Cot pehd pentru electrofuz diam ext 110 mm [resursa material];buc;206,95;206,95;;;;"9.2. OFERTA V1 REV CU VALORI PTDE.pdf – F3 cu valori (Spital paliatie, desfiintare C1-C3 si construire); pret direct fara CI/profit";2026-07-06;Proiectant S.C. Tanari Arhitect SRL / Beneficiar ACTIS (Asoc. Comunitara pt. Dezv. Intrepr. Sociale);1LARNS5Adn3FbJ7styKw3LZrEBoluKomc
instalatii (sanitare/termice/HVAC);6719429;Cot pehd pentru electrofuz diam ext 32 mm [resursa material];buc;3,41;3,41;;;;"Deviz oferta.pdf – F3 oferta eDevize (restaurare biserica); pret direct, la care se adauga CAM 2,25% man., CI 10%, profit 5%";2025-06-17;Executant SC Aurora Inconstruct SRL / Beneficiar Biserica Sf. Imp. Constantin si Elena;1rue0Jaajr2kNvdWBeV5ZObPL36nPRRQk
instalatii (sanitare/termice/HVAC);6719430;Cot pehd pentru electrofuz diam ext 40 mm [resursa material];buc;2,86;2,86;;;;"Deviz oferta.pdf – F3 oferta eDevize (restaurare biserica); pret direct, la care se adauga CAM 2,25% man., CI 10%, profit 5%";2025-06-17;Executant SC Aurora Inconstruct SRL / Beneficiar Biserica Sf. Imp. Constantin si Elena;1rue0Jaajr2kNvdWBeV5ZObPL36nPRRQk
instalatii (sanitare/termice/HVAC);6719431;Cot pehd pentru electrofuz diam ext 50 mm [resursa material];buc;66,97;66,97;;;;"9.2. OFERTA V1 REV CU VALORI PTDE.pdf – F3 cu valori (Spital paliatie, desfiintare C1-C3 si construire); pret direct fara CI/profit";2026-07-06;Proiectant S.C. Tanari Arhitect SRL / Beneficiar ACTIS (Asoc. Comunitara pt. Dezv. Intrepr. Sociale);1LARNS5Adn3FbJ7styKw3LZrEBoluKomc
instalatii (sanitare/termice/HVAC);6719432;Cot pehd pentru electrofuz diam ext 63 mm [resursa material];buc;66,97;66,97;;;;"9.2. OFERTA V1 REV CU VALORI PTDE.pdf – F3 cu valori (Spital paliatie, desfiintare C1-C3 si construire); pret direct fara CI/profit";2026-07-06;Proiectant S.C. Tanari Arhitect SRL / Beneficiar ACTIS (Asoc. Comunitara pt. Dezv. Intrepr. Sociale);1LARNS5Adn3FbJ7styKw3LZrEBoluKomc
instalatii (sanitare/termice/HVAC);6719433;Cot pehd pentru electrofuz diam ext 75 mm [resursa material];buc;127,87;127,87;;;;"9.2. OFERTA V1 REV CU VALORI PTDE.pdf – F3 cu valori (Spital paliatie, desfiintare C1-C3 si construire); pret direct fara CI/profit";2026-07-06;Proiectant S.C. Tanari Arhitect SRL / Beneficiar ACTIS (Asoc. Comunitara pt. Dezv. Intrepr. Sociale);1LARNS5Adn3FbJ7styKw3LZrEBoluKomc
instalatii (sanitare/termice/HVAC);6719434;Cot pehd pentru electrofuz diam ext 90 mm [resursa material];buc;142,53;142,53;;;;"9.2. OFERTA V1 REV CU VALORI PTDE.pdf – F3 cu valori (Spital paliatie, desfiintare C1-C3 si construire); pret direct fara CI/profit";2026-07-06;Proiectant S.C. Tanari Arhitect SRL / Beneficiar ACTIS (Asoc. Comunitara pt. Dezv. Intrepr. Sociale);1LARNS5Adn3FbJ7styKw3LZrEBoluKomc
instalatii (sanitare/termice/HVAC);6704142;Cot pentru instal canalizare, poliprop ignif D = 50 mm [resursa material];buc;4,44;4,44;;;;"Deviz oferta.pdf – F3 oferta eDevize (restaurare biserica); pret direct, la care se adauga CAM 2,25% man., CI 10%, profit 5%";2025-06-17;Executant SC Aurora Inconstruct SRL / Beneficiar Biserica Sf. Imp. Constantin si Elena;1rue0Jaajr2kNvdWBeV5ZObPL36nPRRQk
instalatii (sanitare/termice/HVAC);6721004;Cot pentru instal canalizare, poliprop ignif, D = 110 mm [resursa material];buc;14,00;14,00;;;;"Deviz oferta.pdf – F3 oferta eDevize (restaurare biserica); pret direct, la care se adauga CAM 2,25% man., CI 10%, profit 5%";2025-06-17;Executant SC Aurora Inconstruct SRL / Beneficiar Biserica Sf. Imp. Constantin si Elena;1rue0Jaajr2kNvdWBeV5ZObPL36nPRRQk
instalatii (sanitare/termice/HVAC);6721013;Cot pentru instal canalizare,poliprop ignif, D = 50 mm [resursa material];buc;6,80;6,80;;;;"Deviz oferta.pdf – F3 oferta eDevize (restaurare biserica); pret direct, la care se adauga CAM 2,25% man., CI 10%, profit 5%";2025-06-17;Executant SC Aurora Inconstruct SRL / Beneficiar Biserica Sf. Imp. Constantin si Elena;1rue0Jaajr2kNvdWBeV5ZObPL36nPRRQk
instalatii (sanitare/termice/HVAC);SB04A1 [1];Coturi curbe sau reductii;buc;17,67;8,39;9,28;0,00;0,00;"9.2. OFERTA V1 REV CU VALORI PTDE.pdf – F3 cu valori (Spital paliatie, desfiintare C1-C3 si construire); pret direct fara CI/profit";2026-07-06;Proiectant S.C. Tanari Arhitect SRL / Beneficiar ACTIS (Asoc. Comunitara pt. Dezv. Intrepr. Sociale);1LARNS5Adn3FbJ7styKw3LZrEBoluKomc
instalatii (sanitare/termice/HVAC);SB04A1;Coturi curbe sau reductii de fonta pentru...canalizare,etans. fringhie gudron. si plumb avand d= 50 mm;buc;17,67;8,39;9,28;0,00;0,00;"9.2. OFERTA V1 REV CU VALORI PTDE.pdf – F3 cu valori (Spital paliatie, desfiintare C1-C3 si construire); pret direct fara CI/profit";2026-07-06;Proiectant S.C. Tanari Arhitect SRL / Beneficiar ACTIS (Asoc. Comunitara pt. Dezv. Intrepr. Sociale);1LARNS5Adn3FbJ7styKw3LZrEBoluKomc
instalatii (sanitare/termice/HVAC);SB04B1;Coturi curbe sau reductii de fonta pentru...canalizare,etans. fringhie gudron. si plumb avand d= 75 mm;buc;20,63;9,61;11,02;0,00;0,00;"9.2. OFERTA V1 REV CU VALORI PTDE.pdf – F3 cu valori (Spital paliatie, desfiintare C1-C3 si construire); pret direct fara CI/profit";2026-07-06;Proiectant S.C. Tanari Arhitect SRL / Beneficiar ACTIS (Asoc. Comunitara pt. Dezv. Intrepr. Sociale);1LARNS5Adn3FbJ7styKw3LZrEBoluKomc
instalatii (sanitare/termice/HVAC);SB04C1;Coturi curbe sau reductii de fonta pentru...canalizare,etans. fringhie gudron. si plumb avand d=100 mm;buc;28,70;14,78;13,92;0,00;0,00;"9.2. OFERTA V1 REV CU VALORI PTDE.pdf – F3 cu valori (Spital paliatie, desfiintare C1-C3 si construire); pret direct fara CI/profit";2026-07-06;Proiectant S.C. Tanari Arhitect SRL / Beneficiar ACTIS (Asoc. Comunitara pt. Dezv. Intrepr. Sociale);1LARNS5Adn3FbJ7styKw3LZrEBoluKomc
instalatii (sanitare/termice/HVAC);SB17G1;Coturi...pvc-u,pentru canalizare,cu imbinare prin lipirela 45,67 1/2,87 1/2 grade,avand d=160 mm;buc;26,39;6,09;20,30;0,00;0,00;"9.2. OFERTA V1 REV CU VALORI PTDE.pdf – F3 cu valori (Spital paliatie, desfiintare C1-C3 si construire); pret direct fara CI/profit";2026-07-06;Proiectant S.C. Tanari Arhitect SRL / Beneficiar ACTIS (Asoc. Comunitara pt. Dezv. Intrepr. Sociale);1LARNS5Adn3FbJ7styKw3LZrEBoluKomc
instalatii (sanitare/termice/HVAC);SC19XA;Cuier pentru rufarie montat pe perete;buc;12,47;0,00;12,47;0,00;0,00;"9.2. OFERTA V1 REV CU VALORI PTDE.pdf – F3 cu valori (Spital paliatie, desfiintare C1-C3 si construire); pret direct fara CI/profit";2026-07-06;Proiectant S.C. Tanari Arhitect SRL / Beneficiar ACTIS (Asoc. Comunitara pt. Dezv. Intrepr. Sociale);1LARNS5Adn3FbJ7styKw3LZrEBoluKomc
instalatii (sanitare/termice/HVAC);11541009;Detector fum adresabil si soclu pentru detectie in tubulatura [resursa material];buc;85,85;85,85;;;;"9.2. OFERTA V1 REV CU VALORI PTDE.pdf – F3 cu valori (Spital paliatie, desfiintare C1-C3 si construire); pret direct fara CI/profit";2026-07-06;Proiectant S.C. Tanari Arhitect SRL / Beneficiar ACTIS (Asoc. Comunitara pt. Dezv. Intrepr. Sociale);1LARNS5Adn3FbJ7styKw3LZrEBoluKomc
instalatii (sanitare/termice/HVAC);;Dispozitiv fixare si distributie apa jet jertical fixare furtun flexibil , Fixfit, Model Grohe(sau similar);buc;91,80;;;;;"Oferta SD-6 409-E Hotel PIETROASA (Climatronic) – foaia Cap.7-Instalatii Sanitare; 18 EUR x 5,1";2025-09-01;Ofertant Climatronic SRL / Beneficiar Hotel Pietroasa SA Buzau;1ne-s6Ae1aOu82-H0kXysRaOdfZGkZ7l7
instalatii (sanitare/termice/HVAC);IC46A1#;Distribuitor colector pentru puncte si centrale termice montat pe sustinator gata ...confectionat 65 - 100 mm;buc;99,11;0,51;98,60;0,00;0,00;"9.2. OFERTA V1 REV CU VALORI PTDE.pdf – F3 cu valori (Spital paliatie, desfiintare C1-C3 si construire); pret direct fara CI/profit";2026-07-06;Proiectant S.C. Tanari Arhitect SRL / Beneficiar ACTIS (Asoc. Comunitara pt. Dezv. Intrepr. Sociale);1LARNS5Adn3FbJ7styKw3LZrEBoluKomc
instalatii (sanitare/termice/HVAC);11429311;Distribuitor din teava de otel, complet e chipat, Dn100, cu 1 racorduri Dn100 (Ø 4”), 3 racorduri Dn80 (Ø3”), 1 racord D n25 (Ø1”) pentru robinet golire, 1 racor d Dn15 (Ø1/2”) pentru montaj manomet [resursa material];buc;526,45;526,45;;;;"9.2. OFERTA V1 REV CU VALORI PTDE.pdf – F3 cu valori (Spital paliatie, desfiintare C1-C3 si construire); pret direct fara CI/profit";2026-07-06;Proiectant S.C. Tanari Arhitect SRL / Beneficiar ACTIS (Asoc. Comunitara pt. Dezv. Intrepr. Sociale);1LARNS5Adn3FbJ7styKw3LZrEBoluKomc
instalatii (sanitare/termice/HVAC);11429302;Distribuitor dotat cu 1 intrare Dn100, 1 i esire Dn25 pentru robinet golire si 2 x c uplaj Storz cu diametrul de trecere de 6 5 mm obturate cu racord infundat, clap ete de retinere pentru alimentarea cu a [resursa material];buc;450,21;450,21;;;;"9.2. OFERTA V1 REV CU VALORI PTDE.pdf – F3 cu valori (Spital paliatie, desfiintare C1-C3 si construire); pret direct fara CI/profit";2026-07-06;Proiectant S.C. Tanari Arhitect SRL / Beneficiar ACTIS (Asoc. Comunitara pt. Dezv. Intrepr. Sociale);1LARNS5Adn3FbJ7styKw3LZrEBoluKomc
instalatii (sanitare/termice/HVAC);VB05B# [1];Distribuitor ventilare 10xDn100, 2xDN200;buc;822,40;663,48;141,52;17,40;0,00;"9.2. OFERTA V1 REV CU VALORI PTDE.pdf – F3 cu valori (Spital paliatie, desfiintare C1-C3 si construire); pret direct fara CI/profit";2026-07-06;Proiectant S.C. Tanari Arhitect SRL / Beneficiar ACTIS (Asoc. Comunitara pt. Dezv. Intrepr. Sociale);1LARNS5Adn3FbJ7styKw3LZrEBoluKomc
instalatii (sanitare/termice/HVAC);IC39A1#;"Distribuitor, colector din cupru pentru racord. corpurilor aparatelor sau sist....incalz. la Instalatie inc cu tevi din mat. plast. mont perete sau casete cu diametrul 3/4"" pe zid caram";buc;14,30;2,20;11,60;0,50;0,00;"9.2. OFERTA V1 REV CU VALORI PTDE.pdf – F3 cu valori (Spital paliatie, desfiintare C1-C3 si construire); pret direct fara CI/profit";2026-07-06;Proiectant S.C. Tanari Arhitect SRL / Beneficiar ACTIS (Asoc. Comunitara pt. Dezv. Intrepr. Sociale);1LARNS5Adn3FbJ7styKw3LZrEBoluKomc
instalatii (sanitare/termice/HVAC);IC10XA;Distribuitor-colector montat pe sustinator gata confectionat,avind diametrul de pina la 100 mm;m;104,40;0,00;104,40;0,00;0,00;"9.2. OFERTA V1 REV CU VALORI PTDE.pdf – F3 cu valori (Spital paliatie, desfiintare C1-C3 si construire); pret direct fara CI/profit";2026-07-06;Proiectant S.C. Tanari Arhitect SRL / Beneficiar ACTIS (Asoc. Comunitara pt. Dezv. Intrepr. Sociale);1LARNS5Adn3FbJ7styKw3LZrEBoluKomc
instalatii (sanitare/termice/HVAC);;EG-Ethilen glicol pentru solutia glicolata utilizat in circuitul de racire chillere, stocatoare/modul hidraulic si VCV;l;21,42;;;;;"Oferta SD-6 409-E Hotel PIETROASA (Climatronic) – foaia Cap.4-Instalatie apa racita; 4.2 EUR x 5,1";2025-09-01;Ofertant Climatronic SRL / Beneficiar Hotel Pietroasa SA Buzau;1ne-s6Ae1aOu82-H0kXysRaOdfZGkZ7l7
instalatii (sanitare/termice/HVAC);SF01A#;"Efectuare... proba etans pres instal apa calda, rece, din cond ol, zn, sudate longit, d= 3/8"" - 2""";m;7,87;;;;;"Deviz oferta.pdf – F3 oferta eDevize (restaurare biserica); pret direct, la care se adauga CAM 2,25% man., CI 10%, profit 5%";2025-06-17;Executant SC Aurora Inconstruct SRL / Beneficiar Biserica Sf. Imp. Constantin si Elena;1rue0Jaajr2kNvdWBeV5ZObPL36nPRRQk
instalatii (sanitare/termice/HVAC);IE02D1#;Efectuarea probei de dilatare-contractare si de functionare a instalatiei... de incalzire centrala cu suprafata totala a corpurilor de incalzire peste 500 mp;mp;16,80;0,00;16,80;0,00;0,00;"Deviz oferta.pdf – F3 oferta eDevize (restaurare biserica); pret direct, la care se adauga CAM 2,25% man., CI 10%, profit 5%";2025-06-17;Executant SC Aurora Inconstruct SRL / Beneficiar Biserica Sf. Imp. Constantin si Elena;1rue0Jaajr2kNvdWBeV5ZObPL36nPRRQk
instalatii (sanitare/termice/HVAC);IE01D1#;Efectuarea probei de etanseitate la presiune a instalatiei de... incalzire centrala cu suprafata totala a corpurilor de incalzire peste 500 mp;mp;23,48;0,00;20,48;3,00;0,00;"Deviz oferta.pdf – F3 oferta eDevize (restaurare biserica); pret direct, la care se adauga CAM 2,25% man., CI 10%, profit 5%";2025-06-17;Executant SC Aurora Inconstruct SRL / Beneficiar Biserica Sf. Imp. Constantin si Elena;1rue0Jaajr2kNvdWBeV5ZObPL36nPRRQk
instalatii (sanitare/termice/HVAC);IE02XA;Efectuarea probei dilatare-contractare si functioninst.inc.cent,cond.ol,corp.incalz ,sup.inc.pina 200;mp;14,50;0,00;14,50;0,00;0,00;"9.2. OFERTA V1 REV CU VALORI PTDE.pdf – F3 cu valori (Spital paliatie, desfiintare C1-C3 si construire); pret direct fara CI/profit";2026-07-06;Proiectant S.C. Tanari Arhitect SRL / Beneficiar ACTIS (Asoc. Comunitara pt. Dezv. Intrepr. Sociale);1LARNS5Adn3FbJ7styKw3LZrEBoluKomc
instalatii (sanitare/termice/HVAC);;FG-Filtru grosier eficienta filtrare G3 , montat in rama grila GR, dimensiune 540x225x13 mm-074571;buc;31,62;;;;;"Oferta SD-6 409-E Hotel PIETROASA (Climatronic) – foaia Cap.1-VCV; 6.2 EUR x 5,1";2025-09-01;Ofertant Climatronic SRL / Beneficiar Hotel Pietroasa SA Buzau;1ne-s6Ae1aOu82-H0kXysRaOdfZGkZ7l7
instalatii (sanitare/termice/HVAC);IA32A1 [9];"FILTRU AUTOCURATIRE Y 2 1/2""";buc;226,69;84,30;142,39;0,00;0,00;"9.2. OFERTA V1 REV CU VALORI PTDE.pdf – F3 cu valori (Spital paliatie, desfiintare C1-C3 si construire); pret direct fara CI/profit";2026-07-06;Proiectant S.C. Tanari Arhitect SRL / Beneficiar ACTIS (Asoc. Comunitara pt. Dezv. Intrepr. Sociale);1LARNS5Adn3FbJ7styKw3LZrEBoluKomc
instalatii (sanitare/termice/HVAC);IA32A1 [10];"FILTRU AUTOCURATIRE Y 3""";buc;1961,54;1819,15;142,39;0,00;0,00;"9.2. OFERTA V1 REV CU VALORI PTDE.pdf – F3 cu valori (Spital paliatie, desfiintare C1-C3 si construire); pret direct fara CI/profit";2026-07-06;Proiectant S.C. Tanari Arhitect SRL / Beneficiar ACTIS (Asoc. Comunitara pt. Dezv. Intrepr. Sociale);1LARNS5Adn3FbJ7styKw3LZrEBoluKomc
instalatii (sanitare/termice/HVAC);SE01A01^;"FILTRU DE IMPURITATI ""Y"" 1 1/2"" [2]";buc;229,86;87,47;142,39;0,00;0,00;"9.2. OFERTA V1 REV CU VALORI PTDE.pdf – F3 cu valori (Spital paliatie, desfiintare C1-C3 si construire); pret direct fara CI/profit";2026-07-06;Proiectant S.C. Tanari Arhitect SRL / Beneficiar ACTIS (Asoc. Comunitara pt. Dezv. Intrepr. Sociale);1LARNS5Adn3FbJ7styKw3LZrEBoluKomc
instalatii (sanitare/termice/HVAC);SE01A01^;"FILTRU DE IMPURITATI ""Y"" [3] MAGNETIC 1 1/4""";buc;218,08;75,69;142,39;0,00;0,00;"9.2. OFERTA V1 REV CU VALORI PTDE.pdf – F3 cu valori (Spital paliatie, desfiintare C1-C3 si construire); pret direct fara CI/profit";2026-07-06;Proiectant S.C. Tanari Arhitect SRL / Beneficiar ACTIS (Asoc. Comunitara pt. Dezv. Intrepr. Sociale);1LARNS5Adn3FbJ7styKw3LZrEBoluKomc
instalatii (sanitare/termice/HVAC);IA18XA [5];"FILTRU PENTRU IMPURITATI DIN ALAMA GALBENA 1 1/4""";buc;570,22;468,72;101,50;0,00;0,00;"9.2. OFERTA V1 REV CU VALORI PTDE.pdf – F3 cu valori (Spital paliatie, desfiintare C1-C3 si construire); pret direct fara CI/profit";2026-07-06;Proiectant S.C. Tanari Arhitect SRL / Beneficiar ACTIS (Asoc. Comunitara pt. Dezv. Intrepr. Sociale);1LARNS5Adn3FbJ7styKw3LZrEBoluKomc
instalatii (sanitare/termice/HVAC);SD30C1 [1];FITINGURI DIN OTEL ZN - MONTARE;buc;10,87;2,17;8,70;0,00;0,00;"9.2. OFERTA V1 REV CU VALORI PTDE.pdf – F3 cu valori (Spital paliatie, desfiintare C1-C3 si construire); pret direct fara CI/profit";2026-07-06;Proiectant S.C. Tanari Arhitect SRL / Beneficiar ACTIS (Asoc. Comunitara pt. Dezv. Intrepr. Sociale);1LARNS5Adn3FbJ7styKw3LZrEBoluKomc
instalatii (sanitare/termice/HVAC);;FY-Filtru impuritati montate pe boilere si cazane preparare apa calda Dn=32÷40;buc;75,22;;;;;"Oferta SD-6 409-E Hotel PIETROASA (Climatronic) – foaia Cap.5- Centrala Termica; 14.75 EUR x 5,1";2025-09-01;Ofertant Climatronic SRL / Beneficiar Hotel Pietroasa SA Buzau;1ne-s6Ae1aOu82-H0kXysRaOdfZGkZ7l7
instalatii (sanitare/termice/HVAC);IA41A1#;Filtru de gaz;buc;854,98;655,49;199,49;0,00;0,00;"Deviz oferta.pdf – F3 oferta eDevize (restaurare biserica); pret direct, la care se adauga CAM 2,25% man., CI 10%, profit 5%";2025-06-17;Executant SC Aurora Inconstruct SRL / Beneficiar Biserica Sf. Imp. Constantin si Elena;1rue0Jaajr2kNvdWBeV5ZObPL36nPRRQk
instalatii (sanitare/termice/HVAC);VB22A# [5];Filtru exterior FE-1200;buc;2087,84;;;;;"9.2. OFERTA V1 REV CU VALORI PTDE.pdf – F3 cu valori (Spital paliatie, desfiintare C1-C3 si construire); pret direct fara CI/profit";2026-07-06;Proiectant S.C. Tanari Arhitect SRL / Beneficiar ACTIS (Asoc. Comunitara pt. Dezv. Intrepr. Sociale);1LARNS5Adn3FbJ7styKw3LZrEBoluKomc
instalatii (sanitare/termice/HVAC);7334993;Filtru magnetic antikal [resursa material];buc;333,20;333,20;;;;"Deviz oferta.pdf – F3 oferta eDevize (restaurare biserica); pret direct, la care se adauga CAM 2,25% man., CI 10%, profit 5%";2025-06-17;Executant SC Aurora Inconstruct SRL / Beneficiar Biserica Sf. Imp. Constantin si Elena;1rue0Jaajr2kNvdWBeV5ZObPL36nPRRQk
instalatii (sanitare/termice/HVAC);7322059;Filtru pentru apa cu mufe filetate D = 1 1/4'' [resursa material];buc;553,00;553,00;;;;"Deviz oferta.pdf – F3 oferta eDevize (restaurare biserica); pret direct, la care se adauga CAM 2,25% man., CI 10%, profit 5%";2025-06-17;Executant SC Aurora Inconstruct SRL / Beneficiar Biserica Sf. Imp. Constantin si Elena;1rue0Jaajr2kNvdWBeV5ZObPL36nPRRQk
instalatii (sanitare/termice/HVAC);7322058;Filtru pentru apa cu mufe filetate D = 1/2'' [resursa material];buc;343,00;343,00;;;;"Deviz oferta.pdf – F3 oferta eDevize (restaurare biserica); pret direct, la care se adauga CAM 2,25% man., CI 10%, profit 5%";2025-06-17;Executant SC Aurora Inconstruct SRL / Beneficiar Biserica Sf. Imp. Constantin si Elena;1rue0Jaajr2kNvdWBeV5ZObPL36nPRRQk
instalatii (sanitare/termice/HVAC);7322057;Filtru pentru apa cu mufe filetate D = 11/4 [resursa material];buc;811,00;811,00;;;;"Deviz oferta.pdf – F3 oferta eDevize (restaurare biserica); pret direct, la care se adauga CAM 2,25% man., CI 10%, profit 5%";2025-06-17;Executant SC Aurora Inconstruct SRL / Beneficiar Biserica Sf. Imp. Constantin si Elena;1rue0Jaajr2kNvdWBeV5ZObPL36nPRRQk
instalatii (sanitare/termice/HVAC);7322056;Filtru pentru apa cu mufe filetate D = 3/4'' [resursa material];buc;421,00;421,00;;;;"Deviz oferta.pdf – F3 oferta eDevize (restaurare biserica); pret direct, la care se adauga CAM 2,25% man., CI 10%, profit 5%";2025-06-17;Executant SC Aurora Inconstruct SRL / Beneficiar Biserica Sf. Imp. Constantin si Elena;1rue0Jaajr2kNvdWBeV5ZObPL36nPRRQk
instalatii (sanitare/termice/HVAC);SE56A#;Filtru pentru apa potabila, cu... mufe filetate pentru montaj pe conducta, dimens 1 - 2;buc;680,10;559,35;120,75;0,00;0,00;"Deviz oferta.pdf – F3 oferta eDevize (restaurare biserica); pret direct, la care se adauga CAM 2,25% man., CI 10%, profit 5%";2025-06-17;Executant SC Aurora Inconstruct SRL / Beneficiar Biserica Sf. Imp. Constantin si Elena;1rue0Jaajr2kNvdWBeV5ZObPL36nPRRQk
instalatii (sanitare/termice/HVAC);SE56A#;Filtru pentru apa potabila, cu... mufe filetate pentru montaj pe conducta, dimens 1 -2;buc;567,17;446,42;120,75;0,00;0,00;"Deviz oferta.pdf – F3 oferta eDevize (restaurare biserica); pret direct, la care se adauga CAM 2,25% man., CI 10%, profit 5%";2025-06-17;Executant SC Aurora Inconstruct SRL / Beneficiar Biserica Sf. Imp. Constantin si Elena;1rue0Jaajr2kNvdWBeV5ZObPL36nPRRQk
instalatii (sanitare/termice/HVAC);SE56A#;Filtru pentru apa potabila, cu... mufe filetate pentru montaj pe conducta, dimens 1 -2;buc;526,77;406,02;120,75;0,00;0,00;"Deviz oferta.pdf – F3 oferta eDevize (restaurare biserica); pret direct, la care se adauga CAM 2,25% man., CI 10%, profit 5%";2025-06-17;Executant SC Aurora Inconstruct SRL / Beneficiar Biserica Sf. Imp. Constantin si Elena;1rue0Jaajr2kNvdWBeV5ZObPL36nPRRQk
instalatii (sanitare/termice/HVAC);SE56A#;Filtru pentru apa potabila, cu... mufe filetate pentru montaj pe conducta, dimens 1 -2;buc;725,94;605,19;120,75;0,00;0,00;"Deviz oferta.pdf – F3 oferta eDevize (restaurare biserica); pret direct, la care se adauga CAM 2,25% man., CI 10%, profit 5%";2025-06-17;Executant SC Aurora Inconstruct SRL / Beneficiar Biserica Sf. Imp. Constantin si Elena;1rue0Jaajr2kNvdWBeV5ZObPL36nPRRQk
instalatii (sanitare/termice/HVAC);SE56A#;Filtru pentru apa potabila, cu... mufe filetate pentru montaj pe conducta, dimens 1'' -2'';buc;939,86;819,11;120,75;0,00;0,00;"Deviz oferta.pdf – F3 oferta eDevize (restaurare biserica); pret direct, la care se adauga CAM 2,25% man., CI 10%, profit 5%";2025-06-17;Executant SC Aurora Inconstruct SRL / Beneficiar Biserica Sf. Imp. Constantin si Elena;1rue0Jaajr2kNvdWBeV5ZObPL36nPRRQk
instalatii (sanitare/termice/HVAC);IA19XA [3];"Filtru pentru impuritati mecanice cu sita 1 1/2""";buc;186,50;85,00;101,50;0,00;0,00;"9.2. OFERTA V1 REV CU VALORI PTDE.pdf – F3 cu valori (Spital paliatie, desfiintare C1-C3 si construire); pret direct fara CI/profit";2026-07-06;Proiectant S.C. Tanari Arhitect SRL / Beneficiar ACTIS (Asoc. Comunitara pt. Dezv. Intrepr. Sociale);1LARNS5Adn3FbJ7styKw3LZrEBoluKomc
instalatii (sanitare/termice/HVAC);6719920;Fiting din polipropilena cu D = 32 mm [resursa material];buc;52,00;52,00;;;;"Deviz oferta.pdf – F3 oferta eDevize (restaurare biserica); pret direct, la care se adauga CAM 2,25% man., CI 10%, profit 5%";2025-06-17;Executant SC Aurora Inconstruct SRL / Beneficiar Biserica Sf. Imp. Constantin si Elena;1rue0Jaajr2kNvdWBeV5ZObPL36nPRRQk
instalatii (sanitare/termice/HVAC);SA47F1;Fitinguri fonta maleabila Montare prin insurub. la tevi otel zn. pentru col. hidranti,cu...3 insurub. si d=2 1/2 toli;buc;48,94;6,02;42,92;0,00;0,00;"9.2. OFERTA V1 REV CU VALORI PTDE.pdf – F3 cu valori (Spital paliatie, desfiintare C1-C3 si construire); pret direct fara CI/profit";2026-07-06;Proiectant S.C. Tanari Arhitect SRL / Beneficiar ACTIS (Asoc. Comunitara pt. Dezv. Intrepr. Sociale);1LARNS5Adn3FbJ7styKw3LZrEBoluKomc
instalatii (sanitare/termice/HVAC);;GI-grila rectangulara din aluminiu anodizat , dubla deflexie pentru introducere aer, S=600x200, Model GAC 21-600x200-France Air(sau similar)-60042042;buc;239,70;;;;;"Oferta SD-6 409-E Hotel PIETROASA (Climatronic) – foaia Cap.1-VCV; 47 EUR x 5,1";2025-09-01;Ofertant Climatronic SRL / Beneficiar Hotel Pietroasa SA Buzau;1ne-s6Ae1aOu82-H0kXysRaOdfZGkZ7l7
instalatii (sanitare/termice/HVAC);;GI-grila rectangulara din aluminiu anodizat , dubla deflexie pentru introducere aer, S=800x200, Model GAC 21-800x200-France Air(sau similar)-60042043;buc;321,30;;;;;"Oferta SD-6 409-E Hotel PIETROASA (Climatronic) – foaia Cap.1-VCV; 63 EUR x 5,1";2025-09-01;Ofertant Climatronic SRL / Beneficiar Hotel Pietroasa SA Buzau;1ne-s6Ae1aOu82-H0kXysRaOdfZGkZ7l7
instalatii (sanitare/termice/HVAC);;"GP-Grup de pompare Oventrop Regusol P-130 DN 25""";buc;892,50;;;;;"Oferta SD-6 409-E Hotel PIETROASA (Climatronic) – foaia Cap.5- Centrala Termica; 175 EUR x 5,1";2025-09-01;Ofertant Climatronic SRL / Beneficiar Hotel Pietroasa SA Buzau;1ne-s6Ae1aOu82-H0kXysRaOdfZGkZ7l7
instalatii (sanitare/termice/HVAC);;GR-grila port-filtru pentru recirculare aer cu sistem de balama si magnet, RAL 9003, S=595x295, Model GAF P 88-600x300(sau similar)-61015485;buc;188,70;;;;;"Oferta SD-6 409-E Hotel PIETROASA (Climatronic) – foaia Cap.1-VCV; 37 EUR x 5,1";2025-09-01;Ofertant Climatronic SRL / Beneficiar Hotel Pietroasa SA Buzau;1ne-s6Ae1aOu82-H0kXysRaOdfZGkZ7l7
instalatii (sanitare/termice/HVAC);;GR-grila rectangulara din aluminiu , palete inclinate cu plasa protectie antiinsecte-ptr. aspiratie aer proaspat in Centrala termica S=600x300;buc;295,80;;;;;"Oferta SD-6 409-E Hotel PIETROASA (Climatronic) – foaia Cap.5- Centrala Termica; 58 EUR x 5,1";2025-09-01;Ofertant Climatronic SRL / Beneficiar Hotel Pietroasa SA Buzau;1ne-s6Ae1aOu82-H0kXysRaOdfZGkZ7l7
instalatii (sanitare/termice/HVAC);6601806;Garnitura cauciuc presat inelare pentru tevi mufate PVC D = 250 [resursa material];buc;8,31;8,31;;;;"9.2. OFERTA V1 REV CU VALORI PTDE.pdf – F3 cu valori (Spital paliatie, desfiintare C1-C3 si construire); pret direct fara CI/profit";2026-07-06;Proiectant S.C. Tanari Arhitect SRL / Beneficiar ACTIS (Asoc. Comunitara pt. Dezv. Intrepr. Sociale);1LARNS5Adn3FbJ7styKw3LZrEBoluKomc
instalatii (sanitare/termice/HVAC);DA02A01^;Geotextil de tip Tegola Drefon VST 100 - 100gr, in role de pana la 6 m latime cu 100 m lungime, utilizat pentru strat de separatie, drenaj, filtru, protectie si armare la constructii drumuri si drenaje;mp;16,16;10,36;5,80;0,00;0,00;"9.2. OFERTA V1 REV CU VALORI PTDE.pdf – F3 cu valori (Spital paliatie, desfiintare C1-C3 si construire); pret direct fara CI/profit";2026-07-06;Proiectant S.C. Tanari Arhitect SRL / Beneficiar ACTIS (Asoc. Comunitara pt. Dezv. Intrepr. Sociale);1LARNS5Adn3FbJ7styKw3LZrEBoluKomc
instalatii (sanitare/termice/HVAC);11299316;Grila coloana ventialare, racord circuar 110mm, metalica ,cu zabrele fixe orientate la 45 grade montata in fatada cladirii [resursa material];buc;197,24;197,24;;;;"9.2. OFERTA V1 REV CU VALORI PTDE.pdf – F3 cu valori (Spital paliatie, desfiintare C1-C3 si construire); pret direct fara CI/profit";2026-07-06;Proiectant S.C. Tanari Arhitect SRL / Beneficiar ACTIS (Asoc. Comunitara pt. Dezv. Intrepr. Sociale);1LARNS5Adn3FbJ7styKw3LZrEBoluKomc
instalatii (sanitare/termice/HVAC);VB22A# [7];Grila transfer aer, 11-400-400, cu diametrul de conectare 200, cu zabrele fixe cu bare fixe orizontale, fara reglaj de debit, avand parametrii : Qn=500 mc/h , Dp=4 Pa , Lw= 25dB(A),;buc;376,40;249,02;119,48;7,90;0,00;"9.2. OFERTA V1 REV CU VALORI PTDE.pdf – F3 cu valori (Spital paliatie, desfiintare C1-C3 si construire); pret direct fara CI/profit";2026-07-06;Proiectant S.C. Tanari Arhitect SRL / Beneficiar ACTIS (Asoc. Comunitara pt. Dezv. Intrepr. Sociale);1LARNS5Adn3FbJ7styKw3LZrEBoluKomc
instalatii (sanitare/termice/HVAC);IA37B1# [5];Grup de pompare cu amestec MPG-10 -A-W - montare direct pe distribuitor - MONTAJ;buc;96,01;9,01;87,00;0,00;0,00;"9.2. OFERTA V1 REV CU VALORI PTDE.pdf – F3 cu valori (Spital paliatie, desfiintare C1-C3 si construire); pret direct fara CI/profit";2026-07-06;Proiectant S.C. Tanari Arhitect SRL / Beneficiar ACTIS (Asoc. Comunitara pt. Dezv. Intrepr. Sociale);1LARNS5Adn3FbJ7styKw3LZrEBoluKomc
instalatii (sanitare/termice/HVAC);ACE02A1;Gura scurgere cu sifon si depozit STAS 6701-73 carosabila tip a1;buc;537,94;411,21;126,73;0,00;0,00;"9.2. OFERTA V1 REV CU VALORI PTDE.pdf – F3 cu valori (Spital paliatie, desfiintare C1-C3 si construire); pret direct fara CI/profit";2026-07-06;Proiectant S.C. Tanari Arhitect SRL / Beneficiar ACTIS (Asoc. Comunitara pt. Dezv. Intrepr. Sociale);1LARNS5Adn3FbJ7styKw3LZrEBoluKomc
instalatii (sanitare/termice/HVAC);ACE02A1;Gura scurgere cu sifon si depozit stas 6701-73 carosabila tip a1;buc;1017,42;650,17;367,25;0,00;0,00;"Deviz oferta.pdf – F3 oferta eDevize (restaurare biserica); pret direct, la care se adauga CAM 2,25% man., CI 10%, profit 5%";2025-06-17;Executant SC Aurora Inconstruct SRL / Beneficiar Biserica Sf. Imp. Constantin si Elena;1rue0Jaajr2kNvdWBeV5ZObPL36nPRRQk
instalatii (sanitare/termice/HVAC);SD14XA;Hidranti interiori de incendiu cu geam clar echipat cu robinet avand diametrul de Dn 50 mm, amplasat in cutie standardizata, complet echipata, cu furtun semirigid Dn33, avand lungimea;buc;740,71;610,21;130,50;0,00;0,00;"9.2. OFERTA V1 REV CU VALORI PTDE.pdf – F3 cu valori (Spital paliatie, desfiintare C1-C3 si construire); pret direct fara CI/profit";2026-07-06;Proiectant S.C. Tanari Arhitect SRL / Beneficiar ACTIS (Asoc. Comunitara pt. Dezv. Intrepr. Sociale);1LARNS5Adn3FbJ7styKw3LZrEBoluKomc
instalatii (sanitare/termice/HVAC);;"KH-Kit hidraulic DN100-4""pentru interconectare chillere de sistemul de circulatie agent apa racita si Stocatorul inertial (compensatoare de dilatare din cauciuc , filtru impuritati tip Y, robineti fluture, stuturi fileta";set;3417,00;;;;;"Oferta SD-6 409-E Hotel PIETROASA (Climatronic) – foaia Cap.4-Instalatie apa racita; 670 EUR x 5,1";2025-09-01;Ofertant Climatronic SRL / Beneficiar Hotel Pietroasa SA Buzau;1ne-s6Ae1aOu82-H0kXysRaOdfZGkZ7l7
instalatii (sanitare/termice/HVAC);;KT-Kit suplimentar terasa JDL-PM10-58/1.8 - RF - optional pentru terasa;buc;124,95;;;;;"Oferta SD-6 409-E Hotel PIETROASA (Climatronic) – foaia Cap.5- Centrala Termica; 24.5 EUR x 5,1";2025-09-01;Ofertant Climatronic SRL / Beneficiar Hotel Pietroasa SA Buzau;1ne-s6Ae1aOu82-H0kXysRaOdfZGkZ7l7
instalatii (sanitare/termice/HVAC);2308546;LAVOAR PENTRU PERSOANE CU DIZABILITATI [resursa material];buc;865,00;865,00;;;;"9.2. OFERTA V1 REV CU VALORI PTDE.pdf – F3 cu valori (Spital paliatie, desfiintare C1-C3 si construire); pret direct fara CI/profit";2026-07-06;Proiectant S.C. Tanari Arhitect SRL / Beneficiar ACTIS (Asoc. Comunitara pt. Dezv. Intrepr. Sociale);1LARNS5Adn3FbJ7styKw3LZrEBoluKomc
instalatii (sanitare/termice/HVAC);2440474;Lavoar baie montaj pe perete [resursa material];buc;1118,00;1118,00;;;;"Deviz oferta.pdf – F3 oferta eDevize (restaurare biserica); pret direct, la care se adauga CAM 2,25% man., CI 10%, profit 5%";2025-06-17;Executant SC Aurora Inconstruct SRL / Beneficiar Biserica Sf. Imp. Constantin si Elena;1rue0Jaajr2kNvdWBeV5ZObPL36nPRRQk
instalatii (sanitare/termice/HVAC);SC07E1;Lavoar din portelan sanitar, montat pe...piedestal;buc;49,69;0,10;49,59;0,00;0,00;"9.2. OFERTA V1 REV CU VALORI PTDE.pdf – F3 cu valori (Spital paliatie, desfiintare C1-C3 si construire); pret direct fara CI/profit";2026-07-06;Proiectant S.C. Tanari Arhitect SRL / Beneficiar ACTIS (Asoc. Comunitara pt. Dezv. Intrepr. Sociale);1LARNS5Adn3FbJ7styKw3LZrEBoluKomc
instalatii (sanitare/termice/HVAC);2442240;Lavoar portelan f spatar l 2-600mm monocol c2 s 1540 [resursa material];buc;119,62;119,62;;;;"9.2. OFERTA V1 REV CU VALORI PTDE.pdf – F3 cu valori (Spital paliatie, desfiintare C1-C3 si construire); pret direct fara CI/profit";2026-07-06;Proiectant S.C. Tanari Arhitect SRL / Beneficiar ACTIS (Asoc. Comunitara pt. Dezv. Intrepr. Sociale);1LARNS5Adn3FbJ7styKw3LZrEBoluKomc
instalatii (sanitare/termice/HVAC);SC04C#;Lavoar semiport, portel...san,incl pentru hand,tevi sc pvc,Montare pe piedestal;buc;55,10;0,00;55,10;0,00;0,00;"9.2. OFERTA V1 REV CU VALORI PTDE.pdf – F3 cu valori (Spital paliatie, desfiintare C1-C3 si construire); pret direct fara CI/profit";2026-07-06;Proiectant S.C. Tanari Arhitect SRL / Beneficiar ACTIS (Asoc. Comunitara pt. Dezv. Intrepr. Sociale);1LARNS5Adn3FbJ7styKw3LZrEBoluKomc
instalatii (sanitare/termice/HVAC);;Lavoar suspendat cu bol 150x57x15 cm din material Granulon-culoare caramel- tip Kuma(sau similar);buc;3049,80;;;;;"Oferta SD-6 409-E Hotel PIETROASA (Climatronic) – foaia Cap.7-Instalatii Sanitare; 598 EUR x 5,1";2025-09-01;Ofertant Climatronic SRL / Beneficiar Hotel Pietroasa SA Buzau;1ne-s6Ae1aOu82-H0kXysRaOdfZGkZ7l7
instalatii (sanitare/termice/HVAC);;M-Manometru carcasa metalica cu ecran P=0÷6bar, inclusiv acceoriile pentru fixare si montare pe circuitele de tur/retur chiller;buc;79,05;;;;;"Oferta SD-6 409-E Hotel PIETROASA (Climatronic) – foaia Cap.4-Instalatie apa racita; 15.5 EUR x 5,1";2025-09-01;Ofertant Climatronic SRL / Beneficiar Hotel Pietroasa SA Buzau;1ne-s6Ae1aOu82-H0kXysRaOdfZGkZ7l7
instalatii (sanitare/termice/HVAC);;M-Manopera pentru decuplare, recuplare/ imbinare , echipare si montare corpuri statice (radiatoare din alumini si radiatoare port-propsop);buc;295,80;;295,80;;;"Oferta SD-6 409-E Hotel PIETROASA (Climatronic) – foaia Cap.3 Calorifere-Radiatoare; 58 EUR x 5,1";2025-09-01;Ofertant Climatronic SRL / Beneficiar Hotel Pietroasa SA Buzau;1ne-s6Ae1aOu82-H0kXysRaOdfZGkZ7l7
instalatii (sanitare/termice/HVAC);GE10A1 [1];MANOMETRU CU ROBINET DE CONTROL, SCALA 0-10 BARI;buc;92,53;79,19;13,34;0,00;0,00;"9.2. OFERTA V1 REV CU VALORI PTDE.pdf – F3 cu valori (Spital paliatie, desfiintare C1-C3 si construire); pret direct fara CI/profit";2026-07-06;Proiectant S.C. Tanari Arhitect SRL / Beneficiar ACTIS (Asoc. Comunitara pt. Dezv. Intrepr. Sociale);1LARNS5Adn3FbJ7styKw3LZrEBoluKomc
instalatii (sanitare/termice/HVAC);;MC-Modul comunicare cascada , Viessman, pentru Vitodens 200-W;buc;933,30;;;;;"Oferta SD-6 409-E Hotel PIETROASA (Climatronic) – foaia Cap.5- Centrala Termica; 183 EUR x 5,1";2025-09-01;Ofertant Climatronic SRL / Beneficiar Hotel Pietroasa SA Buzau;1ne-s6Ae1aOu82-H0kXysRaOdfZGkZ7l7
instalatii (sanitare/termice/HVAC);;ME-Manopera executie, montare si punere in functiune instalatii preparare apa calda incalzire si apa calda menajera;sistem;73113,60;;73113,60;;;"Oferta SD-6 409-E Hotel PIETROASA (Climatronic) – foaia Cap.5- Centrala Termica; 14336 EUR x 5,1";2025-09-01;Ofertant Climatronic SRL / Beneficiar Hotel Pietroasa SA Buzau;1ne-s6Ae1aOu82-H0kXysRaOdfZGkZ7l7
instalatii (sanitare/termice/HVAC);;MM-Manopera pentru montare si punere in functiune (ansamblu VCV, grile, plenumuri, termostat, vane 3 cai, robineti, racorduri flexibile;sisteme;561,00;;561,00;;;"Oferta SD-6 409-E Hotel PIETROASA (Climatronic) – foaia Cap.1-VCV; 110 EUR x 5,1";2025-09-01;Ofertant Climatronic SRL / Beneficiar Hotel Pietroasa SA Buzau;1ne-s6Ae1aOu82-H0kXysRaOdfZGkZ7l7
instalatii (sanitare/termice/HVAC);;MM-Manopera pentru montare si punere in functiune (ansamblu ventilatoare, grile, tubulaturi flexibile, tubulatura tabal zincata, racordari hote bucatarie);sistem;9210,60;;9210,60;;;"Oferta SD-6 409-E Hotel PIETROASA (Climatronic) – foaia Cap.2-Sistem ventilatie; 1806 EUR x 5,1";2025-09-01;Ofertant Climatronic SRL / Beneficiar Hotel Pietroasa SA Buzau;1ne-s6Ae1aOu82-H0kXysRaOdfZGkZ7l7
instalatii (sanitare/termice/HVAC);;MM-Manopera pentru montare si punere in functiune instalatie pentru prepapare apa racita;sisteme;58797,90;;58797,90;;;"Oferta SD-6 409-E Hotel PIETROASA (Climatronic) – foaia Cap.4-Instalatie apa racita; 11529 EUR x 5,1";2025-09-01;Ofertant Climatronic SRL / Beneficiar Hotel Pietroasa SA Buzau;1ne-s6Ae1aOu82-H0kXysRaOdfZGkZ7l7
instalatii (sanitare/termice/HVAC);;MM-Materiale marunte pentru cuplare elementi calorifere si montare calorifere din aluminiu (fuior caneta, pasta etanseizare, banda teflonata, grung, dibluri conexpand M6x80,etc);set;2662,20;;;;;"Oferta SD-6 409-E Hotel PIETROASA (Climatronic) – foaia Cap.3 Calorifere-Radiatoare; 522 EUR x 5,1";2025-09-01;Ofertant Climatronic SRL / Beneficiar Hotel Pietroasa SA Buzau;1ne-s6Ae1aOu82-H0kXysRaOdfZGkZ7l7
instalatii (sanitare/termice/HVAC);;Manopera executie, montare circuite hidraulice distributie agenti termici apa calda si apa racita, circuite evacuare condensat inclusiv realizare santuri pentru subtraversare instalatii existente si montare circuite radi;sistem;21420,00;;21420,00;;;"Oferta SD-6 409-E Hotel PIETROASA (Climatronic) – foaia Cap.6-Circuite hidraulice; 4200 EUR x 5,1";2025-09-01;Ofertant Climatronic SRL / Beneficiar Hotel Pietroasa SA Buzau;1ne-s6Ae1aOu82-H0kXysRaOdfZGkZ7l7
instalatii (sanitare/termice/HVAC);;Manopera executie, montare si punere in functiune instalatii sanitare (echipare si montare completa instalatii sanitare Baie );set;2142,00;;2142,00;;;"Oferta SD-6 409-E Hotel PIETROASA (Climatronic) – foaia Cap.7-Instalatii Sanitare; 420 EUR x 5,1";2025-09-01;Ofertant Climatronic SRL / Beneficiar Hotel Pietroasa SA Buzau;1ne-s6Ae1aOu82-H0kXysRaOdfZGkZ7l7
instalatii (sanitare/termice/HVAC);;Materiale auxiliare pentru imbinare trasee distributie agenti termici cu elementele terminale de incalzire si racire;set;2601,00;;;;;"Oferta SD-6 409-E Hotel PIETROASA (Climatronic) – foaia Cap.6-Circuite hidraulice; 510 EUR x 5,1";2025-09-01;Ofertant Climatronic SRL / Beneficiar Hotel Pietroasa SA Buzau;1ne-s6Ae1aOu82-H0kXysRaOdfZGkZ7l7
instalatii (sanitare/termice/HVAC);IA33A1# [2];Module automatizare comanda pompe de caldura,;buc;516,17;427,46;87,00;1,71;0,00;"9.2. OFERTA V1 REV CU VALORI PTDE.pdf – F3 cu valori (Spital paliatie, desfiintare C1-C3 si construire); pret direct fara CI/profit";2026-07-06;Proiectant S.C. Tanari Arhitect SRL / Beneficiar ACTIS (Asoc. Comunitara pt. Dezv. Intrepr. Sociale);1LARNS5Adn3FbJ7styKw3LZrEBoluKomc
instalatii (sanitare/termice/HVAC);IA13D1#;Montaj Cazan de preparare agent termic... pentru incalzire (apa calda 90/70);buc;1764,30;107,58;1574,95;81,78;0,00;"Deviz oferta.pdf – F3 oferta eDevize (restaurare biserica); pret direct, la care se adauga CAM 2,25% man., CI 10%, profit 5%";2025-06-17;Executant SC Aurora Inconstruct SRL / Beneficiar Biserica Sf. Imp. Constantin si Elena;1rue0Jaajr2kNvdWBeV5ZObPL36nPRRQk
instalatii (sanitare/termice/HVAC);RPIA16G#;Montat... manometru cu sifon si robinet control, la cazan incalzire centr, boilere, schimb caldura, etc;buc;230,17;133,57;96,59;0,00;0,00;"Deviz oferta.pdf – F3 oferta eDevize (restaurare biserica); pret direct, la care se adauga CAM 2,25% man., CI 10%, profit 5%";2025-06-17;Executant SC Aurora Inconstruct SRL / Beneficiar Biserica Sf. Imp. Constantin si Elena;1rue0Jaajr2kNvdWBeV5ZObPL36nPRRQk
instalatii (sanitare/termice/HVAC);6719428;Mufa pehd pentru electrofuz diam ext 110 mm 2204/50hz/700 w [resursa material];buc;42,21;42,21;;;;"9.2. OFERTA V1 REV CU VALORI PTDE.pdf – F3 cu valori (Spital paliatie, desfiintare C1-C3 si construire); pret direct fara CI/profit";2026-07-06;Proiectant S.C. Tanari Arhitect SRL / Beneficiar ACTIS (Asoc. Comunitara pt. Dezv. Intrepr. Sociale);1LARNS5Adn3FbJ7styKw3LZrEBoluKomc
instalatii (sanitare/termice/HVAC);6719422;Mufa pehd pentru electrofuz diam ext 32 mm [resursa material];buc;2,50;2,50;;;;"Deviz oferta.pdf – F3 oferta eDevize (restaurare biserica); pret direct, la care se adauga CAM 2,25% man., CI 10%, profit 5%";2025-06-17;Executant SC Aurora Inconstruct SRL / Beneficiar Biserica Sf. Imp. Constantin si Elena;1rue0Jaajr2kNvdWBeV5ZObPL36nPRRQk
instalatii (sanitare/termice/HVAC);6719423;Mufa pehd pentru electrofuz diam ext 40 mm [resursa material];buc;1,94;1,94;;;;"Deviz oferta.pdf – F3 oferta eDevize (restaurare biserica); pret direct, la care se adauga CAM 2,25% man., CI 10%, profit 5%";2025-06-17;Executant SC Aurora Inconstruct SRL / Beneficiar Biserica Sf. Imp. Constantin si Elena;1rue0Jaajr2kNvdWBeV5ZObPL36nPRRQk
instalatii (sanitare/termice/HVAC);6719424;Mufa pehd pentru electrofuz diam ext 50 mm 2204/50hz/700 w [resursa material];buc;21,24;21,24;;;;"9.2. OFERTA V1 REV CU VALORI PTDE.pdf – F3 cu valori (Spital paliatie, desfiintare C1-C3 si construire); pret direct fara CI/profit";2026-07-06;Proiectant S.C. Tanari Arhitect SRL / Beneficiar ACTIS (Asoc. Comunitara pt. Dezv. Intrepr. Sociale);1LARNS5Adn3FbJ7styKw3LZrEBoluKomc
instalatii (sanitare/termice/HVAC);6719425;Mufa pehd pentru electrofuz diam ext 63 mm 2204/50hz/700 w [resursa material];buc;29,33;29,33;;;;"9.2. OFERTA V1 REV CU VALORI PTDE.pdf – F3 cu valori (Spital paliatie, desfiintare C1-C3 si construire); pret direct fara CI/profit";2026-07-06;Proiectant S.C. Tanari Arhitect SRL / Beneficiar ACTIS (Asoc. Comunitara pt. Dezv. Intrepr. Sociale);1LARNS5Adn3FbJ7styKw3LZrEBoluKomc
instalatii (sanitare/termice/HVAC);6719426;Mufa pehd pentru electrofuz diam ext 75 mm 2204/50hz/700 w [resursa material];buc;33,33;33,33;;;;"9.2. OFERTA V1 REV CU VALORI PTDE.pdf – F3 cu valori (Spital paliatie, desfiintare C1-C3 si construire); pret direct fara CI/profit";2026-07-06;Proiectant S.C. Tanari Arhitect SRL / Beneficiar ACTIS (Asoc. Comunitara pt. Dezv. Intrepr. Sociale);1LARNS5Adn3FbJ7styKw3LZrEBoluKomc
instalatii (sanitare/termice/HVAC);6719427;Mufa pehd pentru electrofuz diam ext 90 mm 2204/50hz/700 w [resursa material];buc;36,98;36,98;;;;"9.2. OFERTA V1 REV CU VALORI PTDE.pdf – F3 cu valori (Spital paliatie, desfiintare C1-C3 si construire); pret direct fara CI/profit";2026-07-06;Proiectant S.C. Tanari Arhitect SRL / Beneficiar ACTIS (Asoc. Comunitara pt. Dezv. Intrepr. Sociale);1LARNS5Adn3FbJ7styKw3LZrEBoluKomc
instalatii (sanitare/termice/HVAC);6719477;Mufa polipropilena avind diametrul exterior 20 mm 2204/50hz/700 w [resursa material];buc;0,27;0,27;;;;"9.2. OFERTA V1 REV CU VALORI PTDE.pdf – F3 cu valori (Spital paliatie, desfiintare C1-C3 si construire); pret direct fara CI/profit";2026-07-06;Proiectant S.C. Tanari Arhitect SRL / Beneficiar ACTIS (Asoc. Comunitara pt. Dezv. Intrepr. Sociale);1LARNS5Adn3FbJ7styKw3LZrEBoluKomc
instalatii (sanitare/termice/HVAC);6719477;Mufa polipropilena avind diametrul exterior 20 mm [resursa material];buc;2,10;2,10;;;;"Deviz oferta.pdf – F3 oferta eDevize (restaurare biserica); pret direct, la care se adauga CAM 2,25% man., CI 10%, profit 5%";2025-06-17;Executant SC Aurora Inconstruct SRL / Beneficiar Biserica Sf. Imp. Constantin si Elena;1rue0Jaajr2kNvdWBeV5ZObPL36nPRRQk
instalatii (sanitare/termice/HVAC);6719478;Mufa polipropilena avind diametrul exterior 25 mm 2204/50hz/700 w [resursa material];buc;0,37;0,37;;;;"9.2. OFERTA V1 REV CU VALORI PTDE.pdf – F3 cu valori (Spital paliatie, desfiintare C1-C3 si construire); pret direct fara CI/profit";2026-07-06;Proiectant S.C. Tanari Arhitect SRL / Beneficiar ACTIS (Asoc. Comunitara pt. Dezv. Intrepr. Sociale);1LARNS5Adn3FbJ7styKw3LZrEBoluKomc
instalatii (sanitare/termice/HVAC);6719478;Mufa polipropilena avind diametrul exterior 25 mm [resursa material];buc;2,60;2,60;;;;"Deviz oferta.pdf – F3 oferta eDevize (restaurare biserica); pret direct, la care se adauga CAM 2,25% man., CI 10%, profit 5%";2025-06-17;Executant SC Aurora Inconstruct SRL / Beneficiar Biserica Sf. Imp. Constantin si Elena;1rue0Jaajr2kNvdWBeV5ZObPL36nPRRQk
instalatii (sanitare/termice/HVAC);6719479;Mufa polipropilena avind diametrul exterior 32 mm 2204/50hz/700 w [resursa material];buc;0,81;0,81;;;;"9.2. OFERTA V1 REV CU VALORI PTDE.pdf – F3 cu valori (Spital paliatie, desfiintare C1-C3 si construire); pret direct fara CI/profit";2026-07-06;Proiectant S.C. Tanari Arhitect SRL / Beneficiar ACTIS (Asoc. Comunitara pt. Dezv. Intrepr. Sociale);1LARNS5Adn3FbJ7styKw3LZrEBoluKomc
instalatii (sanitare/termice/HVAC);6719479;Mufa polipropilena avind diametrul exterior 32 mm [resursa material];buc;2,90;2,90;;;;"Deviz oferta.pdf – F3 oferta eDevize (restaurare biserica); pret direct, la care se adauga CAM 2,25% man., CI 10%, profit 5%";2025-06-17;Executant SC Aurora Inconstruct SRL / Beneficiar Biserica Sf. Imp. Constantin si Elena;1rue0Jaajr2kNvdWBeV5ZObPL36nPRRQk
instalatii (sanitare/termice/HVAC);6719480;Mufa polipropilena avind diametrul exterior 40 mm 2204/50hz/700 w [resursa material];buc;1,20;1,20;;;;"9.2. OFERTA V1 REV CU VALORI PTDE.pdf – F3 cu valori (Spital paliatie, desfiintare C1-C3 si construire); pret direct fara CI/profit";2026-07-06;Proiectant S.C. Tanari Arhitect SRL / Beneficiar ACTIS (Asoc. Comunitara pt. Dezv. Intrepr. Sociale);1LARNS5Adn3FbJ7styKw3LZrEBoluKomc
instalatii (sanitare/termice/HVAC);6719481;Mufa polipropilena avind diametrul exterior 50 mm 2204/50hz/700 w [resursa material];buc;2,18;2,18;;;;"9.2. OFERTA V1 REV CU VALORI PTDE.pdf – F3 cu valori (Spital paliatie, desfiintare C1-C3 si construire); pret direct fara CI/profit";2026-07-06;Proiectant S.C. Tanari Arhitect SRL / Beneficiar ACTIS (Asoc. Comunitara pt. Dezv. Intrepr. Sociale);1LARNS5Adn3FbJ7styKw3LZrEBoluKomc
instalatii (sanitare/termice/HVAC);2506085;OGLINDA LAVOAR CU LUMINA INTEGRATA [resursa material];buc;303,81;303,81;;;;"9.2. OFERTA V1 REV CU VALORI PTDE.pdf – F3 cu valori (Spital paliatie, desfiintare C1-C3 si construire); pret direct fara CI/profit";2026-07-06;Proiectant S.C. Tanari Arhitect SRL / Beneficiar ACTIS (Asoc. Comunitara pt. Dezv. Intrepr. Sociale);1LARNS5Adn3FbJ7styKw3LZrEBoluKomc
instalatii (sanitare/termice/HVAC);SC26A1 [1];OGLINDA PIVOTANTA PERSOANE CU DIZABILITATI;buc;1029,90;1001,48;28,42;0,00;0,00;"9.2. OFERTA V1 REV CU VALORI PTDE.pdf – F3 cu valori (Spital paliatie, desfiintare C1-C3 si construire); pret direct fara CI/profit";2026-07-06;Proiectant S.C. Tanari Arhitect SRL / Beneficiar ACTIS (Asoc. Comunitara pt. Dezv. Intrepr. Sociale);1LARNS5Adn3FbJ7styKw3LZrEBoluKomc
instalatii (sanitare/termice/HVAC);;Ormanent cu maneta de actionare baterie amestecatoare pentru cabina dus/cada, tip Grohe(sau similar);buc;499,80;;;;;"Oferta SD-6 409-E Hotel PIETROASA (Climatronic) – foaia Cap.7-Instalatii Sanitare; 98 EUR x 5,1";2025-09-01;Ofertant Climatronic SRL / Beneficiar Hotel Pietroasa SA Buzau;1ne-s6Ae1aOu82-H0kXysRaOdfZGkZ7l7
instalatii (sanitare/termice/HVAC);;PC 3,4-Pompă de circulaţie electronică de înaltă eficienţă pentru pentru instalaţii de incalzire si climatizare , marca BIRAL-Elvetia, model ModulA 32F-12 220 GREEN.DN 32 220 mm 1 x 230 V (sau similar) Domeniul de temper;buc;4595,10;;;;;"Oferta SD-6 409-E Hotel PIETROASA (Climatronic) – foaia Cap.5- Centrala Termica; 901 EUR x 5,1";2025-09-01;Ofertant Climatronic SRL / Beneficiar Hotel Pietroasa SA Buzau;1ne-s6Ae1aOu82-H0kXysRaOdfZGkZ7l7
instalatii (sanitare/termice/HVAC);;PC-Pompa electronica pentru injectie Centrala termica, Model EVOLUS 110/180XM;buc;2815,20;;;;;"Oferta SD-6 409-E Hotel PIETROASA (Climatronic) – foaia Cap.5- Centrala Termica; 552 EUR x 5,1";2025-09-01;Ofertant Climatronic SRL / Beneficiar Hotel Pietroasa SA Buzau;1ne-s6Ae1aOu82-H0kXysRaOdfZGkZ7l7
instalatii (sanitare/termice/HVAC);;PC-Termostat de camera , actionare towch screen pentru VCV sistem 4 tevi, selector incalzire/racire/ventilatie, Siemens, (sau similar),;buc;367,20;;;;;"Oferta SD-6 409-E Hotel PIETROASA (Climatronic) – foaia Cap.1-VCV; 72 EUR x 5,1";2025-09-01;Ofertant Climatronic SRL / Beneficiar Hotel Pietroasa SA Buzau;1ne-s6Ae1aOu82-H0kXysRaOdfZGkZ7l7
instalatii (sanitare/termice/HVAC);;PC1,2-Pompă de circulaţie electronică de înaltă eficienţă pentru pentru instalaţii de climatizare si incalzire , marca BIRAL-Elvetia, model ModulA 32F-12 220 GREEN.DN 40 220 mm 1 x 230 V (sau similar) Domeniul de tempera;buc;5870,10;;;;;"Oferta SD-6 409-E Hotel PIETROASA (Climatronic) – foaia Cap.5- Centrala Termica; 1151 EUR x 5,1";2025-09-01;Ofertant Climatronic SRL / Beneficiar Hotel Pietroasa SA Buzau;1ne-s6Ae1aOu82-H0kXysRaOdfZGkZ7l7
instalatii (sanitare/termice/HVAC);SA19C1 [1];PIESA DE BRANSARE PEHD DN63;buc;58,35;14,85;43,50;0,00;0,00;"9.2. OFERTA V1 REV CU VALORI PTDE.pdf – F3 cu valori (Spital paliatie, desfiintare C1-C3 si construire); pret direct fara CI/profit";2026-07-06;Proiectant S.C. Tanari Arhitect SRL / Beneficiar ACTIS (Asoc. Comunitara pt. Dezv. Intrepr. Sociale);1LARNS5Adn3FbJ7styKw3LZrEBoluKomc
instalatii (sanitare/termice/HVAC);;"PM-Piese mixte metal/PPR pentru imbinare robineti cu circuitele de distributie si conexiune echipamente in centrala termica D= 3/4""-2 1/2"" cu D=32-63 mm(cantitate aproximativa)";buc;55,08;;;;;"Oferta SD-6 409-E Hotel PIETROASA (Climatronic) – foaia Cap.5- Centrala Termica; 10.8 EUR x 5,1";2025-09-01;Ofertant Climatronic SRL / Beneficiar Hotel Pietroasa SA Buzau;1ne-s6Ae1aOu82-H0kXysRaOdfZGkZ7l7
instalatii (sanitare/termice/HVAC);IA02H1 [1];POMPA DE CALDURA;buc;606,90;142,90;464,00;0,00;0,00;"9.2. OFERTA V1 REV CU VALORI PTDE.pdf – F3 cu valori (Spital paliatie, desfiintare C1-C3 si construire); pret direct fara CI/profit";2026-07-06;Proiectant S.C. Tanari Arhitect SRL / Beneficiar ACTIS (Asoc. Comunitara pt. Dezv. Intrepr. Sociale);1LARNS5Adn3FbJ7styKw3LZrEBoluKomc
instalatii (sanitare/termice/HVAC);SC24A1 [1];PORTHARTIE;buc;55,49;43,60;11,89;0,00;0,00;"9.2. OFERTA V1 REV CU VALORI PTDE.pdf – F3 cu valori (Spital paliatie, desfiintare C1-C3 si construire); pret direct fara CI/profit";2026-07-06;Proiectant S.C. Tanari Arhitect SRL / Beneficiar ACTIS (Asoc. Comunitara pt. Dezv. Intrepr. Sociale);1LARNS5Adn3FbJ7styKw3LZrEBoluKomc
instalatii (sanitare/termice/HVAC);;PR-Plenum racord ventiloconvector-grila introducere aer cu contraflansa de fixare, garnitura etansare S=600x200/760x185 , L=150 mm;buc;127,50;;;;;"Oferta SD-6 409-E Hotel PIETROASA (Climatronic) – foaia Cap.1-VCV; 25 EUR x 5,1";2025-09-01;Ofertant Climatronic SRL / Beneficiar Hotel Pietroasa SA Buzau;1ne-s6Ae1aOu82-H0kXysRaOdfZGkZ7l7
instalatii (sanitare/termice/HVAC);;PR-Plenum racord ventiloconvector-grila introducere aer cu contraflansa de fixare, garnitura etansare S=800x200/960x185 , L=150 mm;buc;163,20;;;;;"Oferta SD-6 409-E Hotel PIETROASA (Climatronic) – foaia Cap.1-VCV; 32 EUR x 5,1";2025-09-01;Ofertant Climatronic SRL / Beneficiar Hotel Pietroasa SA Buzau;1ne-s6Ae1aOu82-H0kXysRaOdfZGkZ7l7
instalatii (sanitare/termice/HVAC);;PS-Panou solar 10 tuburi vidate Helis JDL-PM10-RF-58/1.8 seria RF heat pipe (sau similar);buc;1111,80;;;;;"Oferta SD-6 409-E Hotel PIETROASA (Climatronic) – foaia Cap.5- Centrala Termica; 218 EUR x 5,1";2025-09-01;Ofertant Climatronic SRL / Beneficiar Hotel Pietroasa SA Buzau;1ne-s6Ae1aOu82-H0kXysRaOdfZGkZ7l7
instalatii (sanitare/termice/HVAC);;Pachet WC cu rezervor apa , suport de sustinere si fixare complet echipat, Model Geberit (sau similar);buc;759,90;;;;;"Oferta SD-6 409-E Hotel PIETROASA (Climatronic) – foaia Cap.7-Instalatii Sanitare; 149 EUR x 5,1";2025-09-01;Ofertant Climatronic SRL / Beneficiar Hotel Pietroasa SA Buzau;1ne-s6Ae1aOu82-H0kXysRaOdfZGkZ7l7
instalatii (sanitare/termice/HVAC);;Perie WC cu suport prindere de perete, Model Bisk(sau similar);buc;28,05;;;;;"Oferta SD-6 409-E Hotel PIETROASA (Climatronic) – foaia Cap.7-Instalatii Sanitare; 5.5 EUR x 5,1";2025-09-01;Ofertant Climatronic SRL / Beneficiar Hotel Pietroasa SA Buzau;1ne-s6Ae1aOu82-H0kXysRaOdfZGkZ7l7
instalatii (sanitare/termice/HVAC);2453823;Piedestal lavoar p1 portelan alb c. 1 ni 806 [resursa material];buc;125,50;125,50;;;;"9.2. OFERTA V1 REV CU VALORI PTDE.pdf – F3 cu valori (Spital paliatie, desfiintare C1-C3 si construire); pret direct fara CI/profit";2026-07-06;Proiectant S.C. Tanari Arhitect SRL / Beneficiar ACTIS (Asoc. Comunitara pt. Dezv. Intrepr. Sociale);1LARNS5Adn3FbJ7styKw3LZrEBoluKomc
instalatii (sanitare/termice/HVAC);SB21A1;Piesa de curatare...pvc-u,pentru canalizare,cu imbinare prin lipire avand d= 50 mm;buc;19,12;6,07;13,05;0,00;0,00;"9.2. OFERTA V1 REV CU VALORI PTDE.pdf – F3 cu valori (Spital paliatie, desfiintare C1-C3 si construire); pret direct fara CI/profit";2026-07-06;Proiectant S.C. Tanari Arhitect SRL / Beneficiar ACTIS (Asoc. Comunitara pt. Dezv. Intrepr. Sociale);1LARNS5Adn3FbJ7styKw3LZrEBoluKomc
instalatii (sanitare/termice/HVAC);SB21C1;Piesa de curatare...pvc-u,pentru canalizare,cu imbinare prin lipire avand d=110 mm;buc;36,63;18,94;17,69;0,00;0,00;"9.2. OFERTA V1 REV CU VALORI PTDE.pdf – F3 cu valori (Spital paliatie, desfiintare C1-C3 si construire); pret direct fara CI/profit";2026-07-06;Proiectant S.C. Tanari Arhitect SRL / Beneficiar ACTIS (Asoc. Comunitara pt. Dezv. Intrepr. Sociale);1LARNS5Adn3FbJ7styKw3LZrEBoluKomc
instalatii (sanitare/termice/HVAC);20014416;Piesa de curatire PE canalizare 45grd110 [resursa material];buc;115,85;115,85;;;;"9.2. OFERTA V1 REV CU VALORI PTDE.pdf – F3 cu valori (Spital paliatie, desfiintare C1-C3 si construire); pret direct fara CI/profit";2026-07-06;Proiectant S.C. Tanari Arhitect SRL / Beneficiar ACTIS (Asoc. Comunitara pt. Dezv. Intrepr. Sociale);1LARNS5Adn3FbJ7styKw3LZrEBoluKomc
instalatii (sanitare/termice/HVAC);20014418;Piesa de curatire PE canalizare 45grd160 [resursa material];buc;208,06;208,06;;;;"9.2. OFERTA V1 REV CU VALORI PTDE.pdf – F3 cu valori (Spital paliatie, desfiintare C1-C3 si construire); pret direct fara CI/profit";2026-07-06;Proiectant S.C. Tanari Arhitect SRL / Beneficiar ACTIS (Asoc. Comunitara pt. Dezv. Intrepr. Sociale);1LARNS5Adn3FbJ7styKw3LZrEBoluKomc
instalatii (sanitare/termice/HVAC);ACE05A1;Piesa de trecere etansa a conductelor prin pereti cu greut... pina la 50 kg inclusiv;t;15779,07;7241,96;8017,11;520,00;0,00;"Deviz oferta.pdf – F3 oferta eDevize (restaurare biserica); pret direct, la care se adauga CAM 2,25% man., CI 10%, profit 5%";2025-06-17;Executant SC Aurora Inconstruct SRL / Beneficiar Biserica Sf. Imp. Constantin si Elena;1rue0Jaajr2kNvdWBeV5ZObPL36nPRRQk
instalatii (sanitare/termice/HVAC);ACA17A1;"Piesa tranzitie OLZn - PEHD 30x2"" fi [1]";buc;35,54;17,85;17,69;0,00;0,00;"9.2. OFERTA V1 REV CU VALORI PTDE.pdf – F3 cu valori (Spital paliatie, desfiintare C1-C3 si construire); pret direct fara CI/profit";2026-07-06;Proiectant S.C. Tanari Arhitect SRL / Beneficiar ACTIS (Asoc. Comunitara pt. Dezv. Intrepr. Sociale);1LARNS5Adn3FbJ7styKw3LZrEBoluKomc
instalatii (sanitare/termice/HVAC);SA41D3+;Piese de legatura Wavin PE montate prin sudura cap la cap, pentru instalatii de apa in cladiri ...Dn=110 mm , cot, reductie, piesa de curatire,;buc;10,35;0,49;9,86;0,00;0,00;"9.2. OFERTA V1 REV CU VALORI PTDE.pdf – F3 cu valori (Spital paliatie, desfiintare C1-C3 si construire); pret direct fara CI/profit";2026-07-06;Proiectant S.C. Tanari Arhitect SRL / Beneficiar ACTIS (Asoc. Comunitara pt. Dezv. Intrepr. Sociale);1LARNS5Adn3FbJ7styKw3LZrEBoluKomc
instalatii (sanitare/termice/HVAC);SA41D3+;Piese de legatura Wavin PE montate prin sudura cap la cap, pentru instalatii de apa in cladiri ...Dn=110 mm , cot, reductie, piesa de curatire,;buc;10,72;0,86;9,86;0,00;0,00;"9.2. OFERTA V1 REV CU VALORI PTDE.pdf – F3 cu valori (Spital paliatie, desfiintare C1-C3 si construire); pret direct fara CI/profit";2026-07-06;Proiectant S.C. Tanari Arhitect SRL / Beneficiar ACTIS (Asoc. Comunitara pt. Dezv. Intrepr. Sociale);1LARNS5Adn3FbJ7styKw3LZrEBoluKomc
instalatii (sanitare/termice/HVAC);SA41D3+;Piese de legatura Wavin PE montate prin sudura cap la cap, pentru instalatii de apa in cladiri ...Dn=110 mm , cot, reductie, piesa de curatire,;buc;11,93;2,07;9,86;0,00;0,00;"9.2. OFERTA V1 REV CU VALORI PTDE.pdf – F3 cu valori (Spital paliatie, desfiintare C1-C3 si construire); pret direct fara CI/profit";2026-07-06;Proiectant S.C. Tanari Arhitect SRL / Beneficiar ACTIS (Asoc. Comunitara pt. Dezv. Intrepr. Sociale);1LARNS5Adn3FbJ7styKw3LZrEBoluKomc
instalatii (sanitare/termice/HVAC);SA41A3+;Piese de legatura Wavin PE montate prin sudura cap la cap, pentru instalatii de apa in cladiri ...Dn=32 - 50 mm , cot, reductie, piesa de curatire,;buc;9,63;2,67;6,96;0,00;0,00;"9.2. OFERTA V1 REV CU VALORI PTDE.pdf – F3 cu valori (Spital paliatie, desfiintare C1-C3 si construire); pret direct fara CI/profit";2026-07-06;Proiectant S.C. Tanari Arhitect SRL / Beneficiar ACTIS (Asoc. Comunitara pt. Dezv. Intrepr. Sociale);1LARNS5Adn3FbJ7styKw3LZrEBoluKomc
instalatii (sanitare/termice/HVAC);SA41C3+;Piese de legatura Wavin PE montate prin sudura cap la cap, pentru instalatii de apa in cladiri ...Dn=75-90 mm , cot, reductie, piesa de curatire,;buc;9,64;0,36;9,28;0,00;0,00;"9.2. OFERTA V1 REV CU VALORI PTDE.pdf – F3 cu valori (Spital paliatie, desfiintare C1-C3 si construire); pret direct fara CI/profit";2026-07-06;Proiectant S.C. Tanari Arhitect SRL / Beneficiar ACTIS (Asoc. Comunitara pt. Dezv. Intrepr. Sociale);1LARNS5Adn3FbJ7styKw3LZrEBoluKomc
instalatii (sanitare/termice/HVAC);SB32E2+;Piese de legatura Wavin TH - PE pentru sistemul Quickstream, imbinare prin sudura cap la cap, la canalizari interioare...alte piese (cot, reductie, piesa de curatire, capac) avind Dn=110;buc;7,83;0,00;7,83;0,00;0,00;"9.2. OFERTA V1 REV CU VALORI PTDE.pdf – F3 cu valori (Spital paliatie, desfiintare C1-C3 si construire); pret direct fara CI/profit";2026-07-06;Proiectant S.C. Tanari Arhitect SRL / Beneficiar ACTIS (Asoc. Comunitara pt. Dezv. Intrepr. Sociale);1LARNS5Adn3FbJ7styKw3LZrEBoluKomc
instalatii (sanitare/termice/HVAC);SB32F2+;Piese de legatura Wavin TH - PE pentru sistemul Quickstream, imbinare prin sudura cap la cap, la canalizari interioare...alte piese (cot, reductie, piesa de curatire, capac) avind Dn=160;buc;24,36;0,00;24,36;0,00;0,00;"9.2. OFERTA V1 REV CU VALORI PTDE.pdf – F3 cu valori (Spital paliatie, desfiintare C1-C3 si construire); pret direct fara CI/profit";2026-07-06;Proiectant S.C. Tanari Arhitect SRL / Beneficiar ACTIS (Asoc. Comunitara pt. Dezv. Intrepr. Sociale);1LARNS5Adn3FbJ7styKw3LZrEBoluKomc
instalatii (sanitare/termice/HVAC);SA02E+;Piese de legatura din material plastic (PE) imbinate cu teava din material plastic (PE) sau intre ele avand doua puncte de imbinare prin electrofusiune, piesele avand diametrul exterior de...63;buc;15,40;6,00;8,70;0,70;0,00;"9.2. OFERTA V1 REV CU VALORI PTDE.pdf – F3 cu valori (Spital paliatie, desfiintare C1-C3 si construire); pret direct fara CI/profit";2026-07-06;Proiectant S.C. Tanari Arhitect SRL / Beneficiar ACTIS (Asoc. Comunitara pt. Dezv. Intrepr. Sociale);1LARNS5Adn3FbJ7styKw3LZrEBoluKomc
instalatii (sanitare/termice/HVAC);SB09E#;Piese legatura (cot, red, piesa curat mufa dubla, comp dilat) pe, pp, pp-r canal imb grn caucdn= 110 mm;buc;17,35;15,89;1,47;0,00;0,00;"Deviz oferta.pdf – F3 oferta eDevize (restaurare biserica); pret direct, la care se adauga CAM 2,25% man., CI 10%, profit 5%";2025-06-17;Executant SC Aurora Inconstruct SRL / Beneficiar Biserica Sf. Imp. Constantin si Elena;1rue0Jaajr2kNvdWBeV5ZObPL36nPRRQk
instalatii (sanitare/termice/HVAC);SB09E#;Piese legatura (cot, red, piesa curat mufa dubla, comp dilat) pe, pp, pp-r canal imb grn... caucdn=110 mm;buc;25,94;24,47;1,47;0,00;0,00;"Deviz oferta.pdf – F3 oferta eDevize (restaurare biserica); pret direct, la care se adauga CAM 2,25% man., CI 10%, profit 5%";2025-06-17;Executant SC Aurora Inconstruct SRL / Beneficiar Biserica Sf. Imp. Constantin si Elena;1rue0Jaajr2kNvdWBeV5ZObPL36nPRRQk
instalatii (sanitare/termice/HVAC);SB09E#;Piese legatura (cot, red, piesa curat mufa dubla, comp dilat) pe, pp, pp-r canal imb grn... caucdn=110 mm;buc;30,93;29,46;1,47;0,00;0,00;"Deviz oferta.pdf – F3 oferta eDevize (restaurare biserica); pret direct, la care se adauga CAM 2,25% man., CI 10%, profit 5%";2025-06-17;Executant SC Aurora Inconstruct SRL / Beneficiar Biserica Sf. Imp. Constantin si Elena;1rue0Jaajr2kNvdWBeV5ZObPL36nPRRQk
instalatii (sanitare/termice/HVAC);SB09E#;Piese legatura (cot, red, piesa curat mufa dubla, comp dilat) pe, pp, pp-r canal imb grn... caucdn=110 mm;buc;34,94;33,47;1,47;0,00;0,00;"Deviz oferta.pdf – F3 oferta eDevize (restaurare biserica); pret direct, la care se adauga CAM 2,25% man., CI 10%, profit 5%";2025-06-17;Executant SC Aurora Inconstruct SRL / Beneficiar Biserica Sf. Imp. Constantin si Elena;1rue0Jaajr2kNvdWBeV5ZObPL36nPRRQk
instalatii (sanitare/termice/HVAC);SB09B#;Piese legatura (cot, red, piesa curat mufa dubla, comp dilat) pe, pp, pp-r canal imb grn... caucdn=40 mm;buc;16,41;6,44;9,97;0,00;0,00;"Deviz oferta.pdf – F3 oferta eDevize (restaurare biserica); pret direct, la care se adauga CAM 2,25% man., CI 10%, profit 5%";2025-06-17;Executant SC Aurora Inconstruct SRL / Beneficiar Biserica Sf. Imp. Constantin si Elena;1rue0Jaajr2kNvdWBeV5ZObPL36nPRRQk
instalatii (sanitare/termice/HVAC);SB09C#;Piese legatura (cot, red, piesa curat mufa dubla, comp dilat) pe, pp, pp-r canal imb grn... caucdn=50 mm;buc;20,58;9,03;11,55;0,00;0,00;"Deviz oferta.pdf – F3 oferta eDevize (restaurare biserica); pret direct, la care se adauga CAM 2,25% man., CI 10%, profit 5%";2025-06-17;Executant SC Aurora Inconstruct SRL / Beneficiar Biserica Sf. Imp. Constantin si Elena;1rue0Jaajr2kNvdWBeV5ZObPL36nPRRQk
instalatii (sanitare/termice/HVAC);SB09C#;Piese legatura (cot, red, piesa curat mufa dubla, comp dilat) pe, pp, pp-r canal imb grn... caucdn=50 mm;buc;25,07;13,52;11,55;0,00;0,00;"Deviz oferta.pdf – F3 oferta eDevize (restaurare biserica); pret direct, la care se adauga CAM 2,25% man., CI 10%, profit 5%";2025-06-17;Executant SC Aurora Inconstruct SRL / Beneficiar Biserica Sf. Imp. Constantin si Elena;1rue0Jaajr2kNvdWBeV5ZObPL36nPRRQk
instalatii (sanitare/termice/HVAC);SB09C#;Piese legatura (cot, red, piesa curat mufa dubla, comp dilat) pe, pp, pp-r canal imb grn... caucdn=50 mm;buc;39,77;28,22;11,55;0,00;0,00;"Deviz oferta.pdf – F3 oferta eDevize (restaurare biserica); pret direct, la care se adauga CAM 2,25% man., CI 10%, profit 5%";2025-06-17;Executant SC Aurora Inconstruct SRL / Beneficiar Biserica Sf. Imp. Constantin si Elena;1rue0Jaajr2kNvdWBeV5ZObPL36nPRRQk
instalatii (sanitare/termice/HVAC);SB09E#;Piese legatura (cot, red, piesa curat mufa dubla,comp dilat) pe, pp, pp-r canal imb grn... caucdn=110 mm;buc;18,94;17,47;1,47;0,00;0,00;"Deviz oferta.pdf – F3 oferta eDevize (restaurare biserica); pret direct, la care se adauga CAM 2,25% man., CI 10%, profit 5%";2025-06-17;Executant SC Aurora Inconstruct SRL / Beneficiar Biserica Sf. Imp. Constantin si Elena;1rue0Jaajr2kNvdWBeV5ZObPL36nPRRQk
instalatii (sanitare/termice/HVAC);;Piese speciale de imbinare din PPR D=20 mm (cotu 90°, cot 45°, curba , reductie, pise mixte metal/PPR, dopuri, T °);set;433,50;;;;;"Oferta SD-6 409-E Hotel PIETROASA (Climatronic) – foaia Cap.6-Circuite hidraulice; 85 EUR x 5,1";2025-09-01;Ofertant Climatronic SRL / Beneficiar Hotel Pietroasa SA Buzau;1ne-s6Ae1aOu82-H0kXysRaOdfZGkZ7l7
instalatii (sanitare/termice/HVAC);;Piese speciale de imbinare din PPR D=25 mm (cotu 90°, cot 45°, curba , reductie, pise mixte metal/PPR, dopuri, T °);set;1009,80;;;;;"Oferta SD-6 409-E Hotel PIETROASA (Climatronic) – foaia Cap.6-Circuite hidraulice; 198 EUR x 5,1";2025-09-01;Ofertant Climatronic SRL / Beneficiar Hotel Pietroasa SA Buzau;1ne-s6Ae1aOu82-H0kXysRaOdfZGkZ7l7
instalatii (sanitare/termice/HVAC);;Piese speciale de imbinare din PPR D=32 mm (cotu 90°, cot 45°, curba , reductie, pise mixte metal/PPR, dopuri, T °);set;734,40;;;;;"Oferta SD-6 409-E Hotel PIETROASA (Climatronic) – foaia Cap.6-Circuite hidraulice; 144 EUR x 5,1";2025-09-01;Ofertant Climatronic SRL / Beneficiar Hotel Pietroasa SA Buzau;1ne-s6Ae1aOu82-H0kXysRaOdfZGkZ7l7
instalatii (sanitare/termice/HVAC);;Piese speciale de imbinare din PPR D=32 mm (cotu 90°, cot 45°, curba , reductie, pise mixte metal/PPR, dopuri, T °);set;571,20;;;;;"Oferta SD-6 409-E Hotel PIETROASA (Climatronic) – foaia Cap.6-Circuite hidraulice; 112 EUR x 5,1";2025-09-01;Ofertant Climatronic SRL / Beneficiar Hotel Pietroasa SA Buzau;1ne-s6Ae1aOu82-H0kXysRaOdfZGkZ7l7
instalatii (sanitare/termice/HVAC);;Piese speciale de imbinare din PPR D=40 mm (cotu 90°, cot 45°, curba , reductie, pise mixte metal/PPR, dopuri, T °);set;1152,60;;;;;"Oferta SD-6 409-E Hotel PIETROASA (Climatronic) – foaia Cap.6-Circuite hidraulice; 226 EUR x 5,1";2025-09-01;Ofertant Climatronic SRL / Beneficiar Hotel Pietroasa SA Buzau;1ne-s6Ae1aOu82-H0kXysRaOdfZGkZ7l7
instalatii (sanitare/termice/HVAC);;Piese speciale de imbinare din PPR D=40 mm (cotu 90°, cot 45°, curba , reductie, pise mixte metal/PPR, dopuri, T °);set;836,40;;;;;"Oferta SD-6 409-E Hotel PIETROASA (Climatronic) – foaia Cap.6-Circuite hidraulice; 164 EUR x 5,1";2025-09-01;Ofertant Climatronic SRL / Beneficiar Hotel Pietroasa SA Buzau;1ne-s6Ae1aOu82-H0kXysRaOdfZGkZ7l7
instalatii (sanitare/termice/HVAC);;Piese speciale de imbinare din PPR D=50 mm (cotu 90°, cot 45°, curba , reductie, pise mixte metal/PPR, dopuri, T °);set;612,00;;;;;"Oferta SD-6 409-E Hotel PIETROASA (Climatronic) – foaia Cap.6-Circuite hidraulice; 120 EUR x 5,1";2025-09-01;Ofertant Climatronic SRL / Beneficiar Hotel Pietroasa SA Buzau;1ne-s6Ae1aOu82-H0kXysRaOdfZGkZ7l7
instalatii (sanitare/termice/HVAC);;Piese speciale de imbinare din PPR D=50 mm (cotu 90°, cot 45°, curba , reductie, pise mixte metal/PPR, dopuri, T °)-;set;1346,40;;;;;"Oferta SD-6 409-E Hotel PIETROASA (Climatronic) – foaia Cap.6-Circuite hidraulice; 264 EUR x 5,1";2025-09-01;Ofertant Climatronic SRL / Beneficiar Hotel Pietroasa SA Buzau;1ne-s6Ae1aOu82-H0kXysRaOdfZGkZ7l7
instalatii (sanitare/termice/HVAC);;Piese speciale de imbinare din PPR D=63 mm (cotu 90°, cot 45°, curba , reductie, pise mixte metal/PPR, dopuri, T °)- aprox. 40% din valoare teava PPR;set;918,00;;;;;"Oferta SD-6 409-E Hotel PIETROASA (Climatronic) – foaia Cap.6-Circuite hidraulice; 180 EUR x 5,1";2025-09-01;Ofertant Climatronic SRL / Beneficiar Hotel Pietroasa SA Buzau;1ne-s6Ae1aOu82-H0kXysRaOdfZGkZ7l7
instalatii (sanitare/termice/HVAC);;Piese speciale de imbinare din PPR D=76 mm (cotu 90°, cot 45°, curba , reductie, pise mixte metal/PPR, dopuri, T °)- aprox. 40% din valoare teava PPR;set;612,00;;;;;"Oferta SD-6 409-E Hotel PIETROASA (Climatronic) – foaia Cap.6-Circuite hidraulice; 120 EUR x 5,1";2025-09-01;Ofertant Climatronic SRL / Beneficiar Hotel Pietroasa SA Buzau;1ne-s6Ae1aOu82-H0kXysRaOdfZGkZ7l7
instalatii (sanitare/termice/HVAC);ACE17A1;Placa indicatoare montata la camine rezerv. sau alte... constructii pentru alimentari cu apa si canaliz.;buc;159,67;2,16;157,51;0,00;0,00;"Deviz oferta.pdf – F3 oferta eDevize (restaurare biserica); pret direct, la care se adauga CAM 2,25% man., CI 10%, profit 5%";2025-06-17;Executant SC Aurora Inconstruct SRL / Beneficiar Biserica Sf. Imp. Constantin si Elena;1rue0Jaajr2kNvdWBeV5ZObPL36nPRRQk
instalatii (sanitare/termice/HVAC);CG17A% [5];Plinte PVC bej;m;19,95;11,25;8,70;0,00;0,00;"9.2. OFERTA V1 REV CU VALORI PTDE.pdf – F3 cu valori (Spital paliatie, desfiintare C1-C3 si construire); pret direct fara CI/profit";2026-07-06;Proiectant S.C. Tanari Arhitect SRL / Beneficiar ACTIS (Asoc. Comunitara pt. Dezv. Intrepr. Sociale);1LARNS5Adn3FbJ7styKw3LZrEBoluKomc
instalatii (sanitare/termice/HVAC);CG17A% [8];Plinte PVC gri;m;27,24;18,54;8,70;0,00;0,00;"9.2. OFERTA V1 REV CU VALORI PTDE.pdf – F3 cu valori (Spital paliatie, desfiintare C1-C3 si construire); pret direct fara CI/profit";2026-07-06;Proiectant S.C. Tanari Arhitect SRL / Beneficiar ACTIS (Asoc. Comunitara pt. Dezv. Intrepr. Sociale);1LARNS5Adn3FbJ7styKw3LZrEBoluKomc
instalatii (sanitare/termice/HVAC);IA37A1#;"Pompa de circulatie ...(recirculatie) montata pe conducta existenta prin insurubare avand diametrul de pana la 1"" inclusiv";buc;81,06;5,66;75,40;0,00;0,00;"9.2. OFERTA V1 REV CU VALORI PTDE.pdf – F3 cu valori (Spital paliatie, desfiintare C1-C3 si construire); pret direct fara CI/profit";2026-07-06;Proiectant S.C. Tanari Arhitect SRL / Beneficiar ACTIS (Asoc. Comunitara pt. Dezv. Intrepr. Sociale);1LARNS5Adn3FbJ7styKw3LZrEBoluKomc
instalatii (sanitare/termice/HVAC);IA37B1#;"Pompa de circulatie ...(recirculatie) montata pe conducta existenta prin insurubare avand diametrul de peste 1""";buc;96,01;9,01;87,00;0,00;0,00;"9.2. OFERTA V1 REV CU VALORI PTDE.pdf – F3 cu valori (Spital paliatie, desfiintare C1-C3 si construire); pret direct fara CI/profit";2026-07-06;Proiectant S.C. Tanari Arhitect SRL / Beneficiar ACTIS (Asoc. Comunitara pt. Dezv. Intrepr. Sociale);1LARNS5Adn3FbJ7styKw3LZrEBoluKomc
instalatii (sanitare/termice/HVAC);;RA 1-Radiator/Calorifer din aluminiu , numar elementi 15, capacitate incalzire/element q=167 W/element, capacitate totala de incalzire Qinc=2505W, dimensiune 1500x600, Model BIG B3(sau similar);buc;739,50;;;;;"Oferta SD-6 409-E Hotel PIETROASA (Climatronic) – foaia Cap.3 Calorifere-Radiatoare; 145 EUR x 5,1";2025-09-01;Ofertant Climatronic SRL / Beneficiar Hotel Pietroasa SA Buzau;1ne-s6Ae1aOu82-H0kXysRaOdfZGkZ7l7
instalatii (sanitare/termice/HVAC);;RA 2-Radiator/Calorifer din aluminiu , numar elementi 18, capacitate incalzire/element q=167 W/element, capacitate totala de incalzire Qinc=3006W, dimensiune 1800x600, Model BIG B3(sau similar);buc;887,40;;;;;"Oferta SD-6 409-E Hotel PIETROASA (Climatronic) – foaia Cap.3 Calorifere-Radiatoare; 174 EUR x 5,1";2025-09-01;Ofertant Climatronic SRL / Beneficiar Hotel Pietroasa SA Buzau;1ne-s6Ae1aOu82-H0kXysRaOdfZGkZ7l7
instalatii (sanitare/termice/HVAC);;RA 3-Radiator/Calorifer din aluminiu , numar elementi 20, capacitate incalzire/element q=167 W/element, capacitate totala de incalzire Qinc=3340W, dimensiune 2000x600, Model BIG B3(sau similar)-;buc;989,40;;;;;"Oferta SD-6 409-E Hotel PIETROASA (Climatronic) – foaia Cap.3 Calorifere-Radiatoare; 194 EUR x 5,1";2025-09-01;Ofertant Climatronic SRL / Beneficiar Hotel Pietroasa SA Buzau;1ne-s6Ae1aOu82-H0kXysRaOdfZGkZ7l7
instalatii (sanitare/termice/HVAC);;"RA-Robineti de aerisire circuit apa racita D=1""";buc;107,10;;;;;"Oferta SD-6 409-E Hotel PIETROASA (Climatronic) – foaia Cap.4-Instalatie apa racita; 21 EUR x 5,1";2025-09-01;Ofertant Climatronic SRL / Beneficiar Hotel Pietroasa SA Buzau;1ne-s6Ae1aOu82-H0kXysRaOdfZGkZ7l7
instalatii (sanitare/termice/HVAC);SB17E1;"RACORD FLEXIBIL 1/2""-3/8"" (asim.) [1]";buc;19,88;3,93;15,95;0,00;0,00;"9.2. OFERTA V1 REV CU VALORI PTDE.pdf – F3 cu valori (Spital paliatie, desfiintare C1-C3 si construire); pret direct fara CI/profit";2026-07-06;Proiectant S.C. Tanari Arhitect SRL / Beneficiar ACTIS (Asoc. Comunitara pt. Dezv. Intrepr. Sociale);1LARNS5Adn3FbJ7styKw3LZrEBoluKomc
instalatii (sanitare/termice/HVAC);SD31B1 [1];"RACORD FLEXIBIL AVAND D=1/2""";buc;5,23;0,30;4,93;0,00;0,00;"9.2. OFERTA V1 REV CU VALORI PTDE.pdf – F3 cu valori (Spital paliatie, desfiintare C1-C3 si construire); pret direct fara CI/profit";2026-07-06;Proiectant S.C. Tanari Arhitect SRL / Beneficiar ACTIS (Asoc. Comunitara pt. Dezv. Intrepr. Sociale);1LARNS5Adn3FbJ7styKw3LZrEBoluKomc
instalatii (sanitare/termice/HVAC);;"RB-Robinet cu bila ptr. conectare si separare VCV/vana 3 cai/racord flexibil φ=3/4""(cate 4 buc pe fiecare VCV)";buc;48,45;;;;;"Oferta SD-6 409-E Hotel PIETROASA (Climatronic) – foaia Cap.1-VCV; 9.5 EUR x 5,1";2025-09-01;Ofertant Climatronic SRL / Beneficiar Hotel Pietroasa SA Buzau;1ne-s6Ae1aOu82-H0kXysRaOdfZGkZ7l7
instalatii (sanitare/termice/HVAC);;RC-Robinet cu cep (cana) golire D= 1/2”;buc;71,40;;;;;"Oferta SD-6 409-E Hotel PIETROASA (Climatronic) – foaia Cap.5- Centrala Termica; 14 EUR x 5,1";2025-09-01;Ofertant Climatronic SRL / Beneficiar Hotel Pietroasa SA Buzau;1ne-s6Ae1aOu82-H0kXysRaOdfZGkZ7l7
instalatii (sanitare/termice/HVAC);;"RE-Regulator electronic Regtronic-BS/2""-B - 1369541";buc;520,20;;;;;"Oferta SD-6 409-E Hotel PIETROASA (Climatronic) – foaia Cap.5- Centrala Termica; 102 EUR x 5,1";2025-09-01;Ofertant Climatronic SRL / Beneficiar Hotel Pietroasa SA Buzau;1ne-s6Ae1aOu82-H0kXysRaOdfZGkZ7l7
instalatii (sanitare/termice/HVAC);;"RF-Racord flexibil din inox φ 3/4""/L=400 mm (cate 2 buc pe fiecare ventiloconvector)";buc;84,15;;;;;"Oferta SD-6 409-E Hotel PIETROASA (Climatronic) – foaia Cap.1-VCV; 16.5 EUR x 5,1";2025-09-01;Ofertant Climatronic SRL / Beneficiar Hotel Pietroasa SA Buzau;1ne-s6Ae1aOu82-H0kXysRaOdfZGkZ7l7
instalatii (sanitare/termice/HVAC);;RF-Rama si sistem prindere acoperis pentru JDL-PM10-RF-58/1.8;buc;170,85;;;;;"Oferta SD-6 409-E Hotel PIETROASA (Climatronic) – foaia Cap.5- Centrala Termica; 33.5 EUR x 5,1";2025-09-01;Ofertant Climatronic SRL / Beneficiar Hotel Pietroasa SA Buzau;1ne-s6Ae1aOu82-H0kXysRaOdfZGkZ7l7
instalatii (sanitare/termice/HVAC);;"RG-Robineti de golire circuit apa racita D=1""";ml;56,10;;;;;"Oferta SD-6 409-E Hotel PIETROASA (Climatronic) – foaia Cap.4-Instalatie apa racita; 11 EUR x 5,1";2025-09-01;Ofertant Climatronic SRL / Beneficiar Hotel Pietroasa SA Buzau;1ne-s6Ae1aOu82-H0kXysRaOdfZGkZ7l7
instalatii (sanitare/termice/HVAC);SD13C1 [4];"ROBINET DE GOLIRE CU PORTFURTUN 1/2"" ATA";buc;31,07;22,66;8,41;0,00;0,00;"9.2. OFERTA V1 REV CU VALORI PTDE.pdf – F3 cu valori (Spital paliatie, desfiintare C1-C3 si construire); pret direct fara CI/profit";2026-07-06;Proiectant S.C. Tanari Arhitect SRL / Beneficiar ACTIS (Asoc. Comunitara pt. Dezv. Intrepr. Sociale);1LARNS5Adn3FbJ7styKw3LZrEBoluKomc
instalatii (sanitare/termice/HVAC);ID01A1# [4];"ROBINET DE GOLIRE DIN ALAMA GALBENA CU SFERA FE 1/2""";buc;26,91;21,69;5,22;0,00;0,00;"9.2. OFERTA V1 REV CU VALORI PTDE.pdf – F3 cu valori (Spital paliatie, desfiintare C1-C3 si construire); pret direct fara CI/profit";2026-07-06;Proiectant S.C. Tanari Arhitect SRL / Beneficiar ACTIS (Asoc. Comunitara pt. Dezv. Intrepr. Sociale);1LARNS5Adn3FbJ7styKw3LZrEBoluKomc
instalatii (sanitare/termice/HVAC);;RT-Robinet de trecere cu etansare sferica avand D = 11/2”;buc;112,20;;;;;"Oferta SD-6 409-E Hotel PIETROASA (Climatronic) – foaia Cap.5- Centrala Termica; 22 EUR x 5,1";2025-09-01;Ofertant Climatronic SRL / Beneficiar Hotel Pietroasa SA Buzau;1ne-s6Ae1aOu82-H0kXysRaOdfZGkZ7l7
instalatii (sanitare/termice/HVAC);;RT-Robinet de trecere cu etansare sferica avand D = 11/4”;buc;94,35;;;;;"Oferta SD-6 409-E Hotel PIETROASA (Climatronic) – foaia Cap.5- Centrala Termica; 18.5 EUR x 5,1";2025-09-01;Ofertant Climatronic SRL / Beneficiar Hotel Pietroasa SA Buzau;1ne-s6Ae1aOu82-H0kXysRaOdfZGkZ7l7
instalatii (sanitare/termice/HVAC);;"RT-Robinet de trecere cu etansare sferica avand D = 2÷2½""";buc;147,90;;;;;"Oferta SD-6 409-E Hotel PIETROASA (Climatronic) – foaia Cap.5- Centrala Termica; 29 EUR x 5,1";2025-09-01;Ofertant Climatronic SRL / Beneficiar Hotel Pietroasa SA Buzau;1ne-s6Ae1aOu82-H0kXysRaOdfZGkZ7l7
instalatii (sanitare/termice/HVAC);;RV-Robinet ventil automat de aerisire având D= 1/2”;buc;58,65;;;;;"Oferta SD-6 409-E Hotel PIETROASA (Climatronic) – foaia Cap.5- Centrala Termica; 11.5 EUR x 5,1";2025-09-01;Ofertant Climatronic SRL / Beneficiar Hotel Pietroasa SA Buzau;1ne-s6Ae1aOu82-H0kXysRaOdfZGkZ7l7
instalatii (sanitare/termice/HVAC);6719956;"Racord drept din polietilena cu filet exterior cu D = 20-1/2"" [resursa material]";buc;5,40;5,40;;;;"Deviz oferta.pdf – F3 oferta eDevize (restaurare biserica); pret direct, la care se adauga CAM 2,25% man., CI 10%, profit 5%";2025-06-17;Executant SC Aurora Inconstruct SRL / Beneficiar Biserica Sf. Imp. Constantin si Elena;1rue0Jaajr2kNvdWBeV5ZObPL36nPRRQk
instalatii (sanitare/termice/HVAC);6719964;"Racord drept din polietilena cu filet interior cu D = 25- 3/4"" [resursa material]";buc;11,96;11,96;;;;"Deviz oferta.pdf – F3 oferta eDevize (restaurare biserica); pret direct, la care se adauga CAM 2,25% man., CI 10%, profit 5%";2025-06-17;Executant SC Aurora Inconstruct SRL / Beneficiar Biserica Sf. Imp. Constantin si Elena;1rue0Jaajr2kNvdWBeV5ZObPL36nPRRQk
instalatii (sanitare/termice/HVAC);6719533;Racord drept polipropilena D = 20 mm x 1/2 [resursa material];buc;9,50;9,50;;;;"Deviz oferta.pdf – F3 oferta eDevize (restaurare biserica); pret direct, la care se adauga CAM 2,25% man., CI 10%, profit 5%";2025-06-17;Executant SC Aurora Inconstruct SRL / Beneficiar Biserica Sf. Imp. Constantin si Elena;1rue0Jaajr2kNvdWBeV5ZObPL36nPRRQk
instalatii (sanitare/termice/HVAC);6719534;Racord drept polipropilena D = 25 mm x 1/2 [resursa material];buc;11,50;11,50;;;;"Deviz oferta.pdf – F3 oferta eDevize (restaurare biserica); pret direct, la care se adauga CAM 2,25% man., CI 10%, profit 5%";2025-06-17;Executant SC Aurora Inconstruct SRL / Beneficiar Biserica Sf. Imp. Constantin si Elena;1rue0Jaajr2kNvdWBeV5ZObPL36nPRRQk
instalatii (sanitare/termice/HVAC);6713671;Racord fe polipropilena DN 20 x 1/2 cod 64100303 [resursa material];buc;61,76;61,76;;;;"9.2. OFERTA V1 REV CU VALORI PTDE.pdf – F3 cu valori (Spital paliatie, desfiintare C1-C3 si construire); pret direct fara CI/profit";2026-07-06;Proiectant S.C. Tanari Arhitect SRL / Beneficiar ACTIS (Asoc. Comunitara pt. Dezv. Intrepr. Sociale);1LARNS5Adn3FbJ7styKw3LZrEBoluKomc
instalatii (sanitare/termice/HVAC);6713686;Racord fe polipropilena DN 25 x 3/4 cod 64100307 [resursa material];buc;61,76;61,76;;;;"9.2. OFERTA V1 REV CU VALORI PTDE.pdf – F3 cu valori (Spital paliatie, desfiintare C1-C3 si construire); pret direct fara CI/profit";2026-07-06;Proiectant S.C. Tanari Arhitect SRL / Beneficiar ACTIS (Asoc. Comunitara pt. Dezv. Intrepr. Sociale);1LARNS5Adn3FbJ7styKw3LZrEBoluKomc
instalatii (sanitare/termice/HVAC);6713695;Racord fe polipropilena DN 32 x 1 cod [resursa material];buc;61,76;61,76;;;;"9.2. OFERTA V1 REV CU VALORI PTDE.pdf – F3 cu valori (Spital paliatie, desfiintare C1-C3 si construire); pret direct fara CI/profit";2026-07-06;Proiectant S.C. Tanari Arhitect SRL / Beneficiar ACTIS (Asoc. Comunitara pt. Dezv. Intrepr. Sociale);1LARNS5Adn3FbJ7styKw3LZrEBoluKomc
instalatii (sanitare/termice/HVAC);6713672;Racord fi polipropilena DN 20 x 1/2 cod [resursa material];buc;61,76;61,76;;;;"9.2. OFERTA V1 REV CU VALORI PTDE.pdf – F3 cu valori (Spital paliatie, desfiintare C1-C3 si construire); pret direct fara CI/profit";2026-07-06;Proiectant S.C. Tanari Arhitect SRL / Beneficiar ACTIS (Asoc. Comunitara pt. Dezv. Intrepr. Sociale);1LARNS5Adn3FbJ7styKw3LZrEBoluKomc
instalatii (sanitare/termice/HVAC);SD19XB;"Racord fix pentru stins indendiu avind diamentrul nominal de 2 1/2"" tip b";buc;105,85;62,35;43,50;0,00;0,00;"9.2. OFERTA V1 REV CU VALORI PTDE.pdf – F3 cu valori (Spital paliatie, desfiintare C1-C3 si construire); pret direct fara CI/profit";2026-07-06;Proiectant S.C. Tanari Arhitect SRL / Beneficiar ACTIS (Asoc. Comunitara pt. Dezv. Intrepr. Sociale);1LARNS5Adn3FbJ7styKw3LZrEBoluKomc
instalatii (sanitare/termice/HVAC);;"Racoruri flexibile din inox pentru racordare baterie lavoar la circuitele agenti termici L=400-3/8""";buc;38,25;;;;;"Oferta SD-6 409-E Hotel PIETROASA (Climatronic) – foaia Cap.7-Instalatii Sanitare; 7.5 EUR x 5,1";2025-09-01;Ofertant Climatronic SRL / Beneficiar Hotel Pietroasa SA Buzau;1ne-s6Ae1aOu82-H0kXysRaOdfZGkZ7l7
instalatii (sanitare/termice/HVAC);IB06B1#;Radiatoare din otel monobloc avand lungimea de... 1001-1500 mm;buc;46,64;10,27;34,12;2,25;0,00;"Deviz oferta.pdf – F3 oferta eDevize (restaurare biserica); pret direct, la care se adauga CAM 2,25% man., CI 10%, profit 5%";2025-06-17;Executant SC Aurora Inconstruct SRL / Beneficiar Biserica Sf. Imp. Constantin si Elena;1rue0Jaajr2kNvdWBeV5ZObPL36nPRRQk
instalatii (sanitare/termice/HVAC);5708863;Radiator din otel tip panou 11- H = 600 si L = [resursa material];buc;174,00;174,00;;;;"Deviz oferta.pdf – F3 oferta eDevize (restaurare biserica); pret direct, la care se adauga CAM 2,25% man., CI 10%, profit 5%";2025-06-17;Executant SC Aurora Inconstruct SRL / Beneficiar Biserica Sf. Imp. Constantin si Elena;1rue0Jaajr2kNvdWBeV5ZObPL36nPRRQk
instalatii (sanitare/termice/HVAC);5709074;Radiator din otel tip panou 22- H = 600 si L = [resursa material];buc;264,00;264,00;;;;"Deviz oferta.pdf – F3 oferta eDevize (restaurare biserica); pret direct, la care se adauga CAM 2,25% man., CI 10%, profit 5%";2025-06-17;Executant SC Aurora Inconstruct SRL / Beneficiar Biserica Sf. Imp. Constantin si Elena;1rue0Jaajr2kNvdWBeV5ZObPL36nPRRQk
instalatii (sanitare/termice/HVAC);5709078;Radiator din otel tip panou 22- H = 600 si L = [resursa material];buc;546,00;546,00;;;;"Deviz oferta.pdf – F3 oferta eDevize (restaurare biserica); pret direct, la care se adauga CAM 2,25% man., CI 10%, profit 5%";2025-06-17;Executant SC Aurora Inconstruct SRL / Beneficiar Biserica Sf. Imp. Constantin si Elena;1rue0Jaajr2kNvdWBeV5ZObPL36nPRRQk
instalatii (sanitare/termice/HVAC);5709080;Radiator din otel tip panou 22- H = 600 si L = [resursa material];buc;660,00;660,00;;;;"Deviz oferta.pdf – F3 oferta eDevize (restaurare biserica); pret direct, la care se adauga CAM 2,25% man., CI 10%, profit 5%";2025-06-17;Executant SC Aurora Inconstruct SRL / Beneficiar Biserica Sf. Imp. Constantin si Elena;1rue0Jaajr2kNvdWBeV5ZObPL36nPRRQk
instalatii (sanitare/termice/HVAC);SA26A1;Reductie cu mufa, din fonta, pentru cond. de presiune cu tubul principal avand...d= 65 mm;buc;73,76;25,33;48,43;0,00;0,00;"9.2. OFERTA V1 REV CU VALORI PTDE.pdf – F3 cu valori (Spital paliatie, desfiintare C1-C3 si construire); pret direct fara CI/profit";2026-07-06;Proiectant S.C. Tanari Arhitect SRL / Beneficiar ACTIS (Asoc. Comunitara pt. Dezv. Intrepr. Sociale);1LARNS5Adn3FbJ7styKw3LZrEBoluKomc
instalatii (sanitare/termice/HVAC);6719513;Reductie din polipropilena avind diametrul 20 x 16 mm [resursa material];buc;3,10;3,10;;;;"Deviz oferta.pdf – F3 oferta eDevize (restaurare biserica); pret direct, la care se adauga CAM 2,25% man., CI 10%, profit 5%";2025-06-17;Executant SC Aurora Inconstruct SRL / Beneficiar Biserica Sf. Imp. Constantin si Elena;1rue0Jaajr2kNvdWBeV5ZObPL36nPRRQk
instalatii (sanitare/termice/HVAC);6719515;Reductie din polipropilena avind diametrul 25 X 20 mm [resursa material];buc;4,20;4,20;;;;"Deviz oferta.pdf – F3 oferta eDevize (restaurare biserica); pret direct, la care se adauga CAM 2,25% man., CI 10%, profit 5%";2025-06-17;Executant SC Aurora Inconstruct SRL / Beneficiar Biserica Sf. Imp. Constantin si Elena;1rue0Jaajr2kNvdWBeV5ZObPL36nPRRQk
instalatii (sanitare/termice/HVAC);6719515;Reductie din polipropilena avind diametrul 25 x 20 mm [resursa material];buc;0,54;0,54;;;;"9.2. OFERTA V1 REV CU VALORI PTDE.pdf – F3 cu valori (Spital paliatie, desfiintare C1-C3 si construire); pret direct fara CI/profit";2026-07-06;Proiectant S.C. Tanari Arhitect SRL / Beneficiar ACTIS (Asoc. Comunitara pt. Dezv. Intrepr. Sociale);1LARNS5Adn3FbJ7styKw3LZrEBoluKomc
instalatii (sanitare/termice/HVAC);6719518;Reductie din polipropilena avind diametrul 32 X 25 mm [resursa material];buc;5,30;5,30;;;;"Deviz oferta.pdf – F3 oferta eDevize (restaurare biserica); pret direct, la care se adauga CAM 2,25% man., CI 10%, profit 5%";2025-06-17;Executant SC Aurora Inconstruct SRL / Beneficiar Biserica Sf. Imp. Constantin si Elena;1rue0Jaajr2kNvdWBeV5ZObPL36nPRRQk
instalatii (sanitare/termice/HVAC);6719518;Reductie din polipropilena avind diametrul 32 x 25 mm [resursa material];buc;0,66;0,66;;;;"9.2. OFERTA V1 REV CU VALORI PTDE.pdf – F3 cu valori (Spital paliatie, desfiintare C1-C3 si construire); pret direct fara CI/profit";2026-07-06;Proiectant S.C. Tanari Arhitect SRL / Beneficiar ACTIS (Asoc. Comunitara pt. Dezv. Intrepr. Sociale);1LARNS5Adn3FbJ7styKw3LZrEBoluKomc
instalatii (sanitare/termice/HVAC);6719521;Reductie din polipropilena avind diametrul 40 x 32 mm [resursa material];buc;1,91;1,91;;;;"9.2. OFERTA V1 REV CU VALORI PTDE.pdf – F3 cu valori (Spital paliatie, desfiintare C1-C3 si construire); pret direct fara CI/profit";2026-07-06;Proiectant S.C. Tanari Arhitect SRL / Beneficiar ACTIS (Asoc. Comunitara pt. Dezv. Intrepr. Sociale);1LARNS5Adn3FbJ7styKw3LZrEBoluKomc
instalatii (sanitare/termice/HVAC);6719525;Reductie din polipropilena avind diametrul 50 x 40 mm [resursa material];buc;1,94;1,94;;;;"9.2. OFERTA V1 REV CU VALORI PTDE.pdf – F3 cu valori (Spital paliatie, desfiintare C1-C3 si construire); pret direct fara CI/profit";2026-07-06;Proiectant S.C. Tanari Arhitect SRL / Beneficiar ACTIS (Asoc. Comunitara pt. Dezv. Intrepr. Sociale);1LARNS5Adn3FbJ7styKw3LZrEBoluKomc
instalatii (sanitare/termice/HVAC);SB22F1 [3];Reductie excentrica;buc;5,51;;;;;"9.2. OFERTA V1 REV CU VALORI PTDE.pdf – F3 cu valori (Spital paliatie, desfiintare C1-C3 si construire); pret direct fara CI/profit";2026-07-06;Proiectant S.C. Tanari Arhitect SRL / Beneficiar ACTIS (Asoc. Comunitara pt. Dezv. Intrepr. Sociale);1LARNS5Adn3FbJ7styKw3LZrEBoluKomc
instalatii (sanitare/termice/HVAC);11290291;Reductie excentrica PE canalizare56/50 [resursa material];buc;8,90;8,90;;;;"9.2. OFERTA V1 REV CU VALORI PTDE.pdf – F3 cu valori (Spital paliatie, desfiintare C1-C3 si construire); pret direct fara CI/profit";2026-07-06;Proiectant S.C. Tanari Arhitect SRL / Beneficiar ACTIS (Asoc. Comunitara pt. Dezv. Intrepr. Sociale);1LARNS5Adn3FbJ7styKw3LZrEBoluKomc
instalatii (sanitare/termice/HVAC);20029456;Reductie excentrica pehd scurta d. 75/ [resursa material];buc;6,26;6,26;;;;"9.2. OFERTA V1 REV CU VALORI PTDE.pdf – F3 cu valori (Spital paliatie, desfiintare C1-C3 si construire); pret direct fara CI/profit";2026-07-06;Proiectant S.C. Tanari Arhitect SRL / Beneficiar ACTIS (Asoc. Comunitara pt. Dezv. Intrepr. Sociale);1LARNS5Adn3FbJ7styKw3LZrEBoluKomc
instalatii (sanitare/termice/HVAC);20029452;Reductie excentrica pehd scurta d. 90/ [resursa material];buc;7,25;7,25;;;;"9.2. OFERTA V1 REV CU VALORI PTDE.pdf – F3 cu valori (Spital paliatie, desfiintare C1-C3 si construire); pret direct fara CI/profit";2026-07-06;Proiectant S.C. Tanari Arhitect SRL / Beneficiar ACTIS (Asoc. Comunitara pt. Dezv. Intrepr. Sociale);1LARNS5Adn3FbJ7styKw3LZrEBoluKomc
instalatii (sanitare/termice/HVAC);20029450;Reductie excentrica pehd scurta d.110/ [resursa material];buc;9,78;9,78;;;;"9.2. OFERTA V1 REV CU VALORI PTDE.pdf – F3 cu valori (Spital paliatie, desfiintare C1-C3 si construire); pret direct fara CI/profit";2026-07-06;Proiectant S.C. Tanari Arhitect SRL / Beneficiar ACTIS (Asoc. Comunitara pt. Dezv. Intrepr. Sociale);1LARNS5Adn3FbJ7styKw3LZrEBoluKomc
instalatii (sanitare/termice/HVAC);20029448;Reductie excentrica pehd scurta d.110/ [resursa material];buc;9,78;9,78;;;;"9.2. OFERTA V1 REV CU VALORI PTDE.pdf – F3 cu valori (Spital paliatie, desfiintare C1-C3 si construire); pret direct fara CI/profit";2026-07-06;Proiectant S.C. Tanari Arhitect SRL / Beneficiar ACTIS (Asoc. Comunitara pt. Dezv. Intrepr. Sociale);1LARNS5Adn3FbJ7styKw3LZrEBoluKomc
instalatii (sanitare/termice/HVAC);20029447;Reductie excentrica pehd scurta d.110/ [resursa material];buc;9,78;9,78;;;;"9.2. OFERTA V1 REV CU VALORI PTDE.pdf – F3 cu valori (Spital paliatie, desfiintare C1-C3 si construire); pret direct fara CI/profit";2026-07-06;Proiectant S.C. Tanari Arhitect SRL / Beneficiar ACTIS (Asoc. Comunitara pt. Dezv. Intrepr. Sociale);1LARNS5Adn3FbJ7styKw3LZrEBoluKomc
instalatii (sanitare/termice/HVAC);20029446;Reductie excentrica pehd scurta d.110/ [resursa material];buc;9,78;9,78;;;;"9.2. OFERTA V1 REV CU VALORI PTDE.pdf – F3 cu valori (Spital paliatie, desfiintare C1-C3 si construire); pret direct fara CI/profit";2026-07-06;Proiectant S.C. Tanari Arhitect SRL / Beneficiar ACTIS (Asoc. Comunitara pt. Dezv. Intrepr. Sociale);1LARNS5Adn3FbJ7styKw3LZrEBoluKomc
instalatii (sanitare/termice/HVAC);20029443;Reductie excentrica pehd scurta d.125/ 2204/50hz/700 w [resursa material];buc;17,15;17,15;;;;"9.2. OFERTA V1 REV CU VALORI PTDE.pdf – F3 cu valori (Spital paliatie, desfiintare C1-C3 si construire); pret direct fara CI/profit";2026-07-06;Proiectant S.C. Tanari Arhitect SRL / Beneficiar ACTIS (Asoc. Comunitara pt. Dezv. Intrepr. Sociale);1LARNS5Adn3FbJ7styKw3LZrEBoluKomc
instalatii (sanitare/termice/HVAC);20029440;Reductie excentrica pehd scurta d.125/110 [resursa material];buc;17,14;17,14;;;;"9.2. OFERTA V1 REV CU VALORI PTDE.pdf – F3 cu valori (Spital paliatie, desfiintare C1-C3 si construire); pret direct fara CI/profit";2026-07-06;Proiectant S.C. Tanari Arhitect SRL / Beneficiar ACTIS (Asoc. Comunitara pt. Dezv. Intrepr. Sociale);1LARNS5Adn3FbJ7styKw3LZrEBoluKomc
instalatii (sanitare/termice/HVAC);20029439;Reductie excentrica pehd scurta d.160/110 [resursa material];buc;41,39;41,39;;;;"9.2. OFERTA V1 REV CU VALORI PTDE.pdf – F3 cu valori (Spital paliatie, desfiintare C1-C3 si construire); pret direct fara CI/profit";2026-07-06;Proiectant S.C. Tanari Arhitect SRL / Beneficiar ACTIS (Asoc. Comunitara pt. Dezv. Intrepr. Sociale);1LARNS5Adn3FbJ7styKw3LZrEBoluKomc
instalatii (sanitare/termice/HVAC);SB22D1;Reductie excentrica pvc-u, pentru canalizare,cu imbinare prin...lipire,avand d= 75- 50 mm;buc;10,05;5,41;4,64;0,00;0,00;"9.2. OFERTA V1 REV CU VALORI PTDE.pdf – F3 cu valori (Spital paliatie, desfiintare C1-C3 si construire); pret direct fara CI/profit";2026-07-06;Proiectant S.C. Tanari Arhitect SRL / Beneficiar ACTIS (Asoc. Comunitara pt. Dezv. Intrepr. Sociale);1LARNS5Adn3FbJ7styKw3LZrEBoluKomc
instalatii (sanitare/termice/HVAC);SB22E1;Reductie excentrica pvc-u, pentru canalizare,cu imbinare prin...lipire,avand d=110- 50 mm;buc;11,84;6,33;5,51;0,00;0,00;"9.2. OFERTA V1 REV CU VALORI PTDE.pdf – F3 cu valori (Spital paliatie, desfiintare C1-C3 si construire); pret direct fara CI/profit";2026-07-06;Proiectant S.C. Tanari Arhitect SRL / Beneficiar ACTIS (Asoc. Comunitara pt. Dezv. Intrepr. Sociale);1LARNS5Adn3FbJ7styKw3LZrEBoluKomc
instalatii (sanitare/termice/HVAC);SB22F1;Reductie excentrica pvc-u, pentru canalizare,cu imbinare prin...lipire,avand d=110- 75 mm;buc;13,88;8,37;5,51;0,00;0,00;"9.2. OFERTA V1 REV CU VALORI PTDE.pdf – F3 cu valori (Spital paliatie, desfiintare C1-C3 si construire); pret direct fara CI/profit";2026-07-06;Proiectant S.C. Tanari Arhitect SRL / Beneficiar ACTIS (Asoc. Comunitara pt. Dezv. Intrepr. Sociale);1LARNS5Adn3FbJ7styKw3LZrEBoluKomc
instalatii (sanitare/termice/HVAC);4113908;Reductie fonta maleabila n4 s 477 25x 15 Zn f2 [resursa material];buc;3,29;3,29;;;;"9.2. OFERTA V1 REV CU VALORI PTDE.pdf – F3 cu valori (Spital paliatie, desfiintare C1-C3 si construire); pret direct fara CI/profit";2026-07-06;Proiectant S.C. Tanari Arhitect SRL / Beneficiar ACTIS (Asoc. Comunitara pt. Dezv. Intrepr. Sociale);1LARNS5Adn3FbJ7styKw3LZrEBoluKomc
instalatii (sanitare/termice/HVAC);4114172;Reductie fonta maleabila n4 s 477 50x 25 Zn f2 [resursa material];buc;11,43;11,43;;;;"9.2. OFERTA V1 REV CU VALORI PTDE.pdf – F3 cu valori (Spital paliatie, desfiintare C1-C3 si construire); pret direct fara CI/profit";2026-07-06;Proiectant S.C. Tanari Arhitect SRL / Beneficiar ACTIS (Asoc. Comunitara pt. Dezv. Intrepr. Sociale);1LARNS5Adn3FbJ7styKw3LZrEBoluKomc
instalatii (sanitare/termice/HVAC);4114287;Reductie fonta maleabila n4 s 477 65x 50 Zn f2 [resursa material];buc;16,84;16,84;;;;"9.2. OFERTA V1 REV CU VALORI PTDE.pdf – F3 cu valori (Spital paliatie, desfiintare C1-C3 si construire); pret direct fara CI/profit";2026-07-06;Proiectant S.C. Tanari Arhitect SRL / Beneficiar ACTIS (Asoc. Comunitara pt. Dezv. Intrepr. Sociale);1LARNS5Adn3FbJ7styKw3LZrEBoluKomc
instalatii (sanitare/termice/HVAC);6704207;Reductie mat plast (pe,pp,pp-r,etc) canal,imbin sudura D = 110 mm - 50 mm [resursa material];buc;26,00;26,00;;;;"Deviz oferta.pdf – F3 oferta eDevize (restaurare biserica); pret direct, la care se adauga CAM 2,25% man., CI 10%, profit 5%";2025-06-17;Executant SC Aurora Inconstruct SRL / Beneficiar Biserica Sf. Imp. Constantin si Elena;1rue0Jaajr2kNvdWBeV5ZObPL36nPRRQk
instalatii (sanitare/termice/HVAC);6704206;Reductie mat plast (pe,pp,pp-r,etc) canal,imbin sudura D = 110 mm - 75 mm [resursa material];buc;30,00;30,00;;;;"Deviz oferta.pdf – F3 oferta eDevize (restaurare biserica); pret direct, la care se adauga CAM 2,25% man., CI 10%, profit 5%";2025-06-17;Executant SC Aurora Inconstruct SRL / Beneficiar Biserica Sf. Imp. Constantin si Elena;1rue0Jaajr2kNvdWBeV5ZObPL36nPRRQk
instalatii (sanitare/termice/HVAC);6719476;Reductie pehd pentru electrofuz diam ext 110/90 mm [resursa material];buc;127,58;127,58;;;;"9.2. OFERTA V1 REV CU VALORI PTDE.pdf – F3 cu valori (Spital paliatie, desfiintare C1-C3 si construire); pret direct fara CI/profit";2026-07-06;Proiectant S.C. Tanari Arhitect SRL / Beneficiar ACTIS (Asoc. Comunitara pt. Dezv. Intrepr. Sociale);1LARNS5Adn3FbJ7styKw3LZrEBoluKomc
instalatii (sanitare/termice/HVAC);6719460;Reductie pehd pentru electrofuz diam ext 32/25 mm [resursa material];buc;8,30;8,30;;;;"Deviz oferta.pdf – F3 oferta eDevize (restaurare biserica); pret direct, la care se adauga CAM 2,25% man., CI 10%, profit 5%";2025-06-17;Executant SC Aurora Inconstruct SRL / Beneficiar Biserica Sf. Imp. Constantin si Elena;1rue0Jaajr2kNvdWBeV5ZObPL36nPRRQk
instalatii (sanitare/termice/HVAC);6719463;Reductie pehd pentru electrofuz diam ext 40/32 mm [resursa material];buc;18,63;18,63;;;;"Deviz oferta.pdf – F3 oferta eDevize (restaurare biserica); pret direct, la care se adauga CAM 2,25% man., CI 10%, profit 5%";2025-06-17;Executant SC Aurora Inconstruct SRL / Beneficiar Biserica Sf. Imp. Constantin si Elena;1rue0Jaajr2kNvdWBeV5ZObPL36nPRRQk
instalatii (sanitare/termice/HVAC);6719471;Reductie pehd pentru electrofuz diam ext 75/50 mm [resursa material];buc;96,68;96,68;;;;"9.2. OFERTA V1 REV CU VALORI PTDE.pdf – F3 cu valori (Spital paliatie, desfiintare C1-C3 si construire); pret direct fara CI/profit";2026-07-06;Proiectant S.C. Tanari Arhitect SRL / Beneficiar ACTIS (Asoc. Comunitara pt. Dezv. Intrepr. Sociale);1LARNS5Adn3FbJ7styKw3LZrEBoluKomc
instalatii (sanitare/termice/HVAC);6719472;Reductie pehd pentru electrofuz diam ext 75/63 mm [resursa material];buc;96,68;96,68;;;;"9.2. OFERTA V1 REV CU VALORI PTDE.pdf – F3 cu valori (Spital paliatie, desfiintare C1-C3 si construire); pret direct fara CI/profit";2026-07-06;Proiectant S.C. Tanari Arhitect SRL / Beneficiar ACTIS (Asoc. Comunitara pt. Dezv. Intrepr. Sociale);1LARNS5Adn3FbJ7styKw3LZrEBoluKomc
instalatii (sanitare/termice/HVAC);6719475;Reductie pehd pentru electrofuz diam ext 90/75 mm [resursa material];buc;108,07;108,07;;;;"9.2. OFERTA V1 REV CU VALORI PTDE.pdf – F3 cu valori (Spital paliatie, desfiintare C1-C3 si construire); pret direct fara CI/profit";2026-07-06;Proiectant S.C. Tanari Arhitect SRL / Beneficiar ACTIS (Asoc. Comunitara pt. Dezv. Intrepr. Sociale);1LARNS5Adn3FbJ7styKw3LZrEBoluKomc
instalatii (sanitare/termice/HVAC);SE03D1;Rezervor tampon pentru instalatia hidrofor capacit....3000l;buc;1215,87;834,10;381,35;0,42;0,00;"9.2. OFERTA V1 REV CU VALORI PTDE.pdf – F3 cu valori (Spital paliatie, desfiintare C1-C3 si construire); pret direct fara CI/profit";2026-07-06;Proiectant S.C. Tanari Arhitect SRL / Beneficiar ACTIS (Asoc. Comunitara pt. Dezv. Intrepr. Sociale);1LARNS5Adn3FbJ7styKw3LZrEBoluKomc
instalatii (sanitare/termice/HVAC);4201779;Robinet colt reglaj alama nich. 1/2 S 751/i [resursa material];buc;44,00;44,00;;;;"Deviz oferta.pdf – F3 oferta eDevize (restaurare biserica); pret direct, la care se adauga CAM 2,25% man., CI 10%, profit 5%";2025-06-17;Executant SC Aurora Inconstruct SRL / Beneficiar Biserica Sf. Imp. Constantin si Elena;1rue0Jaajr2kNvdWBeV5ZObPL36nPRRQk
instalatii (sanitare/termice/HVAC);4201755;Robinet colt reglaj alama nich. 3/8 ni [resursa material];buc;17,32;17,32;;;;"9.2. OFERTA V1 REV CU VALORI PTDE.pdf – F3 cu valori (Spital paliatie, desfiintare C1-C3 si construire); pret direct fara CI/profit";2026-07-06;Proiectant S.C. Tanari Arhitect SRL / Beneficiar ACTIS (Asoc. Comunitara pt. Dezv. Intrepr. Sociale);1LARNS5Adn3FbJ7styKw3LZrEBoluKomc
instalatii (sanitare/termice/HVAC);ID03XE;"Robinet cu cep (cana),cu mufe pt.instalatiile de incalzire centrala,diam.nominal 2 1/2""";buc;31,90;0,00;31,90;0,00;0,00;"9.2. OFERTA V1 REV CU VALORI PTDE.pdf – F3 cu valori (Spital paliatie, desfiintare C1-C3 si construire); pret direct fara CI/profit";2026-07-06;Proiectant S.C. Tanari Arhitect SRL / Beneficiar ACTIS (Asoc. Comunitara pt. Dezv. Intrepr. Sociale);1LARNS5Adn3FbJ7styKw3LZrEBoluKomc
instalatii (sanitare/termice/HVAC);ID03XD-03;"Robinet cu cep (cana),cu mufe pt.instalatiile de incalzire centrala,diam.nominal 2"" - pentru robinet de retinere cu ventil";buc;21,75;0,00;21,75;0,00;0,00;"9.2. OFERTA V1 REV CU VALORI PTDE.pdf – F3 cu valori (Spital paliatie, desfiintare C1-C3 si construire); pret direct fara CI/profit";2026-07-06;Proiectant S.C. Tanari Arhitect SRL / Beneficiar ACTIS (Asoc. Comunitara pt. Dezv. Intrepr. Sociale);1LARNS5Adn3FbJ7styKw3LZrEBoluKomc
instalatii (sanitare/termice/HVAC);ID03XF;"Robinet cu cep (cana),cu mufe pt.instalatiile de incalzire centrala,diam.nominal 3""";buc;43,50;0,00;43,50;0,00;0,00;"9.2. OFERTA V1 REV CU VALORI PTDE.pdf – F3 cu valori (Spital paliatie, desfiintare C1-C3 si construire); pret direct fara CI/profit";2026-07-06;Proiectant S.C. Tanari Arhitect SRL / Beneficiar ACTIS (Asoc. Comunitara pt. Dezv. Intrepr. Sociale);1LARNS5Adn3FbJ7styKw3LZrEBoluKomc
instalatii (sanitare/termice/HVAC);ID22B1;Robinet cu sertar pana, cu mufe pentru instalatii de gaze cu d: 1;buc;24,08;1,46;22,62;0,00;0,00;"9.2. OFERTA V1 REV CU VALORI PTDE.pdf – F3 cu valori (Spital paliatie, desfiintare C1-C3 si construire); pret direct fara CI/profit";2026-07-06;Proiectant S.C. Tanari Arhitect SRL / Beneficiar ACTIS (Asoc. Comunitara pt. Dezv. Intrepr. Sociale);1LARNS5Adn3FbJ7styKw3LZrEBoluKomc
instalatii (sanitare/termice/HVAC);ID22E1;Robinet cu sertar pana, cu mufe pentru instalatii de gaze cu d: 2 1/2;buc;88,69;4,01;84,68;0,00;0,00;"9.2. OFERTA V1 REV CU VALORI PTDE.pdf – F3 cu valori (Spital paliatie, desfiintare C1-C3 si construire); pret direct fara CI/profit";2026-07-06;Proiectant S.C. Tanari Arhitect SRL / Beneficiar ACTIS (Asoc. Comunitara pt. Dezv. Intrepr. Sociale);1LARNS5Adn3FbJ7styKw3LZrEBoluKomc
instalatii (sanitare/termice/HVAC);ID22F1;Robinet cu sertar pana, cu mufe pentru instalatii de gaze cu d: 3;buc;104,98;4,64;100,34;0,00;0,00;"9.2. OFERTA V1 REV CU VALORI PTDE.pdf – F3 cu valori (Spital paliatie, desfiintare C1-C3 si construire); pret direct fara CI/profit";2026-07-06;Proiectant S.C. Tanari Arhitect SRL / Beneficiar ACTIS (Asoc. Comunitara pt. Dezv. Intrepr. Sociale);1LARNS5Adn3FbJ7styKw3LZrEBoluKomc
instalatii (sanitare/termice/HVAC);4204405;Robinet cu sertar, din alama, cu mufe, cu D [resursa material];buc;75,00;75,00;;;;"Deviz oferta.pdf – F3 oferta eDevize (restaurare biserica); pret direct, la care se adauga CAM 2,25% man., CI 10%, profit 5%";2025-06-17;Executant SC Aurora Inconstruct SRL / Beneficiar Biserica Sf. Imp. Constantin si Elena;1rue0Jaajr2kNvdWBeV5ZObPL36nPRRQk
instalatii (sanitare/termice/HVAC);4204413;"Robinet cu sfera pentru apa cu portfurtun, tip fe cu D = 1/2"" [resursa material]";buc;65,00;65,00;;;;"Deviz oferta.pdf – F3 oferta eDevize (restaurare biserica); pret direct, la care se adauga CAM 2,25% man., CI 10%, profit 5%";2025-06-17;Executant SC Aurora Inconstruct SRL / Beneficiar Biserica Sf. Imp. Constantin si Elena;1rue0Jaajr2kNvdWBeV5ZObPL36nPRRQk
instalatii (sanitare/termice/HVAC);ID01B1#;"Robinet cu ventil cu dublu reglaj pentru instalatii de incalzire centrala cu diametrul... 3/4 inci... 1""";buc;189,83;177,75;12,08;0,00;0,00;"Deviz oferta.pdf – F3 oferta eDevize (restaurare biserica); pret direct, la care se adauga CAM 2,25% man., CI 10%, profit 5%";2025-06-17;Executant SC Aurora Inconstruct SRL / Beneficiar Biserica Sf. Imp. Constantin si Elena;1rue0Jaajr2kNvdWBeV5ZObPL36nPRRQk
instalatii (sanitare/termice/HVAC);ID01A1#;"Robinet cu ventil cu dublu reglaj pentru instalatii de incalzire centrala cu diametrul... 3/8""...1/2''";buc;42,80;33,34;9,45;0,00;0,00;"Deviz oferta.pdf – F3 oferta eDevize (restaurare biserica); pret direct, la care se adauga CAM 2,25% man., CI 10%, profit 5%";2025-06-17;Executant SC Aurora Inconstruct SRL / Beneficiar Biserica Sf. Imp. Constantin si Elena;1rue0Jaajr2kNvdWBeV5ZObPL36nPRRQk
instalatii (sanitare/termice/HVAC);ID01A1#;"Robinet cu ventil cu dublu reglaj pentru instalatii de incalzire centrala cu diametrul... 3/8""...1/2''";buc;79,30;69,85;9,45;0,00;0,00;"Deviz oferta.pdf – F3 oferta eDevize (restaurare biserica); pret direct, la care se adauga CAM 2,25% man., CI 10%, profit 5%";2025-06-17;Executant SC Aurora Inconstruct SRL / Beneficiar Biserica Sf. Imp. Constantin si Elena;1rue0Jaajr2kNvdWBeV5ZObPL36nPRRQk
instalatii (sanitare/termice/HVAC);ID01XB;"Robinet cu ventil,cu dublu reglaj,de colt,pt.inst.incalzire centrala,diametrul nominal de 1""-1 1/2""";buc;11,60;0,00;11,60;0,00;0,00;"9.2. OFERTA V1 REV CU VALORI PTDE.pdf – F3 cu valori (Spital paliatie, desfiintare C1-C3 si construire); pret direct fara CI/profit";2026-07-06;Proiectant S.C. Tanari Arhitect SRL / Beneficiar ACTIS (Asoc. Comunitara pt. Dezv. Intrepr. Sociale);1LARNS5Adn3FbJ7styKw3LZrEBoluKomc
instalatii (sanitare/termice/HVAC);ID01XA;"Robinet cu ventil,cu dublu reglaj,de colt,pt.inst.incalzire centrala,diametrul nominal de 3/8""-3/4""";buc;7,25;0,00;7,25;0,00;0,00;"9.2. OFERTA V1 REV CU VALORI PTDE.pdf – F3 cu valori (Spital paliatie, desfiintare C1-C3 si construire); pret direct fara CI/profit";2026-07-06;Proiectant S.C. Tanari Arhitect SRL / Beneficiar ACTIS (Asoc. Comunitara pt. Dezv. Intrepr. Sociale);1LARNS5Adn3FbJ7styKw3LZrEBoluKomc
instalatii (sanitare/termice/HVAC);SD09XA;"Robinet de reglaj, drept sau coltar, avind diam. de 3/8"" - 1/2""";buc;10,15;0,00;10,15;0,00;0,00;"9.2. OFERTA V1 REV CU VALORI PTDE.pdf – F3 cu valori (Spital paliatie, desfiintare C1-C3 si construire); pret direct fara CI/profit";2026-07-06;Proiectant S.C. Tanari Arhitect SRL / Beneficiar ACTIS (Asoc. Comunitara pt. Dezv. Intrepr. Sociale);1LARNS5Adn3FbJ7styKw3LZrEBoluKomc
instalatii (sanitare/termice/HVAC);SD19C#;Robinet de retinere cu ventil drept cu mufe filetate, avand diametrul de... 1 1/4'' - 1 1/2'';buc;404,78;380,62;24,15;0,00;0,00;"Deviz oferta.pdf – F3 oferta eDevize (restaurare biserica); pret direct, la care se adauga CAM 2,25% man., CI 10%, profit 5%";2025-06-17;Executant SC Aurora Inconstruct SRL / Beneficiar Biserica Sf. Imp. Constantin si Elena;1rue0Jaajr2kNvdWBeV5ZObPL36nPRRQk
instalatii (sanitare/termice/HVAC);SD19C1;Robinet de retinere cu ventil,drept,din fonta,cu flanse cu...d=20mm;buc;26,49;8,51;17,98;0,00;0,00;"9.2. OFERTA V1 REV CU VALORI PTDE.pdf – F3 cu valori (Spital paliatie, desfiintare C1-C3 si construire); pret direct fara CI/profit";2026-07-06;Proiectant S.C. Tanari Arhitect SRL / Beneficiar ACTIS (Asoc. Comunitara pt. Dezv. Intrepr. Sociale);1LARNS5Adn3FbJ7styKw3LZrEBoluKomc
instalatii (sanitare/termice/HVAC);SD19H1;Robinet de retinere cu ventil,drept,din fonta,cu flanse cu...d=65mm;buc;41,87;18,09;23,78;0,00;0,00;"9.2. OFERTA V1 REV CU VALORI PTDE.pdf – F3 cu valori (Spital paliatie, desfiintare C1-C3 si construire); pret direct fara CI/profit";2026-07-06;Proiectant S.C. Tanari Arhitect SRL / Beneficiar ACTIS (Asoc. Comunitara pt. Dezv. Intrepr. Sociale);1LARNS5Adn3FbJ7styKw3LZrEBoluKomc
instalatii (sanitare/termice/HVAC);4204419;"Robinet de trecere cu sfera pentru apa, tip fe - fi cu D = 2"" [resursa material]";buc;182,06;182,06;;;;"9.2. OFERTA V1 REV CU VALORI PTDE.pdf – F3 cu valori (Spital paliatie, desfiintare C1-C3 si construire); pret direct fara CI/profit";2026-07-06;Proiectant S.C. Tanari Arhitect SRL / Beneficiar ACTIS (Asoc. Comunitara pt. Dezv. Intrepr. Sociale);1LARNS5Adn3FbJ7styKw3LZrEBoluKomc
instalatii (sanitare/termice/HVAC);4204421;"Robinet de trecere cu sfera pentru apa, tip fe - fi cu D = 3/4"" [resursa material]";buc;88,00;88,00;;;;"Deviz oferta.pdf – F3 oferta eDevize (restaurare biserica); pret direct, la care se adauga CAM 2,25% man., CI 10%, profit 5%";2025-06-17;Executant SC Aurora Inconstruct SRL / Beneficiar Biserica Sf. Imp. Constantin si Elena;1rue0Jaajr2kNvdWBeV5ZObPL36nPRRQk
instalatii (sanitare/termice/HVAC);4204423;"Robinet de trecere cu sfera pentru apa, tip fi - fi cu D = 1"" [resursa material]";buc;75,00;75,00;;;;"Deviz oferta.pdf – F3 oferta eDevize (restaurare biserica); pret direct, la care se adauga CAM 2,25% man., CI 10%, profit 5%";2025-06-17;Executant SC Aurora Inconstruct SRL / Beneficiar Biserica Sf. Imp. Constantin si Elena;1rue0Jaajr2kNvdWBeV5ZObPL36nPRRQk
instalatii (sanitare/termice/HVAC);4204425;"Robinet de trecere cu sfera pentru apa, tip fi - fi cu D = 2 1/2"" [resursa material]";buc;182,06;182,06;;;;"9.2. OFERTA V1 REV CU VALORI PTDE.pdf – F3 cu valori (Spital paliatie, desfiintare C1-C3 si construire); pret direct fara CI/profit";2026-07-06;Proiectant S.C. Tanari Arhitect SRL / Beneficiar ACTIS (Asoc. Comunitara pt. Dezv. Intrepr. Sociale);1LARNS5Adn3FbJ7styKw3LZrEBoluKomc
instalatii (sanitare/termice/HVAC);4204428;"Robinet de trecere cu sfera pentru apa, tip fi - fi cu D = 3"" [resursa material]";buc;564,94;564,94;;;;"9.2. OFERTA V1 REV CU VALORI PTDE.pdf – F3 cu valori (Spital paliatie, desfiintare C1-C3 si construire); pret direct fara CI/profit";2026-07-06;Proiectant S.C. Tanari Arhitect SRL / Beneficiar ACTIS (Asoc. Comunitara pt. Dezv. Intrepr. Sociale);1LARNS5Adn3FbJ7styKw3LZrEBoluKomc
instalatii (sanitare/termice/HVAC);4204431;"Robinet de trecere cu sfera pentru apa, tip fi- fi cu D = 1 1/2"" [resursa material]";buc;45,34;45,34;;;;"9.2. OFERTA V1 REV CU VALORI PTDE.pdf – F3 cu valori (Spital paliatie, desfiintare C1-C3 si construire); pret direct fara CI/profit";2026-07-06;Proiectant S.C. Tanari Arhitect SRL / Beneficiar ACTIS (Asoc. Comunitara pt. Dezv. Intrepr. Sociale);1LARNS5Adn3FbJ7styKw3LZrEBoluKomc
instalatii (sanitare/termice/HVAC);4204435;"Robinet de trecere cu sfera pentru gaz, tip fi - fi cu D = 1"" [resursa material]";buc;175,00;175,00;;;;"Deviz oferta.pdf – F3 oferta eDevize (restaurare biserica); pret direct, la care se adauga CAM 2,25% man., CI 10%, profit 5%";2025-06-17;Executant SC Aurora Inconstruct SRL / Beneficiar Biserica Sf. Imp. Constantin si Elena;1rue0Jaajr2kNvdWBeV5ZObPL36nPRRQk
instalatii (sanitare/termice/HVAC);SD07XB;"Robinet de trecere din alama pt,teava de plumb cu diametrul de 3/4""";buc;23,20;0,00;23,20;0,00;0,00;"9.2. OFERTA V1 REV CU VALORI PTDE.pdf – F3 cu valori (Spital paliatie, desfiintare C1-C3 si construire); pret direct fara CI/profit";2026-07-06;Proiectant S.C. Tanari Arhitect SRL / Beneficiar ACTIS (Asoc. Comunitara pt. Dezv. Intrepr. Sociale);1LARNS5Adn3FbJ7styKw3LZrEBoluKomc
instalatii (sanitare/termice/HVAC);SD07XC;"Robinet de trecere din alama pt.teava de plumb cu diametrul de 1""";buc;29,00;0,00;29,00;0,00;0,00;"9.2. OFERTA V1 REV CU VALORI PTDE.pdf – F3 cu valori (Spital paliatie, desfiintare C1-C3 si construire); pret direct fara CI/profit";2026-07-06;Proiectant S.C. Tanari Arhitect SRL / Beneficiar ACTIS (Asoc. Comunitara pt. Dezv. Intrepr. Sociale);1LARNS5Adn3FbJ7styKw3LZrEBoluKomc
instalatii (sanitare/termice/HVAC);SD07XA;"Robinet de trecere din alama pt.teava de plumb cu diametrul de 3/8"" si 1/2""";buc;20,30;0,00;20,30;0,00;0,00;"9.2. OFERTA V1 REV CU VALORI PTDE.pdf – F3 cu valori (Spital paliatie, desfiintare C1-C3 si construire); pret direct fara CI/profit";2026-07-06;Proiectant S.C. Tanari Arhitect SRL / Beneficiar ACTIS (Asoc. Comunitara pt. Dezv. Intrepr. Sociale);1LARNS5Adn3FbJ7styKw3LZrEBoluKomc
instalatii (sanitare/termice/HVAC);ID04A1#;"Robinet de trecere sau retinere cu mufe pentru instalatii... de incalzire centrala cu diametrul de 1/2""";buc;86,34;78,47;7,87;0,00;0,00;"Deviz oferta.pdf – F3 oferta eDevize (restaurare biserica); pret direct, la care se adauga CAM 2,25% man., CI 10%, profit 5%";2025-06-17;Executant SC Aurora Inconstruct SRL / Beneficiar Biserica Sf. Imp. Constantin si Elena;1rue0Jaajr2kNvdWBeV5ZObPL36nPRRQk
instalatii (sanitare/termice/HVAC);ID04A1#;"Robinet de trecere sau retinere cu mufe pentru instalatii... de incalzire centrala cu diametrul de 2 1/2""";buc;105,71;97,84;7,87;0,00;0,00;"Deviz oferta.pdf – F3 oferta eDevize (restaurare biserica); pret direct, la care se adauga CAM 2,25% man., CI 10%, profit 5%";2025-06-17;Executant SC Aurora Inconstruct SRL / Beneficiar Biserica Sf. Imp. Constantin si Elena;1rue0Jaajr2kNvdWBeV5ZObPL36nPRRQk
instalatii (sanitare/termice/HVAC);ID04A1#;"Robinet de trecere sau retinere cu mufe pentru instalatii... de incalzire centrala cu diametrul de 2 1/2""";buc;80,81;72,94;7,87;0,00;0,00;"Deviz oferta.pdf – F3 oferta eDevize (restaurare biserica); pret direct, la care se adauga CAM 2,25% man., CI 10%, profit 5%";2025-06-17;Executant SC Aurora Inconstruct SRL / Beneficiar Biserica Sf. Imp. Constantin si Elena;1rue0Jaajr2kNvdWBeV5ZObPL36nPRRQk
instalatii (sanitare/termice/HVAC);ID04A1#;"Robinet de trecere sau retinere cu mufe pentru instalatii... de incalzire centrala cu diametrul de 2 1/2""";buc;111,78;103,91;7,87;0,00;0,00;"Deviz oferta.pdf – F3 oferta eDevize (restaurare biserica); pret direct, la care se adauga CAM 2,25% man., CI 10%, profit 5%";2025-06-17;Executant SC Aurora Inconstruct SRL / Beneficiar Biserica Sf. Imp. Constantin si Elena;1rue0Jaajr2kNvdWBeV5ZObPL36nPRRQk
instalatii (sanitare/termice/HVAC);4202084;Robinet lavoar alama cromat 1/2 st. am peretes2581 [resursa material];buc;42,33;42,33;;;;"9.2. OFERTA V1 REV CU VALORI PTDE.pdf – F3 cu valori (Spital paliatie, desfiintare C1-C3 si construire); pret direct fara CI/profit";2026-07-06;Proiectant S.C. Tanari Arhitect SRL / Beneficiar ACTIS (Asoc. Comunitara pt. Dezv. Intrepr. Sociale);1LARNS5Adn3FbJ7styKw3LZrEBoluKomc
instalatii (sanitare/termice/HVAC);4204437;Robinet pentru radiator, retur, coltar cu D = 1/2 [resursa material];buc;32,00;32,00;;;;"Deviz oferta.pdf – F3 oferta eDevize (restaurare biserica); pret direct, la care se adauga CAM 2,25% man., CI 10%, profit 5%";2025-06-17;Executant SC Aurora Inconstruct SRL / Beneficiar Biserica Sf. Imp. Constantin si Elena;1rue0Jaajr2kNvdWBeV5ZObPL36nPRRQk
instalatii (sanitare/termice/HVAC);4204443;Robinet pentru radiator, tur, coltar cu D = 1/2 [resursa material];buc;68,00;68,00;;;;"Deviz oferta.pdf – F3 oferta eDevize (restaurare biserica); pret direct, la care se adauga CAM 2,25% man., CI 10%, profit 5%";2025-06-17;Executant SC Aurora Inconstruct SRL / Beneficiar Biserica Sf. Imp. Constantin si Elena;1rue0Jaajr2kNvdWBeV5ZObPL36nPRRQk
instalatii (sanitare/termice/HVAC);4201688;Robinet retinere ventil 1 1/4 PN 6 mufa ni522 [resursa material];buc;375,00;375,00;;;;"Deviz oferta.pdf – F3 oferta eDevize (restaurare biserica); pret direct, la care se adauga CAM 2,25% man., CI 10%, profit 5%";2025-06-17;Executant SC Aurora Inconstruct SRL / Beneficiar Biserica Sf. Imp. Constantin si Elena;1rue0Jaajr2kNvdWBeV5ZObPL36nPRRQk
instalatii (sanitare/termice/HVAC);SD01B#;Robinet serviciu, simplu sau dublu cu racord, indiferent modul de inchidere, D=... 3/'4' - 1'';buc;51,71;42,25;9,45;0,00;0,00;"Deviz oferta.pdf – F3 oferta eDevize (restaurare biserica); pret direct, la care se adauga CAM 2,25% man., CI 10%, profit 5%";2025-06-17;Executant SC Aurora Inconstruct SRL / Beneficiar Biserica Sf. Imp. Constantin si Elena;1rue0Jaajr2kNvdWBeV5ZObPL36nPRRQk
instalatii (sanitare/termice/HVAC);SD01B#;Robinet serviciu, simplu sau dublu cu racord, indiferent modul de inchidere, D=... 3/4'' - 1'';buc;99,99;90,54;9,45;0,00;0,00;"Deviz oferta.pdf – F3 oferta eDevize (restaurare biserica); pret direct, la care se adauga CAM 2,25% man., CI 10%, profit 5%";2025-06-17;Executant SC Aurora Inconstruct SRL / Beneficiar Biserica Sf. Imp. Constantin si Elena;1rue0Jaajr2kNvdWBeV5ZObPL36nPRRQk
instalatii (sanitare/termice/HVAC);SD01B#;Robinet serviciu, simplu sau dublu cu racord, indiferent modul de inchidere, d=... 3/4 - 1;buc;145,85;136,40;9,45;0,00;0,00;"Deviz oferta.pdf – F3 oferta eDevize (restaurare biserica); pret direct, la care se adauga CAM 2,25% man., CI 10%, profit 5%";2025-06-17;Executant SC Aurora Inconstruct SRL / Beneficiar Biserica Sf. Imp. Constantin si Elena;1rue0Jaajr2kNvdWBeV5ZObPL36nPRRQk
instalatii (sanitare/termice/HVAC);4202254;Robinet simplu serv. cromat 1 garn.fixa cruce s4124 [resursa material];buc;42,00;42,00;;;;"Deviz oferta.pdf – F3 oferta eDevize (restaurare biserica); pret direct, la care se adauga CAM 2,25% man., CI 10%, profit 5%";2025-06-17;Executant SC Aurora Inconstruct SRL / Beneficiar Biserica Sf. Imp. Constantin si Elena;1rue0Jaajr2kNvdWBeV5ZObPL36nPRRQk
instalatii (sanitare/termice/HVAC);4202503;Robinet trec. fonta 1 1/2 A vent+mufa pn10 s6480 [resursa material];buc;109,31;109,31;;;;"9.2. OFERTA V1 REV CU VALORI PTDE.pdf – F3 cu valori (Spital paliatie, desfiintare C1-C3 si construire); pret direct fara CI/profit";2026-07-06;Proiectant S.C. Tanari Arhitect SRL / Beneficiar ACTIS (Asoc. Comunitara pt. Dezv. Intrepr. Sociale);1LARNS5Adn3FbJ7styKw3LZrEBoluKomc
instalatii (sanitare/termice/HVAC);4202498;Robinet trec. fonta 1 1/4 A vent+mufa pn10 s6480 [resursa material];buc;78,61;78,61;;;;"9.2. OFERTA V1 REV CU VALORI PTDE.pdf – F3 cu valori (Spital paliatie, desfiintare C1-C3 si construire); pret direct fara CI/profit";2026-07-06;Proiectant S.C. Tanari Arhitect SRL / Beneficiar ACTIS (Asoc. Comunitara pt. Dezv. Intrepr. Sociale);1LARNS5Adn3FbJ7styKw3LZrEBoluKomc
instalatii (sanitare/termice/HVAC);4202486;Robinet trec. fonta 1 A vent+mufa pn10 s6480 [resursa material];buc;40,44;40,44;;;;"9.2. OFERTA V1 REV CU VALORI PTDE.pdf – F3 cu valori (Spital paliatie, desfiintare C1-C3 si construire); pret direct fara CI/profit";2026-07-06;Proiectant S.C. Tanari Arhitect SRL / Beneficiar ACTIS (Asoc. Comunitara pt. Dezv. Intrepr. Sociale);1LARNS5Adn3FbJ7styKw3LZrEBoluKomc
instalatii (sanitare/termice/HVAC);4202527;Robinet trec. fonta 2 1/2 A vent+mufa pn10 s6480 [resursa material];buc;359,37;359,37;;;;"9.2. OFERTA V1 REV CU VALORI PTDE.pdf – F3 cu valori (Spital paliatie, desfiintare C1-C3 si construire); pret direct fara CI/profit";2026-07-06;Proiectant S.C. Tanari Arhitect SRL / Beneficiar ACTIS (Asoc. Comunitara pt. Dezv. Intrepr. Sociale);1LARNS5Adn3FbJ7styKw3LZrEBoluKomc
instalatii (sanitare/termice/HVAC);4202515;Robinet trec. fonta 2 A vent+mufa pn10 s6480 [resursa material];buc;168,47;168,47;;;;"9.2. OFERTA V1 REV CU VALORI PTDE.pdf – F3 cu valori (Spital paliatie, desfiintare C1-C3 si construire); pret direct fara CI/profit";2026-07-06;Proiectant S.C. Tanari Arhitect SRL / Beneficiar ACTIS (Asoc. Comunitara pt. Dezv. Intrepr. Sociale);1LARNS5Adn3FbJ7styKw3LZrEBoluKomc
instalatii (sanitare/termice/HVAC);4202539;Robinet trec. fonta 3 A vent+mufa pn10 s6480 [resursa material];buc;505,33;505,33;;;;"9.2. OFERTA V1 REV CU VALORI PTDE.pdf – F3 cu valori (Spital paliatie, desfiintare C1-C3 si construire); pret direct fara CI/profit";2026-07-06;Proiectant S.C. Tanari Arhitect SRL / Beneficiar ACTIS (Asoc. Comunitara pt. Dezv. Intrepr. Sociale);1LARNS5Adn3FbJ7styKw3LZrEBoluKomc
instalatii (sanitare/termice/HVAC);4201640;Robinet trec.vent.mufe,alama, r al pn10 -80c,s.a83-1toli [resursa material];buc;40,44;40,44;;;;"9.2. OFERTA V1 REV CU VALORI PTDE.pdf – F3 cu valori (Spital paliatie, desfiintare C1-C3 si construire); pret direct fara CI/profit";2026-07-06;Proiectant S.C. Tanari Arhitect SRL / Beneficiar ACTIS (Asoc. Comunitara pt. Dezv. Intrepr. Sociale);1LARNS5Adn3FbJ7styKw3LZrEBoluKomc
instalatii (sanitare/termice/HVAC);4201614;Robinet trec.vent.mufe,alama, r bach.pn10-80c,s.a83-1/2 [resursa material];buc;18,79;18,79;;;;"9.2. OFERTA V1 REV CU VALORI PTDE.pdf – F3 cu valori (Spital paliatie, desfiintare C1-C3 si construire); pret direct fara CI/profit";2026-07-06;Proiectant S.C. Tanari Arhitect SRL / Beneficiar ACTIS (Asoc. Comunitara pt. Dezv. Intrepr. Sociale);1LARNS5Adn3FbJ7styKw3LZrEBoluKomc
instalatii (sanitare/termice/HVAC);4201626;Robinet trec.vent.mufe,alama, r bach.pn10-80c,s.a83-3/4 [resursa material];buc;26,95;26,95;;;;"9.2. OFERTA V1 REV CU VALORI PTDE.pdf – F3 cu valori (Spital paliatie, desfiintare C1-C3 si construire); pret direct fara CI/profit";2026-07-06;Proiectant S.C. Tanari Arhitect SRL / Beneficiar ACTIS (Asoc. Comunitara pt. Dezv. Intrepr. Sociale);1LARNS5Adn3FbJ7styKw3LZrEBoluKomc
instalatii (sanitare/termice/HVAC);4201638;Robinet trec.vent.mufe,alama, r. al pn10-80c,s.2a83-1/2 [resursa material];buc;18,79;18,79;;;;"9.2. OFERTA V1 REV CU VALORI PTDE.pdf – F3 cu valori (Spital paliatie, desfiintare C1-C3 si construire); pret direct fara CI/profit";2026-07-06;Proiectant S.C. Tanari Arhitect SRL / Beneficiar ACTIS (Asoc. Comunitara pt. Dezv. Intrepr. Sociale);1LARNS5Adn3FbJ7styKw3LZrEBoluKomc
instalatii (sanitare/termice/HVAC);ID01C1;Robinet ventil dublu reglaj de colt pentru Instalatie incalzire centrala cu d: 1 1/4;buc;9,78;1,95;7,83;0,00;0,00;"9.2. OFERTA V1 REV CU VALORI PTDE.pdf – F3 cu valori (Spital paliatie, desfiintare C1-C3 si construire); pret direct fara CI/profit";2026-07-06;Proiectant S.C. Tanari Arhitect SRL / Beneficiar ACTIS (Asoc. Comunitara pt. Dezv. Intrepr. Sociale);1LARNS5Adn3FbJ7styKw3LZrEBoluKomc
instalatii (sanitare/termice/HVAC);;SC-Stut circular din tabla zincata pentru racordare tubulaturi flexibile la tubulatura centrala de colectare si evacuare(coloana vericala), φ=125mm;buc;14,02;;;;;"Oferta SD-6 409-E Hotel PIETROASA (Climatronic) – foaia Cap.2-Sistem ventilatie; 2.75 EUR x 5,1";2025-09-01;Ofertant Climatronic SRL / Beneficiar Hotel Pietroasa SA Buzau;1ne-s6Ae1aOu82-H0kXysRaOdfZGkZ7l7
instalatii (sanitare/termice/HVAC);;SE-Set echipare calorifer:reducti stanga/ dreapta , niple imbinare, dop retur, aerisitor manual, console sustinere;buc;33,15;;;;;"Oferta SD-6 409-E Hotel PIETROASA (Climatronic) – foaia Cap.3 Calorifere-Radiatoare; 6.5 EUR x 5,1";2025-09-01;Ofertant Climatronic SRL / Beneficiar Hotel Pietroasa SA Buzau;1ne-s6Ae1aOu82-H0kXysRaOdfZGkZ7l7
instalatii (sanitare/termice/HVAC);2440474;SET MINI LAVOAR CU SUPRAPOZABIL CU OGLINDA [resursa material];buc;56,11;56,11;;;;"9.2. OFERTA V1 REV CU VALORI PTDE.pdf – F3 cu valori (Spital paliatie, desfiintare C1-C3 si construire); pret direct fara CI/profit";2026-07-06;Proiectant S.C. Tanari Arhitect SRL / Beneficiar ACTIS (Asoc. Comunitara pt. Dezv. Intrepr. Sociale);1LARNS5Adn3FbJ7styKw3LZrEBoluKomc
instalatii (sanitare/termice/HVAC);;SM-Suporti metalici-confectii pentru sustinere si fixare instalatii si subansamble functionale in Centrala termica;kg;22,95;;;;;"Oferta SD-6 409-E Hotel PIETROASA (Climatronic) – foaia Cap.5- Centrala Termica; 4.5 EUR x 5,1";2025-09-01;Ofertant Climatronic SRL / Beneficiar Hotel Pietroasa SA Buzau;1ne-s6Ae1aOu82-H0kXysRaOdfZGkZ7l7
instalatii (sanitare/termice/HVAC);;SR-Set robineti tur CAP TERMOSTATIC si robinet coltar retur cu bila, garnituri etansare, Model Hertz (sau similar);buc;94,35;;;;;"Oferta SD-6 409-E Hotel PIETROASA (Climatronic) – foaia Cap.3 Calorifere-Radiatoare; 18.5 EUR x 5,1";2025-09-01;Ofertant Climatronic SRL / Beneficiar Hotel Pietroasa SA Buzau;1ne-s6Ae1aOu82-H0kXysRaOdfZGkZ7l7
instalatii (sanitare/termice/HVAC);;SS-Supapa de siguranta având D = 1/2”, P=3bar;buc;79,05;;;;;"Oferta SD-6 409-E Hotel PIETROASA (Climatronic) – foaia Cap.5- Centrala Termica; 15.5 EUR x 5,1";2025-09-01;Ofertant Climatronic SRL / Beneficiar Hotel Pietroasa SA Buzau;1ne-s6Ae1aOu82-H0kXysRaOdfZGkZ7l7
instalatii (sanitare/termice/HVAC);;SS-suporti sustinere si fixare antivibratili cu arcuri Model Soleco;set;3452,70;;;;;"Oferta SD-6 409-E Hotel PIETROASA (Climatronic) – foaia Cap.4-Instalatie apa racita; 677 EUR x 5,1";2025-09-01;Ofertant Climatronic SRL / Beneficiar Hotel Pietroasa SA Buzau;1ne-s6Ae1aOu82-H0kXysRaOdfZGkZ7l7
instalatii (sanitare/termice/HVAC);;ST-Consola montaj peperete pentru automatizare;buc;326,40;;;;;"Oferta SD-6 409-E Hotel PIETROASA (Climatronic) – foaia Cap.5- Centrala Termica; 64 EUR x 5,1";2025-09-01;Ofertant Climatronic SRL / Beneficiar Hotel Pietroasa SA Buzau;1ne-s6Ae1aOu82-H0kXysRaOdfZGkZ7l7
instalatii (sanitare/termice/HVAC);;ST-Senzor de temperatura imersat pentru preselector hidraulic NTC10;buc;464,10;;;;;"Oferta SD-6 409-E Hotel PIETROASA (Climatronic) – foaia Cap.5- Centrala Termica; 91 EUR x 5,1";2025-09-01;Ofertant Climatronic SRL / Beneficiar Hotel Pietroasa SA Buzau;1ne-s6Ae1aOu82-H0kXysRaOdfZGkZ7l7
instalatii (sanitare/termice/HVAC);;ST-Set tiranti sustinere cu bucse expandabile M8/L=1000 mm;buc;21,42;;;;;"Oferta SD-6 409-E Hotel PIETROASA (Climatronic) – foaia Cap.5- Centrala Termica; 4.2 EUR x 5,1";2025-09-01;Ofertant Climatronic SRL / Beneficiar Hotel Pietroasa SA Buzau;1ne-s6Ae1aOu82-H0kXysRaOdfZGkZ7l7
instalatii (sanitare/termice/HVAC);;ST-Stocator inertial apa racita izolat termic si protejat mecanic impotriva intemperiilor cu jaketing din aluminiu V=1500L, presiune maxima de lucru P=6bar,Model Elbi ARZ 1500 (sau similar);buc;14764,50;;;;;"Oferta SD-6 409-E Hotel PIETROASA (Climatronic) – foaia Cap.4-Instalatie apa racita; 2895 EUR x 5,1";2025-09-01;Ofertant Climatronic SRL / Beneficiar Hotel Pietroasa SA Buzau;1ne-s6Ae1aOu82-H0kXysRaOdfZGkZ7l7
instalatii (sanitare/termice/HVAC);;STB-Senzor pentru temperatura apa calda menajera Model NTC 10K, Furnizor Viessman;set;448,80;;;;;"Oferta SD-6 409-E Hotel PIETROASA (Climatronic) – foaia Cap.5- Centrala Termica; 88 EUR x 5,1";2025-09-01;Ofertant Climatronic SRL / Beneficiar Hotel Pietroasa SA Buzau;1ne-s6Ae1aOu82-H0kXysRaOdfZGkZ7l7
instalatii (sanitare/termice/HVAC);ID08B01^;Senzor temperatura agent termic, [1] dotata cu teaca, compatibil cu diamterul tevii;buc;70,97;65,17;5,80;0,00;0,00;"9.2. OFERTA V1 REV CU VALORI PTDE.pdf – F3 cu valori (Spital paliatie, desfiintare C1-C3 si construire); pret direct fara CI/profit";2026-07-06;Proiectant S.C. Tanari Arhitect SRL / Beneficiar ACTIS (Asoc. Comunitara pt. Dezv. Intrepr. Sociale);1LARNS5Adn3FbJ7styKw3LZrEBoluKomc
instalatii (sanitare/termice/HVAC);ID08B01^;Senzor temperatura exterior [5];buc;254,39;248,59;5,80;0,00;0,00;"9.2. OFERTA V1 REV CU VALORI PTDE.pdf – F3 cu valori (Spital paliatie, desfiintare C1-C3 si construire); pret direct fara CI/profit";2026-07-06;Proiectant S.C. Tanari Arhitect SRL / Beneficiar ACTIS (Asoc. Comunitara pt. Dezv. Intrepr. Sociale);1LARNS5Adn3FbJ7styKw3LZrEBoluKomc
instalatii (sanitare/termice/HVAC);;Set cabina dus Premium 120x90 cm+cuva colectare 120x90 +sifon scurgere, Model Radaway (sau similar);buc;2131,80;;;;;"Oferta SD-6 409-E Hotel PIETROASA (Climatronic) – foaia Cap.7-Instalatii Sanitare; 418 EUR x 5,1";2025-09-01;Ofertant Climatronic SRL / Beneficiar Hotel Pietroasa SA Buzau;1ne-s6Ae1aOu82-H0kXysRaOdfZGkZ7l7
instalatii (sanitare/termice/HVAC);;Set cabina dus Premium 90x90 cm+cuva colectare 90x90+sifon scurgere, Model Radaway (sau similar);buc;1448,40;;;;;"Oferta SD-6 409-E Hotel PIETROASA (Climatronic) – foaia Cap.7-Instalatii Sanitare; 284 EUR x 5,1";2025-09-01;Ofertant Climatronic SRL / Beneficiar Hotel Pietroasa SA Buzau;1ne-s6Ae1aOu82-H0kXysRaOdfZGkZ7l7
instalatii (sanitare/termice/HVAC);;Set dus cu furtun flexibil, para dus, Model Grohe (sau similar);buc;239,70;;;;;"Oferta SD-6 409-E Hotel PIETROASA (Climatronic) – foaia Cap.7-Instalatii Sanitare; 47 EUR x 5,1";2025-09-01;Ofertant Climatronic SRL / Beneficiar Hotel Pietroasa SA Buzau;1ne-s6Ae1aOu82-H0kXysRaOdfZGkZ7l7
instalatii (sanitare/termice/HVAC);4202773;Sifon alama pentru lavoar 1 1/4 s 9611 [resursa material];buc;13,17;13,17;;;;"Deviz oferta.pdf – F3 oferta eDevize (restaurare biserica); pret direct, la care se adauga CAM 2,25% man., CI 10%, profit 5%";2025-06-17;Executant SC Aurora Inconstruct SRL / Beneficiar Biserica Sf. Imp. Constantin si Elena;1rue0Jaajr2kNvdWBeV5ZObPL36nPRRQk
instalatii (sanitare/termice/HVAC);4202840;Sifon fonta pentru lavoare,spalat. tip 1 DN 40 r s 2582 [resursa material];buc;44,37;44,37;;;;"9.2. OFERTA V1 REV CU VALORI PTDE.pdf – F3 cu valori (Spital paliatie, desfiintare C1-C3 si construire); pret direct fara CI/profit";2026-07-06;Proiectant S.C. Tanari Arhitect SRL / Beneficiar ACTIS (Asoc. Comunitara pt. Dezv. Intrepr. Sociale);1LARNS5Adn3FbJ7styKw3LZrEBoluKomc
instalatii (sanitare/termice/HVAC);4202797;Sifon pentru lavoar tip butelie alama 1 1/4 s 9611 [resursa material];buc;37,48;37,48;;;;"9.2. OFERTA V1 REV CU VALORI PTDE.pdf – F3 cu valori (Spital paliatie, desfiintare C1-C3 si construire); pret direct fara CI/profit";2026-07-06;Proiectant S.C. Tanari Arhitect SRL / Beneficiar ACTIS (Asoc. Comunitara pt. Dezv. Intrepr. Sociale);1LARNS5Adn3FbJ7styKw3LZrEBoluKomc
instalatii (sanitare/termice/HVAC);SD11XA;Sorb simplu cu flansa avind diam.50 si;buc;13,05;0,00;13,05;0,00;0,00;"9.2. OFERTA V1 REV CU VALORI PTDE.pdf – F3 cu valori (Spital paliatie, desfiintare C1-C3 si construire); pret direct fara CI/profit";2026-07-06;Proiectant S.C. Tanari Arhitect SRL / Beneficiar ACTIS (Asoc. Comunitara pt. Dezv. Intrepr. Sociale);1LARNS5Adn3FbJ7styKw3LZrEBoluKomc
instalatii (sanitare/termice/HVAC);SF05A#;"Spalare instal apa rece sau calda, executata din... teava din otel zincata, d=3/8"" - 2 """;m;3,15;0,00;3,15;0,00;0,00;"Deviz oferta.pdf – F3 oferta eDevize (restaurare biserica); pret direct, la care se adauga CAM 2,25% man., CI 10%, profit 5%";2025-06-17;Executant SC Aurora Inconstruct SRL / Beneficiar Biserica Sf. Imp. Constantin si Elena;1rue0Jaajr2kNvdWBeV5ZObPL36nPRRQk
instalatii (sanitare/termice/HVAC);IE08D1#;Spalarea cu apa potabila a instalatiei... interioare de incalzire centrala suprafata corpurilor fi...;mp;14,18;0,00;12,08;2,10;0,00;"Deviz oferta.pdf – F3 oferta eDevize (restaurare biserica); pret direct, la care se adauga CAM 2,25% man., CI 10%, profit 5%";2025-06-17;Executant SC Aurora Inconstruct SRL / Beneficiar Biserica Sf. Imp. Constantin si Elena;1rue0Jaajr2kNvdWBeV5ZObPL36nPRRQk
instalatii (sanitare/termice/HVAC);ACE07C1;Spalarea si desinfectarea conductelor de alimentare cu apa avind dn... 100;100 m;214,54;15,09;199,45;0,00;0,00;"Deviz oferta.pdf – F3 oferta eDevize (restaurare biserica); pret direct, la care se adauga CAM 2,25% man., CI 10%, profit 5%";2025-06-17;Executant SC Aurora Inconstruct SRL / Beneficiar Biserica Sf. Imp. Constantin si Elena;1rue0Jaajr2kNvdWBeV5ZObPL36nPRRQk
instalatii (sanitare/termice/HVAC);SC06A#;Spalator ...cu picur,1comp vase,fonta em,tb em,inox,scurg tevi pvc,pe cons fix pe per caram;buc;44,95;0,00;44,95;0,00;0,00;"9.2. OFERTA V1 REV CU VALORI PTDE.pdf – F3 cu valori (Spital paliatie, desfiintare C1-C3 si construire); pret direct fara CI/profit";2026-07-06;Proiectant S.C. Tanari Arhitect SRL / Beneficiar ACTIS (Asoc. Comunitara pt. Dezv. Intrepr. Sociale);1LARNS5Adn3FbJ7styKw3LZrEBoluKomc
instalatii (sanitare/termice/HVAC);IZF02A1;Strat de difuzie la terasa;mp;13,55;;;;;"9.2. OFERTA V1 REV CU VALORI PTDE.pdf – F3 cu valori (Spital paliatie, desfiintare C1-C3 si construire); pret direct fara CI/profit";2026-07-06;Proiectant S.C. Tanari Arhitect SRL / Beneficiar ACTIS (Asoc. Comunitara pt. Dezv. Intrepr. Sociale);1LARNS5Adn3FbJ7styKw3LZrEBoluKomc
instalatii (sanitare/termice/HVAC);IZC02A+;Strat difuzie vap. pe supr.oriz,incl.<7 grd cu impasl.fibre sticla bit.perf.ibp - 1200,spor mast.bit.;mp;14,00;12,75;1,16;0,09;0,00;"9.2. OFERTA V1 REV CU VALORI PTDE.pdf – F3 cu valori (Spital paliatie, desfiintare C1-C3 si construire); pret direct fara CI/profit";2026-07-06;Proiectant S.C. Tanari Arhitect SRL / Beneficiar ACTIS (Asoc. Comunitara pt. Dezv. Intrepr. Sociale);1LARNS5Adn3FbJ7styKw3LZrEBoluKomc
instalatii (sanitare/termice/HVAC);4204451;Supapa de sens cu arc (clapet antiretur) cu D=1 [resursa material];buc;48,00;48,00;;;;"Deviz oferta.pdf – F3 oferta eDevize (restaurare biserica); pret direct, la care se adauga CAM 2,25% man., CI 10%, profit 5%";2025-06-17;Executant SC Aurora Inconstruct SRL / Beneficiar Biserica Sf. Imp. Constantin si Elena;1rue0Jaajr2kNvdWBeV5ZObPL36nPRRQk
instalatii (sanitare/termice/HVAC);4500519;Supapa de siguranta cu mufa, DN = 1/2 [resursa material];buc;32,00;32,00;;;;"Deviz oferta.pdf – F3 oferta eDevize (restaurare biserica); pret direct, la care se adauga CAM 2,25% man., CI 10%, profit 5%";2025-06-17;Executant SC Aurora Inconstruct SRL / Beneficiar Biserica Sf. Imp. Constantin si Elena;1rue0Jaajr2kNvdWBeV5ZObPL36nPRRQk
instalatii (sanitare/termice/HVAC);IA20B1#;"Supapa de siguranta montata prin insurubare avand diametrul nominal de... 1 1/4 inci sau 1 1/2""";buc;56,32;34,27;22,05;0,00;0,00;"Deviz oferta.pdf – F3 oferta eDevize (restaurare biserica); pret direct, la care se adauga CAM 2,25% man., CI 10%, profit 5%";2025-06-17;Executant SC Aurora Inconstruct SRL / Beneficiar Biserica Sf. Imp. Constantin si Elena;1rue0Jaajr2kNvdWBeV5ZObPL36nPRRQk
instalatii (sanitare/termice/HVAC);;Suport carlig pentru prosop, montare in perete, Model Bisk (sau similar);buc;22,95;;;;;"Oferta SD-6 409-E Hotel PIETROASA (Climatronic) – foaia Cap.7-Instalatii Sanitare; 4.5 EUR x 5,1";2025-09-01;Ofertant Climatronic SRL / Beneficiar Hotel Pietroasa SA Buzau;1ne-s6Ae1aOu82-H0kXysRaOdfZGkZ7l7
instalatii (sanitare/termice/HVAC);;Suport hartie igienica montare in perete, Model Inda(sau similar);buc;142,80;;;;;"Oferta SD-6 409-E Hotel PIETROASA (Climatronic) – foaia Cap.7-Instalatii Sanitare; 28 EUR x 5,1";2025-09-01;Ofertant Climatronic SRL / Beneficiar Hotel Pietroasa SA Buzau;1ne-s6Ae1aOu82-H0kXysRaOdfZGkZ7l7
instalatii (sanitare/termice/HVAC);;Suport rezerva hartie igienica montare in perete, Model Inda(sau similar);buc;127,50;;;;;"Oferta SD-6 409-E Hotel PIETROASA (Climatronic) – foaia Cap.7-Instalatii Sanitare; 25 EUR x 5,1";2025-09-01;Ofertant Climatronic SRL / Beneficiar Hotel Pietroasa SA Buzau;1ne-s6Ae1aOu82-H0kXysRaOdfZGkZ7l7
instalatii (sanitare/termice/HVAC);;Suport sapuniera pentru dus ,montare in colt, Model Inda (sau similar);buc;186,15;;;;;"Oferta SD-6 409-E Hotel PIETROASA (Climatronic) – foaia Cap.7-Instalatii Sanitare; 36.5 EUR x 5,1";2025-09-01;Ofertant Climatronic SRL / Beneficiar Hotel Pietroasa SA Buzau;1ne-s6Ae1aOu82-H0kXysRaOdfZGkZ7l7
instalatii (sanitare/termice/HVAC);SC30A5 [2];Suport...pentru PERIE WC;buc;15,35;3,46;11,89;0,00;0,00;"9.2. OFERTA V1 REV CU VALORI PTDE.pdf – F3 cu valori (Spital paliatie, desfiintare C1-C3 si construire); pret direct fara CI/profit";2026-07-06;Proiectant S.C. Tanari Arhitect SRL / Beneficiar ACTIS (Asoc. Comunitara pt. Dezv. Intrepr. Sociale);1LARNS5Adn3FbJ7styKw3LZrEBoluKomc
instalatii (sanitare/termice/HVAC);;T-Termometru bimetal cu ecran T=0÷60°C, inclusiv accesoriile pentru fixare si montare pe circuitele de tur/retur chiller;buc;79,05;;;;;"Oferta SD-6 409-E Hotel PIETROASA (Climatronic) – foaia Cap.4-Instalatie apa racita; 15.5 EUR x 5,1";2025-09-01;Ofertant Climatronic SRL / Beneficiar Hotel Pietroasa SA Buzau;1ne-s6Ae1aOu82-H0kXysRaOdfZGkZ7l7
instalatii (sanitare/termice/HVAC);;TC-Tubulatura rectangulara/circulara din tabla zincata pentru evacuare aer viciat -canale si piese speciale (T 90², cot 45°, cot 90°)-coloane verticale si tubulaturi colectoare evacuare pe terasa exterioara;m²;110,67;;;;;"Oferta SD-6 409-E Hotel PIETROASA (Climatronic) – foaia Cap.2-Sistem ventilatie; 21.7 EUR x 5,1";2025-09-01;Ofertant Climatronic SRL / Beneficiar Hotel Pietroasa SA Buzau;1ne-s6Ae1aOu82-H0kXysRaOdfZGkZ7l7
instalatii (sanitare/termice/HVAC);;TD-Teava de distributie agent apa apa racita din OL ptr instalatii (sau PPR cu insertie din aluminiu), inclusiv piese speciale(coturi la 45/90º, reductii, adaptoare concentrice) D=150-110 mm-conexiune chillere si echipam;ml;214,20;;;;;"Oferta SD-6 409-E Hotel PIETROASA (Climatronic) – foaia Cap.4-Instalatie apa racita; 42 EUR x 5,1";2025-09-01;Ofertant Climatronic SRL / Beneficiar Hotel Pietroasa SA Buzau;1ne-s6Ae1aOu82-H0kXysRaOdfZGkZ7l7
instalatii (sanitare/termice/HVAC);;TD-Teava de distributie agent apa calda din OL pentru instalatii si PPR cu insertie din aluminiu, inclusiv piese speciale (coturi la 45/90º, reductii, adaptoare concentrice, mufe) D=25/63/125 mm-interconectare cazane cu ;ml;193,80;;;;;"Oferta SD-6 409-E Hotel PIETROASA (Climatronic) – foaia Cap.5- Centrala Termica; 38 EUR x 5,1";2025-09-01;Ofertant Climatronic SRL / Beneficiar Hotel Pietroasa SA Buzau;1ne-s6Ae1aOu82-H0kXysRaOdfZGkZ7l7
instalatii (sanitare/termice/HVAC);IA23A3 [1];TERMOMETRU CU ROBINET DE CONTROL 0-6 BARI;buc;46,91;43,14;3,77;0,00;0,00;"9.2. OFERTA V1 REV CU VALORI PTDE.pdf – F3 cu valori (Spital paliatie, desfiintare C1-C3 si construire); pret direct fara CI/profit";2026-07-06;Proiectant S.C. Tanari Arhitect SRL / Beneficiar ACTIS (Asoc. Comunitara pt. Dezv. Intrepr. Sociale);1LARNS5Adn3FbJ7styKw3LZrEBoluKomc
instalatii (sanitare/termice/HVAC);IA23B2 [1];TERMOSTAT DE AMBIENT;buc;69,58;58,56;11,02;0,00;0,00;"9.2. OFERTA V1 REV CU VALORI PTDE.pdf – F3 cu valori (Spital paliatie, desfiintare C1-C3 si construire); pret direct fara CI/profit";2026-07-06;Proiectant S.C. Tanari Arhitect SRL / Beneficiar ACTIS (Asoc. Comunitara pt. Dezv. Intrepr. Sociale);1LARNS5Adn3FbJ7styKw3LZrEBoluKomc
instalatii (sanitare/termice/HVAC);;TF-Tiranti filetati, bucse expandabile M6, saibe, surub (cate 4 buc pe fiecare ventiloconvector in parte);buc;19,12;;;;;"Oferta SD-6 409-E Hotel PIETROASA (Climatronic) – foaia Cap.1-VCV; 3.75 EUR x 5,1";2025-09-01;Ofertant Climatronic SRL / Beneficiar Hotel Pietroasa SA Buzau;1ne-s6Ae1aOu82-H0kXysRaOdfZGkZ7l7
instalatii (sanitare/termice/HVAC);;TF-Tubulatura flefibila semirigida din aluminiu D=125 mm, L=1÷2 ml;buc;21,67;;;;;"Oferta SD-6 409-E Hotel PIETROASA (Climatronic) – foaia Cap.2-Sistem ventilatie; 4.25 EUR x 5,1";2025-09-01;Ofertant Climatronic SRL / Beneficiar Hotel Pietroasa SA Buzau;1ne-s6Ae1aOu82-H0kXysRaOdfZGkZ7l7
instalatii (sanitare/termice/HVAC);6701147;Teava HDPE 80 312uni7611.7615 pn10 DN 32x2.9 cod 64000110 [resursa material];m;6,80;6,80;;;;"Deviz oferta.pdf – F3 oferta eDevize (restaurare biserica); pret direct, la care se adauga CAM 2,25% man., CI 10%, profit 5%";2025-06-17;Executant SC Aurora Inconstruct SRL / Beneficiar Biserica Sf. Imp. Constantin si Elena;1rue0Jaajr2kNvdWBeV5ZObPL36nPRRQk
instalatii (sanitare/termice/HVAC);6701105;Teava HDPE 80 312uni7611.7615 pn4 DN 110x4.3 cod 64000068 [resursa material];m;33,60;33,60;;;;"9.2. OFERTA V1 REV CU VALORI PTDE.pdf – F3 cu valori (Spital paliatie, desfiintare C1-C3 si construire); pret direct fara CI/profit";2026-07-06;Proiectant S.C. Tanari Arhitect SRL / Beneficiar ACTIS (Asoc. Comunitara pt. Dezv. Intrepr. Sociale);1LARNS5Adn3FbJ7styKw3LZrEBoluKomc
instalatii (sanitare/termice/HVAC);6701106;Teava HDPE 80 312uni7611.7615 pn4 DN 125x4.9 cod 64000069 [resursa material];m;34,45;34,45;;;;"9.2. OFERTA V1 REV CU VALORI PTDE.pdf – F3 cu valori (Spital paliatie, desfiintare C1-C3 si construire); pret direct fara CI/profit";2026-07-06;Proiectant S.C. Tanari Arhitect SRL / Beneficiar ACTIS (Asoc. Comunitara pt. Dezv. Intrepr. Sociale);1LARNS5Adn3FbJ7styKw3LZrEBoluKomc
instalatii (sanitare/termice/HVAC);6701108;Teava HDPE 80 312uni7611.7615 pn4 DN 160x6.2 cod 64000071 [resursa material];m;44,66;44,66;;;;"9.2. OFERTA V1 REV CU VALORI PTDE.pdf – F3 cu valori (Spital paliatie, desfiintare C1-C3 si construire); pret direct fara CI/profit";2026-07-06;Proiectant S.C. Tanari Arhitect SRL / Beneficiar ACTIS (Asoc. Comunitara pt. Dezv. Intrepr. Sociale);1LARNS5Adn3FbJ7styKw3LZrEBoluKomc
instalatii (sanitare/termice/HVAC);6701101;Teava HDPE 80 312uni7611.7615 pn4 DN 50x2.0 cod 64000064 [resursa material];m;6,49;6,49;;;;"9.2. OFERTA V1 REV CU VALORI PTDE.pdf – F3 cu valori (Spital paliatie, desfiintare C1-C3 si construire); pret direct fara CI/profit";2026-07-06;Proiectant S.C. Tanari Arhitect SRL / Beneficiar ACTIS (Asoc. Comunitara pt. Dezv. Intrepr. Sociale);1LARNS5Adn3FbJ7styKw3LZrEBoluKomc
instalatii (sanitare/termice/HVAC);6701102;Teava HDPE 80 312uni7611.7615 pn4 DN 63x2.5 cod 64000065 [resursa material];m;10,51;10,51;;;;"9.2. OFERTA V1 REV CU VALORI PTDE.pdf – F3 cu valori (Spital paliatie, desfiintare C1-C3 si construire); pret direct fara CI/profit";2026-07-06;Proiectant S.C. Tanari Arhitect SRL / Beneficiar ACTIS (Asoc. Comunitara pt. Dezv. Intrepr. Sociale);1LARNS5Adn3FbJ7styKw3LZrEBoluKomc
instalatii (sanitare/termice/HVAC);6701103;Teava HDPE 80 312uni7611.7615 pn4 DN 75x2.9 cod 64000066 [resursa material];m;16,84;16,84;;;;"9.2. OFERTA V1 REV CU VALORI PTDE.pdf – F3 cu valori (Spital paliatie, desfiintare C1-C3 si construire); pret direct fara CI/profit";2026-07-06;Proiectant S.C. Tanari Arhitect SRL / Beneficiar ACTIS (Asoc. Comunitara pt. Dezv. Intrepr. Sociale);1LARNS5Adn3FbJ7styKw3LZrEBoluKomc
instalatii (sanitare/termice/HVAC);6701104;Teava HDPE 80 312uni7611.7615 pn4 DN 90x3.5 cod 64000067 [resursa material];m;23,31;23,31;;;;"9.2. OFERTA V1 REV CU VALORI PTDE.pdf – F3 cu valori (Spital paliatie, desfiintare C1-C3 si construire); pret direct fara CI/profit";2026-07-06;Proiectant S.C. Tanari Arhitect SRL / Beneficiar ACTIS (Asoc. Comunitara pt. Dezv. Intrepr. Sociale);1LARNS5Adn3FbJ7styKw3LZrEBoluKomc
instalatii (sanitare/termice/HVAC);6701124;Teava HDPE 80 312uni7611.7615 pn6 DN 40x2.3 cod 64000087 [resursa material];m;14,00;14,00;;;;"Deviz oferta.pdf – F3 oferta eDevize (restaurare biserica); pret direct, la care se adauga CAM 2,25% man., CI 10%, profit 5%";2025-06-17;Executant SC Aurora Inconstruct SRL / Beneficiar Biserica Sf. Imp. Constantin si Elena;1rue0Jaajr2kNvdWBeV5ZObPL36nPRRQk
instalatii (sanitare/termice/HVAC);6700333;Teava PVC-u mufa+gar cauc dn160x3.6 L = 1m cod kgem160/1m [resursa material];m;25,41;25,41;;;;"9.2. OFERTA V1 REV CU VALORI PTDE.pdf – F3 cu valori (Spital paliatie, desfiintare C1-C3 si construire); pret direct fara CI/profit";2026-07-06;Proiectant S.C. Tanari Arhitect SRL / Beneficiar ACTIS (Asoc. Comunitara pt. Dezv. Intrepr. Sociale);1LARNS5Adn3FbJ7styKw3LZrEBoluKomc
instalatii (sanitare/termice/HVAC);6700345;Teava PVC-u mufa+gar cauc dn200x4.5 L = 1m cod kgem200/1m [resursa material];m;38,31;38,31;;;;"9.2. OFERTA V1 REV CU VALORI PTDE.pdf – F3 cu valori (Spital paliatie, desfiintare C1-C3 si construire); pret direct fara CI/profit";2026-07-06;Proiectant S.C. Tanari Arhitect SRL / Beneficiar ACTIS (Asoc. Comunitara pt. Dezv. Intrepr. Sociale);1LARNS5Adn3FbJ7styKw3LZrEBoluKomc
instalatii (sanitare/termice/HVAC);3334584;Teava cupru bare DN 28 woeste [resursa material];m;43,05;43,05;;;;"9.2. OFERTA V1 REV CU VALORI PTDE.pdf – F3 cu valori (Spital paliatie, desfiintare C1-C3 si construire); pret direct fara CI/profit";2026-07-06;Proiectant S.C. Tanari Arhitect SRL / Beneficiar ACTIS (Asoc. Comunitara pt. Dezv. Intrepr. Sociale);1LARNS5Adn3FbJ7styKw3LZrEBoluKomc
instalatii (sanitare/termice/HVAC);3334328;Teava cupru izolata colaci DN 12 cod 40tc1201 [resursa material];m;18,03;18,03;;;;"9.2. OFERTA V1 REV CU VALORI PTDE.pdf – F3 cu valori (Spital paliatie, desfiintare C1-C3 si construire); pret direct fara CI/profit";2026-07-06;Proiectant S.C. Tanari Arhitect SRL / Beneficiar ACTIS (Asoc. Comunitara pt. Dezv. Intrepr. Sociale);1LARNS5Adn3FbJ7styKw3LZrEBoluKomc
instalatii (sanitare/termice/HVAC);3334398;Teava cupru neizolata colaci DN 16 (5/8) woeste [resursa material];m;12,83;12,83;;;;"9.2. OFERTA V1 REV CU VALORI PTDE.pdf – F3 cu valori (Spital paliatie, desfiintare C1-C3 si construire); pret direct fara CI/profit";2026-07-06;Proiectant S.C. Tanari Arhitect SRL / Beneficiar ACTIS (Asoc. Comunitara pt. Dezv. Intrepr. Sociale);1LARNS5Adn3FbJ7styKw3LZrEBoluKomc
instalatii (sanitare/termice/HVAC);;Teava de scurgere/canalizare din PP cu inele din cauciuc D=110 mm-lungimi diferite L=250-1000;ml;24,22;;;;;"Oferta SD-6 409-E Hotel PIETROASA (Climatronic) – foaia Cap.7-Instalatii Sanitare; 4.75 EUR x 5,1";2025-09-01;Ofertant Climatronic SRL / Beneficiar Hotel Pietroasa SA Buzau;1ne-s6Ae1aOu82-H0kXysRaOdfZGkZ7l7
instalatii (sanitare/termice/HVAC);;Teava de scurgere/canalizare din PP cu inele din cauciuc D=32-40 mm;ml;15,04;;;;;"Oferta SD-6 409-E Hotel PIETROASA (Climatronic) – foaia Cap.7-Instalatii Sanitare; 2.95 EUR x 5,1";2025-09-01;Ofertant Climatronic SRL / Beneficiar Hotel Pietroasa SA Buzau;1ne-s6Ae1aOu82-H0kXysRaOdfZGkZ7l7
instalatii (sanitare/termice/HVAC);6700250;Teava din P.v.C. rigid tip U 40X1.8 stas 6675/2 [resursa material];m;8,28;8,28;;;;"Deviz oferta.pdf – F3 oferta eDevize (restaurare biserica); pret direct, la care se adauga CAM 2,25% man., CI 10%, profit 5%";2025-06-17;Executant SC Aurora Inconstruct SRL / Beneficiar Biserica Sf. Imp. Constantin si Elena;1rue0Jaajr2kNvdWBeV5ZObPL36nPRRQk
instalatii (sanitare/termice/HVAC);6700250;Teava din PVC rigid tip U 40x1,8 stas 6675/2 [resursa material];m;3,67;3,67;;;;"9.2. OFERTA V1 REV CU VALORI PTDE.pdf – F3 cu valori (Spital paliatie, desfiintare C1-C3 si construire); pret direct fara CI/profit";2026-07-06;Proiectant S.C. Tanari Arhitect SRL / Beneficiar ACTIS (Asoc. Comunitara pt. Dezv. Intrepr. Sociale);1LARNS5Adn3FbJ7styKw3LZrEBoluKomc
instalatii (sanitare/termice/HVAC);IC32D1#;Teava din cupru montata prin sudura la coloane ...in instalatiile de incalzire centrala cu diametrul exterior de 28,0 mm;m;16,45;6,30;10,15;0,00;0,00;"9.2. OFERTA V1 REV CU VALORI PTDE.pdf – F3 cu valori (Spital paliatie, desfiintare C1-C3 si construire); pret direct fara CI/profit";2026-07-06;Proiectant S.C. Tanari Arhitect SRL / Beneficiar ACTIS (Asoc. Comunitara pt. Dezv. Intrepr. Sociale);1LARNS5Adn3FbJ7styKw3LZrEBoluKomc
instalatii (sanitare/termice/HVAC);IC32A1#;Teava din cupru montata prin sudura la coloane ...in instalatiile de incalzire centrala cu diametrul exterior de pana la 15,0 mm inclusiv;m;9,97;3,59;6,38;0,00;0,00;"9.2. OFERTA V1 REV CU VALORI PTDE.pdf – F3 cu valori (Spital paliatie, desfiintare C1-C3 si construire); pret direct fara CI/profit";2026-07-06;Proiectant S.C. Tanari Arhitect SRL / Beneficiar ACTIS (Asoc. Comunitara pt. Dezv. Intrepr. Sociale);1LARNS5Adn3FbJ7styKw3LZrEBoluKomc
instalatii (sanitare/termice/HVAC);IC31D1#;Teava din cupru montata prin sudura la legatura corpurilor si ...aparatelor de incalzire in Instalatie ..;m;17,90;6,30;11,60;0,00;0,00;"9.2. OFERTA V1 REV CU VALORI PTDE.pdf – F3 cu valori (Spital paliatie, desfiintare C1-C3 si construire); pret direct fara CI/profit";2026-07-06;Proiectant S.C. Tanari Arhitect SRL / Beneficiar ACTIS (Asoc. Comunitara pt. Dezv. Intrepr. Sociale);1LARNS5Adn3FbJ7styKw3LZrEBoluKomc
instalatii (sanitare/termice/HVAC);SA18H#;Teava din material plastic( pp,pe,pp-r si similare) imbinata prin sud prin polifuziune,in canale de distanta la constructii ind,la cladiri de locuit si soc- cult,d=110mm;m;8,40;0,86;7,54;0,00;0,00;"9.2. OFERTA V1 REV CU VALORI PTDE.pdf – F3 cu valori (Spital paliatie, desfiintare C1-C3 si construire); pret direct fara CI/profit";2026-07-06;Proiectant S.C. Tanari Arhitect SRL / Beneficiar ACTIS (Asoc. Comunitara pt. Dezv. Intrepr. Sociale);1LARNS5Adn3FbJ7styKw3LZrEBoluKomc
instalatii (sanitare/termice/HVAC);SA18B#;Teava din material plastic( pp,pe,pp-r si similare) imbinata prin sud prin polifuziune,in canale de distanta la constructii ind,la cladiri de locuit si soc- cult,d=32 mm;m;4,01;0,53;3,48;0,00;0,00;"9.2. OFERTA V1 REV CU VALORI PTDE.pdf – F3 cu valori (Spital paliatie, desfiintare C1-C3 si construire); pret direct fara CI/profit";2026-07-06;Proiectant S.C. Tanari Arhitect SRL / Beneficiar ACTIS (Asoc. Comunitara pt. Dezv. Intrepr. Sociale);1LARNS5Adn3FbJ7styKw3LZrEBoluKomc
instalatii (sanitare/termice/HVAC);SA18C#;Teava din material plastic( pp,pe,pp-r si similare) imbinata prin sud prin polifuziune,in canale de distanta la constructii ind,la cladiri de locuit si soc- cult,d=40 mm;m;4,62;0,56;4,06;0,00;0,00;"9.2. OFERTA V1 REV CU VALORI PTDE.pdf – F3 cu valori (Spital paliatie, desfiintare C1-C3 si construire); pret direct fara CI/profit";2026-07-06;Proiectant S.C. Tanari Arhitect SRL / Beneficiar ACTIS (Asoc. Comunitara pt. Dezv. Intrepr. Sociale);1LARNS5Adn3FbJ7styKw3LZrEBoluKomc
instalatii (sanitare/termice/HVAC);SA18D#;Teava din material plastic( pp,pe,pp-r si similare) imbinata prin sud prin polifuziune,in canale de distanta la constructii ind,la cladiri de locuit si soc- cult,d=50 mm;m;5,22;0,58;4,64;0,00;0,00;"9.2. OFERTA V1 REV CU VALORI PTDE.pdf – F3 cu valori (Spital paliatie, desfiintare C1-C3 si construire); pret direct fara CI/profit";2026-07-06;Proiectant S.C. Tanari Arhitect SRL / Beneficiar ACTIS (Asoc. Comunitara pt. Dezv. Intrepr. Sociale);1LARNS5Adn3FbJ7styKw3LZrEBoluKomc
instalatii (sanitare/termice/HVAC);6700468;Teava din p.v.c.rigid tip M 110x 6 mm stas 6675/2 [resursa material];m;9,56;9,56;;;;"9.2. OFERTA V1 REV CU VALORI PTDE.pdf – F3 cu valori (Spital paliatie, desfiintare C1-C3 si construire); pret direct fara CI/profit";2026-07-06;Proiectant S.C. Tanari Arhitect SRL / Beneficiar ACTIS (Asoc. Comunitara pt. Dezv. Intrepr. Sociale);1LARNS5Adn3FbJ7styKw3LZrEBoluKomc
instalatii (sanitare/termice/HVAC);3247659;Teava fara sudura otel inox TR 32x 1,5/10tinicr180 s 10358 [resursa material];m;52,82;52,82;;;;"9.2. OFERTA V1 REV CU VALORI PTDE.pdf – F3 cu valori (Spital paliatie, desfiintare C1-C3 si construire); pret direct fara CI/profit";2026-07-06;Proiectant S.C. Tanari Arhitect SRL / Beneficiar ACTIS (Asoc. Comunitara pt. Dezv. Intrepr. Sociale);1LARNS5Adn3FbJ7styKw3LZrEBoluKomc
instalatii (sanitare/termice/HVAC);SA14E#;Teava material pl (pp, pe, pp-r) imbinata prin sudura prin polifuziune, la ctii ind, d=40 mm;m;43,51;19,76;20,48;3,27;0,00;"Deviz oferta.pdf – F3 oferta eDevize (restaurare biserica); pret direct, la care se adauga CAM 2,25% man., CI 10%, profit 5%";2025-06-17;Executant SC Aurora Inconstruct SRL / Beneficiar Biserica Sf. Imp. Constantin si Elena;1rue0Jaajr2kNvdWBeV5ZObPL36nPRRQk
instalatii (sanitare/termice/HVAC);SA14J#;Teava material plastic (PP,PE,PP-R si similare) imbinata prin sudura prin polifuziune, la constructii industriale,d=110 mm;m;22,87;6,05;16,82;0,00;0,00;"9.2. OFERTA V1 REV CU VALORI PTDE.pdf – F3 cu valori (Spital paliatie, desfiintare C1-C3 si construire); pret direct fara CI/profit";2026-07-06;Proiectant S.C. Tanari Arhitect SRL / Beneficiar ACTIS (Asoc. Comunitara pt. Dezv. Intrepr. Sociale);1LARNS5Adn3FbJ7styKw3LZrEBoluKomc
instalatii (sanitare/termice/HVAC);SA14B#;Teava material plastic (PP,PE,PP-R si similare) imbinata prin sudura prin polifuziune, la constructii industriale,d=20 mm;m;9,66;0,67;8,99;0,00;0,00;"9.2. OFERTA V1 REV CU VALORI PTDE.pdf – F3 cu valori (Spital paliatie, desfiintare C1-C3 si construire); pret direct fara CI/profit";2026-07-06;Proiectant S.C. Tanari Arhitect SRL / Beneficiar ACTIS (Asoc. Comunitara pt. Dezv. Intrepr. Sociale);1LARNS5Adn3FbJ7styKw3LZrEBoluKomc
instalatii (sanitare/termice/HVAC);SA14C#;Teava material plastic (PP,PE,PP-R si similare) imbinata prin sudura prin polifuziune, la constructii industriale,d=25 mm;m;10,08;0,51;9,57;0,00;0,00;"9.2. OFERTA V1 REV CU VALORI PTDE.pdf – F3 cu valori (Spital paliatie, desfiintare C1-C3 si construire); pret direct fara CI/profit";2026-07-06;Proiectant S.C. Tanari Arhitect SRL / Beneficiar ACTIS (Asoc. Comunitara pt. Dezv. Intrepr. Sociale);1LARNS5Adn3FbJ7styKw3LZrEBoluKomc
instalatii (sanitare/termice/HVAC);SA14D#;Teava material plastic (PP,PE,PP-R si similare) imbinata prin sudura prin polifuziune, la constructii industriale,d=32 mm;m;10,97;0,53;10,44;0,00;0,00;"9.2. OFERTA V1 REV CU VALORI PTDE.pdf – F3 cu valori (Spital paliatie, desfiintare C1-C3 si construire); pret direct fara CI/profit";2026-07-06;Proiectant S.C. Tanari Arhitect SRL / Beneficiar ACTIS (Asoc. Comunitara pt. Dezv. Intrepr. Sociale);1LARNS5Adn3FbJ7styKw3LZrEBoluKomc
instalatii (sanitare/termice/HVAC);SA14E#;Teava material plastic (PP,PE,PP-R si similare) imbinata prin sudura prin polifuziune, la constructii industriale,d=40 mm;m;11,87;0,56;11,31;0,00;0,00;"9.2. OFERTA V1 REV CU VALORI PTDE.pdf – F3 cu valori (Spital paliatie, desfiintare C1-C3 si construire); pret direct fara CI/profit";2026-07-06;Proiectant S.C. Tanari Arhitect SRL / Beneficiar ACTIS (Asoc. Comunitara pt. Dezv. Intrepr. Sociale);1LARNS5Adn3FbJ7styKw3LZrEBoluKomc
instalatii (sanitare/termice/HVAC);SA14F#;Teava material plastic (PP,PE,PP-R si similare) imbinata prin sudura prin polifuziune, la constructii industriale,d=50 mm;m;13,05;0,58;12,47;0,00;0,00;"9.2. OFERTA V1 REV CU VALORI PTDE.pdf – F3 cu valori (Spital paliatie, desfiintare C1-C3 si construire); pret direct fara CI/profit";2026-07-06;Proiectant S.C. Tanari Arhitect SRL / Beneficiar ACTIS (Asoc. Comunitara pt. Dezv. Intrepr. Sociale);1LARNS5Adn3FbJ7styKw3LZrEBoluKomc
instalatii (sanitare/termice/HVAC);SA14F#;Teava material plastic (PP,PE,PP-R si similare) imbinata prin sudura prin polifuziune, la constructii industriale,d=50 mm;m;16,51;4,04;12,47;0,00;0,00;"9.2. OFERTA V1 REV CU VALORI PTDE.pdf – F3 cu valori (Spital paliatie, desfiintare C1-C3 si construire); pret direct fara CI/profit";2026-07-06;Proiectant S.C. Tanari Arhitect SRL / Beneficiar ACTIS (Asoc. Comunitara pt. Dezv. Intrepr. Sociale);1LARNS5Adn3FbJ7styKw3LZrEBoluKomc
instalatii (sanitare/termice/HVAC);SA14G#;Teava material plastic (PP,PE,PP-R si similare) imbinata prin sudura prin polifuziune, la constructii industriale,d=63 mm;m;18,65;5,02;13,63;0,00;0,00;"9.2. OFERTA V1 REV CU VALORI PTDE.pdf – F3 cu valori (Spital paliatie, desfiintare C1-C3 si construire); pret direct fara CI/profit";2026-07-06;Proiectant S.C. Tanari Arhitect SRL / Beneficiar ACTIS (Asoc. Comunitara pt. Dezv. Intrepr. Sociale);1LARNS5Adn3FbJ7styKw3LZrEBoluKomc
instalatii (sanitare/termice/HVAC);SA14H#;Teava material plastic (PP,PE,PP-R si similare) imbinata prin sudura prin polifuziune, la constructii industriale,d=75 mm;m;19,83;5,04;14,79;0,00;0,00;"9.2. OFERTA V1 REV CU VALORI PTDE.pdf – F3 cu valori (Spital paliatie, desfiintare C1-C3 si construire); pret direct fara CI/profit";2026-07-06;Proiectant S.C. Tanari Arhitect SRL / Beneficiar ACTIS (Asoc. Comunitara pt. Dezv. Intrepr. Sociale);1LARNS5Adn3FbJ7styKw3LZrEBoluKomc
instalatii (sanitare/termice/HVAC);SA14I#;Teava material plastic (PP,PE,PP-R si similare) imbinata prin sudura prin polifuziune, la constructii industriale,d=90 mm;m;20,73;5,07;15,66;0,00;0,00;"9.2. OFERTA V1 REV CU VALORI PTDE.pdf – F3 cu valori (Spital paliatie, desfiintare C1-C3 si construire); pret direct fara CI/profit";2026-07-06;Proiectant S.C. Tanari Arhitect SRL / Beneficiar ACTIS (Asoc. Comunitara pt. Dezv. Intrepr. Sociale);1LARNS5Adn3FbJ7styKw3LZrEBoluKomc
instalatii (sanitare/termice/HVAC);SA14D#;Teava material plastic (pp, pe, pp-r si similare) imbinata prin sudura prin polifuziune, la constructiitii industriale, d=32 mm;m;35,64;13,48;18,89;3,27;0,00;"Deviz oferta.pdf – F3 oferta eDevize (restaurare biserica); pret direct, la care se adauga CAM 2,25% man., CI 10%, profit 5%";2025-06-17;Executant SC Aurora Inconstruct SRL / Beneficiar Biserica Sf. Imp. Constantin si Elena;1rue0Jaajr2kNvdWBeV5ZObPL36nPRRQk
instalatii (sanitare/termice/HVAC);SA14B#;Teava material plastic (pp,pe,pp-r si similare) imbinata prin sudura prin polifuziune, la constructii industriale, d=20 mm;m;27,95;11,13;16,27;0,56;0,00;"Deviz oferta.pdf – F3 oferta eDevize (restaurare biserica); pret direct, la care se adauga CAM 2,25% man., CI 10%, profit 5%";2025-06-17;Executant SC Aurora Inconstruct SRL / Beneficiar Biserica Sf. Imp. Constantin si Elena;1rue0Jaajr2kNvdWBeV5ZObPL36nPRRQk
instalatii (sanitare/termice/HVAC);SA14C#;Teava material plastic (pp,pe,pp-r si similare) imbinata prin sudura prin polifuziune, la constructii industriale, d=25 mm;m;32,61;14,70;17,32;0,59;0,00;"Deviz oferta.pdf – F3 oferta eDevize (restaurare biserica); pret direct, la care se adauga CAM 2,25% man., CI 10%, profit 5%";2025-06-17;Executant SC Aurora Inconstruct SRL / Beneficiar Biserica Sf. Imp. Constantin si Elena;1rue0Jaajr2kNvdWBeV5ZObPL36nPRRQk
instalatii (sanitare/termice/HVAC);SA14D#;Teava material plastic (pp,pe,pp-r si similare) imbinata prin sudura prin polifuziune, la constructii industriale, d=32 mm;m;38,33;18,81;18,89;0,63;0,00;"Deviz oferta.pdf – F3 oferta eDevize (restaurare biserica); pret direct, la care se adauga CAM 2,25% man., CI 10%, profit 5%";2025-06-17;Executant SC Aurora Inconstruct SRL / Beneficiar Biserica Sf. Imp. Constantin si Elena;1rue0Jaajr2kNvdWBeV5ZObPL36nPRRQk
instalatii (sanitare/termice/HVAC);6700690;Teava mufata PVC pres.nominala 10dan/cmp D = 250mm/10,8 [resursa material];m;83,91;83,91;;;;"9.2. OFERTA V1 REV CU VALORI PTDE.pdf – F3 cu valori (Spital paliatie, desfiintare C1-C3 si construire); pret direct fara CI/profit";2026-07-06;Proiectant S.C. Tanari Arhitect SRL / Beneficiar ACTIS (Asoc. Comunitara pt. Dezv. Intrepr. Sociale);1LARNS5Adn3FbJ7styKw3LZrEBoluKomc
instalatii (sanitare/termice/HVAC);SA01C#;Teava otel zincata pentru instal,montata la constructii ind, teava avand diametrul de 1;m;22,62;0,00;22,62;0,00;0,00;"9.2. OFERTA V1 REV CU VALORI PTDE.pdf – F3 cu valori (Spital paliatie, desfiintare C1-C3 si construire); pret direct fara CI/profit";2026-07-06;Proiectant S.C. Tanari Arhitect SRL / Beneficiar ACTIS (Asoc. Comunitara pt. Dezv. Intrepr. Sociale);1LARNS5Adn3FbJ7styKw3LZrEBoluKomc
instalatii (sanitare/termice/HVAC);SA01F#;Teava otel zincata pentru instal,montata la constructii ind, teava avand diametrul de 2;m;33,35;0,00;33,35;0,00;0,00;"9.2. OFERTA V1 REV CU VALORI PTDE.pdf – F3 cu valori (Spital paliatie, desfiintare C1-C3 si construire); pret direct fara CI/profit";2026-07-06;Proiectant S.C. Tanari Arhitect SRL / Beneficiar ACTIS (Asoc. Comunitara pt. Dezv. Intrepr. Sociale);1LARNS5Adn3FbJ7styKw3LZrEBoluKomc
instalatii (sanitare/termice/HVAC);SA01G#;Teava otel zincata pentru instal,montata la constructii ind, teava avand diametrul de 2 1/2;m;40,60;0,00;40,60;0,00;0,00;"9.2. OFERTA V1 REV CU VALORI PTDE.pdf – F3 cu valori (Spital paliatie, desfiintare C1-C3 si construire); pret direct fara CI/profit";2026-07-06;Proiectant S.C. Tanari Arhitect SRL / Beneficiar ACTIS (Asoc. Comunitara pt. Dezv. Intrepr. Sociale);1LARNS5Adn3FbJ7styKw3LZrEBoluKomc
instalatii (sanitare/termice/HVAC);SA01H#;Teava otel zincata pentru instal,montata la constructii ind, teava avand diametrul de 3;m;49,30;0,00;49,30;0,00;0,00;"9.2. OFERTA V1 REV CU VALORI PTDE.pdf – F3 cu valori (Spital paliatie, desfiintare C1-C3 si construire); pret direct fara CI/profit";2026-07-06;Proiectant S.C. Tanari Arhitect SRL / Beneficiar ACTIS (Asoc. Comunitara pt. Dezv. Intrepr. Sociale);1LARNS5Adn3FbJ7styKw3LZrEBoluKomc
instalatii (sanitare/termice/HVAC);SA01I#;Teava otel zincata pentru instal,montata la constructii ind, teava avand diametrul de 4;m;58,00;0,00;58,00;0,00;0,00;"9.2. OFERTA V1 REV CU VALORI PTDE.pdf – F3 cu valori (Spital paliatie, desfiintare C1-C3 si construire); pret direct fara CI/profit";2026-07-06;Proiectant S.C. Tanari Arhitect SRL / Beneficiar ACTIS (Asoc. Comunitara pt. Dezv. Intrepr. Sociale);1LARNS5Adn3FbJ7styKw3LZrEBoluKomc
instalatii (sanitare/termice/HVAC);SB08E#;Teava pe, pp, pp-R pt canal, imbin cu garn cauciuc, montare apar sau ingrop sub... pard, dn=110 mm;m;58,67;41,87;16,80;0,00;0,00;"Deviz oferta.pdf – F3 oferta eDevize (restaurare biserica); pret direct, la care se adauga CAM 2,25% man., CI 10%, profit 5%";2025-06-17;Executant SC Aurora Inconstruct SRL / Beneficiar Biserica Sf. Imp. Constantin si Elena;1rue0Jaajr2kNvdWBeV5ZObPL36nPRRQk
instalatii (sanitare/termice/HVAC);SB08B#;Teava pe, pp, pp-R pt canal, imbin cu garn cauciuc, montare apar sau ingrop sub... pard, dn=40 mm;m;24,23;12,68;11,55;0,00;0,00;"Deviz oferta.pdf – F3 oferta eDevize (restaurare biserica); pret direct, la care se adauga CAM 2,25% man., CI 10%, profit 5%";2025-06-17;Executant SC Aurora Inconstruct SRL / Beneficiar Biserica Sf. Imp. Constantin si Elena;1rue0Jaajr2kNvdWBeV5ZObPL36nPRRQk
instalatii (sanitare/termice/HVAC);SB08D#;Teava pe, pp, pp-r pentru canal, imbin cu garn cauciuc, montare apar sau ingrop sub... pard, dn=75 mm;m;35,40;20,70;14,70;0,00;0,00;"Deviz oferta.pdf – F3 oferta eDevize (restaurare biserica); pret direct, la care se adauga CAM 2,25% man., CI 10%, profit 5%";2025-06-17;Executant SC Aurora Inconstruct SRL / Beneficiar Biserica Sf. Imp. Constantin si Elena;1rue0Jaajr2kNvdWBeV5ZObPL36nPRRQk
instalatii (sanitare/termice/HVAC);SB08C#;Teava pe, pp, pp-r pt canal, imbin cu garn cauciuc, montare apar sau ingrop sub... pard, dn=50 mm;m;27,46;14,34;13,12;0,00;0,00;"Deviz oferta.pdf – F3 oferta eDevize (restaurare biserica); pret direct, la care se adauga CAM 2,25% man., CI 10%, profit 5%";2025-06-17;Executant SC Aurora Inconstruct SRL / Beneficiar Biserica Sf. Imp. Constantin si Elena;1rue0Jaajr2kNvdWBeV5ZObPL36nPRRQk
instalatii (sanitare/termice/HVAC);SB08B#;Teava pe,pp,pp-r pentru canal,imbin cu garn cauciuc,montare apar sau ingrop sub pard,dn=40 mm;m;24,78;12,68;12,10;0,00;0,00;"Deviz oferta.pdf – F3 oferta eDevize (restaurare biserica); pret direct, la care se adauga CAM 2,25% man., CI 10%, profit 5%";2025-06-17;Executant SC Aurora Inconstruct SRL / Beneficiar Biserica Sf. Imp. Constantin si Elena;1rue0Jaajr2kNvdWBeV5ZObPL36nPRRQk
instalatii (sanitare/termice/HVAC);3304861;Teava pentru instalatii neagra nefil. m - 40(1 1/2) OL 32 1 s 7656 [resursa material];m;21,00;21,00;;;;"Deviz oferta.pdf – F3 oferta eDevize (restaurare biserica); pret direct, la care se adauga CAM 2,25% man., CI 10%, profit 5%";2025-06-17;Executant SC Aurora Inconstruct SRL / Beneficiar Biserica Sf. Imp. Constantin si Elena;1rue0Jaajr2kNvdWBeV5ZObPL36nPRRQk
instalatii (sanitare/termice/HVAC);3304873;Teava pentru instalatii.neagra nefil.m - 50(2 ) OL 32 1 s 7656 [resursa material];m;33,37;33,37;;;;"9.2. OFERTA V1 REV CU VALORI PTDE.pdf – F3 cu valori (Spital paliatie, desfiintare C1-C3 si construire); pret direct fara CI/profit";2026-07-06;Proiectant S.C. Tanari Arhitect SRL / Beneficiar ACTIS (Asoc. Comunitara pt. Dezv. Intrepr. Sociale);1LARNS5Adn3FbJ7styKw3LZrEBoluKomc
instalatii (sanitare/termice/HVAC);3304873;Teava pentru instalatii.neagra nefil.m - 50(2 ) OL 32 1 s 7656 [resursa material];m;98,00;98,00;;;;"Deviz oferta.pdf – F3 oferta eDevize (restaurare biserica); pret direct, la care se adauga CAM 2,25% man., CI 10%, profit 5%";2025-06-17;Executant SC Aurora Inconstruct SRL / Beneficiar Biserica Sf. Imp. Constantin si Elena;1rue0Jaajr2kNvdWBeV5ZObPL36nPRRQk
instalatii (sanitare/termice/HVAC);3304885;Teava pentru instalatii.neagra nefil.m - 65(2 1/2) OL 32 1 s 7656 [resursa material];m;43,26;43,26;;;;"9.2. OFERTA V1 REV CU VALORI PTDE.pdf – F3 cu valori (Spital paliatie, desfiintare C1-C3 si construire); pret direct fara CI/profit";2026-07-06;Proiectant S.C. Tanari Arhitect SRL / Beneficiar ACTIS (Asoc. Comunitara pt. Dezv. Intrepr. Sociale);1LARNS5Adn3FbJ7styKw3LZrEBoluKomc
instalatii (sanitare/termice/HVAC);3306120;Teava pentru instalatii.zinc nefil.m - 100(4 ) OL 32 1 s 7656 [resursa material];m;130,64;130,64;;;;"9.2. OFERTA V1 REV CU VALORI PTDE.pdf – F3 cu valori (Spital paliatie, desfiintare C1-C3 si construire); pret direct fara CI/profit";2026-07-06;Proiectant S.C. Tanari Arhitect SRL / Beneficiar ACTIS (Asoc. Comunitara pt. Dezv. Intrepr. Sociale);1LARNS5Adn3FbJ7styKw3LZrEBoluKomc
instalatii (sanitare/termice/HVAC);3306065;Teava pentru instalatii.zinc nefil.m - 25(1 ) OL 32 1 s 7656 [resursa material];m;25,02;25,02;;;;"9.2. OFERTA V1 REV CU VALORI PTDE.pdf – F3 cu valori (Spital paliatie, desfiintare C1-C3 si construire); pret direct fara CI/profit";2026-07-06;Proiectant S.C. Tanari Arhitect SRL / Beneficiar ACTIS (Asoc. Comunitara pt. Dezv. Intrepr. Sociale);1LARNS5Adn3FbJ7styKw3LZrEBoluKomc
instalatii (sanitare/termice/HVAC);3306091;Teava pentru instalatii.zinc nefil.m - 50(2 ) OL 32 1 s 7656 [resursa material];m;58,70;58,70;;;;"9.2. OFERTA V1 REV CU VALORI PTDE.pdf – F3 cu valori (Spital paliatie, desfiintare C1-C3 si construire); pret direct fara CI/profit";2026-07-06;Proiectant S.C. Tanari Arhitect SRL / Beneficiar ACTIS (Asoc. Comunitara pt. Dezv. Intrepr. Sociale);1LARNS5Adn3FbJ7styKw3LZrEBoluKomc
instalatii (sanitare/termice/HVAC);3306106;Teava pentru instalatii.zinc nefil.m - 65(2 1/2) OL 32 1 s 7656 [resursa material];m;74,08;74,08;;;;"9.2. OFERTA V1 REV CU VALORI PTDE.pdf – F3 cu valori (Spital paliatie, desfiintare C1-C3 si construire); pret direct fara CI/profit";2026-07-06;Proiectant S.C. Tanari Arhitect SRL / Beneficiar ACTIS (Asoc. Comunitara pt. Dezv. Intrepr. Sociale);1LARNS5Adn3FbJ7styKw3LZrEBoluKomc
instalatii (sanitare/termice/HVAC);3306118;Teava pentru instalatii.zinc nefil.m - 80(3 ) OL 32 1 s 7656 [resursa material];m;93,13;93,13;;;;"9.2. OFERTA V1 REV CU VALORI PTDE.pdf – F3 cu valori (Spital paliatie, desfiintare C1-C3 si construire); pret direct fara CI/profit";2026-07-06;Proiectant S.C. Tanari Arhitect SRL / Beneficiar ACTIS (Asoc. Comunitara pt. Dezv. Intrepr. Sociale);1LARNS5Adn3FbJ7styKw3LZrEBoluKomc
instalatii (sanitare/termice/HVAC);;Teava polipropilena de inalda densitate PPR PN 20 bar, Dn=20 mm;ml;3,82;;;;;"Oferta SD-6 409-E Hotel PIETROASA (Climatronic) – foaia Cap.6-Circuite hidraulice; 0.75 EUR x 5,1";2025-09-01;Ofertant Climatronic SRL / Beneficiar Hotel Pietroasa SA Buzau;1ne-s6Ae1aOu82-H0kXysRaOdfZGkZ7l7
instalatii (sanitare/termice/HVAC);;Teava polipropilena de inalda densitate PPR PN 20 bar, Dn=25 mm;ml;4,33;;;;;"Oferta SD-6 409-E Hotel PIETROASA (Climatronic) – foaia Cap.6-Circuite hidraulice; 0.85 EUR x 5,1";2025-09-01;Ofertant Climatronic SRL / Beneficiar Hotel Pietroasa SA Buzau;1ne-s6Ae1aOu82-H0kXysRaOdfZGkZ7l7
instalatii (sanitare/termice/HVAC);;Teava polipropilena de inalda densitate PPR PN 20 bar, Dn=32 mm;ml;7,65;;;;;"Oferta SD-6 409-E Hotel PIETROASA (Climatronic) – foaia Cap.6-Circuite hidraulice; 1.5 EUR x 5,1";2025-09-01;Ofertant Climatronic SRL / Beneficiar Hotel Pietroasa SA Buzau;1ne-s6Ae1aOu82-H0kXysRaOdfZGkZ7l7
instalatii (sanitare/termice/HVAC);;Teava polipropilena de inalda densitate, compozita PPR PN 20 bar, Dn=40 mm;ml;11,98;;;;;"Oferta SD-6 409-E Hotel PIETROASA (Climatronic) – foaia Cap.6-Circuite hidraulice; 2.35 EUR x 5,1";2025-09-01;Ofertant Climatronic SRL / Beneficiar Hotel Pietroasa SA Buzau;1ne-s6Ae1aOu82-H0kXysRaOdfZGkZ7l7
instalatii (sanitare/termice/HVAC);;Teava polipropilena de inalda densitate, compozita PPR PN 20 bar, Dn=50 mm;ml;18,61;;;;;"Oferta SD-6 409-E Hotel PIETROASA (Climatronic) – foaia Cap.6-Circuite hidraulice; 3.65 EUR x 5,1";2025-09-01;Ofertant Climatronic SRL / Beneficiar Hotel Pietroasa SA Buzau;1ne-s6Ae1aOu82-H0kXysRaOdfZGkZ7l7
instalatii (sanitare/termice/HVAC);;Teava polipropilena de inalda densitate, cu insertie din aluminiu PPR PN 20 bar, Dn=63 mm;ml;31,62;;;;;"Oferta SD-6 409-E Hotel PIETROASA (Climatronic) – foaia Cap.6-Circuite hidraulice; 6.2 EUR x 5,1";2025-09-01;Ofertant Climatronic SRL / Beneficiar Hotel Pietroasa SA Buzau;1ne-s6Ae1aOu82-H0kXysRaOdfZGkZ7l7
instalatii (sanitare/termice/HVAC);;Teava polipropilena de inalda densitate, cu insertie din aluminiu PPR PN 20 bar, Dn=76 mm;ml;52,02;;;;;"Oferta SD-6 409-E Hotel PIETROASA (Climatronic) – foaia Cap.6-Circuite hidraulice; 10.2 EUR x 5,1";2025-09-01;Ofertant Climatronic SRL / Beneficiar Hotel Pietroasa SA Buzau;1ne-s6Ae1aOu82-H0kXysRaOdfZGkZ7l7
instalatii (sanitare/termice/HVAC);;Teava polipropilena reticulara PPR cu insertie aluminiu pentru alimentare apa calda si apa racita la bateriile de la chiuveta, cabina dus si vas WC, D=20-32 mm;buc;16,32;;;;;"Oferta SD-6 409-E Hotel PIETROASA (Climatronic) – foaia Cap.7-Instalatii Sanitare; 3.2 EUR x 5,1";2025-09-01;Ofertant Climatronic SRL / Beneficiar Hotel Pietroasa SA Buzau;1ne-s6Ae1aOu82-H0kXysRaOdfZGkZ7l7
instalatii (sanitare/termice/HVAC);6720182;Teava pt scurgere apa menajera PP 110 mm [resursa material];m;39,10;39,10;;;;"Deviz oferta.pdf – F3 oferta eDevize (restaurare biserica); pret direct, la care se adauga CAM 2,25% man., CI 10%, profit 5%";2025-06-17;Executant SC Aurora Inconstruct SRL / Beneficiar Biserica Sf. Imp. Constantin si Elena;1rue0Jaajr2kNvdWBeV5ZObPL36nPRRQk
instalatii (sanitare/termice/HVAC);6720158;Teava pt scurgere apa menajera PP 40mm [resursa material];buc;11,00;11,00;;;;"Deviz oferta.pdf – F3 oferta eDevize (restaurare biserica); pret direct, la care se adauga CAM 2,25% man., CI 10%, profit 5%";2025-06-17;Executant SC Aurora Inconstruct SRL / Beneficiar Biserica Sf. Imp. Constantin si Elena;1rue0Jaajr2kNvdWBeV5ZObPL36nPRRQk
instalatii (sanitare/termice/HVAC);6720168;Teava pt scurgere apa menajera PP 50 mm [resursa material];m;12,00;12,00;;;;"Deviz oferta.pdf – F3 oferta eDevize (restaurare biserica); pret direct, la care se adauga CAM 2,25% man., CI 10%, profit 5%";2025-06-17;Executant SC Aurora Inconstruct SRL / Beneficiar Biserica Sf. Imp. Constantin si Elena;1rue0Jaajr2kNvdWBeV5ZObPL36nPRRQk
instalatii (sanitare/termice/HVAC);6720174;Teava pt scurgere apa menajera PP 75 mm [resursa material];buc;18,00;18,00;;;;"Deviz oferta.pdf – F3 oferta eDevize (restaurare biserica); pret direct, la care se adauga CAM 2,25% man., CI 10%, profit 5%";2025-06-17;Executant SC Aurora Inconstruct SRL / Beneficiar Biserica Sf. Imp. Constantin si Elena;1rue0Jaajr2kNvdWBeV5ZObPL36nPRRQk
instalatii (sanitare/termice/HVAC);20013934;Teava uPVC-KG cu mufa si garnitura D=110x3.00 mm, L=2.0m [resursa material];m;27,00;27,00;;;;"Deviz oferta.pdf – F3 oferta eDevize (restaurare biserica); pret direct, la care se adauga CAM 2,25% man., CI 10%, profit 5%";2025-06-17;Executant SC Aurora Inconstruct SRL / Beneficiar Biserica Sf. Imp. Constantin si Elena;1rue0Jaajr2kNvdWBeV5ZObPL36nPRRQk
instalatii (sanitare/termice/HVAC);SA35A1;Teu cu flanse,din fonta,pentru conducte de presiune,tubul principal avand...d= 50 mm;buc;125,83;45,50;80,33;0,00;0,00;"9.2. OFERTA V1 REV CU VALORI PTDE.pdf – F3 cu valori (Spital paliatie, desfiintare C1-C3 si construire); pret direct fara CI/profit";2026-07-06;Proiectant S.C. Tanari Arhitect SRL / Beneficiar ACTIS (Asoc. Comunitara pt. Dezv. Intrepr. Sociale);1LARNS5Adn3FbJ7styKw3LZrEBoluKomc
instalatii (sanitare/termice/HVAC);SA35B1;Teu cu flanse,din fonta,pentru conducte de presiune,tubul principal avand...d= 65 mm;buc;137,41;46,64;90,77;0,00;0,00;"9.2. OFERTA V1 REV CU VALORI PTDE.pdf – F3 cu valori (Spital paliatie, desfiintare C1-C3 si construire); pret direct fara CI/profit";2026-07-06;Proiectant S.C. Tanari Arhitect SRL / Beneficiar ACTIS (Asoc. Comunitara pt. Dezv. Intrepr. Sociale);1LARNS5Adn3FbJ7styKw3LZrEBoluKomc
instalatii (sanitare/termice/HVAC);FE23D2 [1];Teu cupru Dn28;buc;66,49;32,06;34,43;0,00;0,00;"9.2. OFERTA V1 REV CU VALORI PTDE.pdf – F3 cu valori (Spital paliatie, desfiintare C1-C3 si construire); pret direct fara CI/profit";2026-07-06;Proiectant S.C. Tanari Arhitect SRL / Beneficiar ACTIS (Asoc. Comunitara pt. Dezv. Intrepr. Sociale);1LARNS5Adn3FbJ7styKw3LZrEBoluKomc
instalatii (sanitare/termice/HVAC);20020384;Teu de bransament d63x40 sdr11 cu colier [resursa material];buc;176,48;176,48;;;;"9.2. OFERTA V1 REV CU VALORI PTDE.pdf – F3 cu valori (Spital paliatie, desfiintare C1-C3 si construire); pret direct fara CI/profit";2026-07-06;Proiectant S.C. Tanari Arhitect SRL / Beneficiar ACTIS (Asoc. Comunitara pt. Dezv. Intrepr. Sociale);1LARNS5Adn3FbJ7styKw3LZrEBoluKomc
instalatii (sanitare/termice/HVAC);4116936;Teu de reglaj 11/2toli [resursa material];buc;15,38;15,38;;;;"9.2. OFERTA V1 REV CU VALORI PTDE.pdf – F3 cu valori (Spital paliatie, desfiintare C1-C3 si construire); pret direct fara CI/profit";2026-07-06;Proiectant S.C. Tanari Arhitect SRL / Beneficiar ACTIS (Asoc. Comunitara pt. Dezv. Intrepr. Sociale);1LARNS5Adn3FbJ7styKw3LZrEBoluKomc
instalatii (sanitare/termice/HVAC);6719495;Teu din polipropilena avand diametrul 32 mm [resursa material];buc;11,00;11,00;;;;"Deviz oferta.pdf – F3 oferta eDevize (restaurare biserica); pret direct, la care se adauga CAM 2,25% man., CI 10%, profit 5%";2025-06-17;Executant SC Aurora Inconstruct SRL / Beneficiar Biserica Sf. Imp. Constantin si Elena;1rue0Jaajr2kNvdWBeV5ZObPL36nPRRQk
instalatii (sanitare/termice/HVAC);6719493;Teu din polipropilena avind diametrul 20 mm [resursa material];buc;0,53;0,53;;;;"9.2. OFERTA V1 REV CU VALORI PTDE.pdf – F3 cu valori (Spital paliatie, desfiintare C1-C3 si construire); pret direct fara CI/profit";2026-07-06;Proiectant S.C. Tanari Arhitect SRL / Beneficiar ACTIS (Asoc. Comunitara pt. Dezv. Intrepr. Sociale);1LARNS5Adn3FbJ7styKw3LZrEBoluKomc
instalatii (sanitare/termice/HVAC);6719493;Teu din polipropilena avind diametrul 20 mm [resursa material];buc;5,50;5,50;;;;"Deviz oferta.pdf – F3 oferta eDevize (restaurare biserica); pret direct, la care se adauga CAM 2,25% man., CI 10%, profit 5%";2025-06-17;Executant SC Aurora Inconstruct SRL / Beneficiar Biserica Sf. Imp. Constantin si Elena;1rue0Jaajr2kNvdWBeV5ZObPL36nPRRQk
instalatii (sanitare/termice/HVAC);6719494;Teu din polipropilena avind diametrul 25 mm [resursa material];buc;0,65;0,65;;;;"9.2. OFERTA V1 REV CU VALORI PTDE.pdf – F3 cu valori (Spital paliatie, desfiintare C1-C3 si construire); pret direct fara CI/profit";2026-07-06;Proiectant S.C. Tanari Arhitect SRL / Beneficiar ACTIS (Asoc. Comunitara pt. Dezv. Intrepr. Sociale);1LARNS5Adn3FbJ7styKw3LZrEBoluKomc
instalatii (sanitare/termice/HVAC);6719494;Teu din polipropilena avind diametrul 25 mm [resursa material];buc;8,00;8,00;;;;"Deviz oferta.pdf – F3 oferta eDevize (restaurare biserica); pret direct, la care se adauga CAM 2,25% man., CI 10%, profit 5%";2025-06-17;Executant SC Aurora Inconstruct SRL / Beneficiar Biserica Sf. Imp. Constantin si Elena;1rue0Jaajr2kNvdWBeV5ZObPL36nPRRQk
instalatii (sanitare/termice/HVAC);6719495;Teu din polipropilena avind diametrul 32 mm [resursa material];buc;1,37;1,37;;;;"9.2. OFERTA V1 REV CU VALORI PTDE.pdf – F3 cu valori (Spital paliatie, desfiintare C1-C3 si construire); pret direct fara CI/profit";2026-07-06;Proiectant S.C. Tanari Arhitect SRL / Beneficiar ACTIS (Asoc. Comunitara pt. Dezv. Intrepr. Sociale);1LARNS5Adn3FbJ7styKw3LZrEBoluKomc
instalatii (sanitare/termice/HVAC);6719496;Teu din polipropilena avind diametrul 40 mm [resursa material];buc;2,39;2,39;;;;"9.2. OFERTA V1 REV CU VALORI PTDE.pdf – F3 cu valori (Spital paliatie, desfiintare C1-C3 si construire); pret direct fara CI/profit";2026-07-06;Proiectant S.C. Tanari Arhitect SRL / Beneficiar ACTIS (Asoc. Comunitara pt. Dezv. Intrepr. Sociale);1LARNS5Adn3FbJ7styKw3LZrEBoluKomc
instalatii (sanitare/termice/HVAC);6719497;Teu din polipropilena avind diametrul 50 mm [resursa material];buc;4,07;4,07;;;;"9.2. OFERTA V1 REV CU VALORI PTDE.pdf – F3 cu valori (Spital paliatie, desfiintare C1-C3 si construire); pret direct fara CI/profit";2026-07-06;Proiectant S.C. Tanari Arhitect SRL / Beneficiar ACTIS (Asoc. Comunitara pt. Dezv. Intrepr. Sociale);1LARNS5Adn3FbJ7styKw3LZrEBoluKomc
instalatii (sanitare/termice/HVAC);4115556;Teu egal zincat DN 2 cod 45013007 [resursa material];buc;13,12;13,12;;;;"9.2. OFERTA V1 REV CU VALORI PTDE.pdf – F3 cu valori (Spital paliatie, desfiintare C1-C3 si construire); pret direct fara CI/profit";2026-07-06;Proiectant S.C. Tanari Arhitect SRL / Beneficiar ACTIS (Asoc. Comunitara pt. Dezv. Intrepr. Sociale);1LARNS5Adn3FbJ7styKw3LZrEBoluKomc
instalatii (sanitare/termice/HVAC);SA29B#;Teu fonta cu flanse pentru cond de pres, tubul principal cu diam de 80 mm;buc;120,07;20,02;100,05;0,00;0,00;"9.2. OFERTA V1 REV CU VALORI PTDE.pdf – F3 cu valori (Spital paliatie, desfiintare C1-C3 si construire); pret direct fara CI/profit";2026-07-06;Proiectant S.C. Tanari Arhitect SRL / Beneficiar ACTIS (Asoc. Comunitara pt. Dezv. Intrepr. Sociale);1LARNS5Adn3FbJ7styKw3LZrEBoluKomc
instalatii (sanitare/termice/HVAC);SA29A#;Teu fonta cu flanse pentru cond de pres, tubul principal cu diam de pana la 65 mm,inclusiv;buc;108,84;18,94;89,90;0,00;0,00;"9.2. OFERTA V1 REV CU VALORI PTDE.pdf – F3 cu valori (Spital paliatie, desfiintare C1-C3 si construire); pret direct fara CI/profit";2026-07-06;Proiectant S.C. Tanari Arhitect SRL / Beneficiar ACTIS (Asoc. Comunitara pt. Dezv. Intrepr. Sociale);1LARNS5Adn3FbJ7styKw3LZrEBoluKomc
instalatii (sanitare/termice/HVAC);4115451;Teu fonta mal b1 s476 DN = 25 1 zn [resursa material];buc;6,36;6,36;;;;"9.2. OFERTA V1 REV CU VALORI PTDE.pdf – F3 cu valori (Spital paliatie, desfiintare C1-C3 si construire); pret direct fara CI/profit";2026-07-06;Proiectant S.C. Tanari Arhitect SRL / Beneficiar ACTIS (Asoc. Comunitara pt. Dezv. Intrepr. Sociale);1LARNS5Adn3FbJ7styKw3LZrEBoluKomc
instalatii (sanitare/termice/HVAC);4115554;Teu fonta mal b1 s476 DN = 50 2 zn [resursa material];buc;35,24;35,24;;;;"9.2. OFERTA V1 REV CU VALORI PTDE.pdf – F3 cu valori (Spital paliatie, desfiintare C1-C3 si construire); pret direct fara CI/profit";2026-07-06;Proiectant S.C. Tanari Arhitect SRL / Beneficiar ACTIS (Asoc. Comunitara pt. Dezv. Intrepr. Sociale);1LARNS5Adn3FbJ7styKw3LZrEBoluKomc
instalatii (sanitare/termice/HVAC);4115580;Teu fonta mal b1 s476 DN = 65 21/2 zn [resursa material];buc;53,40;53,40;;;;"9.2. OFERTA V1 REV CU VALORI PTDE.pdf – F3 cu valori (Spital paliatie, desfiintare C1-C3 si construire); pret direct fara CI/profit";2026-07-06;Proiectant S.C. Tanari Arhitect SRL / Beneficiar ACTIS (Asoc. Comunitara pt. Dezv. Intrepr. Sociale);1LARNS5Adn3FbJ7styKw3LZrEBoluKomc
instalatii (sanitare/termice/HVAC);4115607;Teu fonta mal b1 s476 DN = 80 3 zn [resursa material];buc;102,86;102,86;;;;"9.2. OFERTA V1 REV CU VALORI PTDE.pdf – F3 cu valori (Spital paliatie, desfiintare C1-C3 si construire); pret direct fara CI/profit";2026-07-06;Proiectant S.C. Tanari Arhitect SRL / Beneficiar ACTIS (Asoc. Comunitara pt. Dezv. Intrepr. Sociale);1LARNS5Adn3FbJ7styKw3LZrEBoluKomc
instalatii (sanitare/termice/HVAC);6719457;Teu pehd pentru electrofuz diam ext 110 mm [resursa material];buc;226,01;226,01;;;;"9.2. OFERTA V1 REV CU VALORI PTDE.pdf – F3 cu valori (Spital paliatie, desfiintare C1-C3 si construire); pret direct fara CI/profit";2026-07-06;Proiectant S.C. Tanari Arhitect SRL / Beneficiar ACTIS (Asoc. Comunitara pt. Dezv. Intrepr. Sociale);1LARNS5Adn3FbJ7styKw3LZrEBoluKomc
instalatii (sanitare/termice/HVAC);6719451;Teu pehd pentru electrofuz diam ext 32 mm [resursa material];buc;3,02;3,02;;;;"Deviz oferta.pdf – F3 oferta eDevize (restaurare biserica); pret direct, la care se adauga CAM 2,25% man., CI 10%, profit 5%";2025-06-17;Executant SC Aurora Inconstruct SRL / Beneficiar Biserica Sf. Imp. Constantin si Elena;1rue0Jaajr2kNvdWBeV5ZObPL36nPRRQk
instalatii (sanitare/termice/HVAC);6719452;Teu pehd pentru electrofuz diam ext 40 mm [resursa material];buc;3,98;3,98;;;;"Deviz oferta.pdf – F3 oferta eDevize (restaurare biserica); pret direct, la care se adauga CAM 2,25% man., CI 10%, profit 5%";2025-06-17;Executant SC Aurora Inconstruct SRL / Beneficiar Biserica Sf. Imp. Constantin si Elena;1rue0Jaajr2kNvdWBeV5ZObPL36nPRRQk
instalatii (sanitare/termice/HVAC);6719453;Teu pehd pentru electrofuz diam ext 50 mm [resursa material];buc;79,77;79,77;;;;"9.2. OFERTA V1 REV CU VALORI PTDE.pdf – F3 cu valori (Spital paliatie, desfiintare C1-C3 si construire); pret direct fara CI/profit";2026-07-06;Proiectant S.C. Tanari Arhitect SRL / Beneficiar ACTIS (Asoc. Comunitara pt. Dezv. Intrepr. Sociale);1LARNS5Adn3FbJ7styKw3LZrEBoluKomc
instalatii (sanitare/termice/HVAC);6719454;Teu pehd pentru electrofuz diam ext 63 mm [resursa material];buc;79,77;79,77;;;;"9.2. OFERTA V1 REV CU VALORI PTDE.pdf – F3 cu valori (Spital paliatie, desfiintare C1-C3 si construire); pret direct fara CI/profit";2026-07-06;Proiectant S.C. Tanari Arhitect SRL / Beneficiar ACTIS (Asoc. Comunitara pt. Dezv. Intrepr. Sociale);1LARNS5Adn3FbJ7styKw3LZrEBoluKomc
instalatii (sanitare/termice/HVAC);6719455;Teu pehd pentru electrofuz diam ext 75 mm [resursa material];buc;140,45;140,45;;;;"9.2. OFERTA V1 REV CU VALORI PTDE.pdf – F3 cu valori (Spital paliatie, desfiintare C1-C3 si construire); pret direct fara CI/profit";2026-07-06;Proiectant S.C. Tanari Arhitect SRL / Beneficiar ACTIS (Asoc. Comunitara pt. Dezv. Intrepr. Sociale);1LARNS5Adn3FbJ7styKw3LZrEBoluKomc
instalatii (sanitare/termice/HVAC);6719456;Teu pehd pentru electrofuz diam ext 90 mm [resursa material];buc;140,45;140,45;;;;"9.2. OFERTA V1 REV CU VALORI PTDE.pdf – F3 cu valori (Spital paliatie, desfiintare C1-C3 si construire); pret direct fara CI/profit";2026-07-06;Proiectant S.C. Tanari Arhitect SRL / Beneficiar ACTIS (Asoc. Comunitara pt. Dezv. Intrepr. Sociale);1LARNS5Adn3FbJ7styKw3LZrEBoluKomc
instalatii (sanitare/termice/HVAC);20013681;Teu redus PE 100 63/20 SDR11 [resursa material];buc;56,47;56,47;;;;"9.2. OFERTA V1 REV CU VALORI PTDE.pdf – F3 cu valori (Spital paliatie, desfiintare C1-C3 si construire); pret direct fara CI/profit";2026-07-06;Proiectant S.C. Tanari Arhitect SRL / Beneficiar ACTIS (Asoc. Comunitara pt. Dezv. Intrepr. Sociale);1LARNS5Adn3FbJ7styKw3LZrEBoluKomc
instalatii (sanitare/termice/HVAC);;Traseu pentru colectare si evacuare condensat de la ventiloconvectori la coloanele verticale de evacuare ape uzate, D=32 mm (teava PP cu inele din cauciuc , piese speciale de imbinare si derivare);ml;19,12;;;;;"Oferta SD-6 409-E Hotel PIETROASA (Climatronic) – foaia Cap.6-Circuite hidraulice; 3.75 EUR x 5,1";2025-09-01;Ofertant Climatronic SRL / Beneficiar Hotel Pietroasa SA Buzau;1ne-s6Ae1aOu82-H0kXysRaOdfZGkZ7l7
instalatii (sanitare/termice/HVAC);VA02A01 [2];Tubulatura spiro circulara SR 100;m;93,33;65,20;28,13;0,00;0,00;"9.2. OFERTA V1 REV CU VALORI PTDE.pdf – F3 cu valori (Spital paliatie, desfiintare C1-C3 si construire); pret direct fara CI/profit";2026-07-06;Proiectant S.C. Tanari Arhitect SRL / Beneficiar ACTIS (Asoc. Comunitara pt. Dezv. Intrepr. Sociale);1LARNS5Adn3FbJ7styKw3LZrEBoluKomc
instalatii (sanitare/termice/HVAC);VA02A01 [1];Tubulatura spiro circulara SR 200;m;260,89;185,20;75,69;0,00;0,00;"9.2. OFERTA V1 REV CU VALORI PTDE.pdf – F3 cu valori (Spital paliatie, desfiintare C1-C3 si construire); pret direct fara CI/profit";2026-07-06;Proiectant S.C. Tanari Arhitect SRL / Beneficiar ACTIS (Asoc. Comunitara pt. Dezv. Intrepr. Sociale);1LARNS5Adn3FbJ7styKw3LZrEBoluKomc
instalatii (sanitare/termice/HVAC);AcD27B1+;Tuburi Wavin pvc-kg imbinate prin mufe si garnituri, pentru instalatii de canalizare exterioara, cu diametrul nominal de:... Dn=150-200 mm, lungime tronson teava 1 m;m;42,69;32,19;10,50;0,00;0,00;"Deviz oferta.pdf – F3 oferta eDevize (restaurare biserica); pret direct, la care se adauga CAM 2,25% man., CI 10%, profit 5%";2025-06-17;Executant SC Aurora Inconstruct SRL / Beneficiar Biserica Sf. Imp. Constantin si Elena;1rue0Jaajr2kNvdWBeV5ZObPL36nPRRQk
instalatii (sanitare/termice/HVAC);AcD27B1+;Tuburi Wavin pvc-kg imbinate prin mufe si garnituri, pentru instalatii de canalizare exterioara, cu diametrul nominal de:... Dn=150-200 mm, lungime tronson teava 1 m;m;59,40;48,90;10,50;0,00;0,00;"Deviz oferta.pdf – F3 oferta eDevize (restaurare biserica); pret direct, la care se adauga CAM 2,25% man., CI 10%, profit 5%";2025-06-17;Executant SC Aurora Inconstruct SRL / Beneficiar Biserica Sf. Imp. Constantin si Elena;1rue0Jaajr2kNvdWBeV5ZObPL36nPRRQk
instalatii (sanitare/termice/HVAC);AcD27A1+;Tuburi Wavin pvc-kg imbinate prin mufe si garnituri, pt. instalatii de canalizare exterioara, cu diametrul nominal de:... dn=110-125 mm, lungime tronson teava 1 m;m;38,19;29,79;8,40;0,00;0,00;"Deviz oferta.pdf – F3 oferta eDevize (restaurare biserica); pret direct, la care se adauga CAM 2,25% man., CI 10%, profit 5%";2025-06-17;Executant SC Aurora Inconstruct SRL / Beneficiar Biserica Sf. Imp. Constantin si Elena;1rue0Jaajr2kNvdWBeV5ZObPL36nPRRQk
instalatii (sanitare/termice/HVAC);;V3C-Vane reglare cu 3 cai VTX 21P actionare cu servomotor on/off MVX 22(sau similar)-cate 2 buc pe fiecare ventiloconvector in parte;buc;265,20;;;;;"Oferta SD-6 409-E Hotel PIETROASA (Climatronic) – foaia Cap.1-VCV; 52 EUR x 5,1";2025-09-01;Ofertant Climatronic SRL / Beneficiar Hotel Pietroasa SA Buzau;1ne-s6Ae1aOu82-H0kXysRaOdfZGkZ7l7
instalatii (sanitare/termice/HVAC);;VCV 1-Ventiloconvector necarcasat pentru montare orizontala 2 baterii independente 4 tevi , CALD si RECE, caracteristici tehnice : capacitate incalzire Qinc=2.2/2.45Kw, capacitate racire Qrac=1.56/2.2Kw, debit aer tratat;buc;1458,60;;;;;"Oferta SD-6 409-E Hotel PIETROASA (Climatronic) – foaia Cap.1-VCV; 286 EUR x 5,1";2025-09-01;Ofertant Climatronic SRL / Beneficiar Hotel Pietroasa SA Buzau;1ne-s6Ae1aOu82-H0kXysRaOdfZGkZ7l7
instalatii (sanitare/termice/HVAC);;VCV 2-Ventiloconvector necarcasat pentru montare orizontala 2 baterii independente 4 tevi , CALD si RECE, caracteristici tehnice : capacitate incalzire Qinc=2.2/3.38Kw, capacitate racire Qrac=2.1/2.97Kw, debit aer tratat;buc;1606,50;;;;;"Oferta SD-6 409-E Hotel PIETROASA (Climatronic) – foaia Cap.1-VCV; 315 EUR x 5,1";2025-09-01;Ofertant Climatronic SRL / Beneficiar Hotel Pietroasa SA Buzau;1ne-s6Ae1aOu82-H0kXysRaOdfZGkZ7l7
instalatii (sanitare/termice/HVAC);;VE 1-Vas expansiune pentru incalzire , varianta verticala, Varem 6 bar,V=150L;buc;1096,50;;;;;"Oferta SD-6 409-E Hotel PIETROASA (Climatronic) – foaia Cap.5- Centrala Termica; 215 EUR x 5,1";2025-09-01;Ofertant Climatronic SRL / Beneficiar Hotel Pietroasa SA Buzau;1ne-s6Ae1aOu82-H0kXysRaOdfZGkZ7l7
instalatii (sanitare/termice/HVAC);;VE 2-Vas expansiune apa calda pe circuitele de boilere, diametru D=250 mm, inaltime H=400 mm V=50L -stric tejele 7+8;buc;428,40;;;;;"Oferta SD-6 409-E Hotel PIETROASA (Climatronic) – foaia Cap.5- Centrala Termica; 84 EUR x 5,1";2025-09-01;Ofertant Climatronic SRL / Beneficiar Hotel Pietroasa SA Buzau;1ne-s6Ae1aOu82-H0kXysRaOdfZGkZ7l7
instalatii (sanitare/termice/HVAC);;VE 3-Vas expansiune pentru incalzire circuitele de distributie apa calda Butelie egalizare si rupere de presiune, colector circuite hidraulice, diametru D=585 mm, inaltime H=950 mm V=100L;buc;724,20;;;;;"Oferta SD-6 409-E Hotel PIETROASA (Climatronic) – foaia Cap.5- Centrala Termica; 142 EUR x 5,1";2025-09-01;Ofertant Climatronic SRL / Beneficiar Hotel Pietroasa SA Buzau;1ne-s6Ae1aOu82-H0kXysRaOdfZGkZ7l7
instalatii (sanitare/termice/HVAC);;VE-Vas expansiune sistem solar Elbi DS-18;buc;158,10;;;;;"Oferta SD-6 409-E Hotel PIETROASA (Climatronic) – foaia Cap.5- Centrala Termica; 31 EUR x 5,1";2025-09-01;Ofertant Climatronic SRL / Beneficiar Hotel Pietroasa SA Buzau;1ne-s6Ae1aOu82-H0kXysRaOdfZGkZ7l7
instalatii (sanitare/termice/HVAC);11798045;Vana diametrul (DN20) [resursa material];buc;381,06;381,06;;;;"9.2. OFERTA V1 REV CU VALORI PTDE.pdf – F3 cu valori (Spital paliatie, desfiintare C1-C3 si construire); pret direct fara CI/profit";2026-07-06;Proiectant S.C. Tanari Arhitect SRL / Beneficiar ACTIS (Asoc. Comunitara pt. Dezv. Intrepr. Sociale);1LARNS5Adn3FbJ7styKw3LZrEBoluKomc
instalatii (sanitare/termice/HVAC);SC07A#;Vas clos, echip, semiport, port san incl pt hand, asez pe pard, rez apa... la inalt, semiinalt, sif S;buc;2606,15;2359,41;246,74;0,00;0,00;"Deviz oferta.pdf – F3 oferta eDevize (restaurare biserica); pret direct, la care se adauga CAM 2,25% man., CI 10%, profit 5%";2025-06-17;Executant SC Aurora Inconstruct SRL / Beneficiar Biserica Sf. Imp. Constantin si Elena;1rue0Jaajr2kNvdWBeV5ZObPL36nPRRQk
instalatii (sanitare/termice/HVAC);SC07A#;Vas clos,echip,semiport,port san incl pentru hand,asez pe pard,rez apa...la inalt,semiinalt,sif s;buc;322,12;185,82;136,30;0,00;0,00;"9.2. OFERTA V1 REV CU VALORI PTDE.pdf – F3 cu valori (Spital paliatie, desfiintare C1-C3 si construire); pret direct fara CI/profit";2026-07-06;Proiectant S.C. Tanari Arhitect SRL / Beneficiar ACTIS (Asoc. Comunitara pt. Dezv. Intrepr. Sociale);1LARNS5Adn3FbJ7styKw3LZrEBoluKomc
instalatii (sanitare/termice/HVAC);;Vas de WC suspendat, Model Ideal Standard-Vidima(sau similar);buc;428,40;;;;;"Oferta SD-6 409-E Hotel PIETROASA (Climatronic) – foaia Cap.7-Instalatii Sanitare; 84 EUR x 5,1";2025-09-01;Ofertant Climatronic SRL / Beneficiar Hotel Pietroasa SA Buzau;1ne-s6Ae1aOu82-H0kXysRaOdfZGkZ7l7
instalatii (sanitare/termice/HVAC);IA23XA;Vas expansiune paralelipipedic/cilindric montat pepostament/console avind capacitat.de 500-1000 l;buc;191,52;0,00;191,40;0,12;0,00;"9.2. OFERTA V1 REV CU VALORI PTDE.pdf – F3 cu valori (Spital paliatie, desfiintare C1-C3 si construire); pret direct fara CI/profit";2026-07-06;Proiectant S.C. Tanari Arhitect SRL / Beneficiar ACTIS (Asoc. Comunitara pt. Dezv. Intrepr. Sociale);1LARNS5Adn3FbJ7styKw3LZrEBoluKomc
instalatii (sanitare/termice/HVAC);4203179;Ventil scurgere lavoar,bideu 1 1/4 fara rac. s 411 [resursa material];buc;59,70;59,70;;;;"9.2. OFERTA V1 REV CU VALORI PTDE.pdf – F3 cu valori (Spital paliatie, desfiintare C1-C3 si construire); pret direct fara CI/profit";2026-07-06;Proiectant S.C. Tanari Arhitect SRL / Beneficiar ACTIS (Asoc. Comunitara pt. Dezv. Intrepr. Sociale);1LARNS5Adn3FbJ7styKw3LZrEBoluKomc
instalatii (sanitare/termice/HVAC);4203349;Ventil scurgere lavoar.spalator 1 1/4 cu racord s9610 [resursa material];buc;36,50;36,50;;;;"9.2. OFERTA V1 REV CU VALORI PTDE.pdf – F3 cu valori (Spital paliatie, desfiintare C1-C3 si construire); pret direct fara CI/profit";2026-07-06;Proiectant S.C. Tanari Arhitect SRL / Beneficiar ACTIS (Asoc. Comunitara pt. Dezv. Intrepr. Sociale);1LARNS5Adn3FbJ7styKw3LZrEBoluKomc
instalatii (sanitare/termice/HVAC);Sertar;fix pentru amplificator Legrand 0 cod 646506;buc;166,40;166,40;0,00;0,00;0,00;"9.2. OFERTA V1 REV CU VALORI PTDE.pdf – F3 cu valori (Spital paliatie, desfiintare C1-C3 si construire); pret direct fara CI/profit";2026-07-06;Proiectant S.C. Tanari Arhitect SRL / Beneficiar ACTIS (Asoc. Comunitara pt. Dezv. Intrepr. Sociale);1LARNS5Adn3FbJ7styKw3LZrEBoluKomc
instalatii (sanitare/termice/HVAC);20027810;gratar Drainlock150, D400 fonta nervurat transversal, L=50 cm, producator ACO cod 23164 [resursa material];buc;95,95;95,95;;;;"9.2. OFERTA V1 REV CU VALORI PTDE.pdf – F3 cu valori (Spital paliatie, desfiintare C1-C3 si construire); pret direct fara CI/profit";2026-07-06;Proiectant S.C. Tanari Arhitect SRL / Beneficiar ACTIS (Asoc. Comunitara pt. Dezv. Intrepr. Sociale);1LARNS5Adn3FbJ7styKw3LZrEBoluKomc
instalatii (sanitare/termice/HVAC);VB24A# [2];nemostate pentru aspiratia aerului viciat cu dimensiunea de 100x300 avand placa frontala perforata tip PKA 100, racordabil direct la tubulatura prin furtune flexibile izolate cu diametrul de;buc;1077,70;887,80;182,70;7,20;0,00;"9.2. OFERTA V1 REV CU VALORI PTDE.pdf – F3 cu valori (Spital paliatie, desfiintare C1-C3 si construire); pret direct fara CI/profit";2026-07-06;Proiectant S.C. Tanari Arhitect SRL / Beneficiar ACTIS (Asoc. Comunitara pt. Dezv. Intrepr. Sociale);1LARNS5Adn3FbJ7styKw3LZrEBoluKomc
instalatii (sanitare/termice/HVAC);Sertar;telescopic 800 Legrand Linkeo;buc;60,00;;;;;"9.2. OFERTA V1 REV CU VALORI PTDE.pdf – F3 cu valori (Spital paliatie, desfiintare C1-C3 si construire); pret direct fara CI/profit";2026-07-06;Proiectant S.C. Tanari Arhitect SRL / Beneficiar ACTIS (Asoc. Comunitara pt. Dezv. Intrepr. Sociale);1LARNS5Adn3FbJ7styKw3LZrEBoluKomc
instalatii electrice;;AE-Automatizare pentru functionare 6 cazane in cascada inclusiv cabluri ecranate de interconectare , Model Vitotronic 300-K MW2B;buc;7415,40;;;;;"Oferta SD-6 409-E Hotel PIETROASA (Climatronic) – foaia Cap.5- Centrala Termica; 1454 EUR x 5,1";2025-09-01;Ofertant Climatronic SRL / Beneficiar Hotel Pietroasa SA Buzau;1ne-s6Ae1aOu82-H0kXysRaOdfZGkZ7l7
instalatii electrice;ED06A% [1];Acumulator pentru iluminatul de siguranta cu autonomie de min. 3 ore, asim.;buc;84,43;62,10;22,33;0,00;0,00;"9.2. OFERTA V1 REV CU VALORI PTDE.pdf – F3 cu valori (Spital paliatie, desfiintare C1-C3 si construire); pret direct fara CI/profit";2026-07-06;Proiectant S.C. Tanari Arhitect SRL / Beneficiar ACTIS (Asoc. Comunitara pt. Dezv. Intrepr. Sociale);1LARNS5Adn3FbJ7styKw3LZrEBoluKomc
instalatii electrice;5104083;Aplica 1x120w [resursa material];buc;250,00;250,00;;;;"Deviz oferta.pdf – F3 oferta eDevize (restaurare biserica); pret direct, la care se adauga CAM 2,25% man., CI 10%, profit 5%";2025-06-17;Executant SC Aurora Inconstruct SRL / Beneficiar Biserica Sf. Imp. Constantin si Elena;1rue0Jaajr2kNvdWBeV5ZObPL36nPRRQk
instalatii electrice;5104095;Aplica 1x60w IP 65 [resursa material];buc;172,00;172,00;;;;"Deviz oferta.pdf – F3 oferta eDevize (restaurare biserica); pret direct, la care se adauga CAM 2,25% man., CI 10%, profit 5%";2025-06-17;Executant SC Aurora Inconstruct SRL / Beneficiar Biserica Sf. Imp. Constantin si Elena;1rue0Jaajr2kNvdWBeV5ZObPL36nPRRQk
instalatii electrice;5104071;Aplica 1x60w [resursa material];buc;146,00;146,00;;;;"Deviz oferta.pdf – F3 oferta eDevize (restaurare biserica); pret direct, la care se adauga CAM 2,25% man., CI 10%, profit 5%";2025-06-17;Executant SC Aurora Inconstruct SRL / Beneficiar Biserica Sf. Imp. Constantin si Elena;1rue0Jaajr2kNvdWBeV5ZObPL36nPRRQk
instalatii electrice;EE05C1;Aplica simpla, oblica sau dreapta, cu glob de sticla opala montata pe tavan sau pe perete, pe dibluri de material plastic;buc;331,63;190,54;141,09;0,00;0,00;"Deviz oferta.pdf – F3 oferta eDevize (restaurare biserica); pret direct, la care se adauga CAM 2,25% man., CI 10%, profit 5%";2025-06-17;Executant SC Aurora Inconstruct SRL / Beneficiar Biserica Sf. Imp. Constantin si Elena;1rue0Jaajr2kNvdWBeV5ZObPL36nPRRQk
instalatii electrice;EE05C1;Aplica simpla, oblica sau dreapta, cu glob de sticla opala montata pe tavan sau pe perete, pe dibluri de material plastic;buc;410,09;269,01;141,09;0,00;0,00;"Deviz oferta.pdf – F3 oferta eDevize (restaurare biserica); pret direct, la care se adauga CAM 2,25% man., CI 10%, profit 5%";2025-06-17;Executant SC Aurora Inconstruct SRL / Beneficiar Biserica Sf. Imp. Constantin si Elena;1rue0Jaajr2kNvdWBeV5ZObPL36nPRRQk
instalatii electrice;EE05C1;Aplica simpla, oblica sau dreapta, cu glob de sticla opala montata pe tavan sau pe perete, pe dibluri de material plastic;buc;305,42;164,33;141,09;0,00;0,00;"Deviz oferta.pdf – F3 oferta eDevize (restaurare biserica); pret direct, la care se adauga CAM 2,25% man., CI 10%, profit 5%";2025-06-17;Executant SC Aurora Inconstruct SRL / Beneficiar Biserica Sf. Imp. Constantin si Elena;1rue0Jaajr2kNvdWBeV5ZObPL36nPRRQk
instalatii electrice;8338715;BANDA AVERTIZOARE CABLURI ENERGIE ELECTRICA limitate,avand sub 1.00 m latime si max. 1,5 m adincime, executata fara sprijini, la fundatii,subzidiri usoare, canale, etc, in teren tare [resursa material];m;1,02;1,02;;;;"9.2. OFERTA V1 REV CU VALORI PTDE.pdf – F3 cu valori (Spital paliatie, desfiintare C1-C3 si construire); pret direct fara CI/profit";2026-07-06;Proiectant S.C. Tanari Arhitect SRL / Beneficiar ACTIS (Asoc. Comunitara pt. Dezv. Intrepr. Sociale);1LARNS5Adn3FbJ7styKw3LZrEBoluKomc
instalatii electrice;;BT-Boiler trivalent cu 2 serpentine si modul electric de incalzire , volum util V=1000L, tensiune alimnetare U=380V/50Hz, puterea electrica a rezistentei electrice P=3 Kw, presiune de lucru P=6 bar, presiune agent termic;buc;10990,50;;;;;"Oferta SD-6 409-E Hotel PIETROASA (Climatronic) – foaia Cap.5- Centrala Termica; 2155 EUR x 5,1";2025-09-01;Ofertant Climatronic SRL / Beneficiar Hotel Pietroasa SA Buzau;1ne-s6Ae1aOu82-H0kXysRaOdfZGkZ7l7
instalatii electrice;EG05XB [1];Bara echipotentializare;buc;82,59;4,29;78,30;0,00;0,00;"9.2. OFERTA V1 REV CU VALORI PTDE.pdf – F3 cu valori (Spital paliatie, desfiintare C1-C3 si construire); pret direct fara CI/profit";2026-07-06;Proiectant S.C. Tanari Arhitect SRL / Beneficiar ACTIS (Asoc. Comunitara pt. Dezv. Intrepr. Sociale);1LARNS5Adn3FbJ7styKw3LZrEBoluKomc
instalatii electrice;ED06A#;Baterie...de acumulatori;buc;22,38;0,05;22,33;0,00;0,00;"9.2. OFERTA V1 REV CU VALORI PTDE.pdf – F3 cu valori (Spital paliatie, desfiintare C1-C3 si construire); pret direct fara CI/profit";2026-07-06;Proiectant S.C. Tanari Arhitect SRL / Beneficiar ACTIS (Asoc. Comunitara pt. Dezv. Intrepr. Sociale);1LARNS5Adn3FbJ7styKw3LZrEBoluKomc
instalatii electrice;ED10C1;Buton de actionare si comanda de anulare, cu releu pentru instalatie de semnalizare, optica, montat îngropat;buc;14,62;0,41;14,21;0,00;0,00;"9.2. OFERTA V1 REV CU VALORI PTDE.pdf – F3 cu valori (Spital paliatie, desfiintare C1-C3 si construire); pret direct fara CI/profit";2026-07-06;Proiectant S.C. Tanari Arhitect SRL / Beneficiar ACTIS (Asoc. Comunitara pt. Dezv. Intrepr. Sociale);1LARNS5Adn3FbJ7styKw3LZrEBoluKomc
instalatii electrice;ED10A1;Buton de actionare si comanda pentru actionarea automatului de scara sau pentru sonerie, simplu sau cu loc de carte de vizita, montat îngropat;buc;9,40;0,41;8,99;0,00;0,00;"9.2. OFERTA V1 REV CU VALORI PTDE.pdf – F3 cu valori (Spital paliatie, desfiintare C1-C3 si construire); pret direct fara CI/profit";2026-07-06;Proiectant S.C. Tanari Arhitect SRL / Beneficiar ACTIS (Asoc. Comunitara pt. Dezv. Intrepr. Sociale);1LARNS5Adn3FbJ7styKw3LZrEBoluKomc
instalatii electrice;0000840;CABLU 0,4V/1KV N2XH 3X2,5 MMP [resursa material];m;3,80;3,80;;;;"9.2. OFERTA V1 REV CU VALORI PTDE.pdf – F3 cu valori (Spital paliatie, desfiintare C1-C3 si construire); pret direct fara CI/profit";2026-07-06;Proiectant S.C. Tanari Arhitect SRL / Beneficiar ACTIS (Asoc. Comunitara pt. Dezv. Intrepr. Sociale);1LARNS5Adn3FbJ7styKw3LZrEBoluKomc
instalatii electrice;111152;CABLU DE ENERGIE N2XH 3X1,5 MMP [resursa material];m;3,12;3,12;;;;"9.2. OFERTA V1 REV CU VALORI PTDE.pdf – F3 cu valori (Spital paliatie, desfiintare C1-C3 si construire); pret direct fara CI/profit";2026-07-06;Proiectant S.C. Tanari Arhitect SRL / Beneficiar ACTIS (Asoc. Comunitara pt. Dezv. Intrepr. Sociale);1LARNS5Adn3FbJ7styKw3LZrEBoluKomc
instalatii electrice;1112247;CABLU NHXH 3X2,5 [resursa material];m;8,58;8,58;;;;"9.2. OFERTA V1 REV CU VALORI PTDE.pdf – F3 cu valori (Spital paliatie, desfiintare C1-C3 si construire); pret direct fara CI/profit";2026-07-06;Proiectant S.C. Tanari Arhitect SRL / Beneficiar ACTIS (Asoc. Comunitara pt. Dezv. Intrepr. Sociale);1LARNS5Adn3FbJ7styKw3LZrEBoluKomc
instalatii electrice;EG07B# [1];CATARG (TIJA DE OTEL) DE COBORARE DIN OTEL MASIV PT PARATRASNET HMIN=5M;buc;2553,22;2526,99;26,10;0,13;0,00;"9.2. OFERTA V1 REV CU VALORI PTDE.pdf – F3 cu valori (Spital paliatie, desfiintare C1-C3 si construire); pret direct fara CI/profit";2026-07-06;Proiectant S.C. Tanari Arhitect SRL / Beneficiar ACTIS (Asoc. Comunitara pt. Dezv. Intrepr. Sociale);1LARNS5Adn3FbJ7styKw3LZrEBoluKomc
instalatii electrice;;CE-Cabluri ecranate inclusiv tub de protectie 9x0.75 mm²(aprox.8 ml/VCV);ml;14,02;;;;;"Oferta SD-6 409-E Hotel PIETROASA (Climatronic) – foaia Cap.1-VCV; 2.75 EUR x 5,1";2025-09-01;Ofertant Climatronic SRL / Beneficiar Hotel Pietroasa SA Buzau;1ne-s6Ae1aOu82-H0kXysRaOdfZGkZ7l7
instalatii electrice;;CE-Cabluri electrice(inclusiv tuburi de protectie) pentru interconectare instalatii si echipamente din Centrala termica;ml;17,85;;;;;"Oferta SD-6 409-E Hotel PIETROASA (Climatronic) – foaia Cap.5- Centrala Termica; 3.5 EUR x 5,1";2025-09-01;Ofertant Climatronic SRL / Beneficiar Hotel Pietroasa SA Buzau;1ne-s6Ae1aOu82-H0kXysRaOdfZGkZ7l7
instalatii electrice;EN03A2+ [1];CONFIGURARE RETEA;buc;928,00;0,00;928,00;0,00;0,00;"9.2. OFERTA V1 REV CU VALORI PTDE.pdf – F3 cu valori (Spital paliatie, desfiintare C1-C3 si construire); pret direct fara CI/profit";2026-07-06;Proiectant S.C. Tanari Arhitect SRL / Beneficiar ACTIS (Asoc. Comunitara pt. Dezv. Intrepr. Sociale);1LARNS5Adn3FbJ7styKw3LZrEBoluKomc
instalatii electrice;11644858;CONSOLA MEDICALA CU COPR DE ILUMINAT PENTRU CITIT, DOUA PRIZE ALBE SI 2 PRIZE ROSII [resursa material];buc;125,23;125,23;;;;"9.2. OFERTA V1 REV CU VALORI PTDE.pdf – F3 cu valori (Spital paliatie, desfiintare C1-C3 si construire); pret direct fara CI/profit";2026-07-06;Proiectant S.C. Tanari Arhitect SRL / Beneficiar ACTIS (Asoc. Comunitara pt. Dezv. Intrepr. Sociale);1LARNS5Adn3FbJ7styKw3LZrEBoluKomc
instalatii electrice;5759516;Cablu FTP cat 6 1 [1] DATE [resursa material];m;5,25;5,25;;;;"9.2. OFERTA V1 REV CU VALORI PTDE.pdf – F3 cu valori (Spital paliatie, desfiintare C1-C3 si construire); pret direct fara CI/profit";2026-07-06;Proiectant S.C. Tanari Arhitect SRL / Beneficiar ACTIS (Asoc. Comunitara pt. Dezv. Intrepr. Sociale);1LARNS5Adn3FbJ7styKw3LZrEBoluKomc
instalatii electrice;0111003;Cablu NHXH E30 3x1.5 [resursa material];m;4,50;4,50;;;;"9.2. OFERTA V1 REV CU VALORI PTDE.pdf – F3 cu valori (Spital paliatie, desfiintare C1-C3 si construire); pret direct fara CI/profit";2026-07-06;Proiectant S.C. Tanari Arhitect SRL / Beneficiar ACTIS (Asoc. Comunitara pt. Dezv. Intrepr. Sociale);1LARNS5Adn3FbJ7styKw3LZrEBoluKomc
instalatii electrice;EC02A#;Cablu cu sectiunea...pana la 10 mmp pentru energie electrica montat cu scoabe peste 4 mmp, direct pe zid, pe dibluri din material plastic;m;15,00;0,00;14,50;0,50;0,00;"9.2. OFERTA V1 REV CU VALORI PTDE.pdf – F3 cu valori (Spital paliatie, desfiintare C1-C3 si construire); pret direct fara CI/profit";2026-07-06;Proiectant S.C. Tanari Arhitect SRL / Beneficiar ACTIS (Asoc. Comunitara pt. Dezv. Intrepr. Sociale);1LARNS5Adn3FbJ7styKw3LZrEBoluKomc
instalatii electrice;4802054;Cablu din cupru tip CYYF 3x1,5 mmp [resursa material];m;4,00;4,00;;;;"Deviz oferta.pdf – F3 oferta eDevize (restaurare biserica); pret direct, la care se adauga CAM 2,25% man., CI 10%, profit 5%";2025-06-17;Executant SC Aurora Inconstruct SRL / Beneficiar Biserica Sf. Imp. Constantin si Elena;1rue0Jaajr2kNvdWBeV5ZObPL36nPRRQk
instalatii electrice;4802066;Cablu din cupru tip CYYF 3x2,5 mmp [resursa material];m;6,00;6,00;;;;"Deviz oferta.pdf – F3 oferta eDevize (restaurare biserica); pret direct, la care se adauga CAM 2,25% man., CI 10%, profit 5%";2025-06-17;Executant SC Aurora Inconstruct SRL / Beneficiar Biserica Sf. Imp. Constantin si Elena;1rue0Jaajr2kNvdWBeV5ZObPL36nPRRQk
instalatii electrice;4802042;Cablu din cupru tip CYYF 5x2,5 mmp [resursa material];m;11,00;11,00;;;;"Deviz oferta.pdf – F3 oferta eDevize (restaurare biserica); pret direct, la care se adauga CAM 2,25% man., CI 10%, profit 5%";2025-06-17;Executant SC Aurora Inconstruct SRL / Beneficiar Biserica Sf. Imp. Constantin si Elena;1rue0Jaajr2kNvdWBeV5ZObPL36nPRRQk
instalatii electrice;4806921;Cablu energie CYAbY 0,6/ 1 KV 4x240 M s.8778 cl2 [resursa material];m;142,36;142,36;;;;"9.2. OFERTA V1 REV CU VALORI PTDE.pdf – F3 cu valori (Spital paliatie, desfiintare C1-C3 si construire); pret direct fara CI/profit";2026-07-06;Proiectant S.C. Tanari Arhitect SRL / Beneficiar ACTIS (Asoc. Comunitara pt. Dezv. Intrepr. Sociale);1LARNS5Adn3FbJ7styKw3LZrEBoluKomc
instalatii electrice;4802585;Cablu energie cyaby 0,6/ 1 KV 3X 1,5 U s [resursa material];m;5,60;5,60;;;;"Deviz oferta.pdf – F3 oferta eDevize (restaurare biserica); pret direct, la care se adauga CAM 2,25% man., CI 10%, profit 5%";2025-06-17;Executant SC Aurora Inconstruct SRL / Beneficiar Biserica Sf. Imp. Constantin si Elena;1rue0Jaajr2kNvdWBeV5ZObPL36nPRRQk
instalatii electrice;4802688;Cablu energie cyaby 0,6/ 1 KV 3X 16 M s [resursa material];m;41,00;41,00;;;;"Deviz oferta.pdf – F3 oferta eDevize (restaurare biserica); pret direct, la care se adauga CAM 2,25% man., CI 10%, profit 5%";2025-06-17;Executant SC Aurora Inconstruct SRL / Beneficiar Biserica Sf. Imp. Constantin si Elena;1rue0Jaajr2kNvdWBeV5ZObPL36nPRRQk
instalatii electrice;4802585;Cablu energie cyaby 0,6/ 1 KV 3x 1,5 U s 8778 [resursa material];m;5,90;5,90;;;;"9.2. OFERTA V1 REV CU VALORI PTDE.pdf – F3 cu valori (Spital paliatie, desfiintare C1-C3 si construire); pret direct fara CI/profit";2026-07-06;Proiectant S.C. Tanari Arhitect SRL / Beneficiar ACTIS (Asoc. Comunitara pt. Dezv. Intrepr. Sociale);1LARNS5Adn3FbJ7styKw3LZrEBoluKomc
instalatii electrice;4803072;Cablu energie cyaby 0,6/ 1 KV 4X 16 M S [resursa material];m;48,00;48,00;;;;"Deviz oferta.pdf – F3 oferta eDevize (restaurare biserica); pret direct, la care se adauga CAM 2,25% man., CI 10%, profit 5%";2025-06-17;Executant SC Aurora Inconstruct SRL / Beneficiar Biserica Sf. Imp. Constantin si Elena;1rue0Jaajr2kNvdWBeV5ZObPL36nPRRQk
instalatii electrice;4803113;Cablu energie cyaby 0,6/ 1 KV 4X 50 M s [resursa material];m;137,00;137,00;;;;"Deviz oferta.pdf – F3 oferta eDevize (restaurare biserica); pret direct, la care se adauga CAM 2,25% man., CI 10%, profit 5%";2025-06-17;Executant SC Aurora Inconstruct SRL / Beneficiar Biserica Sf. Imp. Constantin si Elena;1rue0Jaajr2kNvdWBeV5ZObPL36nPRRQk
instalatii electrice;EC03B%;Cablu pentru energie electrica, montat cu scoabe (cleme de prindere) pe console sau pe pod de cabluri, cablul avand conducte cu sectiunea de...de 16 mmp montat pe console fixate cu;m;13,60;1,76;11,60;0,25;0,00;"9.2. OFERTA V1 REV CU VALORI PTDE.pdf – F3 cu valori (Spital paliatie, desfiintare C1-C3 si construire); pret direct fara CI/profit";2026-07-06;Proiectant S.C. Tanari Arhitect SRL / Beneficiar ACTIS (Asoc. Comunitara pt. Dezv. Intrepr. Sociale);1LARNS5Adn3FbJ7styKw3LZrEBoluKomc
instalatii electrice;EC03E%;Cablu pentru energie electrica, montat cu scoabe (cleme de prindere) pe console sau pe pod de cabluri, cablul avand conducte cu sectiunea de...de 95 sau 150 mmp, montat pe console;m;22,98;2,93;19,72;0,33;0,00;"9.2. OFERTA V1 REV CU VALORI PTDE.pdf – F3 cu valori (Spital paliatie, desfiintare C1-C3 si construire); pret direct fara CI/profit";2026-07-06;Proiectant S.C. Tanari Arhitect SRL / Beneficiar ACTIS (Asoc. Comunitara pt. Dezv. Intrepr. Sociale);1LARNS5Adn3FbJ7styKw3LZrEBoluKomc
instalatii electrice;EC03A1;Cablu pentru energie electrica, montat cu scoabe (cleme de prindere) pe console sau pe pod de cabluri, cablul avand conducte cu sectiunea... pana la 10 mmp, montat pe console fixate cu dibluri (bolturi) metalice;m;46,07;18,98;27,09;0,00;0,00;"Deviz oferta.pdf – F3 oferta eDevize (restaurare biserica); pret direct, la care se adauga CAM 2,25% man., CI 10%, profit 5%";2025-06-17;Executant SC Aurora Inconstruct SRL / Beneficiar Biserica Sf. Imp. Constantin si Elena;1rue0Jaajr2kNvdWBeV5ZObPL36nPRRQk
instalatii electrice;EC03A1;Cablu pentru energie electrica, montat cu scoabe (cleme de prindere) pe console sau pe pod de cabluri, cablul avand conducte cu sectiunea... pana la 10 mmp, montat pe console fixate cu dibluri (bolturi) metalice;m;40,92;13,83;27,09;0,00;0,00;"Deviz oferta.pdf – F3 oferta eDevize (restaurare biserica); pret direct, la care se adauga CAM 2,25% man., CI 10%, profit 5%";2025-06-17;Executant SC Aurora Inconstruct SRL / Beneficiar Biserica Sf. Imp. Constantin si Elena;1rue0Jaajr2kNvdWBeV5ZObPL36nPRRQk
instalatii electrice;EC03A1;Cablu pentru energie electrica, montat cu scoabe (cleme de prindere) pe console sau pe pod de cabluri, cablul avand conducte cu sectiunea... pana la 10 mmp, montat pe console fixate cu dibluri (bolturi) metalice;m;38,86;11,77;27,09;0,00;0,00;"Deviz oferta.pdf – F3 oferta eDevize (restaurare biserica); pret direct, la care se adauga CAM 2,25% man., CI 10%, profit 5%";2025-06-17;Executant SC Aurora Inconstruct SRL / Beneficiar Biserica Sf. Imp. Constantin si Elena;1rue0Jaajr2kNvdWBeV5ZObPL36nPRRQk
instalatii electrice;EC03A1;Cablu pentru energie electrica, montat cu scoabe (cleme de prindere) pe console sau pe pod de cabluri, cablul avand conducte cu sectiunea... pana la 10 mmp, montat pe console fixate cu dibluri (bolturi) metalice;m;76,97;49,88;27,09;0,00;0,00;"Deviz oferta.pdf – F3 oferta eDevize (restaurare biserica); pret direct, la care se adauga CAM 2,25% man., CI 10%, profit 5%";2025-06-17;Executant SC Aurora Inconstruct SRL / Beneficiar Biserica Sf. Imp. Constantin si Elena;1rue0Jaajr2kNvdWBeV5ZObPL36nPRRQk
instalatii electrice;EC04F%;Cablu pentru energie electrica, montat liber prin asezare (fara dispozitive de fixare) cablul avand conducte cu sectiunea de...de 240 mmp, montat pe fundul canalelor;m;9,90;0,04;9,86;0,00;0,00;"9.2. OFERTA V1 REV CU VALORI PTDE.pdf – F3 cu valori (Spital paliatie, desfiintare C1-C3 si construire); pret direct fara CI/profit";2026-07-06;Proiectant S.C. Tanari Arhitect SRL / Beneficiar ACTIS (Asoc. Comunitara pt. Dezv. Intrepr. Sociale);1LARNS5Adn3FbJ7styKw3LZrEBoluKomc
instalatii electrice;EC04D1;Cablu pentru energie electrica, montat liber prin asezare (fara dispozitive de fixare), cablul avand conducte cu sectiunea de 95 sau 120 mmp, montat pe fundul canalelor;m;61,61;49,01;12,60;0,00;0,00;"Deviz oferta.pdf – F3 oferta eDevize (restaurare biserica); pret direct, la care se adauga CAM 2,25% man., CI 10%, profit 5%";2025-06-17;Executant SC Aurora Inconstruct SRL / Beneficiar Biserica Sf. Imp. Constantin si Elena;1rue0Jaajr2kNvdWBeV5ZObPL36nPRRQk
instalatii electrice;EC04D1;Cablu pentru energie electrica, montat liber prin asezare (fara dispozitive de fixare), cablul avand conducte cu sectiunea de 95 sau 120 mmp, montat pe fundul canalelor;m;54,47;41,87;12,60;0,00;0,00;"Deviz oferta.pdf – F3 oferta eDevize (restaurare biserica); pret direct, la care se adauga CAM 2,25% man., CI 10%, profit 5%";2025-06-17;Executant SC Aurora Inconstruct SRL / Beneficiar Biserica Sf. Imp. Constantin si Elena;1rue0Jaajr2kNvdWBeV5ZObPL36nPRRQk
instalatii electrice;EC04D1;Cablu pentru energie electrica, montat liber prin asezare (fara dispozitive de fixare), cablul avand conducte cu sectiunea de 95 sau 120 mmp, montat pe fundul canalelor;m;152,39;139,79;12,60;0,00;0,00;"Deviz oferta.pdf – F3 oferta eDevize (restaurare biserica); pret direct, la care se adauga CAM 2,25% man., CI 10%, profit 5%";2025-06-17;Executant SC Aurora Inconstruct SRL / Beneficiar Biserica Sf. Imp. Constantin si Elena;1rue0Jaajr2kNvdWBeV5ZObPL36nPRRQk
instalatii electrice;EC04D1;Cablu pentru energie electrica, montat liber prin asezare (fara dispozitive de fixare), cablul avand conducte cu sectiunea de 95 sau 120 mmp, montat pe fundul canalelor;m;18,37;5,76;12,60;0,00;0,00;"Deviz oferta.pdf – F3 oferta eDevize (restaurare biserica); pret direct, la care se adauga CAM 2,25% man., CI 10%, profit 5%";2025-06-17;Executant SC Aurora Inconstruct SRL / Beneficiar Biserica Sf. Imp. Constantin si Elena;1rue0Jaajr2kNvdWBeV5ZObPL36nPRRQk
instalatii electrice;EC05A1;Cablu pentru energie electrica, tras prin tub de protectie, pentru racordarea la motoare tablouri, aparate etc., cablul avand conducte cu sectiunea pana la 16 mmp;m;15,79;9,49;6,30;0,00;0,00;"Deviz oferta.pdf – F3 oferta eDevize (restaurare biserica); pret direct, la care se adauga CAM 2,25% man., CI 10%, profit 5%";2025-06-17;Executant SC Aurora Inconstruct SRL / Beneficiar Biserica Sf. Imp. Constantin si Elena;1rue0Jaajr2kNvdWBeV5ZObPL36nPRRQk
instalatii electrice;EC05A#;Cablu pentru energie electrica...pana la 16 mmp tras prin tub de protectie pentru racordare la motoare, tablouri, aparate;m;2,90;0,00;2,90;0,00;0,00;"9.2. OFERTA V1 REV CU VALORI PTDE.pdf – F3 cu valori (Spital paliatie, desfiintare C1-C3 si construire); pret direct fara CI/profit";2026-07-06;Proiectant S.C. Tanari Arhitect SRL / Beneficiar ACTIS (Asoc. Comunitara pt. Dezv. Intrepr. Sociale);1LARNS5Adn3FbJ7styKw3LZrEBoluKomc
instalatii electrice;4800795;Cablu rezistent la foc E30 NHXH 3x1,5 [resursa material];m;9,30;9,30;;;;"Deviz oferta.pdf – F3 oferta eDevize (restaurare biserica); pret direct, la care se adauga CAM 2,25% man., CI 10%, profit 5%";2025-06-17;Executant SC Aurora Inconstruct SRL / Beneficiar Biserica Sf. Imp. Constantin si Elena;1rue0Jaajr2kNvdWBeV5ZObPL36nPRRQk
instalatii electrice;4806696;Cablu rezistent la foc E90 NHXH FE 180 3x16 [resursa material];m;41,00;41,00;;;;"Deviz oferta.pdf – F3 oferta eDevize (restaurare biserica); pret direct, la care se adauga CAM 2,25% man., CI 10%, profit 5%";2025-06-17;Executant SC Aurora Inconstruct SRL / Beneficiar Biserica Sf. Imp. Constantin si Elena;1rue0Jaajr2kNvdWBeV5ZObPL36nPRRQk
instalatii electrice;ED12A1 [4];"Camera de supraveghere video fixa, pentru exterior, IP, tip ""bullet"", alimentare PoE, IP66, cu IR (min. 30m), rezolutie minima: 720p";buc;8,09;0,55;7,54;0,00;0,00;"9.2. OFERTA V1 REV CU VALORI PTDE.pdf – F3 cu valori (Spital paliatie, desfiintare C1-C3 si construire); pret direct fara CI/profit";2026-07-06;Proiectant S.C. Tanari Arhitect SRL / Beneficiar ACTIS (Asoc. Comunitara pt. Dezv. Intrepr. Sociale);1LARNS5Adn3FbJ7styKw3LZrEBoluKomc
instalatii electrice;ED12A1 [3];"Camera de supraveghere video fixa, pentru interior, IP, tip ""bullet"", alimentare PoE, cu IR (min. 30m), rezolutie minima: 720p";buc;8,09;0,55;7,54;0,00;0,00;"9.2. OFERTA V1 REV CU VALORI PTDE.pdf – F3 cu valori (Spital paliatie, desfiintare C1-C3 si construire); pret direct fara CI/profit";2026-07-06;Proiectant S.C. Tanari Arhitect SRL / Beneficiar ACTIS (Asoc. Comunitara pt. Dezv. Intrepr. Sociale);1LARNS5Adn3FbJ7styKw3LZrEBoluKomc
instalatii electrice;EE08E1;Candelabru (lustra) pentru lampi cu incandescenta, cu 6 brate;buc;10917,75;10033,35;884,40;0,00;0,00;"Deviz oferta.pdf – F3 oferta eDevize (restaurare biserica); pret direct, la care se adauga CAM 2,25% man., CI 10%, profit 5%";2025-06-17;Executant SC Aurora Inconstruct SRL / Beneficiar Biserica Sf. Imp. Constantin si Elena;1rue0Jaajr2kNvdWBeV5ZObPL36nPRRQk
instalatii electrice;EE08E1;Candelabru (lustra) pentru lampi cu incandescenta, cu 6 brate;buc;19470,16;18060,84;1409,32;0,00;0,00;"Deviz oferta.pdf – F3 oferta eDevize (restaurare biserica); pret direct, la care se adauga CAM 2,25% man., CI 10%, profit 5%";2025-06-17;Executant SC Aurora Inconstruct SRL / Beneficiar Biserica Sf. Imp. Constantin si Elena;1rue0Jaajr2kNvdWBeV5ZObPL36nPRRQk
instalatii electrice;EE08E1;Candelabru (lustra) pentru lampi cu incandescenta, cu 6 brate;buc;26755,84;25083,94;1671,90;0,00;0,00;"Deviz oferta.pdf – F3 oferta eDevize (restaurare biserica); pret direct, la care se adauga CAM 2,25% man., CI 10%, profit 5%";2025-06-17;Executant SC Aurora Inconstruct SRL / Beneficiar Biserica Sf. Imp. Constantin si Elena;1rue0Jaajr2kNvdWBeV5ZObPL36nPRRQk
instalatii electrice;EE08E1;Candelabru (lustra) pentru lampi cu incandescenta, cu 6 brate;buc;8911,15;8026,75;884,40;0,00;0,00;"Deviz oferta.pdf – F3 oferta eDevize (restaurare biserica); pret direct, la care se adauga CAM 2,25% man., CI 10%, profit 5%";2025-06-17;Executant SC Aurora Inconstruct SRL / Beneficiar Biserica Sf. Imp. Constantin si Elena;1rue0Jaajr2kNvdWBeV5ZObPL36nPRRQk
instalatii electrice;11358416;Cap termoelectric <Pexkit> on/off 220v [resursa material];buc;138,83;138,83;;;;"9.2. OFERTA V1 REV CU VALORI PTDE.pdf – F3 cu valori (Spital paliatie, desfiintare C1-C3 si construire); pret direct fara CI/profit";2026-07-06;Proiectant S.C. Tanari Arhitect SRL / Beneficiar ACTIS (Asoc. Comunitara pt. Dezv. Intrepr. Sociale);1LARNS5Adn3FbJ7styKw3LZrEBoluKomc
instalatii electrice;EM01A1+;Centrala VENTILARE CF PROIECT [2];buc;304,50;0,00;304,50;0,00;0,00;"9.2. OFERTA V1 REV CU VALORI PTDE.pdf – F3 cu valori (Spital paliatie, desfiintare C1-C3 si construire); pret direct fara CI/profit";2026-07-06;Proiectant S.C. Tanari Arhitect SRL / Beneficiar ACTIS (Asoc. Comunitara pt. Dezv. Intrepr. Sociale);1LARNS5Adn3FbJ7styKw3LZrEBoluKomc
instalatii electrice;EI12XA [1];Clema suport platbanda montata pe perete vertical cu inaltimea de 4 cm, din material electroizolant;buc;3,63;0,73;2,90;0,00;0,00;"9.2. OFERTA V1 REV CU VALORI PTDE.pdf – F3 cu valori (Spital paliatie, desfiintare C1-C3 si construire); pret direct fara CI/profit";2026-07-06;Proiectant S.C. Tanari Arhitect SRL / Beneficiar ACTIS (Asoc. Comunitara pt. Dezv. Intrepr. Sociale);1LARNS5Adn3FbJ7styKw3LZrEBoluKomc
instalatii electrice;ED03D1;Comutator unipolar... pentru scara (cruce sau de capat) constructie normala sau impermeabila (flans), montat ingropat;buc;58,48;33,91;24,57;0,00;0,00;"Deviz oferta.pdf – F3 oferta eDevize (restaurare biserica); pret direct, la care se adauga CAM 2,25% man., CI 10%, profit 5%";2025-06-17;Executant SC Aurora Inconstruct SRL / Beneficiar Biserica Sf. Imp. Constantin si Elena;1rue0Jaajr2kNvdWBeV5ZObPL36nPRRQk
instalatii electrice;EB01C#;Conductor de al sau cu, izolat, introdus in tuburi sau tevi de protectie cu sectiunea...25-35 mmp;m;1,76;0,02;1,74;0,00;0,00;"9.2. OFERTA V1 REV CU VALORI PTDE.pdf – F3 cu valori (Spital paliatie, desfiintare C1-C3 si construire); pret direct fara CI/profit";2026-07-06;Proiectant S.C. Tanari Arhitect SRL / Beneficiar ACTIS (Asoc. Comunitara pt. Dezv. Intrepr. Sociale);1LARNS5Adn3FbJ7styKw3LZrEBoluKomc
instalatii electrice;EB01B#;Conductor de al sau cu, izolat, introdus in tuburi sau tevi de protectie cu sectiunea...6-16 mmp;m;1,17;0,01;1,16;0,00;0,00;"9.2. OFERTA V1 REV CU VALORI PTDE.pdf – F3 cu valori (Spital paliatie, desfiintare C1-C3 si construire); pret direct fara CI/profit";2026-07-06;Proiectant S.C. Tanari Arhitect SRL / Beneficiar ACTIS (Asoc. Comunitara pt. Dezv. Intrepr. Sociale);1LARNS5Adn3FbJ7styKw3LZrEBoluKomc
instalatii electrice;TCD03A1;Conector ecranat pentru priza voce- [1] date categorie 6;buc;172,16;;;;;"9.2. OFERTA V1 REV CU VALORI PTDE.pdf – F3 cu valori (Spital paliatie, desfiintare C1-C3 si construire); pret direct fara CI/profit";2026-07-06;Proiectant S.C. Tanari Arhitect SRL / Beneficiar ACTIS (Asoc. Comunitara pt. Dezv. Intrepr. Sociale);1LARNS5Adn3FbJ7styKw3LZrEBoluKomc
instalatii electrice;EE04B1 [11];Corp de ilumiant LED 3W cu difuzor pentru lumina difuza, pentru veghe cu autonomie de 3h;buc;240,01;236,24;3,77;0,00;0,00;"9.2. OFERTA V1 REV CU VALORI PTDE.pdf – F3 cu valori (Spital paliatie, desfiintare C1-C3 si construire); pret direct fara CI/profit";2026-07-06;Proiectant S.C. Tanari Arhitect SRL / Beneficiar ACTIS (Asoc. Comunitara pt. Dezv. Intrepr. Sociale);1LARNS5Adn3FbJ7styKw3LZrEBoluKomc
instalatii electrice;EE04B1 [9];Corp de ilumiant LED 3W, pentru marcarea hidrantilor interiori de incendiu cu autonomie de 3h;buc;154,45;150,68;3,77;0,00;0,00;"9.2. OFERTA V1 REV CU VALORI PTDE.pdf – F3 cu valori (Spital paliatie, desfiintare C1-C3 si construire); pret direct fara CI/profit";2026-07-06;Proiectant S.C. Tanari Arhitect SRL / Beneficiar ACTIS (Asoc. Comunitara pt. Dezv. Intrepr. Sociale);1LARNS5Adn3FbJ7styKw3LZrEBoluKomc
instalatii electrice;EE21A#;Corp de ilumiant exterior tip Stalp, cu H=4m si sursa LED 150W, IP65;buc;29,75;0,00;29,00;0,75;0,00;"9.2. OFERTA V1 REV CU VALORI PTDE.pdf – F3 cu valori (Spital paliatie, desfiintare C1-C3 si construire); pret direct fara CI/profit";2026-07-06;Proiectant S.C. Tanari Arhitect SRL / Beneficiar ACTIS (Asoc. Comunitara pt. Dezv. Intrepr. Sociale);1LARNS5Adn3FbJ7styKw3LZrEBoluKomc
instalatii electrice;5105726;Corp de ilumiant exterior tip Stalp, cu H=4m si sursa LED 150W, IP65 [resursa material];buc;480,24;480,24;;;;"9.2. OFERTA V1 REV CU VALORI PTDE.pdf – F3 cu valori (Spital paliatie, desfiintare C1-C3 si construire); pret direct fara CI/profit";2026-07-06;Proiectant S.C. Tanari Arhitect SRL / Beneficiar ACTIS (Asoc. Comunitara pt. Dezv. Intrepr. Sociale);1LARNS5Adn3FbJ7styKw3LZrEBoluKomc
instalatii electrice;EE04B1 [3];Corp de ilumiant led tip SPOT, 20W, prevazut cu kit de emergenta 3h;buc;199,59;195,82;3,77;0,00;0,00;"9.2. OFERTA V1 REV CU VALORI PTDE.pdf – F3 cu valori (Spital paliatie, desfiintare C1-C3 si construire); pret direct fara CI/profit";2026-07-06;Proiectant S.C. Tanari Arhitect SRL / Beneficiar ACTIS (Asoc. Comunitara pt. Dezv. Intrepr. Sociale);1LARNS5Adn3FbJ7styKw3LZrEBoluKomc
instalatii electrice;5102968;"Corp de iluminat CISA-LED, 2W, ""EXIT"" [resursa material]";buc;175,00;175,00;;;;"Deviz oferta.pdf – F3 oferta eDevize (restaurare biserica); pret direct, la care se adauga CAM 2,25% man., CI 10%, profit 5%";2025-06-17;Executant SC Aurora Inconstruct SRL / Beneficiar Biserica Sf. Imp. Constantin si Elena;1rue0Jaajr2kNvdWBeV5ZObPL36nPRRQk
instalatii electrice;EE04B1 [8];Corp de iluminat LED 3W, pentru evacuare, prevazut cu kit de emergenta cu autonomie de 3h;buc;179,53;175,76;3,77;0,00;0,00;"9.2. OFERTA V1 REV CU VALORI PTDE.pdf – F3 cu valori (Spital paliatie, desfiintare C1-C3 si construire); pret direct fara CI/profit";2026-07-06;Proiectant S.C. Tanari Arhitect SRL / Beneficiar ACTIS (Asoc. Comunitara pt. Dezv. Intrepr. Sociale);1LARNS5Adn3FbJ7styKw3LZrEBoluKomc
instalatii electrice;EE04B1 [6];Corp de iluminat LED 3W, pentru marcarea butoanelor de incendiu (local) cu autonomie de 3h;buc;179,53;175,76;3,77;0,00;0,00;"9.2. OFERTA V1 REV CU VALORI PTDE.pdf – F3 cu valori (Spital paliatie, desfiintare C1-C3 si construire); pret direct fara CI/profit";2026-07-06;Proiectant S.C. Tanari Arhitect SRL / Beneficiar ACTIS (Asoc. Comunitara pt. Dezv. Intrepr. Sociale);1LARNS5Adn3FbJ7styKw3LZrEBoluKomc
instalatii electrice;EE04B1 [7];Corp de iluminat LED 45W, Dimensiunea 600x600;buc;627,88;624,11;3,77;0,00;0,00;"9.2. OFERTA V1 REV CU VALORI PTDE.pdf – F3 cu valori (Spital paliatie, desfiintare C1-C3 si construire); pret direct fara CI/profit";2026-07-06;Proiectant S.C. Tanari Arhitect SRL / Beneficiar ACTIS (Asoc. Comunitara pt. Dezv. Intrepr. Sociale);1LARNS5Adn3FbJ7styKw3LZrEBoluKomc
instalatii electrice;EE04B1 [2];Corp de iluminat led tip SPOT, 20W;buc;157,46;153,69;3,77;0,00;0,00;"9.2. OFERTA V1 REV CU VALORI PTDE.pdf – F3 cu valori (Spital paliatie, desfiintare C1-C3 si construire); pret direct fara CI/profit";2026-07-06;Proiectant S.C. Tanari Arhitect SRL / Beneficiar ACTIS (Asoc. Comunitara pt. Dezv. Intrepr. Sociale);1LARNS5Adn3FbJ7styKw3LZrEBoluKomc
instalatii electrice;EE04B1 [10];Corp de iluminat tip aplica prevazuta cu kit de emergent acu autonomie de 3h;buc;169,50;165,73;3,77;0,00;0,00;"9.2. OFERTA V1 REV CU VALORI PTDE.pdf – F3 cu valori (Spital paliatie, desfiintare C1-C3 si construire); pret direct fara CI/profit";2026-07-06;Proiectant S.C. Tanari Arhitect SRL / Beneficiar ACTIS (Asoc. Comunitara pt. Dezv. Intrepr. Sociale);1LARNS5Adn3FbJ7styKw3LZrEBoluKomc
instalatii electrice;5102528;Corp de iluminat, cu modul LED 18W, IP40 [resursa material];buc;75,00;75,00;;;;"Deviz oferta.pdf – F3 oferta eDevize (restaurare biserica); pret direct, la care se adauga CAM 2,25% man., CI 10%, profit 5%";2025-06-17;Executant SC Aurora Inconstruct SRL / Beneficiar Biserica Sf. Imp. Constantin si Elena;1rue0Jaajr2kNvdWBeV5ZObPL36nPRRQk
instalatii electrice;EE12B1;Corp de iluminat, pentru lampi fluorescente tubulare neetans, montat pe dibluri de material plastic;buc;329,51;175,78;153,72;0,00;0,00;"Deviz oferta.pdf – F3 oferta eDevize (restaurare biserica); pret direct, la care se adauga CAM 2,25% man., CI 10%, profit 5%";2025-06-17;Executant SC Aurora Inconstruct SRL / Beneficiar Biserica Sf. Imp. Constantin si Elena;1rue0Jaajr2kNvdWBeV5ZObPL36nPRRQk
instalatii electrice;EE12B1;Corp de iluminat, pentru lampi fluorescente tubulare neetans, montat pe dibluri de material plastic;buc;504,98;351,25;153,72;0,00;0,00;"Deviz oferta.pdf – F3 oferta eDevize (restaurare biserica); pret direct, la care se adauga CAM 2,25% man., CI 10%, profit 5%";2025-06-17;Executant SC Aurora Inconstruct SRL / Beneficiar Biserica Sf. Imp. Constantin si Elena;1rue0Jaajr2kNvdWBeV5ZObPL36nPRRQk
instalatii electrice;EE12B1;Corp de iluminat, pentru lampi fluorescente tubulare neetans, montat pe dibluri de material plastic;buc;229,28;75,56;153,72;0,00;0,00;"Deviz oferta.pdf – F3 oferta eDevize (restaurare biserica); pret direct, la care se adauga CAM 2,25% man., CI 10%, profit 5%";2025-06-17;Executant SC Aurora Inconstruct SRL / Beneficiar Biserica Sf. Imp. Constantin si Elena;1rue0Jaajr2kNvdWBeV5ZObPL36nPRRQk
instalatii electrice;EE12B1;Corp de iluminat, pentru lampi fluorescente tubulare neetans, montat pe dibluri de material plastic;buc;405,03;251,31;153,72;0,00;0,00;"Deviz oferta.pdf – F3 oferta eDevize (restaurare biserica); pret direct, la care se adauga CAM 2,25% man., CI 10%, profit 5%";2025-06-17;Executant SC Aurora Inconstruct SRL / Beneficiar Biserica Sf. Imp. Constantin si Elena;1rue0Jaajr2kNvdWBeV5ZObPL36nPRRQk
instalatii electrice;5105788;Corpde iluminat, cu modul LED 40W, IP65 [resursa material];buc;145,00;145,00;;;;"Deviz oferta.pdf – F3 oferta eDevize (restaurare biserica); pret direct, la care se adauga CAM 2,25% man., CI 10%, profit 5%";2025-06-17;Executant SC Aurora Inconstruct SRL / Beneficiar Biserica Sf. Imp. Constantin si Elena;1rue0Jaajr2kNvdWBeV5ZObPL36nPRRQk
instalatii electrice;EN11A+;Detectoare de prezenta, montate in...interior;buc;93,81;88,59;5,22;0,00;0,00;"9.2. OFERTA V1 REV CU VALORI PTDE.pdf – F3 cu valori (Spital paliatie, desfiintare C1-C3 si construire); pret direct fara CI/profit";2026-07-06;Proiectant S.C. Tanari Arhitect SRL / Beneficiar ACTIS (Asoc. Comunitara pt. Dezv. Intrepr. Sociale);1LARNS5Adn3FbJ7styKw3LZrEBoluKomc
instalatii electrice;EA16A#;"Doza de derivatie pentru cabluri sau tevi de instalatie in mediu...exploziv cu diametrul 1/2""-11/4""";buc;4,83;0,73;3,77;0,33;0,00;"9.2. OFERTA V1 REV CU VALORI PTDE.pdf – F3 cu valori (Spital paliatie, desfiintare C1-C3 si construire); pret direct fara CI/profit";2026-07-06;Proiectant S.C. Tanari Arhitect SRL / Beneficiar ACTIS (Asoc. Comunitara pt. Dezv. Intrepr. Sociale);1LARNS5Adn3FbJ7styKw3LZrEBoluKomc
instalatii electrice;7318999;Doza de derivatie pentru cabluri sau tevi inst.tip:nbu pg21 4 CORPURI DE ILUMINAT SI ACCESORII [resursa material];buc;7,09;7,09;;;;"9.2. OFERTA V1 REV CU VALORI PTDE.pdf – F3 cu valori (Spital paliatie, desfiintare C1-C3 si construire); pret direct fara CI/profit";2026-07-06;Proiectant S.C. Tanari Arhitect SRL / Beneficiar ACTIS (Asoc. Comunitara pt. Dezv. Intrepr. Sociale);1LARNS5Adn3FbJ7styKw3LZrEBoluKomc
instalatii electrice;EA16D1;Doza de derivatie, pentru cabluri sau tevi de instalatii, montata... in mediu normal, tip NBU-PG 21;buc;30,38;15,25;15,12;0,00;0,00;"Deviz oferta.pdf – F3 oferta eDevize (restaurare biserica); pret direct, la care se adauga CAM 2,25% man., CI 10%, profit 5%";2025-06-17;Executant SC Aurora Inconstruct SRL / Beneficiar Biserica Sf. Imp. Constantin si Elena;1rue0Jaajr2kNvdWBeV5ZObPL36nPRRQk
instalatii electrice;EA16D1;Doza de derivatie, pentru cabluri sau tevi de instalatii, montata... in mediu normal, tip NBU-PG 21;buc;29,38;14,25;15,12;0,00;0,00;"Deviz oferta.pdf – F3 oferta eDevize (restaurare biserica); pret direct, la care se adauga CAM 2,25% man., CI 10%, profit 5%";2025-06-17;Executant SC Aurora Inconstruct SRL / Beneficiar Biserica Sf. Imp. Constantin si Elena;1rue0Jaajr2kNvdWBeV5ZObPL36nPRRQk
instalatii electrice;EG08B1 [2];ELECTROD ORIZONTAL BANDA OL ZINC 25X4MM MONTAT IN TEREN TARE*;m;58,39;18,08;40,31;0,00;0,00;"9.2. OFERTA V1 REV CU VALORI PTDE.pdf – F3 cu valori (Spital paliatie, desfiintare C1-C3 si construire); pret direct fara CI/profit";2026-07-06;Proiectant S.C. Tanari Arhitect SRL / Beneficiar ACTIS (Asoc. Comunitara pt. Dezv. Intrepr. Sociale);1LARNS5Adn3FbJ7styKw3LZrEBoluKomc
instalatii electrice;W1R06A3;Electrod din OlZn tip cruce, 50x50x3 mm, l=2,0 m;m;115,92;31,70;83,66;0,57;0,00;"Deviz oferta.pdf – F3 oferta eDevize (restaurare biserica); pret direct, la care se adauga CAM 2,25% man., CI 10%, profit 5%";2025-06-17;Executant SC Aurora Inconstruct SRL / Beneficiar Biserica Sf. Imp. Constantin si Elena;1rue0Jaajr2kNvdWBeV5ZObPL36nPRRQk
instalatii electrice;EG05XC;"Electrod pentru prize de pamint din teava de otel 2 sau 2 1/2"",forat in teren normal cu imbun.cal.pr";buc;434,40;115,60;266,80;52,00;0,00;"9.2. OFERTA V1 REV CU VALORI PTDE.pdf – F3 cu valori (Spital paliatie, desfiintare C1-C3 si construire); pret direct fara CI/profit";2026-07-06;Proiectant S.C. Tanari Arhitect SRL / Beneficiar ACTIS (Asoc. Comunitara pt. Dezv. Intrepr. Sociale);1LARNS5Adn3FbJ7styKw3LZrEBoluKomc
instalatii electrice;7319517;Electrod vertical p.p.prm/427.10 D = 2x2.0 m [resursa material];buc;0,41;0,41;;;;"9.2. OFERTA V1 REV CU VALORI PTDE.pdf – F3 cu valori (Spital paliatie, desfiintare C1-C3 si construire); pret direct fara CI/profit";2026-07-06;Proiectant S.C. Tanari Arhitect SRL / Beneficiar ACTIS (Asoc. Comunitara pt. Dezv. Intrepr. Sociale);1LARNS5Adn3FbJ7styKw3LZrEBoluKomc
instalatii electrice;6718478;Eticheta cablu cabet - 1 PVC [resursa material];buc;1,82;1,82;;;;"9.2. OFERTA V1 REV CU VALORI PTDE.pdf – F3 cu valori (Spital paliatie, desfiintare C1-C3 si construire); pret direct fara CI/profit";2026-07-06;Proiectant S.C. Tanari Arhitect SRL / Beneficiar ACTIS (Asoc. Comunitara pt. Dezv. Intrepr. Sociale);1LARNS5Adn3FbJ7styKw3LZrEBoluKomc
instalatii electrice;6718479;Eticheta cablu cabet - 2 PVC [resursa material];buc;1,82;1,82;;;;"9.2. OFERTA V1 REV CU VALORI PTDE.pdf – F3 cu valori (Spital paliatie, desfiintare C1-C3 si construire); pret direct fara CI/profit";2026-07-06;Proiectant S.C. Tanari Arhitect SRL / Beneficiar ACTIS (Asoc. Comunitara pt. Dezv. Intrepr. Sociale);1LARNS5Adn3FbJ7styKw3LZrEBoluKomc
instalatii electrice;EB12A#;Etichete ...pentru bransamente, coloane electrice, circuite telefonice sau cabluri electrice;buc;2,03;0,00;2,03;0,00;0,00;"9.2. OFERTA V1 REV CU VALORI PTDE.pdf – F3 cu valori (Spital paliatie, desfiintare C1-C3 si construire); pret direct fara CI/profit";2026-07-06;Proiectant S.C. Tanari Arhitect SRL / Beneficiar ACTIS (Asoc. Comunitara pt. Dezv. Intrepr. Sociale);1LARNS5Adn3FbJ7styKw3LZrEBoluKomc
instalatii electrice;EB12B#;Etichete ...pentru bransamente, coloane electrice, circuite telefonice sau cabluri electrice;buc;1,74;0,00;1,74;0,00;0,00;"9.2. OFERTA V1 REV CU VALORI PTDE.pdf – F3 cu valori (Spital paliatie, desfiintare C1-C3 si construire); pret direct fara CI/profit";2026-07-06;Proiectant S.C. Tanari Arhitect SRL / Beneficiar ACTIS (Asoc. Comunitara pt. Dezv. Intrepr. Sociale);1LARNS5Adn3FbJ7styKw3LZrEBoluKomc
instalatii electrice;;"FS-Filtru stabilizator de gaz netan D=1 1/4"", domeniu de reglare dP=13-23 mbar, prize de presiune in amonte si aval, Furnizor Tecnovivo";buc;678,30;;;;;"Oferta SD-6 409-E Hotel PIETROASA (Climatronic) – foaia Cap.5- Centrala Termica; 133 EUR x 5,1";2025-09-01;Ofertant Climatronic SRL / Beneficiar Hotel Pietroasa SA Buzau;1ne-s6Ae1aOu82-H0kXysRaOdfZGkZ7l7
instalatii electrice;W1R11A;Imbinarea prizei de legare... la pamint cu suruburi galvanizate M12X40;buc;8,13;1,83;6,30;0,00;0,00;"Deviz oferta.pdf – F3 oferta eDevize (restaurare biserica); pret direct, la care se adauga CAM 2,25% man., CI 10%, profit 5%";2025-06-17;Executant SC Aurora Inconstruct SRL / Beneficiar Biserica Sf. Imp. Constantin si Elena;1rue0Jaajr2kNvdWBeV5ZObPL36nPRRQk
instalatii electrice;EH01A#;Incercarea cablului de energie...electrica de maximum 1 kv;buc;52,53;0,00;23,78;28,75;0,00;"9.2. OFERTA V1 REV CU VALORI PTDE.pdf – F3 cu valori (Spital paliatie, desfiintare C1-C3 si construire); pret direct fara CI/profit";2026-07-06;Proiectant S.C. Tanari Arhitect SRL / Beneficiar ACTIS (Asoc. Comunitara pt. Dezv. Intrepr. Sociale);1LARNS5Adn3FbJ7styKw3LZrEBoluKomc
instalatii electrice;EH01A%;Incercarea cablurilor de energie electrica ...de maximum 1 kV;buc;52,53;0,00;23,78;28,75;0,00;"9.2. OFERTA V1 REV CU VALORI PTDE.pdf – F3 cu valori (Spital paliatie, desfiintare C1-C3 si construire); pret direct fara CI/profit";2026-07-06;Proiectant S.C. Tanari Arhitect SRL / Beneficiar ACTIS (Asoc. Comunitara pt. Dezv. Intrepr. Sociale);1LARNS5Adn3FbJ7styKw3LZrEBoluKomc
instalatii electrice;EH01A1;Incercarea cablurilor de energie electrica, de maximum 1 kV;buc;86,00;0,00;48,50;37,50;0,00;"Deviz oferta.pdf – F3 oferta eDevize (restaurare biserica); pret direct, la care se adauga CAM 2,25% man., CI 10%, profit 5%";2025-06-17;Executant SC Aurora Inconstruct SRL / Beneficiar Biserica Sf. Imp. Constantin si Elena;1rue0Jaajr2kNvdWBeV5ZObPL36nPRRQk
instalatii electrice;EH05D#;Incercarea tabloului de distributie, comanda, protectie, ...semnalizare a pupitrului de comanda si a cutiei cu cleme;buc;24,65;0,00;24,65;0,00;0,00;"9.2. OFERTA V1 REV CU VALORI PTDE.pdf – F3 cu valori (Spital paliatie, desfiintare C1-C3 si construire); pret direct fara CI/profit";2026-07-06;Proiectant S.C. Tanari Arhitect SRL / Beneficiar ACTIS (Asoc. Comunitara pt. Dezv. Intrepr. Sociale);1LARNS5Adn3FbJ7styKw3LZrEBoluKomc
instalatii electrice;EH05A1;Incercarea tablourilor de distributie, de comanda de protectie, de semnalizare, a pupitrelor de comanda si a cutiilor metalice cu cleme tablouri de marmura cu peste 6 circuite;buc;97,02;0,00;97,02;0,00;0,00;"Deviz oferta.pdf – F3 oferta eDevize (restaurare biserica); pret direct, la care se adauga CAM 2,25% man., CI 10%, profit 5%";2025-06-17;Executant SC Aurora Inconstruct SRL / Beneficiar Biserica Sf. Imp. Constantin si Elena;1rue0Jaajr2kNvdWBeV5ZObPL36nPRRQk
instalatii electrice;5500720;Intrerupator 230V, 10A, IP20, pentru montaj ingropat, de tip modular [resursa material];buc;15,00;15,00;;;;"Deviz oferta.pdf – F3 oferta eDevize (restaurare biserica); pret direct, la care se adauga CAM 2,25% man., CI 10%, profit 5%";2025-06-17;Executant SC Aurora Inconstruct SRL / Beneficiar Biserica Sf. Imp. Constantin si Elena;1rue0Jaajr2kNvdWBeV5ZObPL36nPRRQk
instalatii electrice;5519252;Intrerupator DUBLU [resursa material];buc;27,00;27,00;;;;"9.2. OFERTA V1 REV CU VALORI PTDE.pdf – F3 cu valori (Spital paliatie, desfiintare C1-C3 si construire); pret direct fara CI/profit";2026-07-06;Proiectant S.C. Tanari Arhitect SRL / Beneficiar ACTIS (Asoc. Comunitara pt. Dezv. Intrepr. Sociale);1LARNS5Adn3FbJ7styKw3LZrEBoluKomc
instalatii electrice;5500665;Intrerupator automat scara [resursa material];buc;62,08;62,08;;;;"9.2. OFERTA V1 REV CU VALORI PTDE.pdf – F3 cu valori (Spital paliatie, desfiintare C1-C3 si construire); pret direct fara CI/profit";2026-07-06;Proiectant S.C. Tanari Arhitect SRL / Beneficiar ACTIS (Asoc. Comunitara pt. Dezv. Intrepr. Sociale);1LARNS5Adn3FbJ7styKw3LZrEBoluKomc
instalatii electrice;5500732;Intrerupator cumpana pentru simbol 0186 250 V 10a [resursa material];buc;27,00;27,00;;;;"9.2. OFERTA V1 REV CU VALORI PTDE.pdf – F3 cu valori (Spital paliatie, desfiintare C1-C3 si construire); pret direct fara CI/profit";2026-07-06;Proiectant S.C. Tanari Arhitect SRL / Beneficiar ACTIS (Asoc. Comunitara pt. Dezv. Intrepr. Sociale);1LARNS5Adn3FbJ7styKw3LZrEBoluKomc
instalatii electrice;ED01A1;Intreruptor manual unipolar, constructie normala sau impermeabila (flans), montat îngropat;buc;9,69;0,41;9,28;0,00;0,00;"9.2. OFERTA V1 REV CU VALORI PTDE.pdf – F3 cu valori (Spital paliatie, desfiintare C1-C3 si construire); pret direct fara CI/profit";2026-07-06;Proiectant S.C. Tanari Arhitect SRL / Beneficiar ACTIS (Asoc. Comunitara pt. Dezv. Intrepr. Sociale);1LARNS5Adn3FbJ7styKw3LZrEBoluKomc
instalatii electrice;ED01A1;Intreruptor manual... unipolar constructie normala sau impermeabila (flans), montat ingropat;buc;38,91;18,75;20,16;0,00;0,00;"Deviz oferta.pdf – F3 oferta eDevize (restaurare biserica); pret direct, la care se adauga CAM 2,25% man., CI 10%, profit 5%";2025-06-17;Executant SC Aurora Inconstruct SRL / Beneficiar Biserica Sf. Imp. Constantin si Elena;1rue0Jaajr2kNvdWBeV5ZObPL36nPRRQk
instalatii electrice;EI19F# [1];JGHEABURI METALICE ZINCATAE, PENTRU CABLURI ELECTRICE;m;20,88;10,73;10,15;0,00;0,00;"9.2. OFERTA V1 REV CU VALORI PTDE.pdf – F3 cu valori (Spital paliatie, desfiintare C1-C3 si construire); pret direct fara CI/profit";2026-07-06;Proiectant S.C. Tanari Arhitect SRL / Beneficiar ACTIS (Asoc. Comunitara pt. Dezv. Intrepr. Sociale);1LARNS5Adn3FbJ7styKw3LZrEBoluKomc
instalatii electrice;EA06J1 [2];Jgheab de cabluri 100x60 , inclusiv elemente speciale;m;52,51;25,25;27,26;0,00;0,00;"9.2. OFERTA V1 REV CU VALORI PTDE.pdf – F3 cu valori (Spital paliatie, desfiintare C1-C3 si construire); pret direct fara CI/profit";2026-07-06;Proiectant S.C. Tanari Arhitect SRL / Beneficiar ACTIS (Asoc. Comunitara pt. Dezv. Intrepr. Sociale);1LARNS5Adn3FbJ7styKw3LZrEBoluKomc
instalatii electrice;EA06J1 [4];Jgheab de cabluri 200x60 , inclusiv elemente speciale;m;62,61;35,35;27,26;0,00;0,00;"9.2. OFERTA V1 REV CU VALORI PTDE.pdf – F3 cu valori (Spital paliatie, desfiintare C1-C3 si construire); pret direct fara CI/profit";2026-07-06;Proiectant S.C. Tanari Arhitect SRL / Beneficiar ACTIS (Asoc. Comunitara pt. Dezv. Intrepr. Sociale);1LARNS5Adn3FbJ7styKw3LZrEBoluKomc
instalatii electrice;EA06J1 [3];Jgheab de cabluri 50x60 , inclusiv elemente speciale;m;53,02;25,76;27,26;0,00;0,00;"9.2. OFERTA V1 REV CU VALORI PTDE.pdf – F3 cu valori (Spital paliatie, desfiintare C1-C3 si construire); pret direct fara CI/profit";2026-07-06;Proiectant S.C. Tanari Arhitect SRL / Beneficiar ACTIS (Asoc. Comunitara pt. Dezv. Intrepr. Sociale);1LARNS5Adn3FbJ7styKw3LZrEBoluKomc
instalatii electrice;11717366;Jgheab pentru cablu din sarma 60/200 - dzl 60x200 KOPOS ELECTRO [resursa material];m;35,00;35,00;;;;"9.2. OFERTA V1 REV CU VALORI PTDE.pdf – F3 cu valori (Spital paliatie, desfiintare C1-C3 si construire); pret direct fara CI/profit";2026-07-06;Proiectant S.C. Tanari Arhitect SRL / Beneficiar ACTIS (Asoc. Comunitara pt. Dezv. Intrepr. Sociale);1LARNS5Adn3FbJ7styKw3LZrEBoluKomc
instalatii electrice;ED11D1;Lampa de semnalizare de camera, pentru 1 bec, montata pe dibluri din material plastic;buc;9,76;0,77;8,99;0,00;0,00;"9.2. OFERTA V1 REV CU VALORI PTDE.pdf – F3 cu valori (Spital paliatie, desfiintare C1-C3 si construire); pret direct fara CI/profit";2026-07-06;Proiectant S.C. Tanari Arhitect SRL / Beneficiar ACTIS (Asoc. Comunitara pt. Dezv. Intrepr. Sociale);1LARNS5Adn3FbJ7styKw3LZrEBoluKomc
instalatii electrice;EN11A+ [2];MONTARE DETECTOARE DE FUM;buc;93,80;88,58;5,22;0,00;0,00;"9.2. OFERTA V1 REV CU VALORI PTDE.pdf – F3 cu valori (Spital paliatie, desfiintare C1-C3 si construire); pret direct fara CI/profit";2026-07-06;Proiectant S.C. Tanari Arhitect SRL / Beneficiar ACTIS (Asoc. Comunitara pt. Dezv. Intrepr. Sociale);1LARNS5Adn3FbJ7styKw3LZrEBoluKomc
instalatii electrice;EN11A+ [2];MONTARE DETECTOARE DE FUM;buc;92,80;87,58;5,22;0,00;0,00;"9.2. OFERTA V1 REV CU VALORI PTDE.pdf – F3 cu valori (Spital paliatie, desfiintare C1-C3 si construire); pret direct fara CI/profit";2026-07-06;Proiectant S.C. Tanari Arhitect SRL / Beneficiar ACTIS (Asoc. Comunitara pt. Dezv. Intrepr. Sociale);1LARNS5Adn3FbJ7styKw3LZrEBoluKomc
instalatii electrice;DE09A#;Marcaje rutiere longit.simple/duble cu intreruperi/continue exec.mec.vop.email,cu microbile sticla;m;2,26;2,12;0,10;0,04;0,00;"9.2. OFERTA V1 REV CU VALORI PTDE.pdf – F3 cu valori (Spital paliatie, desfiintare C1-C3 si construire); pret direct fara CI/profit";2026-07-06;Proiectant S.C. Tanari Arhitect SRL / Beneficiar ACTIS (Asoc. Comunitara pt. Dezv. Intrepr. Sociale);1LARNS5Adn3FbJ7styKw3LZrEBoluKomc
instalatii electrice;EN04A+;Module extensie intrari /iesiri pentru sisteme conventionale/radio,...montaj in cabinet;buc;5,80;0,00;5,80;0,00;0,00;"9.2. OFERTA V1 REV CU VALORI PTDE.pdf – F3 cu valori (Spital paliatie, desfiintare C1-C3 si construire); pret direct fara CI/profit";2026-07-06;Proiectant S.C. Tanari Arhitect SRL / Beneficiar ACTIS (Asoc. Comunitara pt. Dezv. Intrepr. Sociale);1LARNS5Adn3FbJ7styKw3LZrEBoluKomc
instalatii electrice;EM17A1+;Montaj detectoare de gaz... pentru mediu normal,;buc;553,16;525,66;27,50;0,00;0,00;"Deviz oferta.pdf – F3 oferta eDevize (restaurare biserica); pret direct, la care se adauga CAM 2,25% man., CI 10%, profit 5%";2025-06-17;Executant SC Aurora Inconstruct SRL / Beneficiar Biserica Sf. Imp. Constantin si Elena;1rue0Jaajr2kNvdWBeV5ZObPL36nPRRQk
instalatii electrice;;Oglinda de perete cu lampa iluminat LED, tehnologie antiaburire 120x60 cm, Model Bemeta (sau similar);buc;1637,10;;;;;"Oferta SD-6 409-E Hotel PIETROASA (Climatronic) – foaia Cap.7-Instalatii Sanitare; 321 EUR x 5,1";2025-09-01;Ofertant Climatronic SRL / Beneficiar Hotel Pietroasa SA Buzau;1ne-s6Ae1aOu82-H0kXysRaOdfZGkZ7l7
instalatii electrice;RPEE15A1;PATCH CORD CABLU DATE MINIM [1] 1,0 M LUNGIME, CATEGORIA 6;buc;199,17;187,57;11,60;0,00;0,00;"9.2. OFERTA V1 REV CU VALORI PTDE.pdf – F3 cu valori (Spital paliatie, desfiintare C1-C3 si construire); pret direct fara CI/profit";2026-07-06;Proiectant S.C. Tanari Arhitect SRL / Beneficiar ACTIS (Asoc. Comunitara pt. Dezv. Intrepr. Sociale);1LARNS5Adn3FbJ7styKw3LZrEBoluKomc
instalatii electrice;ED08A1 [3];PRIZA CURENTI SLABI;buc;9,69;0,41;9,28;0,00;0,00;"9.2. OFERTA V1 REV CU VALORI PTDE.pdf – F3 cu valori (Spital paliatie, desfiintare C1-C3 si construire); pret direct fara CI/profit";2026-07-06;Proiectant S.C. Tanari Arhitect SRL / Beneficiar ACTIS (Asoc. Comunitara pt. Dezv. Intrepr. Sociale);1LARNS5Adn3FbJ7styKw3LZrEBoluKomc
instalatii electrice;EA06J1 [8];Pat cablu metalic perforat avand latimea de 100 mm;m;87,51;60,25;27,26;0,00;0,00;"9.2. OFERTA V1 REV CU VALORI PTDE.pdf – F3 cu valori (Spital paliatie, desfiintare C1-C3 si construire); pret direct fara CI/profit";2026-07-06;Proiectant S.C. Tanari Arhitect SRL / Beneficiar ACTIS (Asoc. Comunitara pt. Dezv. Intrepr. Sociale);1LARNS5Adn3FbJ7styKw3LZrEBoluKomc
instalatii electrice;EA06J1 [5];Pat cabluri 60x300 mm, pentru instalatii electrice;m;57,56;30,30;27,26;0,00;0,00;"9.2. OFERTA V1 REV CU VALORI PTDE.pdf – F3 cu valori (Spital paliatie, desfiintare C1-C3 si construire); pret direct fara CI/profit";2026-07-06;Proiectant S.C. Tanari Arhitect SRL / Beneficiar ACTIS (Asoc. Comunitara pt. Dezv. Intrepr. Sociale);1LARNS5Adn3FbJ7styKw3LZrEBoluKomc
instalatii electrice;EA06J1 [6];Pat cabluri 60x400 mm, pentru instalatii electrice;m;62,61;35,35;27,26;0,00;0,00;"9.2. OFERTA V1 REV CU VALORI PTDE.pdf – F3 cu valori (Spital paliatie, desfiintare C1-C3 si construire); pret direct fara CI/profit";2026-07-06;Proiectant S.C. Tanari Arhitect SRL / Beneficiar ACTIS (Asoc. Comunitara pt. Dezv. Intrepr. Sociale);1LARNS5Adn3FbJ7styKw3LZrEBoluKomc
instalatii electrice;EA06J1 [7];Pat cabluri 60x600 mm, pentru instalatii electrice;m;72,71;45,45;27,26;0,00;0,00;"9.2. OFERTA V1 REV CU VALORI PTDE.pdf – F3 cu valori (Spital paliatie, desfiintare C1-C3 si construire); pret direct fara CI/profit";2026-07-06;Proiectant S.C. Tanari Arhitect SRL / Beneficiar ACTIS (Asoc. Comunitara pt. Dezv. Intrepr. Sociale);1LARNS5Adn3FbJ7styKw3LZrEBoluKomc
instalatii electrice;11751728;Pat de cablu 300MM [resursa material];m;7,36;7,36;;;;"9.2. OFERTA V1 REV CU VALORI PTDE.pdf – F3 cu valori (Spital paliatie, desfiintare C1-C3 si construire); pret direct fara CI/profit";2026-07-06;Proiectant S.C. Tanari Arhitect SRL / Beneficiar ACTIS (Asoc. Comunitara pt. Dezv. Intrepr. Sociale);1LARNS5Adn3FbJ7styKw3LZrEBoluKomc
instalatii electrice;ED08A1;Priza bipolara, simpla sau dubla, constructie normala sau constructie impermeabila (flans), cu sau fara contact de protectie (nul), montata îngropat;buc;9,69;0,41;9,28;0,00;0,00;"9.2. OFERTA V1 REV CU VALORI PTDE.pdf – F3 cu valori (Spital paliatie, desfiintare C1-C3 si construire); pret direct fara CI/profit";2026-07-06;Proiectant S.C. Tanari Arhitect SRL / Beneficiar ACTIS (Asoc. Comunitara pt. Dezv. Intrepr. Sociale);1LARNS5Adn3FbJ7styKw3LZrEBoluKomc
instalatii electrice;5536080;Priza simpla , 230V/16A, IP54, cu CP, montaj aparent [resursa material];buc;30,00;30,00;;;;"Deviz oferta.pdf – F3 oferta eDevize (restaurare biserica); pret direct, la care se adauga CAM 2,25% man., CI 10%, profit 5%";2025-06-17;Executant SC Aurora Inconstruct SRL / Beneficiar Biserica Sf. Imp. Constantin si Elena;1rue0Jaajr2kNvdWBeV5ZObPL36nPRRQk
instalatii electrice;11644484;Priza simpla voce- date, cat. 6E, modulara, ecranata2xRJ 45 montaj ingropat,inclusiv doza,suport si rama pentru monta [resursa material];buc;50,50;50,50;;;;"9.2. OFERTA V1 REV CU VALORI PTDE.pdf – F3 cu valori (Spital paliatie, desfiintare C1-C3 si construire); pret direct fara CI/profit";2026-07-06;Proiectant S.C. Tanari Arhitect SRL / Beneficiar ACTIS (Asoc. Comunitara pt. Dezv. Intrepr. Sociale);1LARNS5Adn3FbJ7styKw3LZrEBoluKomc
instalatii electrice;ED08A1;Priza... bipolara, simpla sau dubla, constructie normala sau constructie impermeabila (flans), cu sau fara contact de protectie (nul), montata ingropat;buc;54,06;33,90;20,16;0,00;0,00;"Deviz oferta.pdf – F3 oferta eDevize (restaurare biserica); pret direct, la care se adauga CAM 2,25% man., CI 10%, profit 5%";2025-06-17;Executant SC Aurora Inconstruct SRL / Beneficiar Biserica Sf. Imp. Constantin si Elena;1rue0Jaajr2kNvdWBeV5ZObPL36nPRRQk
instalatii electrice;5102566;Proiector IP 65 led 200 W [resursa material];buc;250,00;250,00;;;;"Deviz oferta.pdf – F3 oferta eDevize (restaurare biserica); pret direct, la care se adauga CAM 2,25% man., CI 10%, profit 5%";2025-06-17;Executant SC Aurora Inconstruct SRL / Beneficiar Biserica Sf. Imp. Constantin si Elena;1rue0Jaajr2kNvdWBeV5ZObPL36nPRRQk
instalatii electrice;ATD24XA;Racord fexibil pt.prot.cond.electrice, DN=16...55 mm cu piesa de racordare pt.tub flexibil;buc;101,84;28,35;73,49;0,00;0,00;"Deviz oferta.pdf – F3 oferta eDevize (restaurare biserica); pret direct, la care se adauga CAM 2,25% man., CI 10%, profit 5%";2025-06-17;Executant SC Aurora Inconstruct SRL / Beneficiar Biserica Sf. Imp. Constantin si Elena;1rue0Jaajr2kNvdWBeV5ZObPL36nPRRQk
instalatii electrice;ED01B1 [1];SENZOR DE MISCARE COMANDA ILUMINAT CU CARACTERISTICILE DISTANTA DETECTIE 12M, UNGHI 180 GRADE, PROTECTIE IP65, ALIMENTARE 230V;buc;26,64;22,87;3,77;0,00;0,00;"9.2. OFERTA V1 REV CU VALORI PTDE.pdf – F3 cu valori (Spital paliatie, desfiintare C1-C3 si construire); pret direct fara CI/profit";2026-07-06;Proiectant S.C. Tanari Arhitect SRL / Beneficiar ACTIS (Asoc. Comunitara pt. Dezv. Intrepr. Sociale);1LARNS5Adn3FbJ7styKw3LZrEBoluKomc
instalatii electrice;EM10A1+;Senzor temperatura;buc;447,77;434,02;13,75;0,00;0,00;"Deviz oferta.pdf – F3 oferta eDevize (restaurare biserica); pret direct, la care se adauga CAM 2,25% man., CI 10%, profit 5%";2025-06-17;Executant SC Aurora Inconstruct SRL / Beneficiar Biserica Sf. Imp. Constantin si Elena;1rue0Jaajr2kNvdWBeV5ZObPL36nPRRQk
instalatii electrice;6721100;Sifon pard 1ies d50, 4int d40,etans grn con,tub pp-pehd [resursa material];buc;82,00;82,00;;;;"Deviz oferta.pdf – F3 oferta eDevize (restaurare biserica); pret direct, la care se adauga CAM 2,25% man., CI 10%, profit 5%";2025-06-17;Executant SC Aurora Inconstruct SRL / Beneficiar Biserica Sf. Imp. Constantin si Elena;1rue0Jaajr2kNvdWBeV5ZObPL36nPRRQk
instalatii electrice;EG11D1 [2];Suport fixare platbanda pe perete;buc;19,43;4,93;14,50;0,00;0,00;"9.2. OFERTA V1 REV CU VALORI PTDE.pdf – F3 cu valori (Spital paliatie, desfiintare C1-C3 si construire); pret direct fara CI/profit";2026-07-06;Proiectant S.C. Tanari Arhitect SRL / Beneficiar ACTIS (Asoc. Comunitara pt. Dezv. Intrepr. Sociale);1LARNS5Adn3FbJ7styKw3LZrEBoluKomc
instalatii electrice;1223004;TABLOU ELECTRIC TE CP [resursa material];buc;1285,00;1285,00;;;;"9.2. OFERTA V1 REV CU VALORI PTDE.pdf – F3 cu valori (Spital paliatie, desfiintare C1-C3 si construire); pret direct fara CI/profit";2026-07-06;Proiectant S.C. Tanari Arhitect SRL / Beneficiar ACTIS (Asoc. Comunitara pt. Dezv. Intrepr. Sociale);1LARNS5Adn3FbJ7styKw3LZrEBoluKomc
instalatii electrice;11305640;TUB VENTURI D.15 [resursa material];buc;16,19;16,19;;;;"9.2. OFERTA V1 REV CU VALORI PTDE.pdf – F3 cu valori (Spital paliatie, desfiintare C1-C3 si construire); pret direct fara CI/profit";2026-07-06;Proiectant S.C. Tanari Arhitect SRL / Beneficiar ACTIS (Asoc. Comunitara pt. Dezv. Intrepr. Sociale);1LARNS5Adn3FbJ7styKw3LZrEBoluKomc
instalatii electrice;7322285;Tablou DC/AC complet echipat cu fuzibile, descarcatator, RELEU DE INSULARIZARE SI INTRERUPATOR MOTORIZAT [resursa material];buc;4245,50;4245,50;;;;"9.2. OFERTA V1 REV CU VALORI PTDE.pdf – F3 cu valori (Spital paliatie, desfiintare C1-C3 si construire); pret direct fara CI/profit";2026-07-06;Proiectant S.C. Tanari Arhitect SRL / Beneficiar ACTIS (Asoc. Comunitara pt. Dezv. Intrepr. Sociale);1LARNS5Adn3FbJ7styKw3LZrEBoluKomc
instalatii electrice;7302116;Tablou electric INSULARIZARE conform schema monofilara [resursa material];buc;2947,89;2947,89;;;;"9.2. OFERTA V1 REV CU VALORI PTDE.pdf – F3 cu valori (Spital paliatie, desfiintare C1-C3 si construire); pret direct fara CI/profit";2026-07-06;Proiectant S.C. Tanari Arhitect SRL / Beneficiar ACTIS (Asoc. Comunitara pt. Dezv. Intrepr. Sociale);1LARNS5Adn3FbJ7styKw3LZrEBoluKomc
instalatii electrice;11797806;Tablou electric TE.CV [resursa material];buc;1403,00;1403,00;;;;"9.2. OFERTA V1 REV CU VALORI PTDE.pdf – F3 cu valori (Spital paliatie, desfiintare C1-C3 si construire); pret direct fara CI/profit";2026-07-06;Proiectant S.C. Tanari Arhitect SRL / Beneficiar ACTIS (Asoc. Comunitara pt. Dezv. Intrepr. Sociale);1LARNS5Adn3FbJ7styKw3LZrEBoluKomc
instalatii electrice;11797804;Tablou electric TE.P [resursa material];buc;1754,00;1754,00;;;;"9.2. OFERTA V1 REV CU VALORI PTDE.pdf – F3 cu valori (Spital paliatie, desfiintare C1-C3 si construire); pret direct fara CI/profit";2026-07-06;Proiectant S.C. Tanari Arhitect SRL / Beneficiar ACTIS (Asoc. Comunitara pt. Dezv. Intrepr. Sociale);1LARNS5Adn3FbJ7styKw3LZrEBoluKomc
instalatii electrice;11797803;Tablou electric TEE [resursa material];buc;3401,00;3401,00;;;;"9.2. OFERTA V1 REV CU VALORI PTDE.pdf – F3 cu valori (Spital paliatie, desfiintare C1-C3 si construire); pret direct fara CI/profit";2026-07-06;Proiectant S.C. Tanari Arhitect SRL / Beneficiar ACTIS (Asoc. Comunitara pt. Dezv. Intrepr. Sociale);1LARNS5Adn3FbJ7styKw3LZrEBoluKomc
instalatii electrice;5537968;Tablou electric TEHI [resursa material];buc;1250,00;1250,00;;;;"9.2. OFERTA V1 REV CU VALORI PTDE.pdf – F3 cu valori (Spital paliatie, desfiintare C1-C3 si construire); pret direct fara CI/profit";2026-07-06;Proiectant S.C. Tanari Arhitect SRL / Beneficiar ACTIS (Asoc. Comunitara pt. Dezv. Intrepr. Sociale);1LARNS5Adn3FbJ7styKw3LZrEBoluKomc
instalatii electrice;EF01A#;Tablou electric pe schelet metalic, cu masca, montat aparent sau in nisa, avand suprafata de...pana la 0,30 mp;buc;56,05;16,24;39,15;0,66;0,00;"9.2. OFERTA V1 REV CU VALORI PTDE.pdf – F3 cu valori (Spital paliatie, desfiintare C1-C3 si construire); pret direct fara CI/profit";2026-07-06;Proiectant S.C. Tanari Arhitect SRL / Beneficiar ACTIS (Asoc. Comunitara pt. Dezv. Intrepr. Sociale);1LARNS5Adn3FbJ7styKw3LZrEBoluKomc
instalatii electrice;7302083;Tablou electric tect [resursa material];buc;5263,06;5263,06;;;;"9.2. OFERTA V1 REV CU VALORI PTDE.pdf – F3 cu valori (Spital paliatie, desfiintare C1-C3 si construire); pret direct fara CI/profit";2026-07-06;Proiectant S.C. Tanari Arhitect SRL / Beneficiar ACTIS (Asoc. Comunitara pt. Dezv. Intrepr. Sociale);1LARNS5Adn3FbJ7styKw3LZrEBoluKomc
instalatii electrice;7302071;Tablou electric teg [resursa material];buc;4211,11;4211,11;;;;"9.2. OFERTA V1 REV CU VALORI PTDE.pdf – F3 cu valori (Spital paliatie, desfiintare C1-C3 si construire); pret direct fara CI/profit";2026-07-06;Proiectant S.C. Tanari Arhitect SRL / Beneficiar ACTIS (Asoc. Comunitara pt. Dezv. Intrepr. Sociale);1LARNS5Adn3FbJ7styKw3LZrEBoluKomc
instalatii electrice;EA02A1;Tub de protectie HF 16;m;5,77;2,29;3,48;0,00;0,00;"9.2. OFERTA V1 REV CU VALORI PTDE.pdf – F3 cu valori (Spital paliatie, desfiintare C1-C3 si construire); pret direct fara CI/profit";2026-07-06;Proiectant S.C. Tanari Arhitect SRL / Beneficiar ACTIS (Asoc. Comunitara pt. Dezv. Intrepr. Sociale);1LARNS5Adn3FbJ7styKw3LZrEBoluKomc
instalatii electrice;EA02A2;Tub de protectie HF 20;m;6,29;2,81;3,48;0,00;0,00;"9.2. OFERTA V1 REV CU VALORI PTDE.pdf – F3 cu valori (Spital paliatie, desfiintare C1-C3 si construire); pret direct fara CI/profit";2026-07-06;Proiectant S.C. Tanari Arhitect SRL / Beneficiar ACTIS (Asoc. Comunitara pt. Dezv. Intrepr. Sociale);1LARNS5Adn3FbJ7styKw3LZrEBoluKomc
instalatii electrice;EA01F#;Tub de protectie din material plastic montat...aparent pe dibluri implantate cu diametrul exterior peste la 25 mm inclusiv;m;11,28;0,14;11,02;0,12;0,00;"9.2. OFERTA V1 REV CU VALORI PTDE.pdf – F3 cu valori (Spital paliatie, desfiintare C1-C3 si construire); pret direct fara CI/profit";2026-07-06;Proiectant S.C. Tanari Arhitect SRL / Beneficiar ACTIS (Asoc. Comunitara pt. Dezv. Intrepr. Sociale);1LARNS5Adn3FbJ7styKw3LZrEBoluKomc
instalatii electrice;EA10C#;Tub de protectie flexibil montat liber avand diametrul interior...50-100 mm;m;11,02;0,00;11,02;0,00;0,00;"9.2. OFERTA V1 REV CU VALORI PTDE.pdf – F3 cu valori (Spital paliatie, desfiintare C1-C3 si construire); pret direct fara CI/profit";2026-07-06;Proiectant S.C. Tanari Arhitect SRL / Beneficiar ACTIS (Asoc. Comunitara pt. Dezv. Intrepr. Sociale);1LARNS5Adn3FbJ7styKw3LZrEBoluKomc
instalatii electrice;EA10B%;Tub de protectie flexibil, montat liber, avand diametrul interior de: 20-40 mm;m;34,90;15,38;19,52;0,00;0,00;"Deviz oferta.pdf – F3 oferta eDevize (restaurare biserica); pret direct, la care se adauga CAM 2,25% man., CI 10%, profit 5%";2025-06-17;Executant SC Aurora Inconstruct SRL / Beneficiar Biserica Sf. Imp. Constantin si Elena;1rue0Jaajr2kNvdWBeV5ZObPL36nPRRQk
instalatii electrice;EA10A%;Tub de protectie flexibil, montat liber, avand diametrul interior de: 8,5-20 mm;m;22,45;4,82;17,63;0,00;0,00;"Deviz oferta.pdf – F3 oferta eDevize (restaurare biserica); pret direct, la care se adauga CAM 2,25% man., CI 10%, profit 5%";2025-06-17;Executant SC Aurora Inconstruct SRL / Beneficiar Biserica Sf. Imp. Constantin si Elena;1rue0Jaajr2kNvdWBeV5ZObPL36nPRRQk
instalatii electrice;6717087;Tub din polipropilena, diametrul de 20 mm [resursa material];m;4,15;4,15;;;;"9.2. OFERTA V1 REV CU VALORI PTDE.pdf – F3 cu valori (Spital paliatie, desfiintare C1-C3 si construire); pret direct fara CI/profit";2026-07-06;Proiectant S.C. Tanari Arhitect SRL / Beneficiar ACTIS (Asoc. Comunitara pt. Dezv. Intrepr. Sociale);1LARNS5Adn3FbJ7styKw3LZrEBoluKomc
instalatii electrice;6717087;Tub din polipropilena, diametrul de 20 mm [resursa material];m;5,65;5,65;;;;"Deviz oferta.pdf – F3 oferta eDevize (restaurare biserica); pret direct, la care se adauga CAM 2,25% man., CI 10%, profit 5%";2025-06-17;Executant SC Aurora Inconstruct SRL / Beneficiar Biserica Sf. Imp. Constantin si Elena;1rue0Jaajr2kNvdWBeV5ZObPL36nPRRQk
instalatii electrice;6717088;Tub din polipropilena, diametrul de 25 mm [resursa material];m;6,96;6,96;;;;"9.2. OFERTA V1 REV CU VALORI PTDE.pdf – F3 cu valori (Spital paliatie, desfiintare C1-C3 si construire); pret direct fara CI/profit";2026-07-06;Proiectant S.C. Tanari Arhitect SRL / Beneficiar ACTIS (Asoc. Comunitara pt. Dezv. Intrepr. Sociale);1LARNS5Adn3FbJ7styKw3LZrEBoluKomc
instalatii electrice;6717088;Tub din polipropilena, diametrul de 25 mm [resursa material];m;9,66;9,66;;;;"Deviz oferta.pdf – F3 oferta eDevize (restaurare biserica); pret direct, la care se adauga CAM 2,25% man., CI 10%, profit 5%";2025-06-17;Executant SC Aurora Inconstruct SRL / Beneficiar Biserica Sf. Imp. Constantin si Elena;1rue0Jaajr2kNvdWBeV5ZObPL36nPRRQk
instalatii electrice;6717089;Tub din polipropilena, diametrul de 32 mm [resursa material];m;10,56;10,56;;;;"9.2. OFERTA V1 REV CU VALORI PTDE.pdf – F3 cu valori (Spital paliatie, desfiintare C1-C3 si construire); pret direct fara CI/profit";2026-07-06;Proiectant S.C. Tanari Arhitect SRL / Beneficiar ACTIS (Asoc. Comunitara pt. Dezv. Intrepr. Sociale);1LARNS5Adn3FbJ7styKw3LZrEBoluKomc
instalatii electrice;6717089;Tub din polipropilena, diametrul de 32 mm [resursa material];m;11,60;11,60;;;;"Deviz oferta.pdf – F3 oferta eDevize (restaurare biserica); pret direct, la care se adauga CAM 2,25% man., CI 10%, profit 5%";2025-06-17;Executant SC Aurora Inconstruct SRL / Beneficiar Biserica Sf. Imp. Constantin si Elena;1rue0Jaajr2kNvdWBeV5ZObPL36nPRRQk
instalatii electrice;6717090;Tub din polipropilena, diametrul de 40 mm [resursa material];m;17,37;17,37;;;;"9.2. OFERTA V1 REV CU VALORI PTDE.pdf – F3 cu valori (Spital paliatie, desfiintare C1-C3 si construire); pret direct fara CI/profit";2026-07-06;Proiectant S.C. Tanari Arhitect SRL / Beneficiar ACTIS (Asoc. Comunitara pt. Dezv. Intrepr. Sociale);1LARNS5Adn3FbJ7styKw3LZrEBoluKomc
instalatii electrice;6717091;Tub din polipropilena, diametrul de 50 mm [resursa material];m;26,31;26,31;;;;"9.2. OFERTA V1 REV CU VALORI PTDE.pdf – F3 cu valori (Spital paliatie, desfiintare C1-C3 si construire); pret direct fara CI/profit";2026-07-06;Proiectant S.C. Tanari Arhitect SRL / Beneficiar ACTIS (Asoc. Comunitara pt. Dezv. Intrepr. Sociale);1LARNS5Adn3FbJ7styKw3LZrEBoluKomc
instalatii electrice;SB05C#;Tub drenaj gofrat dublu strat D. 63 mm (colac 50 m);m;22,92;4,65;18,27;0,00;0,00;"Deviz oferta.pdf – F3 oferta eDevize (restaurare biserica); pret direct, la care se adauga CAM 2,25% man., CI 10%, profit 5%";2025-06-17;Executant SC Aurora Inconstruct SRL / Beneficiar Biserica Sf. Imp. Constantin si Elena;1rue0Jaajr2kNvdWBeV5ZObPL36nPRRQk
instalatii electrice;EA02B3 [1];Tub izolant, de protectie, etans, GOFRAT Dn.50MM;m;231,68;212,83;18,85;0,00;0,00;"9.2. OFERTA V1 REV CU VALORI PTDE.pdf – F3 cu valori (Spital paliatie, desfiintare C1-C3 si construire); pret direct fara CI/profit";2026-07-06;Proiectant S.C. Tanari Arhitect SRL / Beneficiar ACTIS (Asoc. Comunitara pt. Dezv. Intrepr. Sociale);1LARNS5Adn3FbJ7styKw3LZrEBoluKomc
instalatii electrice;EA03C1;Tub izolant, de protectie, etans, IPE, din policlorura de vinil neplastifiata, IPEY, montat pe console, având diametrul exterior de 16 mm, montat pe console fixate pe dibluri (bolturi);m;14,99;4,26;10,73;0,00;0,00;"9.2. OFERTA V1 REV CU VALORI PTDE.pdf – F3 cu valori (Spital paliatie, desfiintare C1-C3 si construire); pret direct fara CI/profit";2026-07-06;Proiectant S.C. Tanari Arhitect SRL / Beneficiar ACTIS (Asoc. Comunitara pt. Dezv. Intrepr. Sociale);1LARNS5Adn3FbJ7styKw3LZrEBoluKomc
instalatii electrice;EA02A1;Tub izolant, de protectie, etans, IPE, din policlorura de vinil neplastifiata, IPEY, montat îngropat sau aparent, având diametrul exterior de 16 mm, montat îngropat;m;15,05;;;;;"9.2. OFERTA V1 REV CU VALORI PTDE.pdf – F3 cu valori (Spital paliatie, desfiintare C1-C3 si construire); pret direct fara CI/profit";2026-07-06;Proiectant S.C. Tanari Arhitect SRL / Beneficiar ACTIS (Asoc. Comunitara pt. Dezv. Intrepr. Sociale);1LARNS5Adn3FbJ7styKw3LZrEBoluKomc
instalatii electrice;EA02G2;Tub izolant, de protectie, etans, IPE, din policlorura de vinil neplastifiata, IPEY, montat îngropat sau aparent, având diametrul exterior de 20 mm, montat aparent pe dibluii (bolturi);m;13,71;3,56;10,15;0,00;0,00;"9.2. OFERTA V1 REV CU VALORI PTDE.pdf – F3 cu valori (Spital paliatie, desfiintare C1-C3 si construire); pret direct fara CI/profit";2026-07-06;Proiectant S.C. Tanari Arhitect SRL / Beneficiar ACTIS (Asoc. Comunitara pt. Dezv. Intrepr. Sociale);1LARNS5Adn3FbJ7styKw3LZrEBoluKomc
instalatii electrice;EA02A2;Tub izolant, de protectie, etans, IPE, din policlorura de vinil neplastifiata, IPEY, montat îngropat sau aparent, având diametrul exterior de 20 mm, montat îngropat;m;15,57;2,81;12,76;0,00;0,00;"9.2. OFERTA V1 REV CU VALORI PTDE.pdf – F3 cu valori (Spital paliatie, desfiintare C1-C3 si construire); pret direct fara CI/profit";2026-07-06;Proiectant S.C. Tanari Arhitect SRL / Beneficiar ACTIS (Asoc. Comunitara pt. Dezv. Intrepr. Sociale);1LARNS5Adn3FbJ7styKw3LZrEBoluKomc
instalatii electrice;EA03A#;Tub metalic rigid, cu d=20 sau 24mm , inclusiv accesorii de fixare si prelungire metalice ,trasee RF sau plastic PC ABS halogen free cu rezistenta la foc, tip 1520 HF_KA sau 1525 HF_KA;m;22,60;1,94;15,66;5,00;0,00;"9.2. OFERTA V1 REV CU VALORI PTDE.pdf – F3 cu valori (Spital paliatie, desfiintare C1-C3 si construire); pret direct fara CI/profit";2026-07-06;Proiectant S.C. Tanari Arhitect SRL / Beneficiar ACTIS (Asoc. Comunitara pt. Dezv. Intrepr. Sociale);1LARNS5Adn3FbJ7styKw3LZrEBoluKomc
instalatii electrice;11519466;Tub protectie PEHD diametrul exterior De=50 mm prevazut cu fir de tragere pentru fibra optica cablelor în profil netipizat [1] [resursa material];m;5,31;5,31;;;;"9.2. OFERTA V1 REV CU VALORI PTDE.pdf – F3 cu valori (Spital paliatie, desfiintare C1-C3 si construire); pret direct fara CI/profit";2026-07-06;Proiectant S.C. Tanari Arhitect SRL / Beneficiar ACTIS (Asoc. Comunitara pt. Dezv. Intrepr. Sociale);1LARNS5Adn3FbJ7styKw3LZrEBoluKomc
instalatii electrice;20013943;Tub uPVC-KG SN8 cu mufa si garnitura D=160x4.7mm, L=6.0m [resursa material];m;29,00;29,00;;;;"Deviz oferta.pdf – F3 oferta eDevize (restaurare biserica); pret direct, la care se adauga CAM 2,25% man., CI 10%, profit 5%";2025-06-17;Executant SC Aurora Inconstruct SRL / Beneficiar Biserica Sf. Imp. Constantin si Elena;1rue0Jaajr2kNvdWBeV5ZObPL36nPRRQk
instalatii electrice;20013947;Tub uPVC-KG SN8 cu mufa si garnitura D=200x5.9mm, L=6.0m [resursa material];m;44,00;44,00;;;;"Deviz oferta.pdf – F3 oferta eDevize (restaurare biserica); pret direct, la care se adauga CAM 2,25% man., CI 10%, profit 5%";2025-06-17;Executant SC Aurora Inconstruct SRL / Beneficiar Biserica Sf. Imp. Constantin si Elena;1rue0Jaajr2kNvdWBeV5ZObPL36nPRRQk
instalatii electrice;;V1-ventilator extractie/evacuare aer viciat cu clapeta antiretur, debit de aer variabil D=max. 250mc/h, consum electric P=18W, nivel dezgomot 32dB(A), dimeniune de gabarit 218x218, diametru racord φ=125 mm, Model Energy ;buc;402,90;;;;;"Oferta SD-6 409-E Hotel PIETROASA (Climatronic) – foaia Cap.2-Sistem ventilatie; 79 EUR x 5,1";2025-09-01;Ofertant Climatronic SRL / Beneficiar Hotel Pietroasa SA Buzau;1ne-s6Ae1aOu82-H0kXysRaOdfZGkZ7l7
instalatii electrice;ID03E05^;Vana amestec cu 3 cai, actionata [2] mecanic si alimentata electric [1];buc;548,64;531,24;17,40;0,00;0,00;"9.2. OFERTA V1 REV CU VALORI PTDE.pdf – F3 cu valori (Spital paliatie, desfiintare C1-C3 si construire); pret direct fara CI/profit";2026-07-06;Proiectant S.C. Tanari Arhitect SRL / Beneficiar ACTIS (Asoc. Comunitara pt. Dezv. Intrepr. Sociale);1LARNS5Adn3FbJ7styKw3LZrEBoluKomc
instalatii electrice;ID03E05^;Vana amestec cu 3 cai, actionata [3] mecanic si alimentata electric [2];buc;548,64;531,24;17,40;0,00;0,00;"9.2. OFERTA V1 REV CU VALORI PTDE.pdf – F3 cu valori (Spital paliatie, desfiintare C1-C3 si construire); pret direct fara CI/profit";2026-07-06;Proiectant S.C. Tanari Arhitect SRL / Beneficiar ACTIS (Asoc. Comunitara pt. Dezv. Intrepr. Sociale);1LARNS5Adn3FbJ7styKw3LZrEBoluKomc
instalatii electrice;EN17A1+;Verificarea instalatiei de detectie si Asim avertizare la incendiu;set;49,30;;;;;"9.2. OFERTA V1 REV CU VALORI PTDE.pdf – F3 cu valori (Spital paliatie, desfiintare C1-C3 si construire); pret direct fara CI/profit";2026-07-06;Proiectant S.C. Tanari Arhitect SRL / Beneficiar ACTIS (Asoc. Comunitara pt. Dezv. Intrepr. Sociale);1LARNS5Adn3FbJ7styKw3LZrEBoluKomc
instalatii electrice;EH10XA [1];Verificarea instalatiilor;buc;34,80;17,40;17,40;0,00;0,00;"9.2. OFERTA V1 REV CU VALORI PTDE.pdf – F3 cu valori (Spital paliatie, desfiintare C1-C3 si construire); pret direct fara CI/profit";2026-07-06;Proiectant S.C. Tanari Arhitect SRL / Beneficiar ACTIS (Asoc. Comunitara pt. Dezv. Intrepr. Sociale);1LARNS5Adn3FbJ7styKw3LZrEBoluKomc
instalatii electrice;0000839;cablu 0,4v/1kv n2xh 4x1,5 mmp [resursa material];m;2,85;2,85;;;;"9.2. OFERTA V1 REV CU VALORI PTDE.pdf – F3 cu valori (Spital paliatie, desfiintare C1-C3 si construire); pret direct fara CI/profit";2026-07-06;Proiectant S.C. Tanari Arhitect SRL / Beneficiar ACTIS (Asoc. Comunitara pt. Dezv. Intrepr. Sociale);1LARNS5Adn3FbJ7styKw3LZrEBoluKomc
invelitori;;Capac coama BILKA - Grandemat;buc;23,51;23,51;;;;01. REZIDENTIAL.pdf – lista pret furnizor Bilka, 4.61 EUR/buc x 5,1 lei/EUR (material, livrare fara montaj);2026-10-01;Furnizor Bilka (lista primita de BILZI STEEL PROFILE);1jrG0xyAdt4_P_-I5T13UmjATR1ywmt_N
invelitori;;Capac coama BILKA - Lucios;buc;18,36;18,36;;;;01. REZIDENTIAL.pdf – lista pret furnizor Bilka, 3.60 EUR/buc x 5,1 lei/EUR (material, livrare fara montaj);2026-10-01;Furnizor Bilka (lista primita de BILZI STEEL PROFILE);1jrG0xyAdt4_P_-I5T13UmjATR1ywmt_N
invelitori;;Capac coama BILKA - Mat;buc;19,43;19,43;;;;01. REZIDENTIAL.pdf – lista pret furnizor Bilka, 3.81 EUR/buc x 5,1 lei/EUR (material, livrare fara montaj);2026-10-01;Furnizor Bilka (lista primita de BILZI STEEL PROFILE);1jrG0xyAdt4_P_-I5T13UmjATR1ywmt_N
invelitori;M13;Capac coamă BILKA mat (RAL 8017) [resursa material, Listă furnizor 01. Rezidențial – capac coamă BILKA mat];buc;20,31;20,31;;;;"Propunere_financiara_BILZI_SDF_Onesti.xlsx – foaia Preturi (resurse; EUR furnizor convertit de autor la BNR+1% = 5,3313)";2026-10-01;BILZI STEEL PROFILE SRL;1pe4vyBBOUknM1CDZScHidnvsaDDsmVIx
invelitori;3270250;Capac coamă Bilka maro mat (RAL 8017) 0,5 mm;buc;20,31;20,31;0,00;0,00;0,00;"Propunere_financiara_BILZI_SDF_Onesti.xlsx – F3 oferta proprie (lucrari acoperis hala, Romsilva DS Bacau); pret direct, adaos 25% separat";2026-10-01;Ofertant BILZI STEEL PROFILE SRL / Beneficiar RNP Romsilva DS Bacau;1pe4vyBBOUknM1CDZScHidnvsaDDsmVIx
invelitori;;Coama unghiulara Britanic desfasurata 417 mm lucios 0,50 mm (element 2m) [pret/buc impartit la 2 ml];ml;15,48;15,48;;;;01. REZIDENTIAL.pdf – lista pret furnizor Bilka, 3.04 EUR/ml x 5,1 lei/EUR (material, livrare fara montaj);2026-10-01;Furnizor Bilka (lista primita de BILZI STEEL PROFILE);1jrG0xyAdt4_P_-I5T13UmjATR1ywmt_N
invelitori;;Coama unghiulara Britanic desfasurata 417 mm mat 0,50 mm (element 2m) [pret/buc impartit la 2 ml];ml;16,12;16,12;;;;01. REZIDENTIAL.pdf – lista pret furnizor Bilka, 3.16 EUR/ml x 5,1 lei/EUR (material, livrare fara montaj);2026-10-01;Furnizor Bilka (lista primita de BILZI STEEL PROFILE);1jrG0xyAdt4_P_-I5T13UmjATR1ywmt_N
invelitori;;Coama unghiulara desfasurata 312 mm lucios 0,50 mm (element 2m) [pret/buc impartit la 2 ml];ml;11,60;11,60;;;;01. REZIDENTIAL.pdf – lista pret furnizor Bilka, 2.27 EUR/ml x 5,1 lei/EUR (material, livrare fara montaj);2026-10-01;Furnizor Bilka (lista primita de BILZI STEEL PROFILE);1jrG0xyAdt4_P_-I5T13UmjATR1ywmt_N
invelitori;;Coama unghiulara desfasurata 312 mm mat 0,50 mm (element 2m) [pret/buc impartit la 2 ml];ml;12,09;12,09;;;;01. REZIDENTIAL.pdf – lista pret furnizor Bilka, 2.37 EUR/ml x 5,1 lei/EUR (material, livrare fara montaj);2026-10-01;Furnizor Bilka (lista primita de BILZI STEEL PROFILE);1jrG0xyAdt4_P_-I5T13UmjATR1ywmt_N
invelitori;;Coama unghiulara desfasurata 417 mm lucios 0,50 mm (element 2m) [pret/buc impartit la 2 ml];ml;15,48;15,48;;;;01. REZIDENTIAL.pdf – lista pret furnizor Bilka, 3.04 EUR/ml x 5,1 lei/EUR (material, livrare fara montaj);2026-10-01;Furnizor Bilka (lista primita de BILZI STEEL PROFILE);1jrG0xyAdt4_P_-I5T13UmjATR1ywmt_N
invelitori;;Coama unghiulara desfasurata 417 mm mat 0,50 mm (element 2m) [pret/buc impartit la 2 ml];ml;16,12;16,12;;;;01. REZIDENTIAL.pdf – lista pret furnizor Bilka, 3.16 EUR/ml x 5,1 lei/EUR (material, livrare fara montaj);2026-10-01;Furnizor Bilka (lista primita de BILZI STEEL PROFILE);1jrG0xyAdt4_P_-I5T13UmjATR1ywmt_N
invelitori;CE08A%;Coame pentru învelitori din tablă ondulată și profilată tip Lindab;ml;17,50;0,00;17,50;0,00;0,00;"Propunere_financiara_BILZI_SDF_Onesti.xlsx – F3 oferta proprie (lucrari acoperis hala, Romsilva DS Bacau); pret direct, adaos 25% separat";2026-10-01;Ofertant BILZI STEEL PROFILE SRL / Beneficiar RNP Romsilva DS Bacau;1pe4vyBBOUknM1CDZScHidnvsaDDsmVIx
invelitori;2700230;Coamă;ml;12,64;12,64;0,00;0,00;0,00;"Propunere_financiara_BILZI_SDF_Onesti.xlsx – F3 oferta proprie (lucrari acoperis hala, Romsilva DS Bacau); pret direct, adaos 25% separat";2026-10-01;Ofertant BILZI STEEL PROFILE SRL / Beneficiar RNP Romsilva DS Bacau;1pe4vyBBOUknM1CDZScHidnvsaDDsmVIx
invelitori;M12;Coamă mică mat 0,50 mm [resursa material, Listă furnizor 01. Rezidențial – coamă mică mat 0,50 (4,74 €/buc, 2 m)];ml;12,64;12,64;;;;"Propunere_financiara_BILZI_SDF_Onesti.xlsx – foaia Preturi (resurse; EUR furnizor convertit de autor la BNR+1% = 5,3313)";2026-10-01;BILZI STEEL PROFILE SRL;1pe4vyBBOUknM1CDZScHidnvsaDDsmVIx
invelitori;IC14XA;"Cot ua 2 cu racord olandez sau olandez negru diametrul de 3/8"" - 3/4""";buc;10,15;0,00;10,15;0,00;0,00;"9.2. OFERTA V1 REV CU VALORI PTDE.pdf – F3 cu valori (Spital paliatie, desfiintare C1-C3 si construire); pret direct fara CI/profit";2026-07-06;Proiectant S.C. Tanari Arhitect SRL / Beneficiar ACTIS (Asoc. Comunitara pt. Dezv. Intrepr. Sociale);1LARNS5Adn3FbJ7styKw3LZrEBoluKomc
invelitori;;Dolie desfasurata 312 mm lucios 0,50 mm (element 2m) [pret/buc impartit la 2 ml];ml;11,60;11,60;;;;01. REZIDENTIAL.pdf – lista pret furnizor Bilka, 2.27 EUR/ml x 5,1 lei/EUR (material, livrare fara montaj);2026-10-01;Furnizor Bilka (lista primita de BILZI STEEL PROFILE);1jrG0xyAdt4_P_-I5T13UmjATR1ywmt_N
invelitori;;Dolie desfasurata 312 mm mat 0,50 mm (element 2m) [pret/buc impartit la 2 ml];ml;12,09;12,09;;;;01. REZIDENTIAL.pdf – lista pret furnizor Bilka, 2.37 EUR/ml x 5,1 lei/EUR (material, livrare fara montaj);2026-10-01;Furnizor Bilka (lista primita de BILZI STEEL PROFILE);1jrG0xyAdt4_P_-I5T13UmjATR1ywmt_N
invelitori;;Dolie desfasurata 417 mm lucios 0,50 mm (element 2m) [pret/buc impartit la 2 ml];ml;15,48;15,48;;;;01. REZIDENTIAL.pdf – lista pret furnizor Bilka, 3.04 EUR/ml x 5,1 lei/EUR (material, livrare fara montaj);2026-10-01;Furnizor Bilka (lista primita de BILZI STEEL PROFILE);1jrG0xyAdt4_P_-I5T13UmjATR1ywmt_N
invelitori;;Dolie desfasurata 417 mm mat 0,50 mm (element 2m) [pret/buc impartit la 2 ml];ml;16,12;16,12;;;;01. REZIDENTIAL.pdf – lista pret furnizor Bilka, 3.16 EUR/ml x 5,1 lei/EUR (material, livrare fara montaj);2026-10-01;Furnizor Bilka (lista primita de BILZI STEEL PROFILE);1jrG0xyAdt4_P_-I5T13UmjATR1ywmt_N
invelitori;;Dolie desfasurata 625 mm lucios 0,50 mm (element 2m) [pret/buc impartit la 2 ml];ml;23,20;23,20;;;;01. REZIDENTIAL.pdf – lista pret furnizor Bilka, 4.55 EUR/ml x 5,1 lei/EUR (material, livrare fara montaj);2026-10-01;Furnizor Bilka (lista primita de BILZI STEEL PROFILE);1jrG0xyAdt4_P_-I5T13UmjATR1ywmt_N
invelitori;;Dolie desfasurata 625 mm mat 0,50 mm (element 2m) [pret/buc impartit la 2 ml];ml;24,15;24,15;;;;01. REZIDENTIAL.pdf – lista pret furnizor Bilka, 4.74 EUR/ml x 5,1 lei/EUR (material, livrare fara montaj);2026-10-01;Furnizor Bilka (lista primita de BILZI STEEL PROFILE);1jrG0xyAdt4_P_-I5T13UmjATR1ywmt_N
invelitori;ZCE000000004;Dolie din tabla titan zn 0.7 mm grosime;mp;478,04;250,00;228,04;0,00;0,00;"Deviz oferta.pdf – F3 oferta eDevize (restaurare biserica); pret direct, la care se adauga CAM 2,25% man., CI 10%, profit 5%";2025-06-17;Executant SC Aurora Inconstruct SRL / Beneficiar Biserica Sf. Imp. Constantin si Elena;1rue0Jaajr2kNvdWBeV5ZObPL36nPRRQk
invelitori;ZCE000000004;Dolie din tabla titan zn 0.7 mm grosime;mp;778,03;255,32;522,50;0,21;0,00;5-BISERICA GARLASI-BISERICA-CU VALORI.PDF – F3 Arhitectura (SofteH, listat 12.05.2023);2023-05-12;Beneficiar Parohia/Biserica Garlasi, Buzau (deviz proiectant);1SStdo4o2D6OmwG1EnsxdCLK3tnqJIy_y
invelitori;M08;Folie anticondens pentru învelitori din tablă [resursa material, Estimare preț de piață – de verificat];mp;3,50;3,50;;;;"Propunere_financiara_BILZI_SDF_Onesti.xlsx – foaia Preturi (resurse; EUR furnizor convertit de autor la BNR+1% = 5,3313)";2026-10-01;BILZI STEEL PROFILE SRL;1pe4vyBBOUknM1CDZScHidnvsaDDsmVIx
invelitori;2600485;Folie din PVC pentru învelitori din tablă;mp;3,50;3,50;0,00;0,00;0,00;"Propunere_financiara_BILZI_SDF_Onesti.xlsx – F3 oferta proprie (lucrari acoperis hala, Romsilva DS Bacau); pret direct, adaos 25% separat";2026-10-01;Ofertant BILZI STEEL PROFILE SRL / Beneficiar RNP Romsilva DS Bacau;1pe4vyBBOUknM1CDZScHidnvsaDDsmVIx
invelitori;RPCI41B+corectia01;Idem - invelitoare de tabla;mp;15,16;0,00;15,00;0,16;0,00;"Deviz oferta.pdf – F3 oferta eDevize (restaurare biserica); pret direct, la care se adauga CAM 2,25% man., CI 10%, profit 5%";2025-06-17;Executant SC Aurora Inconstruct SRL / Beneficiar Biserica Sf. Imp. Constantin si Elena;1rue0Jaajr2kNvdWBeV5ZObPL36nPRRQk
invelitori;;Inchidere coama mare BILKA - Grandemat;buc;87,21;87,21;;;;01. REZIDENTIAL.pdf – lista pret furnizor Bilka, 17.10 EUR/buc x 5,1 lei/EUR (material, livrare fara montaj);2026-10-01;Furnizor Bilka (lista primita de BILZI STEEL PROFILE);1jrG0xyAdt4_P_-I5T13UmjATR1ywmt_N
invelitori;;Inchidere coama mare BILKA - Lucios;buc;65,89;65,89;;;;01. REZIDENTIAL.pdf – lista pret furnizor Bilka, 12.92 EUR/buc x 5,1 lei/EUR (material, livrare fara montaj);2026-10-01;Furnizor Bilka (lista primita de BILZI STEEL PROFILE);1jrG0xyAdt4_P_-I5T13UmjATR1ywmt_N
invelitori;;Inchidere coama mare BILKA -Mat;buc;80,68;80,68;;;;01. REZIDENTIAL.pdf – lista pret furnizor Bilka, 15.82 EUR/buc x 5,1 lei/EUR (material, livrare fara montaj);2026-10-01;Furnizor Bilka (lista primita de BILZI STEEL PROFILE);1jrG0xyAdt4_P_-I5T13UmjATR1ywmt_N
invelitori;;Inchidere coama mica BILKA - Grandemat;buc;80,58;80,58;;;;01. REZIDENTIAL.pdf – lista pret furnizor Bilka, 15.80 EUR/buc x 5,1 lei/EUR (material, livrare fara montaj);2026-10-01;Furnizor Bilka (lista primita de BILZI STEEL PROFILE);1jrG0xyAdt4_P_-I5T13UmjATR1ywmt_N
invelitori;;Inchidere coama mica BILKA - Lucios;buc;60,23;60,23;;;;01. REZIDENTIAL.pdf – lista pret furnizor Bilka, 11.81 EUR/buc x 5,1 lei/EUR (material, livrare fara montaj);2026-10-01;Furnizor Bilka (lista primita de BILZI STEEL PROFILE);1jrG0xyAdt4_P_-I5T13UmjATR1ywmt_N
invelitori;;Inchidere coama mica BILKA - Mat;buc;74,10;74,10;;;;01. REZIDENTIAL.pdf – lista pret furnizor Bilka, 14.53 EUR/buc x 5,1 lei/EUR (material, livrare fara montaj);2026-10-01;Furnizor Bilka (lista primita de BILZI STEEL PROFILE);1jrG0xyAdt4_P_-I5T13UmjATR1ywmt_N
invelitori;ZCE000000003;Invelitoare din tabla plana arama;mp;478,04;250,00;228,04;0,00;0,00;"Deviz oferta.pdf – F3 oferta eDevize (restaurare biserica); pret direct, la care se adauga CAM 2,25% man., CI 10%, profit 5%";2025-06-17;Executant SC Aurora Inconstruct SRL / Beneficiar Biserica Sf. Imp. Constantin si Elena;1rue0Jaajr2kNvdWBeV5ZObPL36nPRRQk
invelitori;ZCE000000003;Invelitoare din tabla plana arama;mp;475,53;255,32;220,00;0,21;0,00;5-BISERICA GARLASI-BISERICA-CU VALORI.PDF – F3 Arhitectura (SofteH, listat 12.05.2023);2023-05-12;Beneficiar Parohia/Biserica Garlasi, Buzau (deviz proiectant);1SStdo4o2D6OmwG1EnsxdCLK3tnqJIy_y
invelitori;IZF14B1 [2];Izola?ie saltea elastomer autoadeziva cu grosimea de 19 mm ca?erata cu folie de aluminiu pentru izolarea pieselor de trecere prin invelitoare;mp;29,10;24,46;4,64;0,00;0,00;"9.2. OFERTA V1 REV CU VALORI PTDE.pdf – F3 cu valori (Spital paliatie, desfiintare C1-C3 si construire); pret direct fara CI/profit";2026-07-06;Proiectant S.C. Tanari Arhitect SRL / Beneficiar ACTIS (Asoc. Comunitara pt. Dezv. Intrepr. Sociale);1LARNS5Adn3FbJ7styKw3LZrEBoluKomc
invelitori;CE06XA;Luminatoare din placi ondulate din pas sau pvc,pe rebord sau in cimpul invelitorii;mp;76,68;51,33;24,65;0,70;0,00;"9.2. OFERTA V1 REV CU VALORI PTDE.pdf – F3 cu valori (Spital paliatie, desfiintare C1-C3 si construire); pret direct fara CI/profit";2026-07-06;Proiectant S.C. Tanari Arhitect SRL / Beneficiar ACTIS (Asoc. Comunitara pt. Dezv. Intrepr. Sociale);1LARNS5Adn3FbJ7styKw3LZrEBoluKomc
invelitori;;Opritor zapada desfasurata 208 mm lucios 0,50 mm (element 1.25m) [pret/buc impartit la 1.25 ml];ml;7,75;7,75;;;;01. REZIDENTIAL.pdf – lista pret furnizor Bilka, 1.52 EUR/ml x 5,1 lei/EUR (material, livrare fara montaj);2026-10-01;Furnizor Bilka (lista primita de BILZI STEEL PROFILE);1jrG0xyAdt4_P_-I5T13UmjATR1ywmt_N
invelitori;;Opritor zapada desfasurata 208 mm lucios 0,50 mm (element 2m) [pret/buc impartit la 2 ml];ml;7,73;7,73;;;;01. REZIDENTIAL.pdf – lista pret furnizor Bilka, 1.51 EUR/ml x 5,1 lei/EUR (material, livrare fara montaj);2026-10-01;Furnizor Bilka (lista primita de BILZI STEEL PROFILE);1jrG0xyAdt4_P_-I5T13UmjATR1ywmt_N
invelitori;;Opritor zapada desfasurata 208 mm mat 0,50 mm (element 1.25m) [pret/buc impartit la 1.25 ml];ml;8,04;8,04;;;;01. REZIDENTIAL.pdf – lista pret furnizor Bilka, 1.58 EUR/ml x 5,1 lei/EUR (material, livrare fara montaj);2026-10-01;Furnizor Bilka (lista primita de BILZI STEEL PROFILE);1jrG0xyAdt4_P_-I5T13UmjATR1ywmt_N
invelitori;;Opritor zapada desfasurata 208 mm mat 0,50 mm (element 2m) [pret/buc impartit la 2 ml];ml;8,06;8,06;;;;01. REZIDENTIAL.pdf – lista pret furnizor Bilka, 1.58 EUR/ml x 5,1 lei/EUR (material, livrare fara montaj);2026-10-01;Furnizor Bilka (lista primita de BILZI STEEL PROFILE);1jrG0xyAdt4_P_-I5T13UmjATR1ywmt_N
invelitori;7299996;Opritor zăpadă;ml;8,42;8,42;0,00;0,00;0,00;"Propunere_financiara_BILZI_SDF_Onesti.xlsx – F3 oferta proprie (lucrari acoperis hala, Romsilva DS Bacau); pret direct, adaos 25% separat";2026-10-01;Ofertant BILZI STEEL PROFILE SRL / Beneficiar RNP Romsilva DS Bacau;1pe4vyBBOUknM1CDZScHidnvsaDDsmVIx
invelitori;M11;Opritor zăpadă 208 mm, mat 0,50 mm [resursa material, Listă furnizor 01. Rezidențial – opritor zăpadă 208 mm/2 m mat 0,50 (3,16 €/buc)];ml;8,42;8,42;;;;"Propunere_financiara_BILZI_SDF_Onesti.xlsx – foaia Preturi (resurse; EUR furnizor convertit de autor la BNR+1% = 5,3313)";2026-10-01;BILZI STEEL PROFILE SRL;1pe4vyBBOUknM1CDZScHidnvsaDDsmVIx
invelitori;2700331;Profil etanșare coamă;ml;4,00;4,00;0,00;0,00;0,00;"Propunere_financiara_BILZI_SDF_Onesti.xlsx – F3 oferta proprie (lucrari acoperis hala, Romsilva DS Bacau); pret direct, adaos 25% separat";2026-10-01;Ofertant BILZI STEEL PROFILE SRL / Beneficiar RNP Romsilva DS Bacau;1pe4vyBBOUknM1CDZScHidnvsaDDsmVIx
invelitori;M14;Profil etanșare coamă [resursa material, Estimare preț de piață – de verificat];ml;4,00;4,00;;;;"Propunere_financiara_BILZI_SDF_Onesti.xlsx – foaia Preturi (resurse; EUR furnizor convertit de autor la BNR+1% = 5,3313)";2026-10-01;BILZI STEEL PROFILE SRL;1pe4vyBBOUknM1CDZScHidnvsaDDsmVIx
invelitori;4122258;Racord oland.et.pla.fil.int.ex u2 s482 DN 40 11/2 [resursa material];buc;23,37;23,37;;;;"9.2. OFERTA V1 REV CU VALORI PTDE.pdf – F3 cu valori (Spital paliatie, desfiintare C1-C3 si construire); pret direct fara CI/profit";2026-07-06;Proiectant S.C. Tanari Arhitect SRL / Beneficiar ACTIS (Asoc. Comunitara pt. Dezv. Intrepr. Sociale);1LARNS5Adn3FbJ7styKw3LZrEBoluKomc
invelitori;SD15XC;"Racord olandez sau cot cu racord olandez cu etans.plana avind diametrul de 1 1/4"" si 2""";buc;8,70;0,00;8,70;0,00;0,00;"9.2. OFERTA V1 REV CU VALORI PTDE.pdf – F3 cu valori (Spital paliatie, desfiintare C1-C3 si construire); pret direct fara CI/profit";2026-07-06;Proiectant S.C. Tanari Arhitect SRL / Beneficiar ACTIS (Asoc. Comunitara pt. Dezv. Intrepr. Sociale);1LARNS5Adn3FbJ7styKw3LZrEBoluKomc
invelitori;SD15XA;"Racord olandez sau cot cu racord olandez cu etans.plana avind diametrul de 3/8"" si 1/2""";buc;5,80;0,00;5,80;0,00;0,00;"9.2. OFERTA V1 REV CU VALORI PTDE.pdf – F3 cu valori (Spital paliatie, desfiintare C1-C3 si construire); pret direct fara CI/profit";2026-07-06;Proiectant S.C. Tanari Arhitect SRL / Beneficiar ACTIS (Asoc. Comunitara pt. Dezv. Intrepr. Sociale);1LARNS5Adn3FbJ7styKw3LZrEBoluKomc
invelitori;SD15XB;"Racord olandez sau cot cu racord olandez cu etans.plana avind diametrul nom.de 3/4"" si 1""";buc;7,25;0,00;7,25;0,00;0,00;"9.2. OFERTA V1 REV CU VALORI PTDE.pdf – F3 cu valori (Spital paliatie, desfiintare C1-C3 si construire); pret direct fara CI/profit";2026-07-06;Proiectant S.C. Tanari Arhitect SRL / Beneficiar ACTIS (Asoc. Comunitara pt. Dezv. Intrepr. Sociale);1LARNS5Adn3FbJ7styKw3LZrEBoluKomc
invelitori;IC53C1#;Racord olandez u2 negru cu diametrul de...1 1/4 inci;buc;8,41;1,16;7,25;0,00;0,00;"9.2. OFERTA V1 REV CU VALORI PTDE.pdf – F3 cu valori (Spital paliatie, desfiintare C1-C3 si construire); pret direct fara CI/profit";2026-07-06;Proiectant S.C. Tanari Arhitect SRL / Beneficiar ACTIS (Asoc. Comunitara pt. Dezv. Intrepr. Sociale);1LARNS5Adn3FbJ7styKw3LZrEBoluKomc
invelitori;;Semicoama Britanic desfasurata 417 mm lucios 0,50 mm (element 2m) [pret/buc impartit la 2 ml];ml;15,48;15,48;;;;01. REZIDENTIAL.pdf – lista pret furnizor Bilka, 3.04 EUR/ml x 5,1 lei/EUR (material, livrare fara montaj);2026-10-01;Furnizor Bilka (lista primita de BILZI STEEL PROFILE);1jrG0xyAdt4_P_-I5T13UmjATR1ywmt_N
invelitori;;Semicoama Britanic desfasurata 417 mm mat 0,50 mm (element 2m) [pret/buc impartit la 2 ml];ml;16,12;16,12;;;;01. REZIDENTIAL.pdf – lista pret furnizor Bilka, 3.16 EUR/ml x 5,1 lei/EUR (material, livrare fara montaj);2026-10-01;Furnizor Bilka (lista primita de BILZI STEEL PROFILE);1jrG0xyAdt4_P_-I5T13UmjATR1ywmt_N
invelitori;;Semicoama desfasurata 312 mm lucios 0,50 mm (element 2m) [pret/buc impartit la 2 ml];ml;11,60;11,60;;;;01. REZIDENTIAL.pdf – lista pret furnizor Bilka, 2.27 EUR/ml x 5,1 lei/EUR (material, livrare fara montaj);2026-10-01;Furnizor Bilka (lista primita de BILZI STEEL PROFILE);1jrG0xyAdt4_P_-I5T13UmjATR1ywmt_N
invelitori;;Semicoama desfasurata 312 mm mat 0,50 mm (element 2m) [pret/buc impartit la 2 ml];ml;12,09;12,09;;;;01. REZIDENTIAL.pdf – lista pret furnizor Bilka, 2.37 EUR/ml x 5,1 lei/EUR (material, livrare fara montaj);2026-10-01;Furnizor Bilka (lista primita de BILZI STEEL PROFILE);1jrG0xyAdt4_P_-I5T13UmjATR1ywmt_N
invelitori;;Set cos fum (4 piese) 0,50 mm;set;92,87;92,87;;;;01. REZIDENTIAL.pdf – lista pret furnizor Bilka, 18.21 EUR/set x 5,1 lei/EUR (material, livrare fara montaj);2026-10-01;Furnizor Bilka (lista primita de BILZI STEEL PROFILE);1jrG0xyAdt4_P_-I5T13UmjATR1ywmt_N
invelitori;;Set cos fum (4 piese) 0,50 mm;set;96,64;96,64;;;;01. REZIDENTIAL.pdf – lista pret furnizor Bilka, 18.95 EUR/set x 5,1 lei/EUR (material, livrare fara montaj);2026-10-01;Furnizor Bilka (lista primita de BILZI STEEL PROFILE);1jrG0xyAdt4_P_-I5T13UmjATR1ywmt_N
invelitori;;Tabla plana 1,25x2,00 m Grande Mat 0,50 mm;mp;42,23;42,23;;;;01. REZIDENTIAL.pdf – lista pret furnizor Bilka, 8.28 EUR/mp x 5,1 lei/EUR (material, livrare fara montaj);2026-10-01;Furnizor Bilka (lista primita de BILZI STEEL PROFILE);1jrG0xyAdt4_P_-I5T13UmjATR1ywmt_N
invelitori;;Tabla plana 1,25x2,00 m lucios 0,40 mm;mp;24,73;24,73;;;;01. REZIDENTIAL.pdf – lista pret furnizor Bilka, 4.85 EUR/mp x 5,1 lei/EUR (material, livrare fara montaj);2026-10-01;Furnizor Bilka (lista primita de BILZI STEEL PROFILE);1jrG0xyAdt4_P_-I5T13UmjATR1ywmt_N
invelitori;;Tabla plana 1,25x2,00 m lucios 0,45 mm;mp;28,87;28,87;;;;01. REZIDENTIAL.pdf – lista pret furnizor Bilka, 5.66 EUR/mp x 5,1 lei/EUR (material, livrare fara montaj);2026-10-01;Furnizor Bilka (lista primita de BILZI STEEL PROFILE);1jrG0xyAdt4_P_-I5T13UmjATR1ywmt_N
invelitori;;Tabla plana 1,25x2,00 m lucios 0,50 mm;mp;30,96;30,96;;;;01. REZIDENTIAL.pdf – lista pret furnizor Bilka, 6.07 EUR/mp x 5,1 lei/EUR (material, livrare fara montaj);2026-10-01;Furnizor Bilka (lista primita de BILZI STEEL PROFILE);1jrG0xyAdt4_P_-I5T13UmjATR1ywmt_N
invelitori;;Tabla plana 1,25x2,00 m lucios 0,60 mm;mp;35,09;35,09;;;;01. REZIDENTIAL.pdf – lista pret furnizor Bilka, 6.88 EUR/mp x 5,1 lei/EUR (material, livrare fara montaj);2026-10-01;Furnizor Bilka (lista primita de BILZI STEEL PROFILE);1jrG0xyAdt4_P_-I5T13UmjATR1ywmt_N
invelitori;;Tabla plana 1,25x2,00 m mat 0,40 mm;mp;27,03;27,03;;;;01. REZIDENTIAL.pdf – lista pret furnizor Bilka, 5.30 EUR/mp x 5,1 lei/EUR (material, livrare fara montaj);2026-10-01;Furnizor Bilka (lista primita de BILZI STEEL PROFILE);1jrG0xyAdt4_P_-I5T13UmjATR1ywmt_N
invelitori;;Tabla plana 1,25x2,00 m mat 0,50 mm;mp;32,23;32,23;;;;01. REZIDENTIAL.pdf – lista pret furnizor Bilka, 6.32 EUR/mp x 5,1 lei/EUR (material, livrare fara montaj);2026-10-01;Furnizor Bilka (lista primita de BILZI STEEL PROFILE);1jrG0xyAdt4_P_-I5T13UmjATR1ywmt_N
invelitori;;Tabla plana 1,25x2,00 m mat 0,60 mm;mp;36,52;36,52;;;;01. REZIDENTIAL.pdf – lista pret furnizor Bilka, 7.16 EUR/mp x 5,1 lei/EUR (material, livrare fara montaj);2026-10-01;Furnizor Bilka (lista primita de BILZI STEEL PROFILE);1jrG0xyAdt4_P_-I5T13UmjATR1ywmt_N
invelitori;;Tabla plana 1,25x2,00 m ral 8003 0,45 mm;mp;41,72;41,72;;;;01. REZIDENTIAL.pdf – lista pret furnizor Bilka, 8.18 EUR/mp x 5,1 lei/EUR (material, livrare fara montaj);2026-10-01;Furnizor Bilka (lista primita de BILZI STEEL PROFILE);1jrG0xyAdt4_P_-I5T13UmjATR1ywmt_N
invelitori;;Tabla plana 1,25x2,00 m wood 0,50 mm;mp;42,23;42,23;;;;01. REZIDENTIAL.pdf – lista pret furnizor Bilka, 8.28 EUR/mp x 5,1 lei/EUR (material, livrare fara montaj);2026-10-01;Furnizor Bilka (lista primita de BILZI STEEL PROFILE);1jrG0xyAdt4_P_-I5T13UmjATR1ywmt_N
invelitori;7299992;Tablă plană;buc;84,23;84,23;0,00;0,00;0,00;"Propunere_financiara_BILZI_SDF_Onesti.xlsx – F3 oferta proprie (lucrari acoperis hala, Romsilva DS Bacau); pret direct, adaos 25% separat";2026-10-01;Ofertant BILZI STEEL PROFILE SRL / Beneficiar RNP Romsilva DS Bacau;1pe4vyBBOUknM1CDZScHidnvsaDDsmVIx
invelitori;M10;Tablă plană mat 0,50 mm, 1,25 x 2,00 m (2,5 mp) [resursa material, Listă furnizor 01. Rezidențial – tablă plană mat 0,50 mm (6,32 €/mp)];buc;84,23;84,23;;;;"Propunere_financiara_BILZI_SDF_Onesti.xlsx – foaia Preturi (resurse; EUR furnizor convertit de autor la BNR+1% = 5,3313)";2026-10-01;BILZI STEEL PROFILE SRL;1pe4vyBBOUknM1CDZScHidnvsaDDsmVIx
invelitori;7300000;Tablă tip țiglă;mp;33,69;33,69;0,00;0,00;0,00;"Propunere_financiara_BILZI_SDF_Onesti.xlsx – F3 oferta proprie (lucrari acoperis hala, Romsilva DS Bacau); pret direct, adaos 25% separat";2026-10-01;Ofertant BILZI STEEL PROFILE SRL / Beneficiar RNP Romsilva DS Bacau;1pe4vyBBOUknM1CDZScHidnvsaDDsmVIx
invelitori;M07;Tablă tip țiglă CLASIC mat 0,50 mm, RAL 8017 [resursa material, Listă furnizor 01. Rezidențial – CLASIC mat 0,50 mm];mp;33,69;33,69;;;;"Propunere_financiara_BILZI_SDF_Onesti.xlsx – foaia Preturi (resurse; EUR furnizor convertit de autor la BNR+1% = 5,3313)";2026-10-01;BILZI STEEL PROFILE SRL;1pe4vyBBOUknM1CDZScHidnvsaDDsmVIx
invelitori;;Tigla metalica ADRIATIC lucios 0,45 mm;mp;28,87;28,87;;;;01. REZIDENTIAL.pdf – lista pret furnizor Bilka, 5.66 EUR/mp x 5,1 lei/EUR (material, livrare fara montaj);2026-10-01;Furnizor Bilka (lista primita de BILZI STEEL PROFILE);1jrG0xyAdt4_P_-I5T13UmjATR1ywmt_N
invelitori;;Tigla metalica ADRIATIC lucios 0,50 mm;mp;30,96;30,96;;;;01. REZIDENTIAL.pdf – lista pret furnizor Bilka, 6.07 EUR/mp x 5,1 lei/EUR (material, livrare fara montaj);2026-10-01;Furnizor Bilka (lista primita de BILZI STEEL PROFILE);1jrG0xyAdt4_P_-I5T13UmjATR1ywmt_N
invelitori;;Tigla metalica ADRIATIC mat 0,45 mm;mp;30,85;30,85;;;;01. REZIDENTIAL.pdf – lista pret furnizor Bilka, 6.05 EUR/mp x 5,1 lei/EUR (material, livrare fara montaj);2026-10-01;Furnizor Bilka (lista primita de BILZI STEEL PROFILE);1jrG0xyAdt4_P_-I5T13UmjATR1ywmt_N
invelitori;;Tigla metalica ADRIATIC mat 0,50 mm;mp;32,23;32,23;;;;01. REZIDENTIAL.pdf – lista pret furnizor Bilka, 6.32 EUR/mp x 5,1 lei/EUR (material, livrare fara montaj);2026-10-01;Furnizor Bilka (lista primita de BILZI STEEL PROFILE);1jrG0xyAdt4_P_-I5T13UmjATR1ywmt_N
invelitori;;Tigla metalica BALCANIC lucios 0,45 mm cu dripstop;mp;37,03;37,03;;;;01. REZIDENTIAL.pdf – lista pret furnizor Bilka, 7.26 EUR/mp x 5,1 lei/EUR (material, livrare fara montaj);2026-10-01;Furnizor Bilka (lista primita de BILZI STEEL PROFILE);1jrG0xyAdt4_P_-I5T13UmjATR1ywmt_N
invelitori;;Tigla metalica BALCANIC lucios 0,50 mm;mp;31,47;31,47;;;;01. REZIDENTIAL.pdf – lista pret furnizor Bilka, 6.17 EUR/mp x 5,1 lei/EUR (material, livrare fara montaj);2026-10-01;Furnizor Bilka (lista primita de BILZI STEEL PROFILE);1jrG0xyAdt4_P_-I5T13UmjATR1ywmt_N
invelitori;;Tigla metalica BALCANIC lucios 0,50 mm cu dripstop;mp;39,12;39,12;;;;01. REZIDENTIAL.pdf – lista pret furnizor Bilka, 7.67 EUR/mp x 5,1 lei/EUR (material, livrare fara montaj);2026-10-01;Furnizor Bilka (lista primita de BILZI STEEL PROFILE);1jrG0xyAdt4_P_-I5T13UmjATR1ywmt_N
invelitori;;Tigla metalica BALCANIC mat 0,45 mm;mp;31,36;31,36;;;;01. REZIDENTIAL.pdf – lista pret furnizor Bilka, 6.15 EUR/mp x 5,1 lei/EUR (material, livrare fara montaj);2026-10-01;Furnizor Bilka (lista primita de BILZI STEEL PROFILE);1jrG0xyAdt4_P_-I5T13UmjATR1ywmt_N
invelitori;;Tigla metalica BALCANIC mat 0,45 mm cu dripstop;mp;39,02;39,02;;;;01. REZIDENTIAL.pdf – lista pret furnizor Bilka, 7.65 EUR/mp x 5,1 lei/EUR (material, livrare fara montaj);2026-10-01;Furnizor Bilka (lista primita de BILZI STEEL PROFILE);1jrG0xyAdt4_P_-I5T13UmjATR1ywmt_N
invelitori;;Tigla metalica BALCANIC mat 0,50 mm;mp;32,74;32,74;;;;01. REZIDENTIAL.pdf – lista pret furnizor Bilka, 6.42 EUR/mp x 5,1 lei/EUR (material, livrare fara montaj);2026-10-01;Furnizor Bilka (lista primita de BILZI STEEL PROFILE);1jrG0xyAdt4_P_-I5T13UmjATR1ywmt_N
invelitori;;Tigla metalica BALCANIC mat 0,50 mm cu dripstop;mp;40,39;40,39;;;;01. REZIDENTIAL.pdf – lista pret furnizor Bilka, 7.92 EUR/mp x 5,1 lei/EUR (material, livrare fara montaj);2026-10-01;Furnizor Bilka (lista primita de BILZI STEEL PROFILE);1jrG0xyAdt4_P_-I5T13UmjATR1ywmt_N
invelitori;;Tigla metalica BRITANIC / BRITANIC RETRO lucios 0,45 mm;mp;28,87;28,87;;;;01. REZIDENTIAL.pdf – lista pret furnizor Bilka, 5.66 EUR/mp x 5,1 lei/EUR (material, livrare fara montaj);2026-10-01;Furnizor Bilka (lista primita de BILZI STEEL PROFILE);1jrG0xyAdt4_P_-I5T13UmjATR1ywmt_N
invelitori;;Tigla metalica BRITANIC / BRITANIC RETRO lucios 0,50 mm;mp;30,96;30,96;;;;01. REZIDENTIAL.pdf – lista pret furnizor Bilka, 6.07 EUR/mp x 5,1 lei/EUR (material, livrare fara montaj);2026-10-01;Furnizor Bilka (lista primita de BILZI STEEL PROFILE);1jrG0xyAdt4_P_-I5T13UmjATR1ywmt_N
invelitori;;Tigla metalica BRITANIC / BRITANIC RETRO mat 0,45 mm;mp;30,85;30,85;;;;01. REZIDENTIAL.pdf – lista pret furnizor Bilka, 6.05 EUR/mp x 5,1 lei/EUR (material, livrare fara montaj);2026-10-01;Furnizor Bilka (lista primita de BILZI STEEL PROFILE);1jrG0xyAdt4_P_-I5T13UmjATR1ywmt_N
invelitori;;Tigla metalica BRITANIC / BRITANIC RETRO mat 0,50 mm;mp;32,23;32,23;;;;01. REZIDENTIAL.pdf – lista pret furnizor Bilka, 6.32 EUR/mp x 5,1 lei/EUR (material, livrare fara montaj);2026-10-01;Furnizor Bilka (lista primita de BILZI STEEL PROFILE);1jrG0xyAdt4_P_-I5T13UmjATR1ywmt_N
invelitori;;Tigla metalica CLASIC lucios 0,45 mm;mp;28,87;28,87;;;;01. REZIDENTIAL.pdf – lista pret furnizor Bilka, 5.66 EUR/mp x 5,1 lei/EUR (material, livrare fara montaj);2026-10-01;Furnizor Bilka (lista primita de BILZI STEEL PROFILE);1jrG0xyAdt4_P_-I5T13UmjATR1ywmt_N
invelitori;;Tigla metalica CLASIC lucios 0,45 mm cu dripstop;mp;36,52;36,52;;;;01. REZIDENTIAL.pdf – lista pret furnizor Bilka, 7.16 EUR/mp x 5,1 lei/EUR (material, livrare fara montaj);2026-10-01;Furnizor Bilka (lista primita de BILZI STEEL PROFILE);1jrG0xyAdt4_P_-I5T13UmjATR1ywmt_N
invelitori;;Tigla metalica CLASIC lucios 0,50 mm;mp;30,96;30,96;;;;01. REZIDENTIAL.pdf – lista pret furnizor Bilka, 6.07 EUR/mp x 5,1 lei/EUR (material, livrare fara montaj);2026-10-01;Furnizor Bilka (lista primita de BILZI STEEL PROFILE);1jrG0xyAdt4_P_-I5T13UmjATR1ywmt_N
invelitori;;Tigla metalica CLASIC lucios 0,50 mm cu dripstop;mp;38,61;38,61;;;;01. REZIDENTIAL.pdf – lista pret furnizor Bilka, 7.57 EUR/mp x 5,1 lei/EUR (material, livrare fara montaj);2026-10-01;Furnizor Bilka (lista primita de BILZI STEEL PROFILE);1jrG0xyAdt4_P_-I5T13UmjATR1ywmt_N
invelitori;;Tigla metalica CLASIC mat 0,45 mm;mp;30,85;30,85;;;;01. REZIDENTIAL.pdf – lista pret furnizor Bilka, 6.05 EUR/mp x 5,1 lei/EUR (material, livrare fara montaj);2026-10-01;Furnizor Bilka (lista primita de BILZI STEEL PROFILE);1jrG0xyAdt4_P_-I5T13UmjATR1ywmt_N
invelitori;;Tigla metalica CLASIC mat 0,50 mm;mp;32,23;32,23;;;;01. REZIDENTIAL.pdf – lista pret furnizor Bilka, 6.32 EUR/mp x 5,1 lei/EUR (material, livrare fara montaj);2026-10-01;Furnizor Bilka (lista primita de BILZI STEEL PROFILE);1jrG0xyAdt4_P_-I5T13UmjATR1ywmt_N
invelitori;;Tigla metalica CLASIC mat 0,50 mm cu dripstop;mp;39,88;39,88;;;;01. REZIDENTIAL.pdf – lista pret furnizor Bilka, 7.82 EUR/mp x 5,1 lei/EUR (material, livrare fara montaj);2026-10-01;Furnizor Bilka (lista primita de BILZI STEEL PROFILE);1jrG0xyAdt4_P_-I5T13UmjATR1ywmt_N
invelitori;;Tigla metalica Coama mare lucios 0,50 mm;mp;28,30;28,30;;;;01. REZIDENTIAL.pdf – lista pret furnizor Bilka, 5.55 EUR/mp x 5,1 lei/EUR (material, livrare fara montaj);2026-10-01;Furnizor Bilka (lista primita de BILZI STEEL PROFILE);1jrG0xyAdt4_P_-I5T13UmjATR1ywmt_N
invelitori;;Tigla metalica Coama mare mat 0,45 mm;mp;28,25;28,25;;;;01. REZIDENTIAL.pdf – lista pret furnizor Bilka, 5.54 EUR/mp x 5,1 lei/EUR (material, livrare fara montaj);2026-10-01;Furnizor Bilka (lista primita de BILZI STEEL PROFILE);1jrG0xyAdt4_P_-I5T13UmjATR1ywmt_N
invelitori;;Tigla metalica Coama mare mat 0,50 mm;mp;29,27;29,27;;;;01. REZIDENTIAL.pdf – lista pret furnizor Bilka, 5.74 EUR/mp x 5,1 lei/EUR (material, livrare fara montaj);2026-10-01;Furnizor Bilka (lista primita de BILZI STEEL PROFILE);1jrG0xyAdt4_P_-I5T13UmjATR1ywmt_N
invelitori;;Tigla metalica Coama mica lucios 0,45 mm;mp;21,67;21,67;;;;01. REZIDENTIAL.pdf – lista pret furnizor Bilka, 4.25 EUR/mp x 5,1 lei/EUR (material, livrare fara montaj);2026-10-01;Furnizor Bilka (lista primita de BILZI STEEL PROFILE);1jrG0xyAdt4_P_-I5T13UmjATR1ywmt_N
invelitori;;Tigla metalica Coama mica lucios 0,50 mm;mp;23,20;23,20;;;;01. REZIDENTIAL.pdf – lista pret furnizor Bilka, 4.55 EUR/mp x 5,1 lei/EUR (material, livrare fara montaj);2026-10-01;Furnizor Bilka (lista primita de BILZI STEEL PROFILE);1jrG0xyAdt4_P_-I5T13UmjATR1ywmt_N
invelitori;;Tigla metalica Coama mica mat 0,50 mm;mp;24,17;24,17;;;;01. REZIDENTIAL.pdf – lista pret furnizor Bilka, 4.74 EUR/mp x 5,1 lei/EUR (material, livrare fara montaj);2026-10-01;Furnizor Bilka (lista primita de BILZI STEEL PROFILE);1jrG0xyAdt4_P_-I5T13UmjATR1ywmt_N
invelitori;;Tigla metalica DACIC lucios 0,45 mm;mp;30,14;30,14;;;;01. REZIDENTIAL.pdf – lista pret furnizor Bilka, 5.91 EUR/mp x 5,1 lei/EUR (material, livrare fara montaj);2026-10-01;Furnizor Bilka (lista primita de BILZI STEEL PROFILE);1jrG0xyAdt4_P_-I5T13UmjATR1ywmt_N
invelitori;;Tigla metalica DACIC lucios 0,50 mm;mp;32,23;32,23;;;;01. REZIDENTIAL.pdf – lista pret furnizor Bilka, 6.32 EUR/mp x 5,1 lei/EUR (material, livrare fara montaj);2026-10-01;Furnizor Bilka (lista primita de BILZI STEEL PROFILE);1jrG0xyAdt4_P_-I5T13UmjATR1ywmt_N
invelitori;;Tigla metalica DACIC mat 0,45 mm;mp;32,13;32,13;;;;01. REZIDENTIAL.pdf – lista pret furnizor Bilka, 6.30 EUR/mp x 5,1 lei/EUR (material, livrare fara montaj);2026-10-01;Furnizor Bilka (lista primita de BILZI STEEL PROFILE);1jrG0xyAdt4_P_-I5T13UmjATR1ywmt_N
invelitori;;Tigla metalica DACIC mat 0,50 mm;mp;33,51;33,51;;;;01. REZIDENTIAL.pdf – lista pret furnizor Bilka, 6.57 EUR/mp x 5,1 lei/EUR (material, livrare fara montaj);2026-10-01;Furnizor Bilka (lista primita de BILZI STEEL PROFILE);1jrG0xyAdt4_P_-I5T13UmjATR1ywmt_N
invelitori;;Tigla metalica GOTIC lucios 0,50 mm;mp;32,23;32,23;;;;01. REZIDENTIAL.pdf – lista pret furnizor Bilka, 6.32 EUR/mp x 5,1 lei/EUR (material, livrare fara montaj);2026-10-01;Furnizor Bilka (lista primita de BILZI STEEL PROFILE);1jrG0xyAdt4_P_-I5T13UmjATR1ywmt_N
invelitori;;Tigla metalica GOTIC lucios 0,50 mm cu dripstop;mp;39,88;39,88;;;;01. REZIDENTIAL.pdf – lista pret furnizor Bilka, 7.82 EUR/mp x 5,1 lei/EUR (material, livrare fara montaj);2026-10-01;Furnizor Bilka (lista primita de BILZI STEEL PROFILE);1jrG0xyAdt4_P_-I5T13UmjATR1ywmt_N
invelitori;;Tigla metalica GOTIC mat 0,45 mm;mp;32,13;32,13;;;;01. REZIDENTIAL.pdf – lista pret furnizor Bilka, 6.30 EUR/mp x 5,1 lei/EUR (material, livrare fara montaj);2026-10-01;Furnizor Bilka (lista primita de BILZI STEEL PROFILE);1jrG0xyAdt4_P_-I5T13UmjATR1ywmt_N
invelitori;;Tigla metalica GOTIC mat 0,45 mm cu dripstop;mp;39,78;39,78;;;;01. REZIDENTIAL.pdf – lista pret furnizor Bilka, 7.80 EUR/mp x 5,1 lei/EUR (material, livrare fara montaj);2026-10-01;Furnizor Bilka (lista primita de BILZI STEEL PROFILE);1jrG0xyAdt4_P_-I5T13UmjATR1ywmt_N
invelitori;;Tigla metalica GOTIC mat 0,50 mm;mp;33,51;33,51;;;;01. REZIDENTIAL.pdf – lista pret furnizor Bilka, 6.57 EUR/mp x 5,1 lei/EUR (material, livrare fara montaj);2026-10-01;Furnizor Bilka (lista primita de BILZI STEEL PROFILE);1jrG0xyAdt4_P_-I5T13UmjATR1ywmt_N
invelitori;;Tigla metalica GOTIC mat 0,50 mm cu dripstop;mp;41,16;41,16;;;;01. REZIDENTIAL.pdf – lista pret furnizor Bilka, 8.07 EUR/mp x 5,1 lei/EUR (material, livrare fara montaj);2026-10-01;Furnizor Bilka (lista primita de BILZI STEEL PROFILE);1jrG0xyAdt4_P_-I5T13UmjATR1ywmt_N
invelitori;;Tigla metalica HELLENIC lucios 0,50 mm;mp;30,96;30,96;;;;01. REZIDENTIAL.pdf – lista pret furnizor Bilka, 6.07 EUR/mp x 5,1 lei/EUR (material, livrare fara montaj);2026-10-01;Furnizor Bilka (lista primita de BILZI STEEL PROFILE);1jrG0xyAdt4_P_-I5T13UmjATR1ywmt_N
invelitori;;Tigla metalica HELLENIC mat 0,45 mm;mp;30,85;30,85;;;;01. REZIDENTIAL.pdf – lista pret furnizor Bilka, 6.05 EUR/mp x 5,1 lei/EUR (material, livrare fara montaj);2026-10-01;Furnizor Bilka (lista primita de BILZI STEEL PROFILE);1jrG0xyAdt4_P_-I5T13UmjATR1ywmt_N
invelitori;;Tigla metalica HELLENIC mat 0,50 mm;mp;32,23;32,23;;;;01. REZIDENTIAL.pdf – lista pret furnizor Bilka, 6.32 EUR/mp x 5,1 lei/EUR (material, livrare fara montaj);2026-10-01;Furnizor Bilka (lista primita de BILZI STEEL PROFILE);1jrG0xyAdt4_P_-I5T13UmjATR1ywmt_N
invelitori;;Tigla metalica IBERIC lucios 0,45 mm cu dripstop;mp;37,79;37,79;;;;01. REZIDENTIAL.pdf – lista pret furnizor Bilka, 7.41 EUR/mp x 5,1 lei/EUR (material, livrare fara montaj);2026-10-01;Furnizor Bilka (lista primita de BILZI STEEL PROFILE);1jrG0xyAdt4_P_-I5T13UmjATR1ywmt_N
invelitori;;Tigla metalica IBERIC lucios 0,50 mm;mp;32,23;32,23;;;;01. REZIDENTIAL.pdf – lista pret furnizor Bilka, 6.32 EUR/mp x 5,1 lei/EUR (material, livrare fara montaj);2026-10-01;Furnizor Bilka (lista primita de BILZI STEEL PROFILE);1jrG0xyAdt4_P_-I5T13UmjATR1ywmt_N
invelitori;;Tigla metalica IBERIC lucios 0,50 mm cu dripstop;mp;39,88;39,88;;;;01. REZIDENTIAL.pdf – lista pret furnizor Bilka, 7.82 EUR/mp x 5,1 lei/EUR (material, livrare fara montaj);2026-10-01;Furnizor Bilka (lista primita de BILZI STEEL PROFILE);1jrG0xyAdt4_P_-I5T13UmjATR1ywmt_N
invelitori;;Tigla metalica IBERIC mat 0,45 mm;mp;32,13;32,13;;;;01. REZIDENTIAL.pdf – lista pret furnizor Bilka, 6.30 EUR/mp x 5,1 lei/EUR (material, livrare fara montaj);2026-10-01;Furnizor Bilka (lista primita de BILZI STEEL PROFILE);1jrG0xyAdt4_P_-I5T13UmjATR1ywmt_N
invelitori;;Tigla metalica IBERIC mat 0,45 mm cu dripstop;mp;39,78;39,78;;;;01. REZIDENTIAL.pdf – lista pret furnizor Bilka, 7.80 EUR/mp x 5,1 lei/EUR (material, livrare fara montaj);2026-10-01;Furnizor Bilka (lista primita de BILZI STEEL PROFILE);1jrG0xyAdt4_P_-I5T13UmjATR1ywmt_N
invelitori;;Tigla metalica IBERIC mat 0,50 mm;mp;33,51;33,51;;;;01. REZIDENTIAL.pdf – lista pret furnizor Bilka, 6.57 EUR/mp x 5,1 lei/EUR (material, livrare fara montaj);2026-10-01;Furnizor Bilka (lista primita de BILZI STEEL PROFILE);1jrG0xyAdt4_P_-I5T13UmjATR1ywmt_N
invelitori;;Tigla metalica IBERIC mat 0,50 mm cu dripstop;mp;41,16;41,16;;;;01. REZIDENTIAL.pdf – lista pret furnizor Bilka, 8.07 EUR/mp x 5,1 lei/EUR (material, livrare fara montaj);2026-10-01;Furnizor Bilka (lista primita de BILZI STEEL PROFILE);1jrG0xyAdt4_P_-I5T13UmjATR1ywmt_N
invelitori;;Tigla metalica ROMANIC lucios 0,50 mm;mp;35,55;35,55;;;;01. REZIDENTIAL.pdf – lista pret furnizor Bilka, 6.97 EUR/mp x 5,1 lei/EUR (material, livrare fara montaj);2026-10-01;Furnizor Bilka (lista primita de BILZI STEEL PROFILE);1jrG0xyAdt4_P_-I5T13UmjATR1ywmt_N
invelitori;;Tigla metalica ROMANIC mat 0,50 mm;mp;36,82;36,82;;;;01. REZIDENTIAL.pdf – lista pret furnizor Bilka, 7.22 EUR/mp x 5,1 lei/EUR (material, livrare fara montaj);2026-10-01;Furnizor Bilka (lista primita de BILZI STEEL PROFILE);1jrG0xyAdt4_P_-I5T13UmjATR1ywmt_N
invelitori;CE05A1;Învelitori din tablă zincată profilată ondulată sau cutată fixate cu șuruburi autofiletante;mp;18,65;0,00;18,25;0,40;0,00;"Propunere_financiara_BILZI_SDF_Onesti.xlsx – F3 oferta proprie (lucrari acoperis hala, Romsilva DS Bacau); pret direct, adaos 25% separat";2026-10-01;Ofertant BILZI STEEL PROFILE SRL / Beneficiar RNP Romsilva DS Bacau;1pe4vyBBOUknM1CDZScHidnvsaDDsmVIx
manopera / tarife orare;10130;Asfaltator 3 [resursa manopera];ora;29,00;;29,00;;;"9.2. OFERTA V1 REV CU VALORI PTDE.pdf – F3 cu valori (Spital paliatie, desfiintare C1-C3 si construire); pret direct fara CI/profit";2026-07-06;Proiectant S.C. Tanari Arhitect SRL / Beneficiar ACTIS (Asoc. Comunitara pt. Dezv. Intrepr. Sociale);1LARNS5Adn3FbJ7styKw3LZrEBoluKomc
manopera / tarife orare;10121;Asfaltator [resursa manopera];ora;29,00;;29,00;;;"9.2. OFERTA V1 REV CU VALORI PTDE.pdf – F3 cu valori (Spital paliatie, desfiintare C1-C3 si construire); pret direct fara CI/profit";2026-07-06;Proiectant S.C. Tanari Arhitect SRL / Beneficiar ACTIS (Asoc. Comunitara pt. Dezv. Intrepr. Sociale);1LARNS5Adn3FbJ7styKw3LZrEBoluKomc
manopera / tarife orare;10641;Drenor canalist [resursa manopera];ora;29,00;;29,00;;;"9.2. OFERTA V1 REV CU VALORI PTDE.pdf – F3 cu valori (Spital paliatie, desfiintare C1-C3 si construire); pret direct fara CI/profit";2026-07-06;Proiectant S.C. Tanari Arhitect SRL / Beneficiar ACTIS (Asoc. Comunitara pt. Dezv. Intrepr. Sociale);1LARNS5Adn3FbJ7styKw3LZrEBoluKomc
manopera / tarife orare;O01;Dulgher [resursa manopera, Estimare preț de piață – de verificat];ore;35,00;;35,00;;;"Propunere_financiara_BILZI_SDF_Onesti.xlsx – foaia Preturi (resurse; EUR furnizor convertit de autor la BNR+1% = 5,3313)";2026-10-01;BILZI STEEL PROFILE SRL;1pe4vyBBOUknM1CDZScHidnvsaDDsmVIx
manopera / tarife orare;10742;Dulgher constructii 42 [resursa manopera];ora;29,00;;29,00;;;"9.2. OFERTA V1 REV CU VALORI PTDE.pdf – F3 cu valori (Spital paliatie, desfiintare C1-C3 si construire); pret direct fara CI/profit";2026-07-06;Proiectant S.C. Tanari Arhitect SRL / Beneficiar ACTIS (Asoc. Comunitara pt. Dezv. Intrepr. Sociale);1LARNS5Adn3FbJ7styKw3LZrEBoluKomc
manopera / tarife orare;O01;Dulgher constructii [resursa manopera, estimare autor];ora;35,00;;35,00;;;Oferta_financiara_BILZI_Romgaz_Stejari.xlsx – foaia Preturi (resurse);2026-10-01;BILZI STEEL PROFILE SRL;1vUAaUr8ZpPF-rApifT3WOnjFNW2sKdj-
manopera / tarife orare;13410;Dulgher constructii [resursa manopera];ora;29,00;;29,00;;;"9.2. OFERTA V1 REV CU VALORI PTDE.pdf – F3 cu valori (Spital paliatie, desfiintare C1-C3 si construire); pret direct fara CI/profit";2026-07-06;Proiectant S.C. Tanari Arhitect SRL / Beneficiar ACTIS (Asoc. Comunitara pt. Dezv. Intrepr. Sociale);1LARNS5Adn3FbJ7styKw3LZrEBoluKomc
manopera / tarife orare;320715;Electrician [resursa manopera];ora;29,00;;29,00;;;"9.2. OFERTA V1 REV CU VALORI PTDE.pdf – F3 cu valori (Spital paliatie, desfiintare C1-C3 si construire); pret direct fara CI/profit";2026-07-06;Proiectant S.C. Tanari Arhitect SRL / Beneficiar ACTIS (Asoc. Comunitara pt. Dezv. Intrepr. Sociale);1LARNS5Adn3FbJ7styKw3LZrEBoluKomc
manopera / tarife orare;20541;Electrician automatizare [resursa manopera];ora;29,00;;29,00;;;"9.2. OFERTA V1 REV CU VALORI PTDE.pdf – F3 cu valori (Spital paliatie, desfiintare C1-C3 si construire); pret direct fara CI/profit";2026-07-06;Proiectant S.C. Tanari Arhitect SRL / Beneficiar ACTIS (Asoc. Comunitara pt. Dezv. Intrepr. Sociale);1LARNS5Adn3FbJ7styKw3LZrEBoluKomc
manopera / tarife orare;20211;Electrician cabluri subterane [resursa manopera];ora;29,00;;29,00;;;"9.2. OFERTA V1 REV CU VALORI PTDE.pdf – F3 cu valori (Spital paliatie, desfiintare C1-C3 si construire); pret direct fara CI/profit";2026-07-06;Proiectant S.C. Tanari Arhitect SRL / Beneficiar ACTIS (Asoc. Comunitara pt. Dezv. Intrepr. Sociale);1LARNS5Adn3FbJ7styKw3LZrEBoluKomc
manopera / tarife orare;20600;Electrician intr.rep. [resursa manopera];ora;29,00;;29,00;;;"9.2. OFERTA V1 REV CU VALORI PTDE.pdf – F3 cu valori (Spital paliatie, desfiintare C1-C3 si construire); pret direct fara CI/profit";2026-07-06;Proiectant S.C. Tanari Arhitect SRL / Beneficiar ACTIS (Asoc. Comunitara pt. Dezv. Intrepr. Sociale);1LARNS5Adn3FbJ7styKw3LZrEBoluKomc
manopera / tarife orare;20351;Electrician post trafo [resursa manopera];ora;29,00;;29,00;;;"9.2. OFERTA V1 REV CU VALORI PTDE.pdf – F3 cu valori (Spital paliatie, desfiintare C1-C3 si construire); pret direct fara CI/profit";2026-07-06;Proiectant S.C. Tanari Arhitect SRL / Beneficiar ACTIS (Asoc. Comunitara pt. Dezv. Intrepr. Sociale);1LARNS5Adn3FbJ7styKw3LZrEBoluKomc
manopera / tarife orare;20931;Electromecanic retele [resursa manopera];ora;29,00;;29,00;;;"9.2. OFERTA V1 REV CU VALORI PTDE.pdf – F3 cu valori (Spital paliatie, desfiintare C1-C3 si construire); pret direct fara CI/profit";2026-07-06;Proiectant S.C. Tanari Arhitect SRL / Beneficiar ACTIS (Asoc. Comunitara pt. Dezv. Intrepr. Sociale);1LARNS5Adn3FbJ7styKw3LZrEBoluKomc
manopera / tarife orare;20731;Electromecanic telecomunicatii [resursa manopera];ora;29,00;;29,00;;;"9.2. OFERTA V1 REV CU VALORI PTDE.pdf – F3 cu valori (Spital paliatie, desfiintare C1-C3 si construire); pret direct fara CI/profit";2026-07-06;Proiectant S.C. Tanari Arhitect SRL / Beneficiar ACTIS (Asoc. Comunitara pt. Dezv. Intrepr. Sociale);1LARNS5Adn3FbJ7styKw3LZrEBoluKomc
manopera / tarife orare;21061;Electronist [resursa manopera];ora;29,00;;29,00;;;"9.2. OFERTA V1 REV CU VALORI PTDE.pdf – F3 cu valori (Spital paliatie, desfiintare C1-C3 si construire); pret direct fara CI/profit";2026-07-06;Proiectant S.C. Tanari Arhitect SRL / Beneficiar ACTIS (Asoc. Comunitara pt. Dezv. Intrepr. Sociale);1LARNS5Adn3FbJ7styKw3LZrEBoluKomc
manopera / tarife orare;10900;Faiantar [resursa manopera];ora;29,00;;29,00;;;"9.2. OFERTA V1 REV CU VALORI PTDE.pdf – F3 cu valori (Spital paliatie, desfiintare C1-C3 si construire); pret direct fara CI/profit";2026-07-06;Proiectant S.C. Tanari Arhitect SRL / Beneficiar ACTIS (Asoc. Comunitara pt. Dezv. Intrepr. Sociale);1LARNS5Adn3FbJ7styKw3LZrEBoluKomc
manopera / tarife orare;11142;Fierar beton 42 [resursa manopera];ora;29,00;;29,00;;;"9.2. OFERTA V1 REV CU VALORI PTDE.pdf – F3 cu valori (Spital paliatie, desfiintare C1-C3 si construire); pret direct fara CI/profit";2026-07-06;Proiectant S.C. Tanari Arhitect SRL / Beneficiar ACTIS (Asoc. Comunitara pt. Dezv. Intrepr. Sociale);1LARNS5Adn3FbJ7styKw3LZrEBoluKomc
manopera / tarife orare;15000;Fierar beton [resursa manopera];ora;29,00;;29,00;;;"9.2. OFERTA V1 REV CU VALORI PTDE.pdf – F3 cu valori (Spital paliatie, desfiintare C1-C3 si construire); pret direct fara CI/profit";2026-07-06;Proiectant S.C. Tanari Arhitect SRL / Beneficiar ACTIS (Asoc. Comunitara pt. Dezv. Intrepr. Sociale);1LARNS5Adn3FbJ7styKw3LZrEBoluKomc
manopera / tarife orare;U01;Fierăstrău circular electric [resursa utilaj, Estimare preț de piață – de verificat];ore;10,00;;;10,00;;"Propunere_financiara_BILZI_SDF_Onesti.xlsx – foaia Preturi (resurse; EUR furnizor convertit de autor la BNR+1% = 5,3313)";2026-10-01;BILZI STEEL PROFILE SRL;1pe4vyBBOUknM1CDZScHidnvsaDDsmVIx
manopera / tarife orare;11241;Finisor mase plastice [resursa manopera];ora;29,00;;29,00;;;"9.2. OFERTA V1 REV CU VALORI PTDE.pdf – F3 cu valori (Spital paliatie, desfiintare C1-C3 si construire); pret direct fara CI/profit";2026-07-06;Proiectant S.C. Tanari Arhitect SRL / Beneficiar ACTIS (Asoc. Comunitara pt. Dezv. Intrepr. Sociale);1LARNS5Adn3FbJ7styKw3LZrEBoluKomc
manopera / tarife orare;11351;Finisor terasamente [resursa manopera];ora;29,00;;29,00;;;"9.2. OFERTA V1 REV CU VALORI PTDE.pdf – F3 cu valori (Spital paliatie, desfiintare C1-C3 si construire); pret direct fara CI/profit";2026-07-06;Proiectant S.C. Tanari Arhitect SRL / Beneficiar ACTIS (Asoc. Comunitara pt. Dezv. Intrepr. Sociale);1LARNS5Adn3FbJ7styKw3LZrEBoluKomc
manopera / tarife orare;20000115;Inginer sisteme de securitate [resursa manopera];ora;29,00;;29,00;;;"9.2. OFERTA V1 REV CU VALORI PTDE.pdf – F3 cu valori (Spital paliatie, desfiintare C1-C3 si construire); pret direct fara CI/profit";2026-07-06;Proiectant S.C. Tanari Arhitect SRL / Beneficiar ACTIS (Asoc. Comunitara pt. Dezv. Intrepr. Sociale);1LARNS5Adn3FbJ7styKw3LZrEBoluKomc
manopera / tarife orare;12031;Instalator alimentare apa [resursa manopera];ora;29,00;;29,00;;;"9.2. OFERTA V1 REV CU VALORI PTDE.pdf – F3 cu valori (Spital paliatie, desfiintare C1-C3 si construire); pret direct fara CI/profit";2026-07-06;Proiectant S.C. Tanari Arhitect SRL / Beneficiar ACTIS (Asoc. Comunitara pt. Dezv. Intrepr. Sociale);1LARNS5Adn3FbJ7styKw3LZrEBoluKomc
manopera / tarife orare;17110;Instalator alimentare cu apa [resursa manopera];ora;29,00;;29,00;;;"9.2. OFERTA V1 REV CU VALORI PTDE.pdf – F3 cu valori (Spital paliatie, desfiintare C1-C3 si construire); pret direct fara CI/profit";2026-07-06;Proiectant S.C. Tanari Arhitect SRL / Beneficiar ACTIS (Asoc. Comunitara pt. Dezv. Intrepr. Sociale);1LARNS5Adn3FbJ7styKw3LZrEBoluKomc
manopera / tarife orare;17120;Instalator de apa si canalizare [resursa manopera];ora;29,00;;29,00;;;"9.2. OFERTA V1 REV CU VALORI PTDE.pdf – F3 cu valori (Spital paliatie, desfiintare C1-C3 si construire); pret direct fara CI/profit";2026-07-06;Proiectant S.C. Tanari Arhitect SRL / Beneficiar ACTIS (Asoc. Comunitara pt. Dezv. Intrepr. Sociale);1LARNS5Adn3FbJ7styKw3LZrEBoluKomc
manopera / tarife orare;11851;Instalator frigotehnist [resursa manopera];ora;29,00;;29,00;;;"9.2. OFERTA V1 REV CU VALORI PTDE.pdf – F3 cu valori (Spital paliatie, desfiintare C1-C3 si construire); pret direct fara CI/profit";2026-07-06;Proiectant S.C. Tanari Arhitect SRL / Beneficiar ACTIS (Asoc. Comunitara pt. Dezv. Intrepr. Sociale);1LARNS5Adn3FbJ7styKw3LZrEBoluKomc
manopera / tarife orare;17150;Instalator incalzire + gaze [resursa manopera];ora;29,00;;29,00;;;"9.2. OFERTA V1 REV CU VALORI PTDE.pdf – F3 cu valori (Spital paliatie, desfiintare C1-C3 si construire); pret direct fara CI/profit";2026-07-06;Proiectant S.C. Tanari Arhitect SRL / Beneficiar ACTIS (Asoc. Comunitara pt. Dezv. Intrepr. Sociale);1LARNS5Adn3FbJ7styKw3LZrEBoluKomc
manopera / tarife orare;11751;Instalator incalzire [resursa manopera];ora;29,00;;29,00;;;"9.2. OFERTA V1 REV CU VALORI PTDE.pdf – F3 cu valori (Spital paliatie, desfiintare C1-C3 si construire); pret direct fara CI/profit";2026-07-06;Proiectant S.C. Tanari Arhitect SRL / Beneficiar ACTIS (Asoc. Comunitara pt. Dezv. Intrepr. Sociale);1LARNS5Adn3FbJ7styKw3LZrEBoluKomc
manopera / tarife orare;11749;Instalator incalzire si gaze [resursa manopera];ora;29,00;;29,00;;;"9.2. OFERTA V1 REV CU VALORI PTDE.pdf – F3 cu valori (Spital paliatie, desfiintare C1-C3 si construire); pret direct fara CI/profit";2026-07-06;Proiectant S.C. Tanari Arhitect SRL / Beneficiar ACTIS (Asoc. Comunitara pt. Dezv. Intrepr. Sociale);1LARNS5Adn3FbJ7styKw3LZrEBoluKomc
manopera / tarife orare;11951;Instalator ventilatorist [resursa manopera];ora;29,00;;29,00;;;"9.2. OFERTA V1 REV CU VALORI PTDE.pdf – F3 cu valori (Spital paliatie, desfiintare C1-C3 si construire); pret direct fara CI/profit";2026-07-06;Proiectant S.C. Tanari Arhitect SRL / Beneficiar ACTIS (Asoc. Comunitara pt. Dezv. Intrepr. Sociale);1LARNS5Adn3FbJ7styKw3LZrEBoluKomc
manopera / tarife orare;320517;Izolator [resursa manopera];ora;29,00;;29,00;;;"9.2. OFERTA V1 REV CU VALORI PTDE.pdf – F3 cu valori (Spital paliatie, desfiintare C1-C3 si construire); pret direct fara CI/profit";2026-07-06;Proiectant S.C. Tanari Arhitect SRL / Beneficiar ACTIS (Asoc. Comunitara pt. Dezv. Intrepr. Sociale);1LARNS5Adn3FbJ7styKw3LZrEBoluKomc
manopera / tarife orare;12240;Izolator hidrofug 4 [resursa manopera];ora;29,00;;29,00;;;"9.2. OFERTA V1 REV CU VALORI PTDE.pdf – F3 cu valori (Spital paliatie, desfiintare C1-C3 si construire); pret direct fara CI/profit";2026-07-06;Proiectant S.C. Tanari Arhitect SRL / Beneficiar ACTIS (Asoc. Comunitara pt. Dezv. Intrepr. Sociale);1LARNS5Adn3FbJ7styKw3LZrEBoluKomc
manopera / tarife orare;12330;Izolator termic 3 [resursa manopera];ora;29,00;;29,00;;;"9.2. OFERTA V1 REV CU VALORI PTDE.pdf – F3 cu valori (Spital paliatie, desfiintare C1-C3 si construire); pret direct fara CI/profit";2026-07-06;Proiectant S.C. Tanari Arhitect SRL / Beneficiar ACTIS (Asoc. Comunitara pt. Dezv. Intrepr. Sociale);1LARNS5Adn3FbJ7styKw3LZrEBoluKomc
manopera / tarife orare;320530;Lacatus [resursa manopera];ora;29,00;;29,00;;;"9.2. OFERTA V1 REV CU VALORI PTDE.pdf – F3 cu valori (Spital paliatie, desfiintare C1-C3 si construire); pret direct fara CI/profit";2026-07-06;Proiectant S.C. Tanari Arhitect SRL / Beneficiar ACTIS (Asoc. Comunitara pt. Dezv. Intrepr. Sociale);1LARNS5Adn3FbJ7styKw3LZrEBoluKomc
manopera / tarife orare;221421;Lacatus constr. metal-b LISTA cuprinzand consumurile cu mana de lucru [resursa manopera];ora;29,00;;29,00;;;"9.2. OFERTA V1 REV CU VALORI PTDE.pdf – F3 cu valori (Spital paliatie, desfiintare C1-C3 si construire); pret direct fara CI/profit";2026-07-06;Proiectant S.C. Tanari Arhitect SRL / Beneficiar ACTIS (Asoc. Comunitara pt. Dezv. Intrepr. Sociale);1LARNS5Adn3FbJ7styKw3LZrEBoluKomc
manopera / tarife orare;221441;Lacatus constructii metalice [resursa manopera];ora;29,00;;29,00;;;"9.2. OFERTA V1 REV CU VALORI PTDE.pdf – F3 cu valori (Spital paliatie, desfiintare C1-C3 si construire); pret direct fara CI/profit";2026-07-06;Proiectant S.C. Tanari Arhitect SRL / Beneficiar ACTIS (Asoc. Comunitara pt. Dezv. Intrepr. Sociale);1LARNS5Adn3FbJ7styKw3LZrEBoluKomc
manopera / tarife orare;221451;Lacatus constructii metalice-b [resursa manopera];ora;29,00;;29,00;;;"9.2. OFERTA V1 REV CU VALORI PTDE.pdf – F3 cu valori (Spital paliatie, desfiintare C1-C3 si construire); pret direct fara CI/profit";2026-07-06;Proiectant S.C. Tanari Arhitect SRL / Beneficiar ACTIS (Asoc. Comunitara pt. Dezv. Intrepr. Sociale);1LARNS5Adn3FbJ7styKw3LZrEBoluKomc
manopera / tarife orare;21741;Lacatus montaj masini electrice [resursa manopera];ora;29,00;;29,00;;;"9.2. OFERTA V1 REV CU VALORI PTDE.pdf – F3 cu valori (Spital paliatie, desfiintare C1-C3 si construire); pret direct fara CI/profit";2026-07-06;Proiectant S.C. Tanari Arhitect SRL / Beneficiar ACTIS (Asoc. Comunitara pt. Dezv. Intrepr. Sociale);1LARNS5Adn3FbJ7styKw3LZrEBoluKomc
manopera / tarife orare;U02;Mașină de înșurubat / găurit electrică [resursa utilaj, Estimare preț de piață – de verificat];ore;8,00;;;8,00;;"Propunere_financiara_BILZI_SDF_Onesti.xlsx – foaia Preturi (resurse; EUR furnizor convertit de autor la BNR+1% = 5,3313)";2026-10-01;BILZI STEEL PROFILE SRL;1pe4vyBBOUknM1CDZScHidnvsaDDsmVIx
manopera / tarife orare;26821;Montator c-tii metalice [resursa manopera];ora;29,00;;29,00;;;"9.2. OFERTA V1 REV CU VALORI PTDE.pdf – F3 cu valori (Spital paliatie, desfiintare C1-C3 si construire); pret direct fara CI/profit";2026-07-06;Proiectant S.C. Tanari Arhitect SRL / Beneficiar ACTIS (Asoc. Comunitara pt. Dezv. Intrepr. Sociale);1LARNS5Adn3FbJ7styKw3LZrEBoluKomc
manopera / tarife orare;25000;Montator conducte [resursa manopera];ora;29,00;;29,00;;;"9.2. OFERTA V1 REV CU VALORI PTDE.pdf – F3 cu valori (Spital paliatie, desfiintare C1-C3 si construire); pret direct fara CI/profit";2026-07-06;Proiectant S.C. Tanari Arhitect SRL / Beneficiar ACTIS (Asoc. Comunitara pt. Dezv. Intrepr. Sociale);1LARNS5Adn3FbJ7styKw3LZrEBoluKomc
manopera / tarife orare;26851;Montator constructii metalice [resursa manopera];ora;29,00;;29,00;;;"9.2. OFERTA V1 REV CU VALORI PTDE.pdf – F3 cu valori (Spital paliatie, desfiintare C1-C3 si construire); pret direct fara CI/profit";2026-07-06;Proiectant S.C. Tanari Arhitect SRL / Beneficiar ACTIS (Asoc. Comunitara pt. Dezv. Intrepr. Sociale);1LARNS5Adn3FbJ7styKw3LZrEBoluKomc
manopera / tarife orare;26800;Montator ctii.metalice [resursa manopera];ora;29,00;;29,00;;;"9.2. OFERTA V1 REV CU VALORI PTDE.pdf – F3 cu valori (Spital paliatie, desfiintare C1-C3 si construire); pret direct fara CI/profit";2026-07-06;Proiectant S.C. Tanari Arhitect SRL / Beneficiar ACTIS (Asoc. Comunitara pt. Dezv. Intrepr. Sociale);1LARNS5Adn3FbJ7styKw3LZrEBoluKomc
manopera / tarife orare;12500;Montator pref.beton control [resursa manopera];ora;29,00;;29,00;;;"9.2. OFERTA V1 REV CU VALORI PTDE.pdf – F3 cu valori (Spital paliatie, desfiintare C1-C3 si construire); pret direct fara CI/profit";2026-07-06;Proiectant S.C. Tanari Arhitect SRL / Beneficiar ACTIS (Asoc. Comunitara pt. Dezv. Intrepr. Sociale);1LARNS5Adn3FbJ7styKw3LZrEBoluKomc
manopera / tarife orare;O02;Montator învelitori metalice / tinichigiu [resursa manopera, Estimare preț de piață – de verificat];ore;35,00;;35,00;;;"Propunere_financiara_BILZI_SDF_Onesti.xlsx – foaia Preturi (resurse; EUR furnizor convertit de autor la BNR+1% = 5,3313)";2026-10-01;BILZI STEEL PROFILE SRL;1pe4vyBBOUknM1CDZScHidnvsaDDsmVIx
manopera / tarife orare;20200;Muncitor aux. [resursa manopera];ora;29,00;;29,00;;;"9.2. OFERTA V1 REV CU VALORI PTDE.pdf – F3 cu valori (Spital paliatie, desfiintare C1-C3 si construire); pret direct fara CI/profit";2026-07-06;Proiectant S.C. Tanari Arhitect SRL / Beneficiar ACTIS (Asoc. Comunitara pt. Dezv. Intrepr. Sociale);1LARNS5Adn3FbJ7styKw3LZrEBoluKomc
manopera / tarife orare;20300;Muncitor calificat [resursa manopera];ora;29,00;;29,00;;;"9.2. OFERTA V1 REV CU VALORI PTDE.pdf – F3 cu valori (Spital paliatie, desfiintare C1-C3 si construire); pret direct fara CI/profit";2026-07-06;Proiectant S.C. Tanari Arhitect SRL / Beneficiar ACTIS (Asoc. Comunitara pt. Dezv. Intrepr. Sociale);1LARNS5Adn3FbJ7styKw3LZrEBoluKomc
manopera / tarife orare;20600;Muncitor de deservire in constructii [resursa manopera];ora;29,00;;29,00;;;"9.2. OFERTA V1 REV CU VALORI PTDE.pdf – F3 cu valori (Spital paliatie, desfiintare C1-C3 si construire); pret direct fara CI/profit";2026-07-06;Proiectant S.C. Tanari Arhitect SRL / Beneficiar ACTIS (Asoc. Comunitara pt. Dezv. Intrepr. Sociale);1LARNS5Adn3FbJ7styKw3LZrEBoluKomc
manopera / tarife orare;29900;Muncitor deserv.ctii masini [resursa manopera];ora;29,00;;29,00;;;"9.2. OFERTA V1 REV CU VALORI PTDE.pdf – F3 cu valori (Spital paliatie, desfiintare C1-C3 si construire); pret direct fara CI/profit";2026-07-06;Proiectant S.C. Tanari Arhitect SRL / Beneficiar ACTIS (Asoc. Comunitara pt. Dezv. Intrepr. Sociale);1LARNS5Adn3FbJ7styKw3LZrEBoluKomc
manopera / tarife orare;19920;Muncitor deserv.ctii montj. 2 [resursa manopera];ora;29,00;;29,00;;;"9.2. OFERTA V1 REV CU VALORI PTDE.pdf – F3 cu valori (Spital paliatie, desfiintare C1-C3 si construire); pret direct fara CI/profit";2026-07-06;Proiectant S.C. Tanari Arhitect SRL / Beneficiar ACTIS (Asoc. Comunitara pt. Dezv. Intrepr. Sociale);1LARNS5Adn3FbJ7styKw3LZrEBoluKomc
manopera / tarife orare;19900;Muncitor deserv.ctii montj. [resursa manopera];ora;29,00;;29,00;;;"9.2. OFERTA V1 REV CU VALORI PTDE.pdf – F3 cu valori (Spital paliatie, desfiintare C1-C3 si construire); pret direct fara CI/profit";2026-07-06;Proiectant S.C. Tanari Arhitect SRL / Beneficiar ACTIS (Asoc. Comunitara pt. Dezv. Intrepr. Sociale);1LARNS5Adn3FbJ7styKw3LZrEBoluKomc
manopera / tarife orare;229921;Muncitor deservire c-tii masini [resursa manopera];ora;29,00;;29,00;;;"9.2. OFERTA V1 REV CU VALORI PTDE.pdf – F3 cu valori (Spital paliatie, desfiintare C1-C3 si construire); pret direct fara CI/profit";2026-07-06;Proiectant S.C. Tanari Arhitect SRL / Beneficiar ACTIS (Asoc. Comunitara pt. Dezv. Intrepr. Sociale);1LARNS5Adn3FbJ7styKw3LZrEBoluKomc
manopera / tarife orare;19911;Muncitor deservire c-tii.montaj [resursa manopera];ora;29,00;;29,00;;;"9.2. OFERTA V1 REV CU VALORI PTDE.pdf – F3 cu valori (Spital paliatie, desfiintare C1-C3 si construire); pret direct fara CI/profit";2026-07-06;Proiectant S.C. Tanari Arhitect SRL / Beneficiar ACTIS (Asoc. Comunitara pt. Dezv. Intrepr. Sociale);1LARNS5Adn3FbJ7styKw3LZrEBoluKomc
manopera / tarife orare;O02;Muncitor deservire constructii-montaj [resursa manopera, estimare autor];ora;25,00;;25,00;;;Oferta_financiara_BILZI_Romgaz_Stejari.xlsx – foaia Preturi (resurse);2026-10-01;BILZI STEEL PROFILE SRL;1vUAaUr8ZpPF-rApifT3WOnjFNW2sKdj-
manopera / tarife orare;85102;Muncitor deservire gips-carton [resursa manopera];ora;29,00;;29,00;;;"9.2. OFERTA V1 REV CU VALORI PTDE.pdf – F3 cu valori (Spital paliatie, desfiintare C1-C3 si construire); pret direct fara CI/profit";2026-07-06;Proiectant S.C. Tanari Arhitect SRL / Beneficiar ACTIS (Asoc. Comunitara pt. Dezv. Intrepr. Sociale);1LARNS5Adn3FbJ7styKw3LZrEBoluKomc
manopera / tarife orare;319731;Muncitor incarcare-descarcare materiale [resursa manopera];ora;29,00;;29,00;;;"9.2. OFERTA V1 REV CU VALORI PTDE.pdf – F3 cu valori (Spital paliatie, desfiintare C1-C3 si construire); pret direct fara CI/profit";2026-07-06;Proiectant S.C. Tanari Arhitect SRL / Beneficiar ACTIS (Asoc. Comunitara pt. Dezv. Intrepr. Sociale);1LARNS5Adn3FbJ7styKw3LZrEBoluKomc
manopera / tarife orare;O03;Muncitor necalificat [resursa manopera, Estimare preț de piață – de verificat];ore;25,00;;25,00;;;"Propunere_financiara_BILZI_SDF_Onesti.xlsx – foaia Preturi (resurse; EUR furnizor convertit de autor la BNR+1% = 5,3313)";2026-10-01;BILZI STEEL PROFILE SRL;1pe4vyBBOUknM1CDZScHidnvsaDDsmVIx
manopera / tarife orare;AUT1303;Ora pr schela met tub. ext. S640 mp G=11- 13,5 3sch.lei/mp;ora;0,10;0,00;0,00;0,10;0,00;"Deviz oferta.pdf – F3 oferta eDevize (restaurare biserica); pret direct, la care se adauga CAM 2,25% man., CI 10%, profit 5%";2025-06-17;Executant SC Aurora Inconstruct SRL / Beneficiar Biserica Sf. Imp. Constantin si Elena;1rue0Jaajr2kNvdWBeV5ZObPL36nPRRQk
manopera / tarife orare;12840;Pavator 4 [resursa manopera];ora;29,00;;29,00;;;"9.2. OFERTA V1 REV CU VALORI PTDE.pdf – F3 cu valori (Spital paliatie, desfiintare C1-C3 si construire); pret direct fara CI/profit";2026-07-06;Proiectant S.C. Tanari Arhitect SRL / Beneficiar ACTIS (Asoc. Comunitara pt. Dezv. Intrepr. Sociale);1LARNS5Adn3FbJ7styKw3LZrEBoluKomc
manopera / tarife orare;90321;Peisagist [resursa manopera];ora;29,00;;29,00;;;"9.2. OFERTA V1 REV CU VALORI PTDE.pdf – F3 cu valori (Spital paliatie, desfiintare C1-C3 si construire); pret direct fara CI/profit";2026-07-06;Proiectant S.C. Tanari Arhitect SRL / Beneficiar ACTIS (Asoc. Comunitara pt. Dezv. Intrepr. Sociale);1LARNS5Adn3FbJ7styKw3LZrEBoluKomc
manopera / tarife orare;26100;Sapator [resursa manopera];ora;29,00;;29,00;;;"9.2. OFERTA V1 REV CU VALORI PTDE.pdf – F3 cu valori (Spital paliatie, desfiintare C1-C3 si construire); pret direct fara CI/profit";2026-07-06;Proiectant S.C. Tanari Arhitect SRL / Beneficiar ACTIS (Asoc. Comunitara pt. Dezv. Intrepr. Sociale);1LARNS5Adn3FbJ7styKw3LZrEBoluKomc
manopera / tarife orare;85101;Specialist mont. gipscarton [resursa manopera];ora;29,00;;29,00;;;"9.2. OFERTA V1 REV CU VALORI PTDE.pdf – F3 cu valori (Spital paliatie, desfiintare C1-C3 si construire); pret direct fara CI/profit";2026-07-06;Proiectant S.C. Tanari Arhitect SRL / Beneficiar ACTIS (Asoc. Comunitara pt. Dezv. Intrepr. Sociale);1LARNS5Adn3FbJ7styKw3LZrEBoluKomc
manopera / tarife orare;320522;Sudor [resursa manopera];ora;29,00;;29,00;;;"9.2. OFERTA V1 REV CU VALORI PTDE.pdf – F3 cu valori (Spital paliatie, desfiintare C1-C3 si construire); pret direct fara CI/profit";2026-07-06;Proiectant S.C. Tanari Arhitect SRL / Beneficiar ACTIS (Asoc. Comunitara pt. Dezv. Intrepr. Sociale);1LARNS5Adn3FbJ7styKw3LZrEBoluKomc
manopera / tarife orare;22751;Sudor electric [resursa manopera];ora;29,00;;29,00;;;"9.2. OFERTA V1 REV CU VALORI PTDE.pdf – F3 cu valori (Spital paliatie, desfiintare C1-C3 si construire); pret direct fara CI/profit";2026-07-06;Proiectant S.C. Tanari Arhitect SRL / Beneficiar ACTIS (Asoc. Comunitara pt. Dezv. Intrepr. Sociale);1LARNS5Adn3FbJ7styKw3LZrEBoluKomc
manopera / tarife orare;222721;Sudor electric-b [resursa manopera];ora;29,00;;29,00;;;"9.2. OFERTA V1 REV CU VALORI PTDE.pdf – F3 cu valori (Spital paliatie, desfiintare C1-C3 si construire); pret direct fara CI/profit";2026-07-06;Proiectant S.C. Tanari Arhitect SRL / Beneficiar ACTIS (Asoc. Comunitara pt. Dezv. Intrepr. Sociale);1LARNS5Adn3FbJ7styKw3LZrEBoluKomc
manopera / tarife orare;60141;Tamplar [resursa manopera];ora;29,00;;29,00;;;"9.2. OFERTA V1 REV CU VALORI PTDE.pdf – F3 cu valori (Spital paliatie, desfiintare C1-C3 si construire); pret direct fara CI/profit";2026-07-06;Proiectant S.C. Tanari Arhitect SRL / Beneficiar ACTIS (Asoc. Comunitara pt. Dezv. Intrepr. Sociale);1LARNS5Adn3FbJ7styKw3LZrEBoluKomc
manopera / tarife orare;;Tarif mediu manopera (toate meseriile) dedus din recapitulatii F3: Manopera / Ore manopera (ex. 620.697,08 lei / 11.285,40 ore);ora;55,00;;55,00;;;Deviz oferta.pdf – recapitulatii F3 (toate obiectele dau 55,00 lei/ora);2025-06-17;Executant SC Aurora Inconstruct SRL / Beneficiar Biserica Sf. Imp. Constantin si Elena;1rue0Jaajr2kNvdWBeV5ZObPL36nPRRQk
manopera / tarife orare;13111;Tinichigiu sant. [resursa manopera];ora;29,00;;29,00;;;"9.2. OFERTA V1 REV CU VALORI PTDE.pdf – F3 cu valori (Spital paliatie, desfiintare C1-C3 si construire); pret direct fara CI/profit";2026-07-06;Proiectant S.C. Tanari Arhitect SRL / Beneficiar ACTIS (Asoc. Comunitara pt. Dezv. Intrepr. Sociale);1LARNS5Adn3FbJ7styKw3LZrEBoluKomc
manopera / tarife orare;O05;Tinichigiu santier [resursa manopera, estimare autor];ora;35,00;;35,00;;;Oferta_financiara_BILZI_Romgaz_Stejari.xlsx – foaia Preturi (resurse);2026-10-01;BILZI STEEL PROFILE SRL;1vUAaUr8ZpPF-rApifT3WOnjFNW2sKdj-
manopera / tarife orare;13151;Tinichigiu santier [resursa manopera];ora;29,00;;29,00;;;"9.2. OFERTA V1 REV CU VALORI PTDE.pdf – F3 cu valori (Spital paliatie, desfiintare C1-C3 si construire); pret direct fara CI/profit";2026-07-06;Proiectant S.C. Tanari Arhitect SRL / Beneficiar ACTIS (Asoc. Comunitara pt. Dezv. Intrepr. Sociale);1LARNS5Adn3FbJ7styKw3LZrEBoluKomc
manopera / tarife orare;23050;Vopsitor industrial 5 [resursa manopera];ora;29,00;;29,00;;;"9.2. OFERTA V1 REV CU VALORI PTDE.pdf – F3 cu valori (Spital paliatie, desfiintare C1-C3 si construire); pret direct fara CI/profit";2026-07-06;Proiectant S.C. Tanari Arhitect SRL / Beneficiar ACTIS (Asoc. Comunitara pt. Dezv. Intrepr. Sociale);1LARNS5Adn3FbJ7styKw3LZrEBoluKomc
manopera / tarife orare;23051;Vopsitor industrial [resursa manopera];ora;29,00;;29,00;;;"9.2. OFERTA V1 REV CU VALORI PTDE.pdf – F3 cu valori (Spital paliatie, desfiintare C1-C3 si construire); pret direct fara CI/profit";2026-07-06;Proiectant S.C. Tanari Arhitect SRL / Beneficiar ACTIS (Asoc. Comunitara pt. Dezv. Intrepr. Sociale);1LARNS5Adn3FbJ7styKw3LZrEBoluKomc
manopera / tarife orare;13440;Zidar 4 [resursa manopera];ora;29,00;;29,00;;;"9.2. OFERTA V1 REV CU VALORI PTDE.pdf – F3 cu valori (Spital paliatie, desfiintare C1-C3 si construire); pret direct fara CI/profit";2026-07-06;Proiectant S.C. Tanari Arhitect SRL / Beneficiar ACTIS (Asoc. Comunitara pt. Dezv. Intrepr. Sociale);1LARNS5Adn3FbJ7styKw3LZrEBoluKomc
manopera / tarife orare;31000;Zidar [resursa manopera];ora;29,00;;29,00;;;"9.2. OFERTA V1 REV CU VALORI PTDE.pdf – F3 cu valori (Spital paliatie, desfiintare C1-C3 si construire); pret direct fara CI/profit";2026-07-06;Proiectant S.C. Tanari Arhitect SRL / Beneficiar ACTIS (Asoc. Comunitara pt. Dezv. Intrepr. Sociale);1LARNS5Adn3FbJ7styKw3LZrEBoluKomc
manopera / tarife orare;20000117;Zidar tencuitor LISTA cuprinzand consumurile cu mana de lucru [resursa manopera];ora;29,00;;29,00;;;"9.2. OFERTA V1 REV CU VALORI PTDE.pdf – F3 cu valori (Spital paliatie, desfiintare C1-C3 si construire); pret direct fara CI/profit";2026-07-06;Proiectant S.C. Tanari Arhitect SRL / Beneficiar ACTIS (Asoc. Comunitara pt. Dezv. Intrepr. Sociale);1LARNS5Adn3FbJ7styKw3LZrEBoluKomc
manopera / tarife orare;20000120;Zugrav-vopsitor [resursa manopera];ora;29,00;;29,00;;;"9.2. OFERTA V1 REV CU VALORI PTDE.pdf – F3 cu valori (Spital paliatie, desfiintare C1-C3 si construire); pret direct fara CI/profit";2026-07-06;Proiectant S.C. Tanari Arhitect SRL / Beneficiar ACTIS (Asoc. Comunitara pt. Dezv. Intrepr. Sociale);1LARNS5Adn3FbJ7styKw3LZrEBoluKomc
sarpanta / dulgherie / lemn;RPCH07A+corectia01;Astereala la acoperisul provizoriu executata din scanduri brute;mp;90,30;51,25;39,05;0,00;0,00;"Deviz oferta.pdf – F3 oferta eDevize (restaurare biserica); pret direct, la care se adauga CAM 2,25% man., CI 10%, profit 5%";2025-06-17;Executant SC Aurora Inconstruct SRL / Beneficiar Biserica Sf. Imp. Constantin si Elena;1rue0Jaajr2kNvdWBeV5ZObPL36nPRRQk
sarpanta / dulgherie / lemn;CE18A1;Astereală executată din scânduri din rășinoase;mp;43,95;31,20;12,25;0,50;0,00;"Propunere_financiara_BILZI_SDF_Onesti.xlsx – F3 oferta proprie (lucrari acoperis hala, Romsilva DS Bacau); pret direct, adaos 25% separat";2026-10-01;Ofertant BILZI STEEL PROFILE SRL / Beneficiar RNP Romsilva DS Bacau;1pe4vyBBOUknM1CDZScHidnvsaDDsmVIx
sarpanta / dulgherie / lemn;IA36XA [2];Caseta metalip dulap colector D 1000x550x110-170 + 800x550x110-170;buc;595,72;508,72;87,00;0,00;0,00;"9.2. OFERTA V1 REV CU VALORI PTDE.pdf – F3 cu valori (Spital paliatie, desfiintare C1-C3 si construire); pret direct fara CI/profit";2026-07-06;Proiectant S.C. Tanari Arhitect SRL / Beneficiar ACTIS (Asoc. Comunitara pt. Dezv. Intrepr. Sociale);1LARNS5Adn3FbJ7styKw3LZrEBoluKomc
sarpanta / dulgherie / lemn;IA52A1# [1];Caseta metalip dulap colector D 1200x550x110-170;buc;589,64;531,64;58,00;0,00;0,00;"9.2. OFERTA V1 REV CU VALORI PTDE.pdf – F3 cu valori (Spital paliatie, desfiintare C1-C3 si construire); pret direct fara CI/profit";2026-07-06;Proiectant S.C. Tanari Arhitect SRL / Beneficiar ACTIS (Asoc. Comunitara pt. Dezv. Intrepr. Sociale);1LARNS5Adn3FbJ7styKw3LZrEBoluKomc
sarpanta / dulgherie / lemn;M01;Cherestea rășinoase (grinzi, căpriori, pane, popi) pentru șarpantă [resursa material, Estimare preț de piață – de verificat];mc;1500,00;1500,00;;;;"Propunere_financiara_BILZI_SDF_Onesti.xlsx – foaia Preturi (resurse; EUR furnizor convertit de autor la BNR+1% = 5,3313)";2026-10-01;BILZI STEEL PROFILE SRL;1pe4vyBBOUknM1CDZScHidnvsaDDsmVIx
sarpanta / dulgherie / lemn;RMA06A;Cofraje din lemn pentru turnarea betoanelor la fundatii;mp;146,40;75,48;68,67;2,25;0,00;"Deviz oferta.pdf – F3 oferta eDevize (restaurare biserica); pret direct, la care se adauga CAM 2,25% man., CI 10%, profit 5%";2025-06-17;Executant SC Aurora Inconstruct SRL / Beneficiar Biserica Sf. Imp. Constantin si Elena;1rue0Jaajr2kNvdWBeV5ZObPL36nPRRQk
sarpanta / dulgherie / lemn;CB02B#;Cofraje din panouri refolosibile, cu astereala din scanduri de rasinoase scurte si subscurte pentru turnarea betonului in...elevatii, pereti drepti si diafragme inclusiv sprijinirile la inaltimi;mp;31,94;4,39;27,55;0,00;0,00;"9.2. OFERTA V1 REV CU VALORI PTDE.pdf – F3 cu valori (Spital paliatie, desfiintare C1-C3 si construire); pret direct fara CI/profit";2026-07-06;Proiectant S.C. Tanari Arhitect SRL / Beneficiar ACTIS (Asoc. Comunitara pt. Dezv. Intrepr. Sociale);1LARNS5Adn3FbJ7styKw3LZrEBoluKomc
sarpanta / dulgherie / lemn;CB02C#;Cofraje din panouri refolosibile, cu astereala din scanduri de rasinoase scurte si subscurte pentru turnarea betonului in...placi si grinzi exclusiv sustinerile la inaltimi pana la 20 m;mp;39,19;4,39;34,80;0,00;0,00;"9.2. OFERTA V1 REV CU VALORI PTDE.pdf – F3 cu valori (Spital paliatie, desfiintare C1-C3 si construire); pret direct fara CI/profit";2026-07-06;Proiectant S.C. Tanari Arhitect SRL / Beneficiar ACTIS (Asoc. Comunitara pt. Dezv. Intrepr. Sociale);1LARNS5Adn3FbJ7styKw3LZrEBoluKomc
sarpanta / dulgherie / lemn;CB01A#;Cofraje, din scanduri de rasinoase, pentru turnarea betonului...de monolitizare intre elementele prefabricate (plansee, grinzi si diafragme) inclusiv sprijinirile;mp;53,50;4,20;49,30;0,00;0,00;"9.2. OFERTA V1 REV CU VALORI PTDE.pdf – F3 cu valori (Spital paliatie, desfiintare C1-C3 si construire); pret direct fara CI/profit";2026-07-06;Proiectant S.C. Tanari Arhitect SRL / Beneficiar ACTIS (Asoc. Comunitara pt. Dezv. Intrepr. Sociale);1LARNS5Adn3FbJ7styKw3LZrEBoluKomc
sarpanta / dulgherie / lemn;RPCO05XC;Conf. si mont. ferestr. lemn cu cercev. cuplate, exec. din cherestea de stejar;mp;2427,38;1999,00;428,38;0,00;0,00;"Deviz oferta.pdf – F3 oferta eDevize (restaurare biserica); pret direct, la care se adauga CAM 2,25% man., CI 10%, profit 5%";2025-06-17;Executant SC Aurora Inconstruct SRL / Beneficiar Biserica Sf. Imp. Constantin si Elena;1rue0Jaajr2kNvdWBeV5ZObPL36nPRRQk
sarpanta / dulgherie / lemn;RMF08E;Conf. si mont. in opera piese noi, sarpanta - lemn de rasinoase, la structura monumente noi;mc;7054,96;4837,50;2217,46;0,00;0,00;"Deviz oferta.pdf – F3 oferta eDevize (restaurare biserica); pret direct, la care se adauga CAM 2,25% man., CI 10%, profit 5%";2025-06-17;Executant SC Aurora Inconstruct SRL / Beneficiar Biserica Sf. Imp. Constantin si Elena;1rue0Jaajr2kNvdWBeV5ZObPL36nPRRQk
sarpanta / dulgherie / lemn;RPCO12XB;Conf. si mont. obloanelor simple cu tabl. pine, exec. din cherest. ras. din scanduri asamblate;mp;1394,48;1170,84;223,64;0,00;0,00;"Deviz oferta.pdf – F3 oferta eDevize (restaurare biserica); pret direct, la care se adauga CAM 2,25% man., CI 10%, profit 5%";2025-06-17;Executant SC Aurora Inconstruct SRL / Beneficiar Biserica Sf. Imp. Constantin si Elena;1rue0Jaajr2kNvdWBeV5ZObPL36nPRRQk
sarpanta / dulgherie / lemn;RPCO29XD;Conf. usilor din lemn exter. simple, din cherest. stejar, intr-un canat;mp;5702,12;5000,01;679,11;23,00;0,00;"Deviz oferta.pdf – F3 oferta eDevize (restaurare biserica); pret direct, la care se adauga CAM 2,25% man., CI 10%, profit 5%";2025-06-17;Executant SC Aurora Inconstruct SRL / Beneficiar Biserica Sf. Imp. Constantin si Elena;1rue0Jaajr2kNvdWBeV5ZObPL36nPRRQk
sarpanta / dulgherie / lemn;RPCO05XC;Conf.si mont.ferestr.lemn cu cercev.cuplate,exec.din cherestea de stejar;mp;2497,37;1934,97;562,40;0,00;0,00;5-BISERICA GARLASI-BISERICA-CU VALORI.PDF – F3 Arhitectura (SofteH, listat 12.05.2023);2023-05-12;Beneficiar Parohia/Biserica Garlasi, Buzau (deviz proiectant);1SStdo4o2D6OmwG1EnsxdCLK3tnqJIy_y
sarpanta / dulgherie / lemn;RMF08E;Conf.si mont.in opera piese noi, sarpanta - lemn de rasinoase, la structura monumente noi;mc;12316,50;6450,00;5866,50;0,00;0,00;5-BISERICA GARLASI-BISERICA-CU VALORI.PDF – F3 Arhitectura (SofteH, listat 12.05.2023);2023-05-12;Beneficiar Parohia/Biserica Garlasi, Buzau (deviz proiectant);1SStdo4o2D6OmwG1EnsxdCLK3tnqJIy_y
sarpanta / dulgherie / lemn;RPCO29XD;Conf.usilor din lemn exter.simple,din cherest.ste-jar, intr-un canat;mp;1123,56;704,91;418,65;0,00;0,00;5-BISERICA GARLASI-BISERICA-CU VALORI.PDF – F3 Arhitectura (SofteH, listat 12.05.2023);2023-05-12;Beneficiar Parohia/Biserica Garlasi, Buzau (deviz proiectant);1SStdo4o2D6OmwG1EnsxdCLK3tnqJIy_y
sarpanta / dulgherie / lemn;EE10J1;Corpuri de iluminat speciale monobloc pentru iluminatul de siguranta la intreruperea curentului din retea, complet cu accesorii si becuri, cu acumulator, montat pe dibluri de lemn;buc;498,28;340,79;157,49;0,00;0,00;"Deviz oferta.pdf – F3 oferta eDevize (restaurare biserica); pret direct, la care se adauga CAM 2,25% man., CI 10%, profit 5%";2025-06-17;Executant SC Aurora Inconstruct SRL / Beneficiar Biserica Sf. Imp. Constantin si Elena;1rue0Jaajr2kNvdWBeV5ZObPL36nPRRQk
sarpanta / dulgherie / lemn;2904042;Dulap molid-brad cl.a tiv. G = 28- 58mm L = 3-3,50m lT = 7-15 [resursa material];mc;1261,00;1261,00;;;;"9.2. OFERTA V1 REV CU VALORI PTDE.pdf – F3 cu valori (Spital paliatie, desfiintare C1-C3 si construire); pret direct fara CI/profit";2026-07-06;Proiectant S.C. Tanari Arhitect SRL / Beneficiar ACTIS (Asoc. Comunitara pt. Dezv. Intrepr. Sociale);1LARNS5Adn3FbJ7styKw3LZrEBoluKomc
sarpanta / dulgherie / lemn;M12;Dulap rasinoase lung tivit cls. D, 28–58 mm [resursa material, estimare autor];mc;1400,00;1400,00;;;;Oferta_financiara_BILZI_Romgaz_Stejari.xlsx – foaia Preturi (resurse);2026-10-01;BILZI STEEL PROFILE SRL;1vUAaUr8ZpPF-rApifT3WOnjFNW2sKdj-
sarpanta / dulgherie / lemn;M14;Grinzi din lemn rasinos C30, sectiune 100 x 100 [resursa material, estimare autor];mc;2200,00;2200,00;;;;Oferta_financiara_BILZI_Romgaz_Stejari.xlsx – foaia Preturi (resurse);2026-10-01;BILZI STEEL PROFILE SRL;1vUAaUr8ZpPF-rApifT3WOnjFNW2sKdj-
sarpanta / dulgherie / lemn;RMF41A;Ignifugare suprafete structuri din lemn cu solutie tip ... aplicata prin pensulare;mp;33,20;8,00;25,20;0,00;0,00;"Deviz oferta.pdf – F3 oferta eDevize (restaurare biserica); pret direct, la care se adauga CAM 2,25% man., CI 10%, profit 5%";2025-06-17;Executant SC Aurora Inconstruct SRL / Beneficiar Biserica Sf. Imp. Constantin si Elena;1rue0Jaajr2kNvdWBeV5ZObPL36nPRRQk
sarpanta / dulgherie / lemn;RMF41B;Ignifugare suprafete structuri din lemn cu solutie tip ... aplicata prin stropire, instal. pres. ridic.;mp;29,18;10,00;12,60;6,58;0,00;"Deviz oferta.pdf – F3 oferta eDevize (restaurare biserica); pret direct, la care se adauga CAM 2,25% man., CI 10%, profit 5%";2025-06-17;Executant SC Aurora Inconstruct SRL / Beneficiar Biserica Sf. Imp. Constantin si Elena;1rue0Jaajr2kNvdWBeV5ZObPL36nPRRQk
sarpanta / dulgherie / lemn;RMF41A;Ignifugare suprafete structuri din lemn cu solutietip...aplicata prin pensulare;mp;30,97;10,97;20,00;0,00;0,00;5-BISERICA GARLASI-BISERICA-CU VALORI.PDF – F3 Arhitectura (SofteH, listat 12.05.2023);2023-05-12;Beneficiar Parohia/Biserica Garlasi, Buzau (deviz proiectant);1SStdo4o2D6OmwG1EnsxdCLK3tnqJIy_y
sarpanta / dulgherie / lemn;RMF41B;Ignifugare suprafete structuri din lemn cu solutietip...aplicata prin stropire, instal.pres.ridic.;mp;33,41;13,71;10,00;9,70;0,00;5-BISERICA GARLASI-BISERICA-CU VALORI.PDF – F3 Arhitectura (SofteH, listat 12.05.2023);2023-05-12;Beneficiar Parohia/Biserica Garlasi, Buzau (deviz proiectant);1SStdo4o2D6OmwG1EnsxdCLK3tnqJIy_y
sarpanta / dulgherie / lemn;RPCR41A1;Ignifugarea lemnului pe o suprafață neprotejată contra incendiului;mp;6,80;4,80;2,00;0,00;0,00;"Propunere_financiara_BILZI_SDF_Onesti.xlsx – F3 oferta proprie (lucrari acoperis hala, Romsilva DS Bacau); pret direct, adaos 25% separat";2026-10-01;Ofertant BILZI STEEL PROFILE SRL / Beneficiar RNP Romsilva DS Bacau;1pe4vyBBOUknM1CDZScHidnvsaDDsmVIx
sarpanta / dulgherie / lemn;RPCH07A1%;Inlocuirea de elemente de sarpante, deteriorate, cu altele noi – capriori;m;54,66;26,66;28,00;0,00;0,00;"Oferta_financiara_BILZI_Romgaz_Stejari.xlsx – F3 oferta proprie (reparatie acoperis bloc Stejari, Medias); pret direct, adaos 30% separat";2026-10-01;Ofertant BILZI STEEL PROFILE SRL / Beneficiar SNGN Romgaz SA;1vUAaUr8ZpPF-rApifT3WOnjFNW2sKdj-
sarpanta / dulgherie / lemn;RPCH07C1;Inlocuirea de elemente de sarpante, deteriorate, cu altele noi – clesti;m;72,38;38,75;33,63;0,00;0,00;"Oferta_financiara_BILZI_Romgaz_Stejari.xlsx – F3 oferta proprie (reparatie acoperis bloc Stejari, Medias); pret direct, adaos 30% separat";2026-10-01;Ofertant BILZI STEEL PROFILE SRL / Beneficiar SNGN Romgaz SA;1vUAaUr8ZpPF-rApifT3WOnjFNW2sKdj-
sarpanta / dulgherie / lemn;RPCH07E1;Inlocuirea de elemente de sarpante, deteriorate, cu altele noi – coame, pane;m;64,16;32,66;31,50;0,00;0,00;"Oferta_financiara_BILZI_Romgaz_Stejari.xlsx – F3 oferta proprie (reparatie acoperis bloc Stejari, Medias); pret direct, adaos 30% separat";2026-10-01;Ofertant BILZI STEEL PROFILE SRL / Beneficiar SNGN Romgaz SA;1vUAaUr8ZpPF-rApifT3WOnjFNW2sKdj-
sarpanta / dulgherie / lemn;RPCH07D1;Inlocuirea de elemente de sarpante, deteriorate, cu altele noi – popi;m;65,37;33,87;31,50;0,00;0,00;"Oferta_financiara_BILZI_Romgaz_Stejari.xlsx – F3 oferta proprie (reparatie acoperis bloc Stejari, Medias); pret direct, adaos 30% separat";2026-10-01;Ofertant BILZI STEEL PROFILE SRL / Beneficiar SNGN Romgaz SA;1vUAaUr8ZpPF-rApifT3WOnjFNW2sKdj-
sarpanta / dulgherie / lemn;RPCH05F;Inlocuirea elementelor de sarpanta deteriorate cu altele noi - talpi, popi, pane, coame si contrafise (inclusiv elemente pentru sarpanta provizorie);ml;123,18;58,61;64,26;0,31;0,00;"Deviz oferta.pdf – F3 oferta eDevize (restaurare biserica); pret direct, la care se adauga CAM 2,25% man., CI 10%, profit 5%";2025-06-17;Executant SC Aurora Inconstruct SRL / Beneficiar Biserica Sf. Imp. Constantin si Elena;1rue0Jaajr2kNvdWBeV5ZObPL36nPRRQk
sarpanta / dulgherie / lemn;RPCH09B;Inlocuirea paziei profilate din lemn, deteriorate, la streasina-calcan sau invelitoare;m;111,44;54,30;55,44;1,70;0,00;"Deviz oferta.pdf – F3 oferta eDevize (restaurare biserica); pret direct, la care se adauga CAM 2,25% man., CI 10%, profit 5%";2025-06-17;Executant SC Aurora Inconstruct SRL / Beneficiar Biserica Sf. Imp. Constantin si Elena;1rue0Jaajr2kNvdWBeV5ZObPL36nPRRQk
sarpanta / dulgherie / lemn;RPCH09B;Inlocuirea paziei profilate din lemn,deteriorate,la streasina-calcan sau invelitoare;m;44,97;24,03;20,60;0,33;0,00;5-BISERICA GARLASI-BISERICA-CU VALORI.PDF – F3 Arhitectura (SofteH, listat 12.05.2023);2023-05-12;Beneficiar Parohia/Biserica Garlasi, Buzau (deviz proiectant);1SStdo4o2D6OmwG1EnsxdCLK3tnqJIy_y
sarpanta / dulgherie / lemn;RpCI02C1;Invelitori din tabla tip tigla la constructii existente pe structura din lemn (cu material tabla tigla Clasic mat 0,5);mp;92,13;46,63;45,50;0,00;0,00;"Oferta_financiara_BILZI_Romgaz_Stejari.xlsx – F3 oferta proprie (reparatie acoperis bloc Stejari, Medias); pret direct, adaos 30% separat";2026-10-01;Ofertant BILZI STEEL PROFILE SRL / Beneficiar SNGN Romgaz SA;1vUAaUr8ZpPF-rApifT3WOnjFNW2sKdj-
sarpanta / dulgherie / lemn;2900668;Lemn rot cons rur nec fag l min 1m D sub min18cm s4342 [resursa material];mc;1261,00;1261,00;;;;"9.2. OFERTA V1 REV CU VALORI PTDE.pdf – F3 cu valori (Spital paliatie, desfiintare C1-C3 si construire); pret direct fara CI/profit";2026-07-06;Proiectant S.C. Tanari Arhitect SRL / Beneficiar ACTIS (Asoc. Comunitara pt. Dezv. Intrepr. Sociale);1LARNS5Adn3FbJ7styKw3LZrEBoluKomc
sarpanta / dulgherie / lemn;CE18A#;Luminatoare din placi ondulate sau cutate din PAS, PVC, policarbonat sau polimetacrilat si luminatoare tip cupoleta din PAS sau PMN, montate pe rebord sau in campul invelitorii....placi;mp;141,71;118,51;23,20;0,00;0,00;"9.2. OFERTA V1 REV CU VALORI PTDE.pdf – F3 cu valori (Spital paliatie, desfiintare C1-C3 si construire); pret direct fara CI/profit";2026-07-06;Proiectant S.C. Tanari Arhitect SRL / Beneficiar ACTIS (Asoc. Comunitara pt. Dezv. Intrepr. Sociale);1LARNS5Adn3FbJ7styKw3LZrEBoluKomc
sarpanta / dulgherie / lemn;RPCO31XG;Mont. usilor din lemn exter. simple, exec. din cherestea de stejar, intr-un canat;mp;164,01;9,43;154,34;0,24;0,00;"Deviz oferta.pdf – F3 oferta eDevize (restaurare biserica); pret direct, la care se adauga CAM 2,25% man., CI 10%, profit 5%";2025-06-17;Executant SC Aurora Inconstruct SRL / Beneficiar Biserica Sf. Imp. Constantin si Elena;1rue0Jaajr2kNvdWBeV5ZObPL36nPRRQk
sarpanta / dulgherie / lemn;RPCO31XG;Mont.usilor din lemn exter.simple,exec.din cheres-tea de stejar,intr-un canat;mp;208,15;37,05;171,10;0,00;0,00;5-BISERICA GARLASI-BISERICA-CU VALORI.PDF – F3 Arhitectura (SofteH, listat 12.05.2023);2023-05-12;Beneficiar Parohia/Biserica Garlasi, Buzau (deviz proiectant);1SStdo4o2D6OmwG1EnsxdCLK3tnqJIy_y
sarpanta / dulgherie / lemn;RCSJ28A%;Placarea peretilor cu placi de gips- carton pe zid.caramida/lemn/b.c.a., incap.umiditate normala;mp;58,89;25,72;33,06;0,11;0,00;"9.2. OFERTA V1 REV CU VALORI PTDE.pdf – F3 cu valori (Spital paliatie, desfiintare C1-C3 si construire); pret direct fara CI/profit";2026-07-06;Proiectant S.C. Tanari Arhitect SRL / Beneficiar ACTIS (Asoc. Comunitara pt. Dezv. Intrepr. Sociale);1LARNS5Adn3FbJ7styKw3LZrEBoluKomc
sarpanta / dulgherie / lemn;RPCL02A1;REPARATII LA BALUSTRADA DIN [ 2] LEMN DE BRAD;m;74,28;9,75;64,53;0,00;0,00;"9.2. OFERTA V1 REV CU VALORI PTDE.pdf – F3 cu valori (Spital paliatie, desfiintare C1-C3 si construire); pret direct fara CI/profit";2026-07-06;Proiectant S.C. Tanari Arhitect SRL / Beneficiar ACTIS (Asoc. Comunitara pt. Dezv. Intrepr. Sociale);1LARNS5Adn3FbJ7styKw3LZrEBoluKomc
sarpanta / dulgherie / lemn;20029480;Reductie excentrica pp ignifugat d. 50/32 [resursa material];buc;7,65;7,65;;;;"9.2. OFERTA V1 REV CU VALORI PTDE.pdf – F3 cu valori (Spital paliatie, desfiintare C1-C3 si construire); pret direct fara CI/profit";2026-07-06;Proiectant S.C. Tanari Arhitect SRL / Beneficiar ACTIS (Asoc. Comunitara pt. Dezv. Intrepr. Sociale);1LARNS5Adn3FbJ7styKw3LZrEBoluKomc
sarpanta / dulgherie / lemn;RPCH10XA;Reparatii la astereala invelit. scand. rasin. 24 mm exec. inloc. astere. scand. brute la constr. obisnuite;mp;116,67;73,22;43,46;0,00;0,00;"Deviz oferta.pdf – F3 oferta eDevize (restaurare biserica); pret direct, la care se adauga CAM 2,25% man., CI 10%, profit 5%";2025-06-17;Executant SC Aurora Inconstruct SRL / Beneficiar Biserica Sf. Imp. Constantin si Elena;1rue0Jaajr2kNvdWBeV5ZObPL36nPRRQk
sarpanta / dulgherie / lemn;RPCH10XB;Reparatii la astereala invelit. scand. rasin. 24 mm exec. inloc. astere. scand. brute la cupole si turle;mp;176,69;102,49;74,20;0,00;0,00;"Deviz oferta.pdf – F3 oferta eDevize (restaurare biserica); pret direct, la care se adauga CAM 2,25% man., CI 10%, profit 5%";2025-06-17;Executant SC Aurora Inconstruct SRL / Beneficiar Biserica Sf. Imp. Constantin si Elena;1rue0Jaajr2kNvdWBeV5ZObPL36nPRRQk
sarpanta / dulgherie / lemn;RPCH10XA;Reparatii la astereala invelit.scind.rasin.24 mmexec.inloc.astere.scind.brute la constr.obisnuite;mp;78,00;50,50;27,50;0,00;0,00;5-BISERICA GARLASI-BISERICA-CU VALORI.PDF – F3 Arhitectura (SofteH, listat 12.05.2023);2023-05-12;Beneficiar Parohia/Biserica Garlasi, Buzau (deviz proiectant);1SStdo4o2D6OmwG1EnsxdCLK3tnqJIy_y
sarpanta / dulgherie / lemn;RPCH10XB;Reparatii la astereala invelit.scind.rasin.24 mmexec.inloc.astere.scind.brute la cupole si turle;mp;86,92;52,92;34,00;0,00;0,00;5-BISERICA GARLASI-BISERICA-CU VALORI.PDF – F3 Arhitectura (SofteH, listat 12.05.2023);2023-05-12;Beneficiar Parohia/Biserica Garlasi, Buzau (deviz proiectant);1SStdo4o2D6OmwG1EnsxdCLK3tnqJIy_y
sarpanta / dulgherie / lemn;RPCH11A1;Reparatii la astereala invelitorii din scanduri de rasinoase de 24 mm, prin inlocuirea asterealei stricate;mp;48,58;31,08;17,50;0,00;0,00;"Oferta_financiara_BILZI_Romgaz_Stejari.xlsx – F3 oferta proprie (reparatie acoperis bloc Stejari, Medias); pret direct, adaos 30% separat";2026-10-01;Ofertant BILZI STEEL PROFILE SRL / Beneficiar SNGN Romgaz SA;1vUAaUr8ZpPF-rApifT3WOnjFNW2sKdj-
sarpanta / dulgherie / lemn;CE20A1;Rigle din lemn de rășinoase așezate pe căpriori de beton armat sau metalici;mp;11,10;5,85;5,25;0,00;0,00;"Propunere_financiara_BILZI_SDF_Onesti.xlsx – F3 oferta proprie (lucrari acoperis hala, Romsilva DS Bacau); pret direct, adaos 25% separat";2026-10-01;Ofertant BILZI STEEL PROFILE SRL / Beneficiar RNP Romsilva DS Bacau;1pe4vyBBOUknM1CDZScHidnvsaDDsmVIx
sarpanta / dulgherie / lemn;M03;Rigle lemn rășinoase [resursa material, Estimare preț de piață – de verificat];mc;1300,00;1300,00;;;;"Propunere_financiara_BILZI_SDF_Onesti.xlsx – foaia Preturi (resurse; EUR furnizor convertit de autor la BNR+1% = 5,3313)";2026-10-01;BILZI STEEL PROFILE SRL;1pe4vyBBOUknM1CDZScHidnvsaDDsmVIx
sarpanta / dulgherie / lemn;RPCH01C+corectia01;Sarpanta simpla provizorie din lemn rotund, in 2 ape, inclusiv fieraria de prindere si ancorare;mp;172,22;94,51;74,97;2,75;0,00;"Deviz oferta.pdf – F3 oferta eDevize (restaurare biserica); pret direct, la care se adauga CAM 2,25% man., CI 10%, profit 5%";2025-06-17;Executant SC Aurora Inconstruct SRL / Beneficiar Biserica Sf. Imp. Constantin si Elena;1rue0Jaajr2kNvdWBeV5ZObPL36nPRRQk
sarpanta / dulgherie / lemn;M04;Scoabe și cuie 5 x 120 pentru șarpantă [resursa material, Estimare preț de piață – de verificat];kg;11,00;11,00;;;;"Propunere_financiara_BILZI_SDF_Onesti.xlsx – foaia Preturi (resurse; EUR furnizor convertit de autor la BNR+1% = 5,3313)";2026-10-01;BILZI STEEL PROFILE SRL;1pe4vyBBOUknM1CDZScHidnvsaDDsmVIx
sarpanta / dulgherie / lemn;M02;Scândură rășinoase 24 mm pentru astereală [resursa material, Estimare preț de piață – de verificat];mc;1200,00;1200,00;;;;"Propunere_financiara_BILZI_SDF_Onesti.xlsx – foaia Preturi (resurse; EUR furnizor convertit de autor la BNR+1% = 5,3313)";2026-10-01;BILZI STEEL PROFILE SRL;1pe4vyBBOUknM1CDZScHidnvsaDDsmVIx
sarpanta / dulgherie / lemn;M06;Soluție ignifugă pentru lemn [resursa material, Estimare preț de piață – de verificat];kg;12,00;12,00;;;;"Propunere_financiara_BILZI_SDF_Onesti.xlsx – foaia Preturi (resurse; EUR furnizor convertit de autor la BNR+1% = 5,3313)";2026-10-01;BILZI STEEL PROFILE SRL;1pe4vyBBOUknM1CDZScHidnvsaDDsmVIx
sarpanta / dulgherie / lemn;RMA08A;Sprijiniri de arce si bolti cu sustineri de bile sau popi de lemn de brad ecarisat, inclusiv talpile si contravanturile;mc;2232,29;1920,30;251,99;60,00;0,00;"Deviz oferta.pdf – F3 oferta eDevize (restaurare biserica); pret direct, la care se adauga CAM 2,25% man., CI 10%, profit 5%";2025-06-17;Executant SC Aurora Inconstruct SRL / Beneficiar Biserica Sf. Imp. Constantin si Elena;1rue0Jaajr2kNvdWBeV5ZObPL36nPRRQk
sarpanta / dulgherie / lemn;RCSA04A%;Sprijiniri orizontale de maluri, in spatii inguste, l=<1m <20mc, usoare (interspatii dulapi >20cm);mp;15,58;4,32;11,02;0,24;0,00;"9.2. OFERTA V1 REV CU VALORI PTDE.pdf – F3 cu valori (Spital paliatie, desfiintare C1-C3 si construire); pret direct fara CI/profit";2026-07-06;Proiectant S.C. Tanari Arhitect SRL / Beneficiar ACTIS (Asoc. Comunitara pt. Dezv. Intrepr. Sociale);1LARNS5Adn3FbJ7styKw3LZrEBoluKomc
sarpanta / dulgherie / lemn;RPCH12XA;Strasina infundata,din scind.ras.faltuite 24mm,pa-ziile scind.brad 28mm fara console aparente;mp;241,28;154,28;87,00;0,00;0,00;5-BISERICA GARLASI-BISERICA-CU VALORI.PDF – F3 Arhitectura (SofteH, listat 12.05.2023);2023-05-12;Beneficiar Parohia/Biserica Garlasi, Buzau (deviz proiectant);1SStdo4o2D6OmwG1EnsxdCLK3tnqJIy_y
sarpanta / dulgherie / lemn;RPCH12XA;Streasina infundata, din scand. ras. faltuite 24 mm, paziile scand. brad 28 mm fara console aparente;mp;130,82;76,44;54,38;0,00;0,00;"Deviz oferta.pdf – F3 oferta eDevize (restaurare biserica); pret direct, la care se adauga CAM 2,25% man., CI 10%, profit 5%";2025-06-17;Executant SC Aurora Inconstruct SRL / Beneficiar Biserica Sf. Imp. Constantin si Elena;1rue0Jaajr2kNvdWBeV5ZObPL36nPRRQk
sarpanta / dulgherie / lemn;EF03D1;Tablou electric, format panou, dulap, celula sau pupitru, avand greutatea... peste 500 kg;buc;15830,17;15019,39;810,78;0,00;0,00;"Deviz oferta.pdf – F3 oferta eDevize (restaurare biserica); pret direct, la care se adauga CAM 2,25% man., CI 10%, profit 5%";2025-06-17;Executant SC Aurora Inconstruct SRL / Beneficiar Biserica Sf. Imp. Constantin si Elena;1rue0Jaajr2kNvdWBeV5ZObPL36nPRRQk
sarpanta / dulgherie / lemn;EF03D1;Tablou electric, format panou, dulap, celula sau pupitru, avand greutatea... peste 500 kg;buc;4830,17;4019,39;810,78;0,00;0,00;"Deviz oferta.pdf – F3 oferta eDevize (restaurare biserica); pret direct, la care se adauga CAM 2,25% man., CI 10%, profit 5%";2025-06-17;Executant SC Aurora Inconstruct SRL / Beneficiar Biserica Sf. Imp. Constantin si Elena;1rue0Jaajr2kNvdWBeV5ZObPL36nPRRQk
sarpanta / dulgherie / lemn;EF03D1;Tablou electric, format panou, dulap, celula sau pupitru, avand greutatea... peste 500 kg;buc;14830,17;14019,39;810,78;0,00;0,00;"Deviz oferta.pdf – F3 oferta eDevize (restaurare biserica); pret direct, la care se adauga CAM 2,25% man., CI 10%, profit 5%";2025-06-17;Executant SC Aurora Inconstruct SRL / Beneficiar Biserica Sf. Imp. Constantin si Elena;1rue0Jaajr2kNvdWBeV5ZObPL36nPRRQk
sarpanta / dulgherie / lemn;CD21A-03%;Tavane suspendate din gipscarton pe rigle de lemn pentru finisarea mansardelor - pentru incaperi cu suprafete masurate in plan orizontal egale sau mai mari de 16 mp;mp;99,21;31,06;68,15;0,00;0,00;"9.2. OFERTA V1 REV CU VALORI PTDE.pdf – F3 cu valori (Spital paliatie, desfiintare C1-C3 si construire); pret direct fara CI/profit";2026-07-06;Proiectant S.C. Tanari Arhitect SRL / Beneficiar ACTIS (Asoc. Comunitara pt. Dezv. Intrepr. Sociale);1LARNS5Adn3FbJ7styKw3LZrEBoluKomc
sarpanta / dulgherie / lemn;RPCXR04A;VOPSITORIE TIMPLARIE LEMN OBISNUITA PESTE VOPSEA EXISTENTA CU EMAIL ALHIDIC;mp;64,23;;;;;"9.2. OFERTA V1 REV CU VALORI PTDE.pdf – F3 cu valori (Spital paliatie, desfiintare C1-C3 si construire); pret direct fara CI/profit";2026-07-06;Proiectant S.C. Tanari Arhitect SRL / Beneficiar ACTIS (Asoc. Comunitara pt. Dezv. Intrepr. Sociale);1LARNS5Adn3FbJ7styKw3LZrEBoluKomc
sarpanta / dulgherie / lemn;CE17A1;Șarpantă din lemn executată pe scaune la învelitori ușoare;mp;97,35;56,35;40,00;1,00;0,00;"Propunere_financiara_BILZI_SDF_Onesti.xlsx – F3 oferta proprie (lucrari acoperis hala, Romsilva DS Bacau); pret direct, adaos 25% separat";2026-10-01;Ofertant BILZI STEEL PROFILE SRL / Beneficiar RNP Romsilva DS Bacau;1pe4vyBBOUknM1CDZScHidnvsaDDsmVIx
schele;CB14C;Schela met tubulara pt finis tavane H = 7 m cu imobiliz schelei timp de 15 zile (120 ore);mp;38,70;0,79;37,80;0,11;0,00;"Deviz oferta.pdf – F3 oferta eDevize (restaurare biserica); pret direct, la care se adauga CAM 2,25% man., CI 10%, profit 5%";2025-06-17;Executant SC Aurora Inconstruct SRL / Beneficiar Biserica Sf. Imp. Constantin si Elena;1rue0Jaajr2kNvdWBeV5ZObPL36nPRRQk
schele;CB14C;Schela met tubulara pt finis tavane h= 7 m cu imobiliz schelei timp de 15 zile(120 ore);mp;30,20;0,00;30,00;0,20;0,00;5-BISERICA GARLASI-BISERICA-CU VALORI.PDF – F3 Arhitectura (SofteH, listat 12.05.2023);2023-05-12;Beneficiar Parohia/Biserica Garlasi, Buzau (deviz proiectant);1SStdo4o2D6OmwG1EnsxdCLK3tnqJIy_y
terasamente;ATD11A;Cablu masura,cda,semnalizare pozat in pamant cu:pina la 10 fire conductoare de 1,5 mmp;m;23,31;20,20;3,11;0,00;0,00;"9.2. OFERTA V1 REV CU VALORI PTDE.pdf – F3 cu valori (Spital paliatie, desfiintare C1-C3 si construire); pret direct fara CI/profit";2026-07-06;Proiectant S.C. Tanari Arhitect SRL / Beneficiar ACTIS (Asoc. Comunitara pt. Dezv. Intrepr. Sociale);1LARNS5Adn3FbJ7styKw3LZrEBoluKomc
terasamente;TSD04C1;Compactarea cu maiul de mana a umpluturilor executate in sapaturi orizontale sau inclinate la 1/4, inclusiv udarea fiecarui strat de pamant in parte, avand:... 20 cm grosime pamant necoeziv;mc;47,47;0,85;46,62;0,00;0,00;"Deviz oferta.pdf – F3 oferta eDevize (restaurare biserica); pret direct, la care se adauga CAM 2,25% man., CI 10%, profit 5%";2025-06-17;Executant SC Aurora Inconstruct SRL / Beneficiar Biserica Sf. Imp. Constantin si Elena;1rue0Jaajr2kNvdWBeV5ZObPL36nPRRQk
terasamente;TSD04C1;Compactarea cu maiul de mana a umpluturilor executate in sapaturi orizontale sau inclinate la 1/4, inclusiv udarea fiecarui strat de pamant in parte, avand:... 20 cm grosime pamant necoeziv;mc;105,84;0,85;104,99;0,00;0,00;"Deviz oferta.pdf – F3 oferta eDevize (restaurare biserica); pret direct, la care se adauga CAM 2,25% man., CI 10%, profit 5%";2025-06-17;Executant SC Aurora Inconstruct SRL / Beneficiar Biserica Sf. Imp. Constantin si Elena;1rue0Jaajr2kNvdWBeV5ZObPL36nPRRQk
terasamente;TSD04A1;Compactarea cu maiul de mana a umpluturilor executate in sapaturi orizontale sau inclinate la 1/4,inclusiv udarea fiecarui strat de pamant in parte,avand :...10 cm grosime pamant;mc;26,27;1,04;25,23;0,00;0,00;"9.2. OFERTA V1 REV CU VALORI PTDE.pdf – F3 cu valori (Spital paliatie, desfiintare C1-C3 si construire); pret direct fara CI/profit";2026-07-06;Proiectant S.C. Tanari Arhitect SRL / Beneficiar ACTIS (Asoc. Comunitara pt. Dezv. Intrepr. Sociale);1LARNS5Adn3FbJ7styKw3LZrEBoluKomc
terasamente;TSD04D1;Compactarea cu maiul de mana a umpluturilor executate in sapaturi orizontale sau inclinate la 1/4,inclusiv udarea fiecarui strat de pamant in parte,avand :...20 cm grosime pamant;mc;20,47;1,04;19,43;0,00;0,00;"9.2. OFERTA V1 REV CU VALORI PTDE.pdf – F3 cu valori (Spital paliatie, desfiintare C1-C3 si construire); pret direct fara CI/profit";2026-07-06;Proiectant S.C. Tanari Arhitect SRL / Beneficiar ACTIS (Asoc. Comunitara pt. Dezv. Intrepr. Sociale);1LARNS5Adn3FbJ7styKw3LZrEBoluKomc
terasamente;EG08B1;Conducta de legare la pamînt, a instalatiei de paratrasnet sau a instalatiei de protectie prin legarea la pamânt, montata în pamânt, inclusiv saparea si umplerea santului, conducta;m;58,39;18,08;40,31;0,00;0,00;"9.2. OFERTA V1 REV CU VALORI PTDE.pdf – F3 cu valori (Spital paliatie, desfiintare C1-C3 si construire); pret direct fara CI/profit";2026-07-06;Proiectant S.C. Tanari Arhitect SRL / Beneficiar ACTIS (Asoc. Comunitara pt. Dezv. Intrepr. Sociale);1LARNS5Adn3FbJ7styKw3LZrEBoluKomc
terasamente;EG10A1;Cutie cu eclisa de legatura,... pentru centura de impamantare;buc;189,43;102,50;86,93;0,00;0,00;"Deviz oferta.pdf – F3 oferta eDevize (restaurare biserica); pret direct, la care se adauga CAM 2,25% man., CI 10%, profit 5%";2025-06-17;Executant SC Aurora Inconstruct SRL / Beneficiar Biserica Sf. Imp. Constantin si Elena;1rue0Jaajr2kNvdWBeV5ZObPL36nPRRQk
terasamente;EG13A#;Cutie cu eclisa...pentru centura de impamantare;buc;45,23;4,30;40,60;0,33;0,00;"9.2. OFERTA V1 REV CU VALORI PTDE.pdf – F3 cu valori (Spital paliatie, desfiintare C1-C3 si construire); pret direct fara CI/profit";2026-07-06;Proiectant S.C. Tanari Arhitect SRL / Beneficiar ACTIS (Asoc. Comunitara pt. Dezv. Intrepr. Sociale);1LARNS5Adn3FbJ7styKw3LZrEBoluKomc
terasamente;TSD01C1;Imprastierea cu lopata a pamant. afinat, strat uniform 10-30 cm. gros cu sfarim. bulg. teren... pamant coeziv;mc;27,28;0,00;27,28;0,00;0,00;"Deviz oferta.pdf – F3 oferta eDevize (restaurare biserica); pret direct, la care se adauga CAM 2,25% man., CI 10%, profit 5%";2025-06-17;Executant SC Aurora Inconstruct SRL / Beneficiar Biserica Sf. Imp. Constantin si Elena;1rue0Jaajr2kNvdWBeV5ZObPL36nPRRQk
terasamente;TSD01C1;Imprastierea cu lopata a pamant. afinat, strat uniform 10-30 cm. gros cu sfarim. bulg. teren... pamant coeziv;mc;94,50;0,00;94,50;0,00;0,00;"Deviz oferta.pdf – F3 oferta eDevize (restaurare biserica); pret direct, la care se adauga CAM 2,25% man., CI 10%, profit 5%";2025-06-17;Executant SC Aurora Inconstruct SRL / Beneficiar Biserica Sf. Imp. Constantin si Elena;1rue0Jaajr2kNvdWBeV5ZObPL36nPRRQk
terasamente;TSD01C1;Imprastierea cu lopata a pamant. afinat,strat uniform 10-30cm. gros cu sfarim. bulg. teren...pamant coeziv;mc;12,47;0,00;12,47;0,00;0,00;"9.2. OFERTA V1 REV CU VALORI PTDE.pdf – F3 cu valori (Spital paliatie, desfiintare C1-C3 si construire); pret direct fara CI/profit";2026-07-06;Proiectant S.C. Tanari Arhitect SRL / Beneficiar ACTIS (Asoc. Comunitara pt. Dezv. Intrepr. Sociale);1LARNS5Adn3FbJ7styKw3LZrEBoluKomc
terasamente;SPVA14A;Pamant vegetal [1] [1];mc;172,30;65,00;107,30;0,00;0,00;"9.2. OFERTA V1 REV CU VALORI PTDE.pdf – F3 cu valori (Spital paliatie, desfiintare C1-C3 si construire); pret direct fara CI/profit";2026-07-06;Proiectant S.C. Tanari Arhitect SRL / Beneficiar ACTIS (Asoc. Comunitara pt. Dezv. Intrepr. Sociale);1LARNS5Adn3FbJ7styKw3LZrEBoluKomc
terasamente;W1MN06A#;Piesa de separatie pentru priza de pamânt... - montare;buc;34,52;25,82;8,70;0,00;0,00;"9.2. OFERTA V1 REV CU VALORI PTDE.pdf – F3 cu valori (Spital paliatie, desfiintare C1-C3 si construire); pret direct fara CI/profit";2026-07-06;Proiectant S.C. Tanari Arhitect SRL / Beneficiar ACTIS (Asoc. Comunitara pt. Dezv. Intrepr. Sociale);1LARNS5Adn3FbJ7styKw3LZrEBoluKomc
terasamente;EB09A1;Piesa flexibila, pentru racordarea suplimentara a receptoarelor electrice la instalatia de legare la pamant din conducta de cupru, avand sectiunea de 16-95 mmp;buc;50,25;23,79;26,46;0,00;0,00;"Deviz oferta.pdf – F3 oferta eDevize (restaurare biserica); pret direct, la care se adauga CAM 2,25% man., CI 10%, profit 5%";2025-06-17;Executant SC Aurora Inconstruct SRL / Beneficiar Biserica Sf. Imp. Constantin si Elena;1rue0Jaajr2kNvdWBeV5ZObPL36nPRRQk
terasamente;ACE08E1;Pietris refuz de ciur [5];mc;388,53;363,88;24,65;0,00;0,00;"9.2. OFERTA V1 REV CU VALORI PTDE.pdf – F3 cu valori (Spital paliatie, desfiintare C1-C3 si construire); pret direct fara CI/profit";2026-07-06;Proiectant S.C. Tanari Arhitect SRL / Beneficiar ACTIS (Asoc. Comunitara pt. Dezv. Intrepr. Sociale);1LARNS5Adn3FbJ7styKw3LZrEBoluKomc
terasamente;RPCA01A1;SAPATURA DE PAMINT IN SPATII LIMITATE SUB 1,00 M LATIME SI 1,50 M ADINCIME CU MALURI NESPRIJINIT;MC;89,90;0,00;89,90;0,00;0,00;"9.2. OFERTA V1 REV CU VALORI PTDE.pdf – F3 cu valori (Spital paliatie, desfiintare C1-C3 si construire); pret direct fara CI/profit";2026-07-06;Proiectant S.C. Tanari Arhitect SRL / Beneficiar ACTIS (Asoc. Comunitara pt. Dezv. Intrepr. Sociale);1LARNS5Adn3FbJ7styKw3LZrEBoluKomc
terasamente;CGB05A+;Sapa autonivelanta de ipsos, Nivello Duo, C16-F5, gros. 2-10mm, pt. nivelarea suportului-pardoseli int., aplic.pe suport NEabsorbant (kg/1mm gros.sapa);mp;10,43;8,11;2,32;0,00;0,00;"9.2. OFERTA V1 REV CU VALORI PTDE.pdf – F3 cu valori (Spital paliatie, desfiintare C1-C3 si construire); pret direct fara CI/profit";2026-07-06;Proiectant S.C. Tanari Arhitect SRL / Beneficiar ACTIS (Asoc. Comunitara pt. Dezv. Intrepr. Sociale);1LARNS5Adn3FbJ7styKw3LZrEBoluKomc
terasamente;RMAA03A;Sapatura de pamant in spatii limit. cu sprij. teren, supuse cercetarii arheologice: teren normal 1-3 m;mc;150,48;9,94;110,25;30,30;0,00;"Deviz oferta.pdf – F3 oferta eDevize (restaurare biserica); pret direct, la care se adauga CAM 2,25% man., CI 10%, profit 5%";2025-06-17;Executant SC Aurora Inconstruct SRL / Beneficiar Biserica Sf. Imp. Constantin si Elena;1rue0Jaajr2kNvdWBeV5ZObPL36nPRRQk
terasamente;RMAA03A;Sapatura de pamant in spatii limit.cu sprij.teren,supuse cercetarii arheologice:teren normal 1-3 m;mc;478,22;128,22;350,00;0,00;0,00;5-BISERICA GARLASI-BISERICA-CU VALORI.PDF – F3 Arhitectura (SofteH, listat 12.05.2023);2023-05-12;Beneficiar Parohia/Biserica Garlasi, Buzau (deviz proiectant);1SStdo4o2D6OmwG1EnsxdCLK3tnqJIy_y
terasamente;RPCA01B1;Sapatura de pamant in spatii limitate sub 1,00 m latime si 1,50 adancime, cu talaz vertical, pentru gropi poligonale de fundatii, santuri, canale etc., executate in cantitati pana la 20mp la punctul de lucru cu maluri... sprijinite;mc;88,00;0,00;88,00;0,00;0,00;"Deviz oferta.pdf – F3 oferta eDevize (restaurare biserica); pret direct, la care se adauga CAM 2,25% man., CI 10%, profit 5%";2025-06-17;Executant SC Aurora Inconstruct SRL / Beneficiar Biserica Sf. Imp. Constantin si Elena;1rue0Jaajr2kNvdWBeV5ZObPL36nPRRQk
terasamente;RPCA01B1;Sapatura de pamant in spatii limitate sub 1,00 m latime si 1,50 m adancime, cu talaz vertical, pentru gropi poligonale de fundatii, santui, canale etc., executate in cantitati pana la 20mp la punctul de lucru cu maluri... sprijinite;mc;88,00;0,00;88,00;0,00;0,00;"Deviz oferta.pdf – F3 oferta eDevize (restaurare biserica); pret direct, la care se adauga CAM 2,25% man., CI 10%, profit 5%";2025-06-17;Executant SC Aurora Inconstruct SRL / Beneficiar Biserica Sf. Imp. Constantin si Elena;1rue0Jaajr2kNvdWBeV5ZObPL36nPRRQk
terasamente;TSA01A2;Sapatura manuala de pamant in spatii inchise la deblee, in canale deschise, in gropi de imprumut la indepartarea stratului vegetal de 10-30 cm grosime etc... in pamant imbib.cu apa arunc. in depoz. sau vehicul a carei platforma este sub sau cel mult 06.60 m peste nivelul;mc;98,27;0,00;98,27;0,00;0,00;"Deviz oferta.pdf – F3 oferta eDevize (restaurare biserica); pret direct, la care se adauga CAM 2,25% man., CI 10%, profit 5%";2025-06-17;Executant SC Aurora Inconstruct SRL / Beneficiar Biserica Sf. Imp. Constantin si Elena;1rue0Jaajr2kNvdWBeV5ZObPL36nPRRQk
terasamente;;Sapatura pentru platforma (articol global, furnizare+executie);mc;100,00;;;;;Liste cantitati de lucrari.pdf – F3 cu valori, cat. Rezistenta (stocare energie parc fotovoltaic);2026-09-21;Proiectant SC Ogaus Technology SRL / Beneficiar Comuna Galbinasi;1Pkc-tOjidHMsOUDK1B8pxyq5dmS7om08
terasamente;RPCA01B+corectie01;Sapaturi de pamant in spatii limitate, avand sub 1,00 m latime si maximum 1,50 m adancime, cu taluz vertical, si maluri sprijinite cu sprijiniri usoare;mc;188,99;0,00;188,99;0,00;0,00;"Deviz oferta.pdf – F3 oferta eDevize (restaurare biserica); pret direct, la care se adauga CAM 2,25% man., CI 10%, profit 5%";2025-06-17;Executant SC Aurora Inconstruct SRL / Beneficiar Biserica Sf. Imp. Constantin si Elena;1rue0Jaajr2kNvdWBeV5ZObPL36nPRRQk
terasamente;DA06B1;Strat agreg nat cilindrate cu func rezist filtrant izolat aerisire si anticap cu aster mec balast;mc;150,57;93,74;23,23;33,60;0,00;"Deviz oferta.pdf – F3 oferta eDevize (restaurare biserica); pret direct, la care se adauga CAM 2,25% man., CI 10%, profit 5%";2025-06-17;Executant SC Aurora Inconstruct SRL / Beneficiar Biserica Sf. Imp. Constantin si Elena;1rue0Jaajr2kNvdWBeV5ZObPL36nPRRQk
terasamente;IFB09E3;Strat drenant din pietris pentru dren;mp;66,08;;;;;"Deviz oferta.pdf – F3 oferta eDevize (restaurare biserica); pret direct, la care se adauga CAM 2,25% man., CI 10%, profit 5%";2025-06-17;Executant SC Aurora Inconstruct SRL / Beneficiar Biserica Sf. Imp. Constantin si Elena;1rue0Jaajr2kNvdWBeV5ZObPL36nPRRQk
terasamente;ACA08XB;Teava pvc mufata de 9m lung,mont. in pamant in extclad.etansata cu garnit de cauc.diam de 200-225mm;m;13,07;0,00;13,05;0,02;0,00;"9.2. OFERTA V1 REV CU VALORI PTDE.pdf – F3 cu valori (Spital paliatie, desfiintare C1-C3 si construire); pret direct fara CI/profit";2026-07-06;Proiectant S.C. Tanari Arhitect SRL / Beneficiar ACTIS (Asoc. Comunitara pt. Dezv. Intrepr. Sociale);1LARNS5Adn3FbJ7styKw3LZrEBoluKomc
terasamente;ACA07XB;Teava pvc tip 4(g)sau3(m) mont in pamant in ext. cladirilor avand diam de 110-160mm;m;10,75;0,00;10,73;0,02;0,00;"9.2. OFERTA V1 REV CU VALORI PTDE.pdf – F3 cu valori (Spital paliatie, desfiintare C1-C3 si construire); pret direct fara CI/profit";2026-07-06;Proiectant S.C. Tanari Arhitect SRL / Beneficiar ACTIS (Asoc. Comunitara pt. Dezv. Intrepr. Sociale);1LARNS5Adn3FbJ7styKw3LZrEBoluKomc
terasamente;ACA07XC;Teava pvc tip 4(g)sau3(m) mont in pamant in ext. cladirilor avand diam de 170-210mm;m;13,07;0,00;13,05;0,02;0,00;"9.2. OFERTA V1 REV CU VALORI PTDE.pdf – F3 cu valori (Spital paliatie, desfiintare C1-C3 si construire); pret direct fara CI/profit";2026-07-06;Proiectant S.C. Tanari Arhitect SRL / Beneficiar ACTIS (Asoc. Comunitara pt. Dezv. Intrepr. Sociale);1LARNS5Adn3FbJ7styKw3LZrEBoluKomc
terasamente;SB16E1;Teava pvc-u neplastifiata...pentru canalizare,Montare aparent in nisa,ingrop. pamant,suspend. planseu,cu d=110 mm;m;22,71;10,53;12,18;0,00;0,00;"9.2. OFERTA V1 REV CU VALORI PTDE.pdf – F3 cu valori (Spital paliatie, desfiintare C1-C3 si construire); pret direct fara CI/profit";2026-07-06;Proiectant S.C. Tanari Arhitect SRL / Beneficiar ACTIS (Asoc. Comunitara pt. Dezv. Intrepr. Sociale);1LARNS5Adn3FbJ7styKw3LZrEBoluKomc
terasamente;TSD13A1;Udarea manuala a straturilor de pamant cu stropitoarea, pentru completarea umiditatii necesare compactarii, precum si a suprafetelor insamantate sau brazduite pentru consolidarea lor, in zona inaccesibila utilajului de udat mecanic... de pamant si a supraf.;mc;113,55;8,50;105,05;0,00;0,00;"Deviz oferta.pdf – F3 oferta eDevize (restaurare biserica); pret direct, la care se adauga CAM 2,25% man., CI 10%, profit 5%";2025-06-17;Executant SC Aurora Inconstruct SRL / Beneficiar Biserica Sf. Imp. Constantin si Elena;1rue0Jaajr2kNvdWBeV5ZObPL36nPRRQk
terasamente;TSD13A1;Udarea manuala a straturilor de pamant cu stropitoarea, pentru completarea umiditatii necesare compactarii, precum si a suprafetelor insamantate sau brazduite pentru consolidarea lor, in zona innacesibila utilajului de udat mecanic... de pamant si a suprf.;mc;104,26;8,50;95,76;0,00;0,00;"Deviz oferta.pdf – F3 oferta eDevize (restaurare biserica); pret direct, la care se adauga CAM 2,25% man., CI 10%, profit 5%";2025-06-17;Executant SC Aurora Inconstruct SRL / Beneficiar Biserica Sf. Imp. Constantin si Elena;1rue0Jaajr2kNvdWBeV5ZObPL36nPRRQk
terasamente;ACE08E1;Umplutura cu balast [2];mc;112,65;88,00;24,65;0,00;0,00;"9.2. OFERTA V1 REV CU VALORI PTDE.pdf – F3 cu valori (Spital paliatie, desfiintare C1-C3 si construire); pret direct fara CI/profit";2026-07-06;Proiectant S.C. Tanari Arhitect SRL / Beneficiar ACTIS (Asoc. Comunitara pt. Dezv. Intrepr. Sociale);1LARNS5Adn3FbJ7styKw3LZrEBoluKomc
terasamente;;Umplutura din balast compactat (articol global, furnizare+executie);mc;200,00;;;;;Liste cantitati de lucrari.pdf – F3 cu valori, cat. Rezistenta (stocare energie parc fotovoltaic);2026-09-21;Proiectant SC Ogaus Technology SRL / Beneficiar Comuna Galbinasi;1Pkc-tOjidHMsOUDK1B8pxyq5dmS7om08
terasamente;ACE08E1;Umplutura in sant la cond. de alim. cu apa si canalizare cu balast;mc;112,65;;;;;"9.2. OFERTA V1 REV CU VALORI PTDE.pdf – F3 cu valori (Spital paliatie, desfiintare C1-C3 si construire); pret direct fara CI/profit";2026-07-06;Proiectant S.C. Tanari Arhitect SRL / Beneficiar ACTIS (Asoc. Comunitara pt. Dezv. Intrepr. Sociale);1LARNS5Adn3FbJ7styKw3LZrEBoluKomc
terasamente;RPCA03;Umplutura pamint executata in straturi orizontale de 20-30 cm gros.udata si batuta cu maiul de mina;mc;63,39;1,04;62,35;0,00;0,00;"9.2. OFERTA V1 REV CU VALORI PTDE.pdf – F3 cu valori (Spital paliatie, desfiintare C1-C3 si construire); pret direct fara CI/profit";2026-07-06;Proiectant S.C. Tanari Arhitect SRL / Beneficiar ACTIS (Asoc. Comunitara pt. Dezv. Intrepr. Sociale);1LARNS5Adn3FbJ7styKw3LZrEBoluKomc
terasamente;RPCXA03A;Umplutura...de pamant;mc;63,39;1,04;62,35;0,00;0,00;"9.2. OFERTA V1 REV CU VALORI PTDE.pdf – F3 cu valori (Spital paliatie, desfiintare C1-C3 si construire); pret direct fara CI/profit";2026-07-06;Proiectant S.C. Tanari Arhitect SRL / Beneficiar ACTIS (Asoc. Comunitara pt. Dezv. Intrepr. Sociale);1LARNS5Adn3FbJ7styKw3LZrEBoluKomc
terasamente;W1P08A;Verificarea prizelor de pamant pentru lucrari de instalatii electrice la... constructii;buc;114,90;1,51;113,39;0,00;0,00;"Deviz oferta.pdf – F3 oferta eDevize (restaurare biserica); pret direct, la care se adauga CAM 2,25% man., CI 10%, profit 5%";2025-06-17;Executant SC Aurora Inconstruct SRL / Beneficiar Biserica Sf. Imp. Constantin si Elena;1rue0Jaajr2kNvdWBeV5ZObPL36nPRRQk
terasamente;W1P08A;Verificarea prizelor de pamant pentru lucrari de instalatii electrice la...constructii;buc;52,73;0,53;52,20;0,00;0,00;"9.2. OFERTA V1 REV CU VALORI PTDE.pdf – F3 cu valori (Spital paliatie, desfiintare C1-C3 si construire); pret direct fara CI/profit";2026-07-06;Proiectant S.C. Tanari Arhitect SRL / Beneficiar ACTIS (Asoc. Comunitara pt. Dezv. Intrepr. Sociale);1LARNS5Adn3FbJ7styKw3LZrEBoluKomc
termoizolatii / folii;IFA13A1 [1];FOLIE PVC;mp;24,75;22,72;2,03;0,00;0,00;"9.2. OFERTA V1 REV CU VALORI PTDE.pdf – F3 cu valori (Spital paliatie, desfiintare C1-C3 si construire); pret direct fara CI/profit";2026-07-06;Proiectant S.C. Tanari Arhitect SRL / Beneficiar ACTIS (Asoc. Comunitara pt. Dezv. Intrepr. Sociale);1LARNS5Adn3FbJ7styKw3LZrEBoluKomc
termoizolatii / folii;IFA13A1 [1];FOLIE PVC;mp;24,63;22,60;2,03;0,00;0,00;"9.2. OFERTA V1 REV CU VALORI PTDE.pdf – F3 cu valori (Spital paliatie, desfiintare C1-C3 si construire); pret direct fara CI/profit";2026-07-06;Proiectant S.C. Tanari Arhitect SRL / Beneficiar ACTIS (Asoc. Comunitara pt. Dezv. Intrepr. Sociale);1LARNS5Adn3FbJ7styKw3LZrEBoluKomc
termoizolatii / folii;;Folie PVC sub platforma (articol global, furnizare+executie);mp;50,00;;;;;Liste cantitati de lucrari.pdf – F3 cu valori, cat. Rezistenta (stocare energie parc fotovoltaic);2026-09-21;Proiectant SC Ogaus Technology SRL / Beneficiar Comuna Galbinasi;1Pkc-tOjidHMsOUDK1B8pxyq5dmS7om08
termoizolatii / folii;;IT-Izolatie termica din vata minerala caserata, protectie cu folie din aluminiu, g=30/40 mm, inclusiv materiale de imbinare (ptr. traseu termic panouri solare);ml;48,45;;;;;"Oferta SD-6 409-E Hotel PIETROASA (Climatronic) – foaia Cap.5- Centrala Termica; 9.5 EUR x 5,1";2025-09-01;Ofertant Climatronic SRL / Beneficiar Hotel Pietroasa SA Buzau;1ne-s6Ae1aOu82-H0kXysRaOdfZGkZ7l7
termoizolatii / folii;;IT-Izolatie termica tip Kflex -placa autoadeziva cu folie de protectie din aluminiu g=19÷13mm, inclusiv materiale de izolare traseu (banda autoadeziva, banda de matisare);m²;84,15;;;;;"Oferta SD-6 409-E Hotel PIETROASA (Climatronic) – foaia Cap.4-Instalatie apa racita; 16.5 EUR x 5,1";2025-09-01;Ofertant Climatronic SRL / Beneficiar Hotel Pietroasa SA Buzau;1ne-s6Ae1aOu82-H0kXysRaOdfZGkZ7l7
termoizolatii / folii;IZF001A;IZOLAREA CONDUCTELOR DE INSTALATII CU COCHILII DIN SPUMA POLIURETANICA CASERATE CU FOLIE DE ALUMINIU;m;4,64;3,12;1,16;0,36;0,00;"9.2. OFERTA V1 REV CU VALORI PTDE.pdf – F3 cu valori (Spital paliatie, desfiintare C1-C3 si construire); pret direct fara CI/profit";2026-07-06;Proiectant S.C. Tanari Arhitect SRL / Beneficiar ACTIS (Asoc. Comunitara pt. Dezv. Intrepr. Sociale);1LARNS5Adn3FbJ7styKw3LZrEBoluKomc
termoizolatii / folii;RPIF09D#;Izolatia conductelor cu mansoane de iz. speciala, introduse pe conducte, diametrul 12-54 * 13 mm;m;74,34;47,56;26,78;0,00;0,00;"Deviz oferta.pdf – F3 oferta eDevize (restaurare biserica); pret direct, la care se adauga CAM 2,25% man., CI 10%, profit 5%";2025-06-17;Executant SC Aurora Inconstruct SRL / Beneficiar Biserica Sf. Imp. Constantin si Elena;1rue0Jaajr2kNvdWBeV5ZObPL36nPRRQk
termoizolatii / folii;RPIF09D#;Izolatia conductelor cu mansoane de iz. speciala, introduse pe conducte, diametrul 12-54 * 13 mm;m;77,18;50,40;26,78;0,00;0,00;"Deviz oferta.pdf – F3 oferta eDevize (restaurare biserica); pret direct, la care se adauga CAM 2,25% man., CI 10%, profit 5%";2025-06-17;Executant SC Aurora Inconstruct SRL / Beneficiar Biserica Sf. Imp. Constantin si Elena;1rue0Jaajr2kNvdWBeV5ZObPL36nPRRQk
termoizolatii / folii;RPIF09D#;Izolatia conductelor cu mansoane de iz. speciala, introduse pe conducte, diametrul 12-54 * 13 mm;m;81,53;54,76;26,78;0,00;0,00;"Deviz oferta.pdf – F3 oferta eDevize (restaurare biserica); pret direct, la care se adauga CAM 2,25% man., CI 10%, profit 5%";2025-06-17;Executant SC Aurora Inconstruct SRL / Beneficiar Biserica Sf. Imp. Constantin si Elena;1rue0Jaajr2kNvdWBeV5ZObPL36nPRRQk
termoizolatii / folii;IZD01A# [3];Izolatie TUBOLIT cu grosimea de 9 mm;m;2,03;0,51;1,16;0,36;0,00;"9.2. OFERTA V1 REV CU VALORI PTDE.pdf – F3 cu valori (Spital paliatie, desfiintare C1-C3 si construire); pret direct fara CI/profit";2026-07-06;Proiectant S.C. Tanari Arhitect SRL / Beneficiar ACTIS (Asoc. Comunitara pt. Dezv. Intrepr. Sociale);1LARNS5Adn3FbJ7styKw3LZrEBoluKomc
termoizolatii / folii;IZD01A#;Izolatie TUBOLIT cu grosimea de 9 mm 20-25;m;2,03;0,51;1,16;0,36;0,00;"9.2. OFERTA V1 REV CU VALORI PTDE.pdf – F3 cu valori (Spital paliatie, desfiintare C1-C3 si construire); pret direct fara CI/profit";2026-07-06;Proiectant S.C. Tanari Arhitect SRL / Beneficiar ACTIS (Asoc. Comunitara pt. Dezv. Intrepr. Sociale);1LARNS5Adn3FbJ7styKw3LZrEBoluKomc
termoizolatii / folii;IZD01B#;Izolatie TUBOLIT cu grosimea de 9 mm 32-50;m;3,39;0,91;2,03;0,45;0,00;"9.2. OFERTA V1 REV CU VALORI PTDE.pdf – F3 cu valori (Spital paliatie, desfiintare C1-C3 si construire); pret direct fara CI/profit";2026-07-06;Proiectant S.C. Tanari Arhitect SRL / Beneficiar ACTIS (Asoc. Comunitara pt. Dezv. Intrepr. Sociale);1LARNS5Adn3FbJ7styKw3LZrEBoluKomc
termoizolatii / folii;IZD01B+;Izolatie TUBOLIT cu grosimea de 9 mm 63-75;m;3,39;0,91;2,03;0,45;0,00;"9.2. OFERTA V1 REV CU VALORI PTDE.pdf – F3 cu valori (Spital paliatie, desfiintare C1-C3 si construire); pret direct fara CI/profit";2026-07-06;Proiectant S.C. Tanari Arhitect SRL / Beneficiar ACTIS (Asoc. Comunitara pt. Dezv. Intrepr. Sociale);1LARNS5Adn3FbJ7styKw3LZrEBoluKomc
termoizolatii / folii;2608139;Izolatie termica cu grosime de 13 mm, pentru conducta PP-R cu diametrul de 20 mm [resursa material];mp;43,98;43,98;;;;"Deviz oferta.pdf – F3 oferta eDevize (restaurare biserica); pret direct, la care se adauga CAM 2,25% man., CI 10%, profit 5%";2025-06-17;Executant SC Aurora Inconstruct SRL / Beneficiar Biserica Sf. Imp. Constantin si Elena;1rue0Jaajr2kNvdWBeV5ZObPL36nPRRQk
termoizolatii / folii;2608140;Izolatie termica cu grosime de 13 mm, pentru conducta PP-R cu diametrul de 25 mm [resursa material];mp;46,60;46,60;;;;"Deviz oferta.pdf – F3 oferta eDevize (restaurare biserica); pret direct, la care se adauga CAM 2,25% man., CI 10%, profit 5%";2025-06-17;Executant SC Aurora Inconstruct SRL / Beneficiar Biserica Sf. Imp. Constantin si Elena;1rue0Jaajr2kNvdWBeV5ZObPL36nPRRQk
termoizolatii / folii;2608141;Izolatie termica cu grosime de 13 mm, pentru conducta PP-R cu diametrul de 32 mm [resursa material];mp;50,63;50,63;;;;"Deviz oferta.pdf – F3 oferta eDevize (restaurare biserica); pret direct, la care se adauga CAM 2,25% man., CI 10%, profit 5%";2025-06-17;Executant SC Aurora Inconstruct SRL / Beneficiar Biserica Sf. Imp. Constantin si Elena;1rue0Jaajr2kNvdWBeV5ZObPL36nPRRQk
termoizolatii / folii;;Izolatie termica pentru incalzire D=23mmx9 mm;ml;2,29;;;;;"Oferta SD-6 409-E Hotel PIETROASA (Climatronic) – foaia Cap.6-Circuite hidraulice; 0.45 EUR x 5,1";2025-09-01;Ofertant Climatronic SRL / Beneficiar Hotel Pietroasa SA Buzau;1ne-s6Ae1aOu82-H0kXysRaOdfZGkZ7l7
termoizolatii / folii;;Izolatie termica pentru incalzire D=28mmx9 mm;ml;2,70;;;;;"Oferta SD-6 409-E Hotel PIETROASA (Climatronic) – foaia Cap.6-Circuite hidraulice; 0.53 EUR x 5,1";2025-09-01;Ofertant Climatronic SRL / Beneficiar Hotel Pietroasa SA Buzau;1ne-s6Ae1aOu82-H0kXysRaOdfZGkZ7l7
termoizolatii / folii;;Izolatie termica pentru incalzire D=32mmx9 mm;ml;2,96;;;;;"Oferta SD-6 409-E Hotel PIETROASA (Climatronic) – foaia Cap.6-Circuite hidraulice; 0.58 EUR x 5,1";2025-09-01;Ofertant Climatronic SRL / Beneficiar Hotel Pietroasa SA Buzau;1ne-s6Ae1aOu82-H0kXysRaOdfZGkZ7l7
termoizolatii / folii;;Izolatie termica pentru incalzire D=40mmx9 mm;ml;4,33;;;;;"Oferta SD-6 409-E Hotel PIETROASA (Climatronic) – foaia Cap.6-Circuite hidraulice; 0.85 EUR x 5,1";2025-09-01;Ofertant Climatronic SRL / Beneficiar Hotel Pietroasa SA Buzau;1ne-s6Ae1aOu82-H0kXysRaOdfZGkZ7l7
termoizolatii / folii;;Izolatie termica pentru incalzire D=50mmx9 mm;ml;4,84;;;;;"Oferta SD-6 409-E Hotel PIETROASA (Climatronic) – foaia Cap.6-Circuite hidraulice; 0.95 EUR x 5,1";2025-09-01;Ofertant Climatronic SRL / Beneficiar Hotel Pietroasa SA Buzau;1ne-s6Ae1aOu82-H0kXysRaOdfZGkZ7l7
termoizolatii / folii;;Izolatie termica pentru racire tip Kflex D=32mmx13 mm;ml;4,08;;;;;"Oferta SD-6 409-E Hotel PIETROASA (Climatronic) – foaia Cap.6-Circuite hidraulice; 0.8 EUR x 5,1";2025-09-01;Ofertant Climatronic SRL / Beneficiar Hotel Pietroasa SA Buzau;1ne-s6Ae1aOu82-H0kXysRaOdfZGkZ7l7
termoizolatii / folii;;Izolatie termica pentru racire tip Kflex D=40mmx13 mm;ml;4,84;;;;;"Oferta SD-6 409-E Hotel PIETROASA (Climatronic) – foaia Cap.6-Circuite hidraulice; 0.95 EUR x 5,1";2025-09-01;Ofertant Climatronic SRL / Beneficiar Hotel Pietroasa SA Buzau;1ne-s6Ae1aOu82-H0kXysRaOdfZGkZ7l7
termoizolatii / folii;;Izolatie termica pentru racire tip Kflex D=50mmx13 mm;ml;6,12;;;;;"Oferta SD-6 409-E Hotel PIETROASA (Climatronic) – foaia Cap.6-Circuite hidraulice; 1.2 EUR x 5,1";2025-09-01;Ofertant Climatronic SRL / Beneficiar Hotel Pietroasa SA Buzau;1ne-s6Ae1aOu82-H0kXysRaOdfZGkZ7l7
termoizolatii / folii;;Izolatie termica pentru racire tip Kflex D=63mmx13 mm;ml;6,73;;;;;"Oferta SD-6 409-E Hotel PIETROASA (Climatronic) – foaia Cap.6-Circuite hidraulice; 1.32 EUR x 5,1";2025-09-01;Ofertant Climatronic SRL / Beneficiar Hotel Pietroasa SA Buzau;1ne-s6Ae1aOu82-H0kXysRaOdfZGkZ7l7
termoizolatii / folii;;Izolatie termica pentru racire tip Kflex D=76mmx9 mm;ml;7,65;;;;;"Oferta SD-6 409-E Hotel PIETROASA (Climatronic) – foaia Cap.6-Circuite hidraulice; 1.5 EUR x 5,1";2025-09-01;Ofertant Climatronic SRL / Beneficiar Hotel Pietroasa SA Buzau;1ne-s6Ae1aOu82-H0kXysRaOdfZGkZ7l7
termoizolatii / folii;RpIzF10A%;Izolatii antifoc (contra incendiilor) la structurile metalice cu ASBESTO - SPRAY de 1 cm. Grosime...Pregatirea suprafetelor metalice prin curatire, degresare sl aplicarea a doua straturi;mp;106,73;39,38;66,70;0,65;0,00;"9.2. OFERTA V1 REV CU VALORI PTDE.pdf – F3 cu valori (Spital paliatie, desfiintare C1-C3 si construire); pret direct fara CI/profit";2026-07-06;Proiectant S.C. Tanari Arhitect SRL / Beneficiar ACTIS (Asoc. Comunitara pt. Dezv. Intrepr. Sociale);1LARNS5Adn3FbJ7styKw3LZrEBoluKomc
termoizolatii / folii;;Materiale pentru etanseizare izolatie termica (banda autoadeziva);role;81,60;;;;;"Oferta SD-6 409-E Hotel PIETROASA (Climatronic) – foaia Cap.6-Circuite hidraulice; 16 EUR x 5,1";2025-09-01;Ofertant Climatronic SRL / Beneficiar Hotel Pietroasa SA Buzau;1ne-s6Ae1aOu82-H0kXysRaOdfZGkZ7l7
termoizolatii / folii;;"PC 5-Pompă electronică de înaltă eficienţă, pentru recirculare apă caldă de consum, marca BIRAL-Elvetia, model ModulA 25-4 180 BLUE( sau similar) cu corpul pompei din BRONZ, echipată cu izolație termică. R 1½ "" 180 mm 1 ";buc;2703,00;;;;;"Oferta SD-6 409-E Hotel PIETROASA (Climatronic) – foaia Cap.5- Centrala Termica; 530 EUR x 5,1";2025-09-01;Ofertant Climatronic SRL / Beneficiar Hotel Pietroasa SA Buzau;1ne-s6Ae1aOu82-H0kXysRaOdfZGkZ7l7
termoizolatii / folii;CE05A1 [3];POLISTIREN EXTRUDAT 5 CM;mp;88,69;67,23;21,46;0,00;0,00;"9.2. OFERTA V1 REV CU VALORI PTDE.pdf – F3 cu valori (Spital paliatie, desfiintare C1-C3 si construire); pret direct fara CI/profit";2026-07-06;Proiectant S.C. Tanari Arhitect SRL / Beneficiar ACTIS (Asoc. Comunitara pt. Dezv. Intrepr. Sociale);1LARNS5Adn3FbJ7styKw3LZrEBoluKomc
termoizolatii / folii;IZF30A01^;Placa <PexKIT> termoizolanta nuturi [1] neagra 20 kg/mc 57 / 39 Mm 1000 x 500 mm 1000x500mm 2270 buc;mp;55,56;43,96;11,60;0,00;0,00;"9.2. OFERTA V1 REV CU VALORI PTDE.pdf – F3 cu valori (Spital paliatie, desfiintare C1-C3 si construire); pret direct fara CI/profit";2026-07-06;Proiectant S.C. Tanari Arhitect SRL / Beneficiar ACTIS (Asoc. Comunitara pt. Dezv. Intrepr. Sociale);1LARNS5Adn3FbJ7styKw3LZrEBoluKomc
termoizolatii / folii;RCSE25A%;Plasa rabit-sarma zn, pt.armarea sapelor la hidro./termoizol., mont.pe retea ob 6-8mm;mp;44,37;17,55;26,10;0,72;0,00;"9.2. OFERTA V1 REV CU VALORI PTDE.pdf – F3 cu valori (Spital paliatie, desfiintare C1-C3 si construire); pret direct fara CI/profit";2026-07-06;Proiectant S.C. Tanari Arhitect SRL / Beneficiar ACTIS (Asoc. Comunitara pt. Dezv. Intrepr. Sociale);1LARNS5Adn3FbJ7styKw3LZrEBoluKomc
termoizolatii / folii;SB33A+;Receptori pentru sistemul de canalizare Wavin Quickstream...montat cu folie (pt izolatie);buc;844,19;817,80;26,39;0,00;0,00;"9.2. OFERTA V1 REV CU VALORI PTDE.pdf – F3 cu valori (Spital paliatie, desfiintare C1-C3 si construire); pret direct fara CI/profit";2026-07-06;Proiectant S.C. Tanari Arhitect SRL / Beneficiar ACTIS (Asoc. Comunitara pt. Dezv. Intrepr. Sociale);1LARNS5Adn3FbJ7styKw3LZrEBoluKomc
termoizolatii / folii;;SN-Separator de namol hidraulic cu aerisitor, robinet de golire,izolatie D-56mc/h PN10Bar, Furnizor Caleffi;buc;5839,50;;;;;"Oferta SD-6 409-E Hotel PIETROASA (Climatronic) – foaia Cap.5- Centrala Termica; 1145 EUR x 5,1";2025-09-01;Ofertant Climatronic SRL / Beneficiar Hotel Pietroasa SA Buzau;1ne-s6Ae1aOu82-H0kXysRaOdfZGkZ7l7
termoizolatii / folii;CG01F1;Sapa suport termoizolatie;mp;47,69;22,84;24,20;0,65;0,00;"Deviz oferta.pdf – F3 oferta eDevize (restaurare biserica); pret direct, la care se adauga CAM 2,25% man., CI 10%, profit 5%";2025-06-17;Executant SC Aurora Inconstruct SRL / Beneficiar Biserica Sf. Imp. Constantin si Elena;1rue0Jaajr2kNvdWBeV5ZObPL36nPRRQk
termoizolatii / folii;CG01F1;Sapa suport termoizolatie;mp;14,50;11,89;2,00;0,61;0,00;5-BISERICA GARLASI-BISERICA-CU VALORI.PDF – F3 Arhitectura (SofteH, listat 12.05.2023);2023-05-12;Beneficiar Parohia/Biserica Garlasi, Buzau (deviz proiectant);1SStdo4o2D6OmwG1EnsxdCLK3tnqJIy_y
termoizolatii / folii;6716501;Teava din polipropilena cu folie aluminiu (pp-al) DN = 20 mm [resursa material];m;8,26;8,26;;;;"9.2. OFERTA V1 REV CU VALORI PTDE.pdf – F3 cu valori (Spital paliatie, desfiintare C1-C3 si construire); pret direct fara CI/profit";2026-07-06;Proiectant S.C. Tanari Arhitect SRL / Beneficiar ACTIS (Asoc. Comunitara pt. Dezv. Intrepr. Sociale);1LARNS5Adn3FbJ7styKw3LZrEBoluKomc
termoizolatii / folii;6716502;Teava din polipropilena cu folie aluminiu (pp-al) DN = 25 mm [resursa material];m;10,94;10,94;;;;"9.2. OFERTA V1 REV CU VALORI PTDE.pdf – F3 cu valori (Spital paliatie, desfiintare C1-C3 si construire); pret direct fara CI/profit";2026-07-06;Proiectant S.C. Tanari Arhitect SRL / Beneficiar ACTIS (Asoc. Comunitara pt. Dezv. Intrepr. Sociale);1LARNS5Adn3FbJ7styKw3LZrEBoluKomc
termoizolatii / folii;6716503;Teava din polipropilena cu folie aluminiu (pp-al) DN = 32 mm [resursa material];m;17,99;17,99;;;;"9.2. OFERTA V1 REV CU VALORI PTDE.pdf – F3 cu valori (Spital paliatie, desfiintare C1-C3 si construire); pret direct fara CI/profit";2026-07-06;Proiectant S.C. Tanari Arhitect SRL / Beneficiar ACTIS (Asoc. Comunitara pt. Dezv. Intrepr. Sociale);1LARNS5Adn3FbJ7styKw3LZrEBoluKomc
termoizolatii / folii;6716504;Teava din polipropilena cu folie aluminiu (pp-al) DN = 40 mm [resursa material];m;27,34;27,34;;;;"9.2. OFERTA V1 REV CU VALORI PTDE.pdf – F3 cu valori (Spital paliatie, desfiintare C1-C3 si construire); pret direct fara CI/profit";2026-07-06;Proiectant S.C. Tanari Arhitect SRL / Beneficiar ACTIS (Asoc. Comunitara pt. Dezv. Intrepr. Sociale);1LARNS5Adn3FbJ7styKw3LZrEBoluKomc
termoizolatii / folii;6716506;Teava din polipropilena cu folie aluminiu (pp-al) DN = 63 mm [resursa material];m;66,65;66,65;;;;"9.2. OFERTA V1 REV CU VALORI PTDE.pdf – F3 cu valori (Spital paliatie, desfiintare C1-C3 si construire); pret direct fara CI/profit";2026-07-06;Proiectant S.C. Tanari Arhitect SRL / Beneficiar ACTIS (Asoc. Comunitara pt. Dezv. Intrepr. Sociale);1LARNS5Adn3FbJ7styKw3LZrEBoluKomc
termoizolatii / folii;CA04B% [1];Turnare cu pompa sapa peste polistiren - asim. turnare sape la terase, gros medie 5cm;mc;82,10;;;;;"9.2. OFERTA V1 REV CU VALORI PTDE.pdf – F3 cu valori (Spital paliatie, desfiintare C1-C3 si construire); pret direct fara CI/profit";2026-07-06;Proiectant S.C. Tanari Arhitect SRL / Beneficiar ACTIS (Asoc. Comunitara pt. Dezv. Intrepr. Sociale);1LARNS5Adn3FbJ7styKw3LZrEBoluKomc
termoizolatii / folii;IZF05B07^;Vata minerala bazaltica Knauf Insulation Smart Roof Base cu rezistenta de compresiune la o deformatie de 10% > 30kPa si cu conductivitatea termica de 0,035;mp;8,17;0,05;8,12;0,00;0,00;"9.2. OFERTA V1 REV CU VALORI PTDE.pdf – F3 cu valori (Spital paliatie, desfiintare C1-C3 si construire); pret direct fara CI/profit";2026-07-06;Proiectant S.C. Tanari Arhitect SRL / Beneficiar ACTIS (Asoc. Comunitara pt. Dezv. Intrepr. Sociale);1LARNS5Adn3FbJ7styKw3LZrEBoluKomc
termoizolatii / folii;20030439;Vata minerala bazaltica [resursa material];mp;4,48;4,48;;;;"9.2. OFERTA V1 REV CU VALORI PTDE.pdf – F3 cu valori (Spital paliatie, desfiintare C1-C3 si construire); pret direct fara CI/profit";2026-07-06;Proiectant S.C. Tanari Arhitect SRL / Beneficiar ACTIS (Asoc. Comunitara pt. Dezv. Intrepr. Sociale);1LARNS5Adn3FbJ7styKw3LZrEBoluKomc
termoizolatii / folii;20012896;Vata minerala-bazaltica, rez.la foc, 60 .L mm gros., 100 kg/mc [resursa material];mp;50,75;50,75;;;;"9.2. OFERTA V1 REV CU VALORI PTDE.pdf – F3 cu valori (Spital paliatie, desfiintare C1-C3 si construire); pret direct fara CI/profit";2026-07-06;Proiectant S.C. Tanari Arhitect SRL / Beneficiar ACTIS (Asoc. Comunitara pt. Dezv. Intrepr. Sociale);1LARNS5Adn3FbJ7styKw3LZrEBoluKomc
tinichigerie / sistem pluvial;;Bordura Fronton desfasurata 250 mm lucios 0,50 mm (element 2m) [pret/buc impartit la 2 ml];ml;9,28;9,28;;;;01. REZIDENTIAL.pdf – lista pret furnizor Bilka, 1.82 EUR/ml x 5,1 lei/EUR (material, livrare fara montaj);2026-10-01;Furnizor Bilka (lista primita de BILZI STEEL PROFILE);1jrG0xyAdt4_P_-I5T13UmjATR1ywmt_N
tinichigerie / sistem pluvial;;Bordura Fronton desfasurata 250 mm mat 0,50 mm (element 2m) [pret/buc impartit la 2 ml];ml;9,66;9,66;;;;01. REZIDENTIAL.pdf – lista pret furnizor Bilka, 1.90 EUR/ml x 5,1 lei/EUR (material, livrare fara montaj);2026-10-01;Furnizor Bilka (lista primita de BILZI STEEL PROFILE);1jrG0xyAdt4_P_-I5T13UmjATR1ywmt_N
tinichigerie / sistem pluvial;;Bordura Fronton desfasurata 312 mm lucios 0,50 mm (element 2m) [pret/buc impartit la 2 ml];ml;11,60;11,60;;;;01. REZIDENTIAL.pdf – lista pret furnizor Bilka, 2.27 EUR/ml x 5,1 lei/EUR (material, livrare fara montaj);2026-10-01;Furnizor Bilka (lista primita de BILZI STEEL PROFILE);1jrG0xyAdt4_P_-I5T13UmjATR1ywmt_N
tinichigerie / sistem pluvial;;Bordura Fronton desfasurata 312 mm mat 0,50 mm (element 2m) [pret/buc impartit la 2 ml];ml;12,09;12,09;;;;01. REZIDENTIAL.pdf – lista pret furnizor Bilka, 2.37 EUR/ml x 5,1 lei/EUR (material, livrare fara montaj);2026-10-01;Furnizor Bilka (lista primita de BILZI STEEL PROFILE);1jrG0xyAdt4_P_-I5T13UmjATR1ywmt_N
tinichigerie / sistem pluvial;;Bordura Fronton desfasurata 360 mm lucios 0,50 mm (element 2m) [pret/buc impartit la 2 ml];ml;15,48;15,48;;;;01. REZIDENTIAL.pdf – lista pret furnizor Bilka, 3.04 EUR/ml x 5,1 lei/EUR (material, livrare fara montaj);2026-10-01;Furnizor Bilka (lista primita de BILZI STEEL PROFILE);1jrG0xyAdt4_P_-I5T13UmjATR1ywmt_N
tinichigerie / sistem pluvial;;Bordura Fronton desfasurata 360 mm mat 0,50 mm (element 2m) [pret/buc impartit la 2 ml];ml;16,12;16,12;;;;01. REZIDENTIAL.pdf – lista pret furnizor Bilka, 3.16 EUR/ml x 5,1 lei/EUR (material, livrare fara montaj);2026-10-01;Furnizor Bilka (lista primita de BILZI STEEL PROFILE);1jrG0xyAdt4_P_-I5T13UmjATR1ywmt_N
tinichigerie / sistem pluvial;;Bordura Fronton sub tigla desfasurata 312 mm lucios 0,50 mm (element 2m) [pret/buc impartit la 2 ml];ml;11,60;11,60;;;;01. REZIDENTIAL.pdf – lista pret furnizor Bilka, 2.27 EUR/ml x 5,1 lei/EUR (material, livrare fara montaj);2026-10-01;Furnizor Bilka (lista primita de BILZI STEEL PROFILE);1jrG0xyAdt4_P_-I5T13UmjATR1ywmt_N
tinichigerie / sistem pluvial;;Bordura Fronton sub tigla desfasurata 312 mm mat 0,50 mm (element 2m) [pret/buc impartit la 2 ml];ml;12,09;12,09;;;;01. REZIDENTIAL.pdf – lista pret furnizor Bilka, 2.37 EUR/ml x 5,1 lei/EUR (material, livrare fara montaj);2026-10-01;Furnizor Bilka (lista primita de BILZI STEEL PROFILE);1jrG0xyAdt4_P_-I5T13UmjATR1ywmt_N
tinichigerie / sistem pluvial;;Bordura Streasina desfasurata 156 mm lucios 0,50 mm (element 2m) [pret/buc impartit la 2 ml];ml;5,81;5,81;;;;01. REZIDENTIAL.pdf – lista pret furnizor Bilka, 1.14 EUR/ml x 5,1 lei/EUR (material, livrare fara montaj);2026-10-01;Furnizor Bilka (lista primita de BILZI STEEL PROFILE);1jrG0xyAdt4_P_-I5T13UmjATR1ywmt_N
tinichigerie / sistem pluvial;;Bordura Streasina desfasurata 156 mm mat 0,50 mm (element 2m) [pret/buc impartit la 2 ml];ml;6,04;6,04;;;;01. REZIDENTIAL.pdf – lista pret furnizor Bilka, 1.19 EUR/ml x 5,1 lei/EUR (material, livrare fara montaj);2026-10-01;Furnizor Bilka (lista primita de BILZI STEEL PROFILE);1jrG0xyAdt4_P_-I5T13UmjATR1ywmt_N
tinichigerie / sistem pluvial;;Bordura Streasina desfasurata 208 mm lucios 0,50 mm (element 2m) [pret/buc impartit la 2 ml];ml;7,73;7,73;;;;01. REZIDENTIAL.pdf – lista pret furnizor Bilka, 1.51 EUR/ml x 5,1 lei/EUR (material, livrare fara montaj);2026-10-01;Furnizor Bilka (lista primita de BILZI STEEL PROFILE);1jrG0xyAdt4_P_-I5T13UmjATR1ywmt_N
tinichigerie / sistem pluvial;;Bordura Streasina desfasurata 208 mm mat 0,50 mm (element 2m) [pret/buc impartit la 2 ml];ml;8,06;8,06;;;;01. REZIDENTIAL.pdf – lista pret furnizor Bilka, 1.58 EUR/ml x 5,1 lei/EUR (material, livrare fara montaj);2026-10-01;Furnizor Bilka (lista primita de BILZI STEEL PROFILE);1jrG0xyAdt4_P_-I5T13UmjATR1ywmt_N
tinichigerie / sistem pluvial;;Bordura Streasina desfasurata 250 mm lucios 0,50 mm (element 2m) [pret/buc impartit la 2 ml];ml;9,28;9,28;;;;01. REZIDENTIAL.pdf – lista pret furnizor Bilka, 1.82 EUR/ml x 5,1 lei/EUR (material, livrare fara montaj);2026-10-01;Furnizor Bilka (lista primita de BILZI STEEL PROFILE);1jrG0xyAdt4_P_-I5T13UmjATR1ywmt_N
tinichigerie / sistem pluvial;;Bordura Streasina desfasurata 250 mm mat 0,50 mm (element 2m) [pret/buc impartit la 2 ml];ml;9,66;9,66;;;;01. REZIDENTIAL.pdf – lista pret furnizor Bilka, 1.90 EUR/ml x 5,1 lei/EUR (material, livrare fara montaj);2026-10-01;Furnizor Bilka (lista primita de BILZI STEEL PROFILE);1jrG0xyAdt4_P_-I5T13UmjATR1ywmt_N
tinichigerie / sistem pluvial;;Bordura la perete desfasurata 178 mm lucios 0,50 mm (element 2m) [pret/buc impartit la 2 ml];ml;6,63;6,63;;;;01. REZIDENTIAL.pdf – lista pret furnizor Bilka, 1.30 EUR/ml x 5,1 lei/EUR (material, livrare fara montaj);2026-10-01;Furnizor Bilka (lista primita de BILZI STEEL PROFILE);1jrG0xyAdt4_P_-I5T13UmjATR1ywmt_N
tinichigerie / sistem pluvial;;Bordura la perete desfasurata 178 mm mat 0,50 mm (element 2m) [pret/buc impartit la 2 ml];ml;6,91;6,91;;;;01. REZIDENTIAL.pdf – lista pret furnizor Bilka, 1.35 EUR/ml x 5,1 lei/EUR (material, livrare fara montaj);2026-10-01;Furnizor Bilka (lista primita de BILZI STEEL PROFILE);1jrG0xyAdt4_P_-I5T13UmjATR1ywmt_N
tinichigerie / sistem pluvial;;Bordura la perete desfasurata 208 mm lucios 0,50 mm (element 2m) [pret/buc impartit la 2 ml];ml;7,73;7,73;;;;01. REZIDENTIAL.pdf – lista pret furnizor Bilka, 1.51 EUR/ml x 5,1 lei/EUR (material, livrare fara montaj);2026-10-01;Furnizor Bilka (lista primita de BILZI STEEL PROFILE);1jrG0xyAdt4_P_-I5T13UmjATR1ywmt_N
tinichigerie / sistem pluvial;;Bordura la perete desfasurata 208 mm mat 0,50 mm (element 2m) [pret/buc impartit la 2 ml];ml;8,06;8,06;;;;01. REZIDENTIAL.pdf – lista pret furnizor Bilka, 1.58 EUR/ml x 5,1 lei/EUR (material, livrare fara montaj);2026-10-01;Furnizor Bilka (lista primita de BILZI STEEL PROFILE);1jrG0xyAdt4_P_-I5T13UmjATR1ywmt_N
tinichigerie / sistem pluvial;;Bordura la perete desfasurata 250 mm lucios 0,50 mm (element 2m) [pret/buc impartit la 2 ml];ml;9,28;9,28;;;;01. REZIDENTIAL.pdf – lista pret furnizor Bilka, 1.82 EUR/ml x 5,1 lei/EUR (material, livrare fara montaj);2026-10-01;Furnizor Bilka (lista primita de BILZI STEEL PROFILE);1jrG0xyAdt4_P_-I5T13UmjATR1ywmt_N
tinichigerie / sistem pluvial;;Bordura la perete desfasurata 250 mm mat 0,50 mm (element 2m) [pret/buc impartit la 2 ml];ml;9,66;9,66;;;;01. REZIDENTIAL.pdf – lista pret furnizor Bilka, 1.90 EUR/ml x 5,1 lei/EUR (material, livrare fara montaj);2026-10-01;Furnizor Bilka (lista primita de BILZI STEEL PROFILE);1jrG0xyAdt4_P_-I5T13UmjATR1ywmt_N
tinichigerie / sistem pluvial;;Bordura streasina desfasurata 178 mm lucios 0,50 mm (element 2m) [pret/buc impartit la 2 ml];ml;6,63;6,63;;;;01. REZIDENTIAL.pdf – lista pret furnizor Bilka, 1.30 EUR/ml x 5,1 lei/EUR (material, livrare fara montaj);2026-10-01;Furnizor Bilka (lista primita de BILZI STEEL PROFILE);1jrG0xyAdt4_P_-I5T13UmjATR1ywmt_N
tinichigerie / sistem pluvial;;Bordura streasina desfasurata 178 mm mat 0,50 mm (element 2m) [pret/buc impartit la 2 ml];ml;6,91;6,91;;;;01. REZIDENTIAL.pdf – lista pret furnizor Bilka, 1.35 EUR/ml x 5,1 lei/EUR (material, livrare fara montaj);2026-10-01;Furnizor Bilka (lista primita de BILZI STEEL PROFILE);1jrG0xyAdt4_P_-I5T13UmjATR1ywmt_N
tinichigerie / sistem pluvial;M15;Bordură fronton 312 mm, mat 0,50 mm [resursa material, Listă furnizor 01. Rezidențial – bordură fronton 312 mm/2 m mat 0,50 (4,74 €/buc)];ml;12,64;12,64;;;;"Propunere_financiara_BILZI_SDF_Onesti.xlsx – foaia Preturi (resurse; EUR furnizor convertit de autor la BNR+1% = 5,3313)";2026-10-01;BILZI STEEL PROFILE SRL;1pe4vyBBOUknM1CDZScHidnvsaDDsmVIx
tinichigerie / sistem pluvial;7000060;Bordură fronton țiglă metalică 0,5 mm;ml;12,64;12,64;0,00;0,00;0,00;"Propunere_financiara_BILZI_SDF_Onesti.xlsx – F3 oferta proprie (lucrari acoperis hala, Romsilva DS Bacau); pret direct, adaos 25% separat";2026-10-01;Ofertant BILZI STEEL PROFILE SRL / Beneficiar RNP Romsilva DS Bacau;1pe4vyBBOUknM1CDZScHidnvsaDDsmVIx
tinichigerie / sistem pluvial;M16;Bordură streașină 208 mm, mat 0,50 mm [resursa material, Listă furnizor 01. Rezidențial – bordură streașină 208 mm/2 m mat 0,50 (3,16 €/buc)];ml;8,42;8,42;;;;"Propunere_financiara_BILZI_SDF_Onesti.xlsx – foaia Preturi (resurse; EUR furnizor convertit de autor la BNR+1% = 5,3313)";2026-10-01;BILZI STEEL PROFILE SRL;1pe4vyBBOUknM1CDZScHidnvsaDDsmVIx
tinichigerie / sistem pluvial;7000061;Bordură streașină țiglă metalică 0,5 mm;ml;8,42;8,42;0,00;0,00;0,00;"Propunere_financiara_BILZI_SDF_Onesti.xlsx – F3 oferta proprie (lucrari acoperis hala, Romsilva DS Bacau); pret direct, adaos 25% separat";2026-10-01;Ofertant BILZI STEEL PROFILE SRL / Beneficiar RNP Romsilva DS Bacau;1pe4vyBBOUknM1CDZScHidnvsaDDsmVIx
tinichigerie / sistem pluvial;;Bratara burlan 100 (Magnelis);buc;5,76;5,76;;;;04. SISTEM PLUVIAL MAGNELIS.pdf – lista pret furnizor Bilka, 1.13 EUR/buc x 5,1 lei/EUR (material, livrare fara montaj);2026-10-01;Furnizor Bilka (lista primita de BILZI STEEL PROFILE);1VZbNRIfb9CfG7eZft8SNIS_6ehNGoHRJ
tinichigerie / sistem pluvial;;Bratara burlan 100 (colorat);buc;6,78;6,78;;;;03. SISTEM PLUVIAL COLORAT.pdf – lista pret furnizor Bilka, 1.33 EUR/buc x 5,1 lei/EUR (material, livrare fara montaj);2026-10-01;Furnizor Bilka (lista primita de BILZI STEEL PROFILE);1EXIWF7yOahRGhLAmoGx5KBilq7A7tp5S
tinichigerie / sistem pluvial;;Bratara burlan 90 (Magnelis);buc;5,30;5,30;;;;04. SISTEM PLUVIAL MAGNELIS.pdf – lista pret furnizor Bilka, 1.04 EUR/buc x 5,1 lei/EUR (material, livrare fara montaj);2026-10-01;Furnizor Bilka (lista primita de BILZI STEEL PROFILE);1VZbNRIfb9CfG7eZft8SNIS_6ehNGoHRJ
tinichigerie / sistem pluvial;;Bratara burlan 90 (colorat);buc;6,22;6,22;;;;03. SISTEM PLUVIAL COLORAT.pdf – lista pret furnizor Bilka, 1.22 EUR/buc x 5,1 lei/EUR (material, livrare fara montaj);2026-10-01;Furnizor Bilka (lista primita de BILZI STEEL PROFILE);1EXIWF7yOahRGhLAmoGx5KBilq7A7tp5S
tinichigerie / sistem pluvial;;Brida jgheab (Magnelis);buc;2,86;2,86;;;;04. SISTEM PLUVIAL MAGNELIS.pdf – lista pret furnizor Bilka, 0.56 EUR/buc x 5,1 lei/EUR (material, livrare fara montaj);2026-10-01;Furnizor Bilka (lista primita de BILZI STEEL PROFILE);1VZbNRIfb9CfG7eZft8SNIS_6ehNGoHRJ
tinichigerie / sistem pluvial;;Brida jgheab (colorat);buc;3,31;3,31;;;;03. SISTEM PLUVIAL COLORAT.pdf – lista pret furnizor Bilka, 0.65 EUR/buc x 5,1 lei/EUR (material, livrare fara montaj);2026-10-01;Furnizor Bilka (lista primita de BILZI STEEL PROFILE);1EXIWF7yOahRGhLAmoGx5KBilq7A7tp5S
tinichigerie / sistem pluvial;7299990;Burlan;ml;13,84;13,84;0,00;0,00;0,00;"Propunere_financiara_BILZI_SDF_Onesti.xlsx – F3 oferta proprie (lucrari acoperis hala, Romsilva DS Bacau); pret direct, adaos 25% separat";2026-10-01;Ofertant BILZI STEEL PROFILE SRL / Beneficiar RNP Romsilva DS Bacau;1pe4vyBBOUknM1CDZScHidnvsaDDsmVIx
tinichigerie / sistem pluvial;M21;Burlan 90 mm, tablă colorată [resursa material, Listă furnizor 03. Sistem pluvial Bilka – burlan 90/3 m (7,79 €/buc)];ml;13,84;13,84;;;;"Propunere_financiara_BILZI_SDF_Onesti.xlsx – foaia Preturi (resurse; EUR furnizor convertit de autor la BNR+1% = 5,3313)";2026-10-01;BILZI STEEL PROFILE SRL;1pe4vyBBOUknM1CDZScHidnvsaDDsmVIx
tinichigerie / sistem pluvial;;Burlan de scurgere a apei 100 / 3m (Magnelis) [pret/buc impartit la 3 ml];ml;14,86;14,86;;;;04. SISTEM PLUVIAL MAGNELIS.pdf – lista pret furnizor Bilka, 2.91 EUR/ml x 5,1 lei/EUR (material, livrare fara montaj);2026-10-01;Furnizor Bilka (lista primita de BILZI STEEL PROFILE);1VZbNRIfb9CfG7eZft8SNIS_6ehNGoHRJ
tinichigerie / sistem pluvial;;Burlan de scurgere a apei 100 / 3m (colorat) [pret/buc impartit la 3 ml];ml;17,48;17,48;;;;03. SISTEM PLUVIAL COLORAT.pdf – lista pret furnizor Bilka, 3.43 EUR/ml x 5,1 lei/EUR (material, livrare fara montaj);2026-10-01;Furnizor Bilka (lista primita de BILZI STEEL PROFILE);1EXIWF7yOahRGhLAmoGx5KBilq7A7tp5S
tinichigerie / sistem pluvial;;Burlan de scurgere a apei 90 / 3m (Magnelis) [pret/buc impartit la 3 ml];ml;11,27;11,27;;;;04. SISTEM PLUVIAL MAGNELIS.pdf – lista pret furnizor Bilka, 2.21 EUR/ml x 5,1 lei/EUR (material, livrare fara montaj);2026-10-01;Furnizor Bilka (lista primita de BILZI STEEL PROFILE);1VZbNRIfb9CfG7eZft8SNIS_6ehNGoHRJ
tinichigerie / sistem pluvial;;Burlan de scurgere a apei 90 / 3m (colorat) [pret/buc impartit la 3 ml];ml;13,24;13,24;;;;03. SISTEM PLUVIAL COLORAT.pdf – lista pret furnizor Bilka, 2.60 EUR/ml x 5,1 lei/EUR (material, livrare fara montaj);2026-10-01;Furnizor Bilka (lista primita de BILZI STEEL PROFILE);1EXIWF7yOahRGhLAmoGx5KBilq7A7tp5S
tinichigerie / sistem pluvial;RPCI25A1;Burlane din tabla prevopsita 0,5 mm, rotunde D = 10 cm, cu bratari, coturi si aruncatoare;m;65,44;23,44;42,00;0,00;0,00;"Oferta_financiara_BILZI_Romgaz_Stejari.xlsx – F3 oferta proprie (reparatie acoperis bloc Stejari, Medias); pret direct, adaos 30% separat";2026-10-01;Ofertant BILZI STEEL PROFILE SRL / Beneficiar SNGN Romgaz SA;1vUAaUr8ZpPF-rApifT3WOnjFNW2sKdj-
tinichigerie / sistem pluvial;CE14C1 [6];Burlane din tabla zincata de 0,5 mm, RECTANGULARE UZINATE [1];m;53,19;39,56;13,63;0,00;0,00;"9.2. OFERTA V1 REV CU VALORI PTDE.pdf – F3 cu valori (Spital paliatie, desfiintare C1-C3 si construire); pret direct fara CI/profit";2026-07-06;Proiectant S.C. Tanari Arhitect SRL / Beneficiar ACTIS (Asoc. Comunitara pt. Dezv. Intrepr. Sociale);1LARNS5Adn3FbJ7styKw3LZrEBoluKomc
tinichigerie / sistem pluvial;ZCEORZ000002;Burlane tabla titan zinc 0.7 mm grosime semicircular diam 15.4 mm incl. accesoriile;m;337,07;250,00;80,32;6,75;0,00;"Deviz oferta.pdf – F3 oferta eDevize (restaurare biserica); pret direct, la care se adauga CAM 2,25% man., CI 10%, profit 5%";2025-06-17;Executant SC Aurora Inconstruct SRL / Beneficiar Biserica Sf. Imp. Constantin si Elena;1rue0Jaajr2kNvdWBeV5ZObPL36nPRRQk
tinichigerie / sistem pluvial;ZCEORZ000002;Burlane tabla titan zinc 0.7 mm grosime semicircular diam. 15.4 mm incl. accesoriile;m;305,75;165,75;140,00;0,00;0,00;5-BISERICA GARLASI-BISERICA-CU VALORI.PDF – F3 Arhitectura (SofteH, listat 12.05.2023);2023-05-12;Beneficiar Parohia/Biserica Garlasi, Buzau (deviz proiectant);1SStdo4o2D6OmwG1EnsxdCLK3tnqJIy_y
tinichigerie / sistem pluvial;;Capac jgheab 125 (Magnelis);buc;3,62;3,62;;;;04. SISTEM PLUVIAL MAGNELIS.pdf – lista pret furnizor Bilka, 0.71 EUR/buc x 5,1 lei/EUR (material, livrare fara montaj);2026-10-01;Furnizor Bilka (lista primita de BILZI STEEL PROFILE);1VZbNRIfb9CfG7eZft8SNIS_6ehNGoHRJ
tinichigerie / sistem pluvial;;Capac jgheab 125 (colorat);buc;4,23;4,23;;;;03. SISTEM PLUVIAL COLORAT.pdf – lista pret furnizor Bilka, 0.83 EUR/buc x 5,1 lei/EUR (material, livrare fara montaj);2026-10-01;Furnizor Bilka (lista primita de BILZI STEEL PROFILE);1EXIWF7yOahRGhLAmoGx5KBilq7A7tp5S
tinichigerie / sistem pluvial;;Capac jgheab 150 (Magnelis);buc;4,59;4,59;;;;04. SISTEM PLUVIAL MAGNELIS.pdf – lista pret furnizor Bilka, 0.90 EUR/buc x 5,1 lei/EUR (material, livrare fara montaj);2026-10-01;Furnizor Bilka (lista primita de BILZI STEEL PROFILE);1VZbNRIfb9CfG7eZft8SNIS_6ehNGoHRJ
tinichigerie / sistem pluvial;;Capac jgheab 150 (colorat);buc;5,35;5,35;;;;03. SISTEM PLUVIAL COLORAT.pdf – lista pret furnizor Bilka, 1.05 EUR/buc x 5,1 lei/EUR (material, livrare fara montaj);2026-10-01;Furnizor Bilka (lista primita de BILZI STEEL PROFILE);1EXIWF7yOahRGhLAmoGx5KBilq7A7tp5S
tinichigerie / sistem pluvial;;Carlig jgheab 125 / 160 mm (Magnelis);buc;6,02;6,02;;;;04. SISTEM PLUVIAL MAGNELIS.pdf – lista pret furnizor Bilka, 1.18 EUR/buc x 5,1 lei/EUR (material, livrare fara montaj);2026-10-01;Furnizor Bilka (lista primita de BILZI STEEL PROFILE);1VZbNRIfb9CfG7eZft8SNIS_6ehNGoHRJ
tinichigerie / sistem pluvial;;Carlig jgheab 125 / 160 mm (colorat);buc;6,32;6,32;;;;03. SISTEM PLUVIAL COLORAT.pdf – lista pret furnizor Bilka, 1.24 EUR/buc x 5,1 lei/EUR (material, livrare fara montaj);2026-10-01;Furnizor Bilka (lista primita de BILZI STEEL PROFILE);1EXIWF7yOahRGhLAmoGx5KBilq7A7tp5S
tinichigerie / sistem pluvial;;Carlig jgheab 125 / 210 mm (Magnelis);buc;6,83;6,83;;;;04. SISTEM PLUVIAL MAGNELIS.pdf – lista pret furnizor Bilka, 1.34 EUR/buc x 5,1 lei/EUR (material, livrare fara montaj);2026-10-01;Furnizor Bilka (lista primita de BILZI STEEL PROFILE);1VZbNRIfb9CfG7eZft8SNIS_6ehNGoHRJ
tinichigerie / sistem pluvial;;Carlig jgheab 125 / 210 mm (colorat);buc;7,19;7,19;;;;03. SISTEM PLUVIAL COLORAT.pdf – lista pret furnizor Bilka, 1.41 EUR/buc x 5,1 lei/EUR (material, livrare fara montaj);2026-10-01;Furnizor Bilka (lista primita de BILZI STEEL PROFILE);1EXIWF7yOahRGhLAmoGx5KBilq7A7tp5S
tinichigerie / sistem pluvial;;Carlig jgheab 125 / COMBI (Magnelis);buc;5,86;5,86;;;;04. SISTEM PLUVIAL MAGNELIS.pdf – lista pret furnizor Bilka, 1.15 EUR/buc x 5,1 lei/EUR (material, livrare fara montaj);2026-10-01;Furnizor Bilka (lista primita de BILZI STEEL PROFILE);1VZbNRIfb9CfG7eZft8SNIS_6ehNGoHRJ
tinichigerie / sistem pluvial;;Carlig jgheab 125 / combi (colorat);buc;6,22;6,22;;;;03. SISTEM PLUVIAL COLORAT.pdf – lista pret furnizor Bilka, 1.22 EUR/buc x 5,1 lei/EUR (material, livrare fara montaj);2026-10-01;Furnizor Bilka (lista primita de BILZI STEEL PROFILE);1EXIWF7yOahRGhLAmoGx5KBilq7A7tp5S
tinichigerie / sistem pluvial;;Carlig jgheab 125 reglabil (Magnelis);buc;6,94;6,94;;;;04. SISTEM PLUVIAL MAGNELIS.pdf – lista pret furnizor Bilka, 1.36 EUR/buc x 5,1 lei/EUR (material, livrare fara montaj);2026-10-01;Furnizor Bilka (lista primita de BILZI STEEL PROFILE);1VZbNRIfb9CfG7eZft8SNIS_6ehNGoHRJ
tinichigerie / sistem pluvial;;Carlig jgheab 125 reglabil (colorat);buc;5,71;5,71;;;;03. SISTEM PLUVIAL COLORAT.pdf – lista pret furnizor Bilka, 1.12 EUR/buc x 5,1 lei/EUR (material, livrare fara montaj);2026-10-01;Furnizor Bilka (lista primita de BILZI STEEL PROFILE);1EXIWF7yOahRGhLAmoGx5KBilq7A7tp5S
tinichigerie / sistem pluvial;;Carlig jgheab 150 / 160 mm (Magnelis);buc;6,83;6,83;;;;04. SISTEM PLUVIAL MAGNELIS.pdf – lista pret furnizor Bilka, 1.34 EUR/buc x 5,1 lei/EUR (material, livrare fara montaj);2026-10-01;Furnizor Bilka (lista primita de BILZI STEEL PROFILE);1VZbNRIfb9CfG7eZft8SNIS_6ehNGoHRJ
tinichigerie / sistem pluvial;;Carlig jgheab 150 / 160 mm (colorat);buc;7,19;7,19;;;;03. SISTEM PLUVIAL COLORAT.pdf – lista pret furnizor Bilka, 1.41 EUR/buc x 5,1 lei/EUR (material, livrare fara montaj);2026-10-01;Furnizor Bilka (lista primita de BILZI STEEL PROFILE);1EXIWF7yOahRGhLAmoGx5KBilq7A7tp5S
tinichigerie / sistem pluvial;;Carlig jgheab 150 / 210 mm (Magnelis);buc;7,39;7,39;;;;04. SISTEM PLUVIAL MAGNELIS.pdf – lista pret furnizor Bilka, 1.45 EUR/buc x 5,1 lei/EUR (material, livrare fara montaj);2026-10-01;Furnizor Bilka (lista primita de BILZI STEEL PROFILE);1VZbNRIfb9CfG7eZft8SNIS_6ehNGoHRJ
tinichigerie / sistem pluvial;;Carlig jgheab 150 / 210 mm (colorat);buc;7,75;7,75;;;;03. SISTEM PLUVIAL COLORAT.pdf – lista pret furnizor Bilka, 1.52 EUR/buc x 5,1 lei/EUR (material, livrare fara montaj);2026-10-01;Furnizor Bilka (lista primita de BILZI STEEL PROFILE);1EXIWF7yOahRGhLAmoGx5KBilq7A7tp5S
tinichigerie / sistem pluvial;;Carlig jgheab 150 / COMBI (Magnelis);buc;6,68;6,68;;;;04. SISTEM PLUVIAL MAGNELIS.pdf – lista pret furnizor Bilka, 1.31 EUR/buc x 5,1 lei/EUR (material, livrare fara montaj);2026-10-01;Furnizor Bilka (lista primita de BILZI STEEL PROFILE);1VZbNRIfb9CfG7eZft8SNIS_6ehNGoHRJ
tinichigerie / sistem pluvial;;Carlig jgheab 150 / COMBI (colorat);buc;7,04;7,04;;;;03. SISTEM PLUVIAL COLORAT.pdf – lista pret furnizor Bilka, 1.38 EUR/buc x 5,1 lei/EUR (material, livrare fara montaj);2026-10-01;Furnizor Bilka (lista primita de BILZI STEEL PROFILE);1EXIWF7yOahRGhLAmoGx5KBilq7A7tp5S
tinichigerie / sistem pluvial;;Carlig jgheab 150 reglabil (Magnelis);buc;7,50;7,50;;;;04. SISTEM PLUVIAL MAGNELIS.pdf – lista pret furnizor Bilka, 1.47 EUR/buc x 5,1 lei/EUR (material, livrare fara montaj);2026-10-01;Furnizor Bilka (lista primita de BILZI STEEL PROFILE);1VZbNRIfb9CfG7eZft8SNIS_6ehNGoHRJ
tinichigerie / sistem pluvial;;Carlig jgheab 150 reglabil (colorat);buc;6,53;6,53;;;;03. SISTEM PLUVIAL COLORAT.pdf – lista pret furnizor Bilka, 1.28 EUR/buc x 5,1 lei/EUR (material, livrare fara montaj);2026-10-01;Furnizor Bilka (lista primita de BILZI STEEL PROFILE);1EXIWF7yOahRGhLAmoGx5KBilq7A7tp5S
tinichigerie / sistem pluvial;;Carlig jgheab 150/300 cu tablita (Magnelis);buc;13,57;13,57;;;;04. SISTEM PLUVIAL MAGNELIS.pdf – lista pret furnizor Bilka, 2.66 EUR/buc x 5,1 lei/EUR (material, livrare fara montaj);2026-10-01;Furnizor Bilka (lista primita de BILZI STEEL PROFILE);1VZbNRIfb9CfG7eZft8SNIS_6ehNGoHRJ
tinichigerie / sistem pluvial;;Carlig jgheab 150/300 cu tablita (colorat);buc;14,33;14,33;;;;03. SISTEM PLUVIAL COLORAT.pdf – lista pret furnizor Bilka, 2.81 EUR/buc x 5,1 lei/EUR (material, livrare fara montaj);2026-10-01;Furnizor Bilka (lista primita de BILZI STEEL PROFILE);1EXIWF7yOahRGhLAmoGx5KBilq7A7tp5S
tinichigerie / sistem pluvial;;Carlig jgheab rasucit 125 (Magnelis);buc;7,45;7,45;;;;04. SISTEM PLUVIAL MAGNELIS.pdf – lista pret furnizor Bilka, 1.46 EUR/buc x 5,1 lei/EUR (material, livrare fara montaj);2026-10-01;Furnizor Bilka (lista primita de BILZI STEEL PROFILE);1VZbNRIfb9CfG7eZft8SNIS_6ehNGoHRJ
tinichigerie / sistem pluvial;;Carlig jgheab rasucit 125 (colorat);buc;7,85;7,85;;;;03. SISTEM PLUVIAL COLORAT.pdf – lista pret furnizor Bilka, 1.54 EUR/buc x 5,1 lei/EUR (material, livrare fara montaj);2026-10-01;Furnizor Bilka (lista primita de BILZI STEEL PROFILE);1EXIWF7yOahRGhLAmoGx5KBilq7A7tp5S
tinichigerie / sistem pluvial;;Carlig jgheab rasucit 150 (Magnelis);buc;8,01;8,01;;;;04. SISTEM PLUVIAL MAGNELIS.pdf – lista pret furnizor Bilka, 1.57 EUR/buc x 5,1 lei/EUR (material, livrare fara montaj);2026-10-01;Furnizor Bilka (lista primita de BILZI STEEL PROFILE);1VZbNRIfb9CfG7eZft8SNIS_6ehNGoHRJ
tinichigerie / sistem pluvial;;Carlig jgheab rasucit 150 (colorat);buc;8,41;8,41;;;;03. SISTEM PLUVIAL COLORAT.pdf – lista pret furnizor Bilka, 1.65 EUR/buc x 5,1 lei/EUR (material, livrare fara montaj);2026-10-01;Furnizor Bilka (lista primita de BILZI STEEL PROFILE);1EXIWF7yOahRGhLAmoGx5KBilq7A7tp5S
tinichigerie / sistem pluvial;RMA07A;Cofraje din lemn de brad prevazute cu jgheab suprainaltat la partea superioara, pentru turnarea betoanelor in elemente inscrise in santuri sapate in grosimea zidurilor - centuri atice, pod biserica si turla;mp;270,53;74,04;188,99;7,50;0,00;"Deviz oferta.pdf – F3 oferta eDevize (restaurare biserica); pret direct, la care se adauga CAM 2,25% man., CI 10%, profit 5%";2025-06-17;Executant SC Aurora Inconstruct SRL / Beneficiar Biserica Sf. Imp. Constantin si Elena;1rue0Jaajr2kNvdWBeV5ZObPL36nPRRQk
tinichigerie / sistem pluvial;;Colector Fronton desfasurata 156 mm lucios 0,50 mm (element 2m) [pret/buc impartit la 2 ml];ml;5,81;5,81;;;;01. REZIDENTIAL.pdf – lista pret furnizor Bilka, 1.14 EUR/ml x 5,1 lei/EUR (material, livrare fara montaj);2026-10-01;Furnizor Bilka (lista primita de BILZI STEEL PROFILE);1jrG0xyAdt4_P_-I5T13UmjATR1ywmt_N
tinichigerie / sistem pluvial;;Colector Fronton desfasurata 156 mm mat 0,50 mm (element 2m) [pret/buc impartit la 2 ml];ml;6,04;6,04;;;;01. REZIDENTIAL.pdf – lista pret furnizor Bilka, 1.19 EUR/ml x 5,1 lei/EUR (material, livrare fara montaj);2026-10-01;Furnizor Bilka (lista primita de BILZI STEEL PROFILE);1jrG0xyAdt4_P_-I5T13UmjATR1ywmt_N
tinichigerie / sistem pluvial;;Colector Fronton desfasurata 250 mm lucios 0,50 mm (element 2m) [pret/buc impartit la 2 ml];ml;9,28;9,28;;;;01. REZIDENTIAL.pdf – lista pret furnizor Bilka, 1.82 EUR/ml x 5,1 lei/EUR (material, livrare fara montaj);2026-10-01;Furnizor Bilka (lista primita de BILZI STEEL PROFILE);1jrG0xyAdt4_P_-I5T13UmjATR1ywmt_N
tinichigerie / sistem pluvial;;Colector Fronton desfasurata 250 mm mat 0,50 mm (element 2m) [pret/buc impartit la 2 ml];ml;9,66;9,66;;;;01. REZIDENTIAL.pdf – lista pret furnizor Bilka, 1.90 EUR/ml x 5,1 lei/EUR (material, livrare fara montaj);2026-10-01;Furnizor Bilka (lista primita de BILZI STEEL PROFILE);1jrG0xyAdt4_P_-I5T13UmjATR1ywmt_N
tinichigerie / sistem pluvial;7299988;Colier burlan;buc;4,42;4,42;0,00;0,00;0,00;"Propunere_financiara_BILZI_SDF_Onesti.xlsx – F3 oferta proprie (lucrari acoperis hala, Romsilva DS Bacau); pret direct, adaos 25% separat";2026-10-01;Ofertant BILZI STEEL PROFILE SRL / Beneficiar RNP Romsilva DS Bacau;1pe4vyBBOUknM1CDZScHidnvsaDDsmVIx
tinichigerie / sistem pluvial;;Colier burlan 100 (Magnelis);buc;4,59;4,59;;;;04. SISTEM PLUVIAL MAGNELIS.pdf – lista pret furnizor Bilka, 0.90 EUR/buc x 5,1 lei/EUR (material, livrare fara montaj);2026-10-01;Furnizor Bilka (lista primita de BILZI STEEL PROFILE);1VZbNRIfb9CfG7eZft8SNIS_6ehNGoHRJ
tinichigerie / sistem pluvial;;Colier burlan 100 (colorat);buc;5,35;5,35;;;;03. SISTEM PLUVIAL COLORAT.pdf – lista pret furnizor Bilka, 1.05 EUR/buc x 5,1 lei/EUR (material, livrare fara montaj);2026-10-01;Furnizor Bilka (lista primita de BILZI STEEL PROFILE);1EXIWF7yOahRGhLAmoGx5KBilq7A7tp5S
tinichigerie / sistem pluvial;;Colier burlan 90 (Magnelis);buc;3,62;3,62;;;;04. SISTEM PLUVIAL MAGNELIS.pdf – lista pret furnizor Bilka, 0.71 EUR/buc x 5,1 lei/EUR (material, livrare fara montaj);2026-10-01;Furnizor Bilka (lista primita de BILZI STEEL PROFILE);1VZbNRIfb9CfG7eZft8SNIS_6ehNGoHRJ
tinichigerie / sistem pluvial;;Colier burlan 90 (colorat);buc;4,23;4,23;;;;03. SISTEM PLUVIAL COLORAT.pdf – lista pret furnizor Bilka, 0.83 EUR/buc x 5,1 lei/EUR (material, livrare fara montaj);2026-10-01;Furnizor Bilka (lista primita de BILZI STEEL PROFILE);1EXIWF7yOahRGhLAmoGx5KBilq7A7tp5S
tinichigerie / sistem pluvial;M22;Colier burlan 90 [resursa material, Listă furnizor 03. Sistem pluvial Bilka];buc;4,42;4,42;;;;"Propunere_financiara_BILZI_SDF_Onesti.xlsx – foaia Preturi (resurse; EUR furnizor convertit de autor la BNR+1% = 5,3313)";2026-10-01;BILZI STEEL PROFILE SRL;1pe4vyBBOUknM1CDZScHidnvsaDDsmVIx
tinichigerie / sistem pluvial;;Coltar exterior de 90 grade 125 (Magnelis);buc;31,98;31,98;;;;04. SISTEM PLUVIAL MAGNELIS.pdf – lista pret furnizor Bilka, 6.27 EUR/buc x 5,1 lei/EUR (material, livrare fara montaj);2026-10-01;Furnizor Bilka (lista primita de BILZI STEEL PROFILE);1VZbNRIfb9CfG7eZft8SNIS_6ehNGoHRJ
tinichigerie / sistem pluvial;;Coltar exterior de 90 grade 125 (colorat);buc;37,64;37,64;;;;03. SISTEM PLUVIAL COLORAT.pdf – lista pret furnizor Bilka, 7.38 EUR/buc x 5,1 lei/EUR (material, livrare fara montaj);2026-10-01;Furnizor Bilka (lista primita de BILZI STEEL PROFILE);1EXIWF7yOahRGhLAmoGx5KBilq7A7tp5S
tinichigerie / sistem pluvial;;Coltar exterior de 90 grade 150 (Magnelis);buc;35,75;35,75;;;;04. SISTEM PLUVIAL MAGNELIS.pdf – lista pret furnizor Bilka, 7.01 EUR/buc x 5,1 lei/EUR (material, livrare fara montaj);2026-10-01;Furnizor Bilka (lista primita de BILZI STEEL PROFILE);1VZbNRIfb9CfG7eZft8SNIS_6ehNGoHRJ
tinichigerie / sistem pluvial;;Coltar exterior de 90 grade 150 (colorat);buc;42,07;42,07;;;;03. SISTEM PLUVIAL COLORAT.pdf – lista pret furnizor Bilka, 8.25 EUR/buc x 5,1 lei/EUR (material, livrare fara montaj);2026-10-01;Furnizor Bilka (lista primita de BILZI STEEL PROFILE);1EXIWF7yOahRGhLAmoGx5KBilq7A7tp5S
tinichigerie / sistem pluvial;;Coltar interior de 90 grade 125 (Magnelis);buc;31,98;31,98;;;;04. SISTEM PLUVIAL MAGNELIS.pdf – lista pret furnizor Bilka, 6.27 EUR/buc x 5,1 lei/EUR (material, livrare fara montaj);2026-10-01;Furnizor Bilka (lista primita de BILZI STEEL PROFILE);1VZbNRIfb9CfG7eZft8SNIS_6ehNGoHRJ
tinichigerie / sistem pluvial;;Coltar interior de 90 grade 125 (colorat);buc;37,64;37,64;;;;03. SISTEM PLUVIAL COLORAT.pdf – lista pret furnizor Bilka, 7.38 EUR/buc x 5,1 lei/EUR (material, livrare fara montaj);2026-10-01;Furnizor Bilka (lista primita de BILZI STEEL PROFILE);1EXIWF7yOahRGhLAmoGx5KBilq7A7tp5S
tinichigerie / sistem pluvial;;Coltar interior de 90 grade 150 (Magnelis);buc;35,75;35,75;;;;04. SISTEM PLUVIAL MAGNELIS.pdf – lista pret furnizor Bilka, 7.01 EUR/buc x 5,1 lei/EUR (material, livrare fara montaj);2026-10-01;Furnizor Bilka (lista primita de BILZI STEEL PROFILE);1VZbNRIfb9CfG7eZft8SNIS_6ehNGoHRJ
tinichigerie / sistem pluvial;;Coltar interior de 90 grade 150 (colorat);buc;42,07;42,07;;;;03. SISTEM PLUVIAL COLORAT.pdf – lista pret furnizor Bilka, 8.25 EUR/buc x 5,1 lei/EUR (material, livrare fara montaj);2026-10-01;Furnizor Bilka (lista primita de BILZI STEEL PROFILE);1EXIWF7yOahRGhLAmoGx5KBilq7A7tp5S
tinichigerie / sistem pluvial;RPCH27A;Confectii dulgheresti - jgheab lemn pentru evacuarea molozului de la nivelul podului;ml;149,02;77,83;70,88;0,31;0,00;"Deviz oferta.pdf – F3 oferta eDevize (restaurare biserica); pret direct, la care se adauga CAM 2,25% man., CI 10%, profit 5%";2025-06-17;Executant SC Aurora Inconstruct SRL / Beneficiar Biserica Sf. Imp. Constantin si Elena;1rue0Jaajr2kNvdWBeV5ZObPL36nPRRQk
tinichigerie / sistem pluvial;7299985;Cot de 60 grade;buc;11,89;11,89;0,00;0,00;0,00;"Propunere_financiara_BILZI_SDF_Onesti.xlsx – F3 oferta proprie (lucrari acoperis hala, Romsilva DS Bacau); pret direct, adaos 25% separat";2026-10-01;Ofertant BILZI STEEL PROFILE SRL / Beneficiar RNP Romsilva DS Bacau;1pe4vyBBOUknM1CDZScHidnvsaDDsmVIx
tinichigerie / sistem pluvial;;Cot de 60 grade 100 (Magnelis);buc;14,79;14,79;;;;04. SISTEM PLUVIAL MAGNELIS.pdf – lista pret furnizor Bilka, 2.90 EUR/buc x 5,1 lei/EUR (material, livrare fara montaj);2026-10-01;Furnizor Bilka (lista primita de BILZI STEEL PROFILE);1VZbNRIfb9CfG7eZft8SNIS_6ehNGoHRJ
tinichigerie / sistem pluvial;;Cot de 60 grade 100 (colorat);buc;17,39;17,39;;;;03. SISTEM PLUVIAL COLORAT.pdf – lista pret furnizor Bilka, 3.41 EUR/buc x 5,1 lei/EUR (material, livrare fara montaj);2026-10-01;Furnizor Bilka (lista primita de BILZI STEEL PROFILE);1EXIWF7yOahRGhLAmoGx5KBilq7A7tp5S
tinichigerie / sistem pluvial;;Cot de 60 grade 90 (Magnelis);buc;9,64;9,64;;;;04. SISTEM PLUVIAL MAGNELIS.pdf – lista pret furnizor Bilka, 1.89 EUR/buc x 5,1 lei/EUR (material, livrare fara montaj);2026-10-01;Furnizor Bilka (lista primita de BILZI STEEL PROFILE);1VZbNRIfb9CfG7eZft8SNIS_6ehNGoHRJ
tinichigerie / sistem pluvial;;Cot de 60 grade 90 (colorat);buc;11,37;11,37;;;;03. SISTEM PLUVIAL COLORAT.pdf – lista pret furnizor Bilka, 2.23 EUR/buc x 5,1 lei/EUR (material, livrare fara montaj);2026-10-01;Furnizor Bilka (lista primita de BILZI STEEL PROFILE);1EXIWF7yOahRGhLAmoGx5KBilq7A7tp5S
tinichigerie / sistem pluvial;M24;Cot de 60 grade 90 [resursa material, Listă furnizor 03. Sistem pluvial Bilka];buc;11,89;11,89;;;;"Propunere_financiara_BILZI_SDF_Onesti.xlsx – foaia Preturi (resurse; EUR furnizor convertit de autor la BNR+1% = 5,3313)";2026-10-01;BILZI STEEL PROFILE SRL;1pe4vyBBOUknM1CDZScHidnvsaDDsmVIx
tinichigerie / sistem pluvial;;Cot de evacuare 100 (Magnelis);buc;15,40;15,40;;;;04. SISTEM PLUVIAL MAGNELIS.pdf – lista pret furnizor Bilka, 3.02 EUR/buc x 5,1 lei/EUR (material, livrare fara montaj);2026-10-01;Furnizor Bilka (lista primita de BILZI STEEL PROFILE);1VZbNRIfb9CfG7eZft8SNIS_6ehNGoHRJ
tinichigerie / sistem pluvial;;Cot de evacuare 100 (colorat);buc;18,10;18,10;;;;03. SISTEM PLUVIAL COLORAT.pdf – lista pret furnizor Bilka, 3.55 EUR/buc x 5,1 lei/EUR (material, livrare fara montaj);2026-10-01;Furnizor Bilka (lista primita de BILZI STEEL PROFILE);1EXIWF7yOahRGhLAmoGx5KBilq7A7tp5S
tinichigerie / sistem pluvial;;Cot de evacuare 90 (Magnelis);buc;10,20;10,20;;;;04. SISTEM PLUVIAL MAGNELIS.pdf – lista pret furnizor Bilka, 2.00 EUR/buc x 5,1 lei/EUR (material, livrare fara montaj);2026-10-01;Furnizor Bilka (lista primita de BILZI STEEL PROFILE);1VZbNRIfb9CfG7eZft8SNIS_6ehNGoHRJ
tinichigerie / sistem pluvial;;Cot de evacuare 90 (colorat);buc;11,98;11,98;;;;03. SISTEM PLUVIAL COLORAT.pdf – lista pret furnizor Bilka, 2.35 EUR/buc x 5,1 lei/EUR (material, livrare fara montaj);2026-10-01;Furnizor Bilka (lista primita de BILZI STEEL PROFILE);1EXIWF7yOahRGhLAmoGx5KBilq7A7tp5S
tinichigerie / sistem pluvial;7299989;Cârlig jgheab;buc;7,52;7,52;0,00;0,00;0,00;"Propunere_financiara_BILZI_SDF_Onesti.xlsx – F3 oferta proprie (lucrari acoperis hala, Romsilva DS Bacau); pret direct, adaos 25% separat";2026-10-01;Ofertant BILZI STEEL PROFILE SRL / Beneficiar RNP Romsilva DS Bacau;1pe4vyBBOUknM1CDZScHidnvsaDDsmVIx
tinichigerie / sistem pluvial;M18;Cârlig jgheab 125 / 210 mm [resursa material, Listă furnizor 03. Sistem pluvial Bilka];buc;7,52;7,52;;;;"Propunere_financiara_BILZI_SDF_Onesti.xlsx – foaia Preturi (resurse; EUR furnizor convertit de autor la BNR+1% = 5,3313)";2026-10-01;BILZI STEEL PROFILE SRL;1pe4vyBBOUknM1CDZScHidnvsaDDsmVIx
tinichigerie / sistem pluvial;;Derivatie evacuare 100 (Magnelis);buc;46,05;46,05;;;;04. SISTEM PLUVIAL MAGNELIS.pdf – lista pret furnizor Bilka, 9.03 EUR/buc x 5,1 lei/EUR (material, livrare fara montaj);2026-10-01;Furnizor Bilka (lista primita de BILZI STEEL PROFILE);1VZbNRIfb9CfG7eZft8SNIS_6ehNGoHRJ
tinichigerie / sistem pluvial;;Derivatie evacuare 100 (colorat);buc;54,21;54,21;;;;03. SISTEM PLUVIAL COLORAT.pdf – lista pret furnizor Bilka, 10.63 EUR/buc x 5,1 lei/EUR (material, livrare fara montaj);2026-10-01;Furnizor Bilka (lista primita de BILZI STEEL PROFILE);1EXIWF7yOahRGhLAmoGx5KBilq7A7tp5S
tinichigerie / sistem pluvial;;Derivatie evacuare 90 (Magnelis);buc;44,22;44,22;;;;04. SISTEM PLUVIAL MAGNELIS.pdf – lista pret furnizor Bilka, 8.67 EUR/buc x 5,1 lei/EUR (material, livrare fara montaj);2026-10-01;Furnizor Bilka (lista primita de BILZI STEEL PROFILE);1VZbNRIfb9CfG7eZft8SNIS_6ehNGoHRJ
tinichigerie / sistem pluvial;;Derivatie evacuare 90 (colorat);buc;52,02;52,02;;;;03. SISTEM PLUVIAL COLORAT.pdf – lista pret furnizor Bilka, 10.20 EUR/buc x 5,1 lei/EUR (material, livrare fara montaj);2026-10-01;Furnizor Bilka (lista primita de BILZI STEEL PROFILE);1EXIWF7yOahRGhLAmoGx5KBilq7A7tp5S
tinichigerie / sistem pluvial;;Element imbinare jgheab 125 (Magnelis);buc;5,76;5,76;;;;04. SISTEM PLUVIAL MAGNELIS.pdf – lista pret furnizor Bilka, 1.13 EUR/buc x 5,1 lei/EUR (material, livrare fara montaj);2026-10-01;Furnizor Bilka (lista primita de BILZI STEEL PROFILE);1VZbNRIfb9CfG7eZft8SNIS_6ehNGoHRJ
tinichigerie / sistem pluvial;;Element imbinare jgheab 125 (colorat);buc;6,78;6,78;;;;03. SISTEM PLUVIAL COLORAT.pdf – lista pret furnizor Bilka, 1.33 EUR/buc x 5,1 lei/EUR (material, livrare fara montaj);2026-10-01;Furnizor Bilka (lista primita de BILZI STEEL PROFILE);1EXIWF7yOahRGhLAmoGx5KBilq7A7tp5S
tinichigerie / sistem pluvial;;Element imbinare jgheab 150 (Magnelis);buc;6,83;6,83;;;;04. SISTEM PLUVIAL MAGNELIS.pdf – lista pret furnizor Bilka, 1.34 EUR/buc x 5,1 lei/EUR (material, livrare fara montaj);2026-10-01;Furnizor Bilka (lista primita de BILZI STEEL PROFILE);1VZbNRIfb9CfG7eZft8SNIS_6ehNGoHRJ
tinichigerie / sistem pluvial;;Element imbinare jgheab 150 (colorat);buc;8,06;8,06;;;;03. SISTEM PLUVIAL COLORAT.pdf – lista pret furnizor Bilka, 1.58 EUR/buc x 5,1 lei/EUR (material, livrare fara montaj);2026-10-01;Furnizor Bilka (lista primita de BILZI STEEL PROFILE);1EXIWF7yOahRGhLAmoGx5KBilq7A7tp5S
tinichigerie / sistem pluvial;M19;Element îmbinare jgheab 125 [resursa material, Listă furnizor 03. Sistem pluvial Bilka];buc;7,09;7,09;;;;"Propunere_financiara_BILZI_SDF_Onesti.xlsx – foaia Preturi (resurse; EUR furnizor convertit de autor la BNR+1% = 5,3313)";2026-10-01;BILZI STEEL PROFILE SRL;1pe4vyBBOUknM1CDZScHidnvsaDDsmVIx
tinichigerie / sistem pluvial;7299987;Elemente îmbinare jgheab;buc;7,09;7,09;0,00;0,00;0,00;"Propunere_financiara_BILZI_SDF_Onesti.xlsx – F3 oferta proprie (lucrari acoperis hala, Romsilva DS Bacau); pret direct, adaos 25% separat";2026-10-01;Ofertant BILZI STEEL PROFILE SRL / Beneficiar RNP Romsilva DS Bacau;1pe4vyBBOUknM1CDZScHidnvsaDDsmVIx
tinichigerie / sistem pluvial;;Fixarea placilor pe zid desfasurata 208 mm lucios 0,50 mm (element 2m) [pret/buc impartit la 2 ml];ml;7,73;7,73;;;;01. REZIDENTIAL.pdf – lista pret furnizor Bilka, 1.51 EUR/ml x 5,1 lei/EUR (material, livrare fara montaj);2026-10-01;Furnizor Bilka (lista primita de BILZI STEEL PROFILE);1jrG0xyAdt4_P_-I5T13UmjATR1ywmt_N
tinichigerie / sistem pluvial;;Fixarea placilor pe zid desfasurata 208 mm mat 0,50 mm (element 2m) [pret/buc impartit la 2 ml];ml;8,06;8,06;;;;01. REZIDENTIAL.pdf – lista pret furnizor Bilka, 1.58 EUR/ml x 5,1 lei/EUR (material, livrare fara montaj);2026-10-01;Furnizor Bilka (lista primita de BILZI STEEL PROFILE);1jrG0xyAdt4_P_-I5T13UmjATR1ywmt_N
tinichigerie / sistem pluvial;;Fixarea placilor pe zid desfasurata 250 mm lucios 0,50 mm (element 2m) [pret/buc impartit la 2 ml];ml;9,28;9,28;;;;01. REZIDENTIAL.pdf – lista pret furnizor Bilka, 1.82 EUR/ml x 5,1 lei/EUR (material, livrare fara montaj);2026-10-01;Furnizor Bilka (lista primita de BILZI STEEL PROFILE);1jrG0xyAdt4_P_-I5T13UmjATR1ywmt_N
tinichigerie / sistem pluvial;;Fixarea placilor pe zid desfasurata 250 mm mat 0,50 mm (element 2m) [pret/buc impartit la 2 ml];ml;9,66;9,66;;;;01. REZIDENTIAL.pdf – lista pret furnizor Bilka, 1.90 EUR/ml x 5,1 lei/EUR (material, livrare fara montaj);2026-10-01;Furnizor Bilka (lista primita de BILZI STEEL PROFILE);1jrG0xyAdt4_P_-I5T13UmjATR1ywmt_N
tinichigerie / sistem pluvial;CE23A# [1];Glaf ciment alb turnat la fata locului, 5 cm grosime;m;31,82;7,17;24,65;0,00;0,00;"9.2. OFERTA V1 REV CU VALORI PTDE.pdf – F3 cu valori (Spital paliatie, desfiintare C1-C3 si construire); pret direct fara CI/profit";2026-07-06;Proiectant S.C. Tanari Arhitect SRL / Beneficiar ACTIS (Asoc. Comunitara pt. Dezv. Intrepr. Sociale);1LARNS5Adn3FbJ7styKw3LZrEBoluKomc
tinichigerie / sistem pluvial;CK26A#;Glaf interior din polimer dur alb;m;59,57;49,13;10,44;0,00;0,00;"9.2. OFERTA V1 REV CU VALORI PTDE.pdf – F3 cu valori (Spital paliatie, desfiintare C1-C3 si construire); pret direct fara CI/profit";2026-07-06;Proiectant S.C. Tanari Arhitect SRL / Beneficiar ACTIS (Asoc. Comunitara pt. Dezv. Intrepr. Sociale);1LARNS5Adn3FbJ7styKw3LZrEBoluKomc
tinichigerie / sistem pluvial;CK26B#;Glafuri, pervaze ...glafuri aluminiu,montate la ferestre;m;50,73;39,13;11,60;0,00;0,00;"9.2. OFERTA V1 REV CU VALORI PTDE.pdf – F3 cu valori (Spital paliatie, desfiintare C1-C3 si construire); pret direct fara CI/profit";2026-07-06;Proiectant S.C. Tanari Arhitect SRL / Beneficiar ACTIS (Asoc. Comunitara pt. Dezv. Intrepr. Sociale);1LARNS5Adn3FbJ7styKw3LZrEBoluKomc
tinichigerie / sistem pluvial;7299991;Jgheab;ml;11,22;11,22;0,00;0,00;0,00;"Propunere_financiara_BILZI_SDF_Onesti.xlsx – F3 oferta proprie (lucrari acoperis hala, Romsilva DS Bacau); pret direct, adaos 25% separat";2026-10-01;Ofertant BILZI STEEL PROFILE SRL / Beneficiar RNP Romsilva DS Bacau;1pe4vyBBOUknM1CDZScHidnvsaDDsmVIx
tinichigerie / sistem pluvial;M17;Jgheab 125 mm, tablă colorată [resursa material, Listă furnizor 03. Sistem pluvial Bilka – jgheab 125/4 m (8,42 €/buc)];ml;11,22;11,22;;;;"Propunere_financiara_BILZI_SDF_Onesti.xlsx – foaia Preturi (resurse; EUR furnizor convertit de autor la BNR+1% = 5,3313)";2026-10-01;BILZI STEEL PROFILE SRL;1pe4vyBBOUknM1CDZScHidnvsaDDsmVIx
tinichigerie / sistem pluvial;;Jgheab de scurgere 125 / 2m (Magnelis) [pret/buc impartit la 2 ml];ml;9,13;9,13;;;;04. SISTEM PLUVIAL MAGNELIS.pdf – lista pret furnizor Bilka, 1.79 EUR/ml x 5,1 lei/EUR (material, livrare fara montaj);2026-10-01;Furnizor Bilka (lista primita de BILZI STEEL PROFILE);1VZbNRIfb9CfG7eZft8SNIS_6ehNGoHRJ
tinichigerie / sistem pluvial;;Jgheab de scurgere 125 / 2m (colorat) [pret/buc impartit la 2 ml];ml;10,74;10,74;;;;03. SISTEM PLUVIAL COLORAT.pdf – lista pret furnizor Bilka, 2.10 EUR/ml x 5,1 lei/EUR (material, livrare fara montaj);2026-10-01;Furnizor Bilka (lista primita de BILZI STEEL PROFILE);1EXIWF7yOahRGhLAmoGx5KBilq7A7tp5S
tinichigerie / sistem pluvial;;Jgheab de scurgere 125 / 3m (Magnelis) [pret/buc impartit la 3 ml];ml;9,11;9,11;;;;04. SISTEM PLUVIAL MAGNELIS.pdf – lista pret furnizor Bilka, 1.79 EUR/ml x 5,1 lei/EUR (material, livrare fara montaj);2026-10-01;Furnizor Bilka (lista primita de BILZI STEEL PROFILE);1VZbNRIfb9CfG7eZft8SNIS_6ehNGoHRJ
tinichigerie / sistem pluvial;;Jgheab de scurgere 125 / 3m (colorat) [pret/buc impartit la 3 ml];ml;10,73;10,73;;;;03. SISTEM PLUVIAL COLORAT.pdf – lista pret furnizor Bilka, 2.10 EUR/ml x 5,1 lei/EUR (material, livrare fara montaj);2026-10-01;Furnizor Bilka (lista primita de BILZI STEEL PROFILE);1EXIWF7yOahRGhLAmoGx5KBilq7A7tp5S
tinichigerie / sistem pluvial;;Jgheab de scurgere 125 / 4m (Magnelis) [pret/buc impartit la 4 ml];ml;9,12;9,12;;;;04. SISTEM PLUVIAL MAGNELIS.pdf – lista pret furnizor Bilka, 1.79 EUR/ml x 5,1 lei/EUR (material, livrare fara montaj);2026-10-01;Furnizor Bilka (lista primita de BILZI STEEL PROFILE);1VZbNRIfb9CfG7eZft8SNIS_6ehNGoHRJ
tinichigerie / sistem pluvial;;Jgheab de scurgere 125 / 4m (colorat) [pret/buc impartit la 4 ml];ml;10,74;10,74;;;;03. SISTEM PLUVIAL COLORAT.pdf – lista pret furnizor Bilka, 2.10 EUR/ml x 5,1 lei/EUR (material, livrare fara montaj);2026-10-01;Furnizor Bilka (lista primita de BILZI STEEL PROFILE);1EXIWF7yOahRGhLAmoGx5KBilq7A7tp5S
tinichigerie / sistem pluvial;;Jgheab de scurgere 150 / 2m (Magnelis) [pret/buc impartit la 2 ml];ml;12,11;12,11;;;;04. SISTEM PLUVIAL MAGNELIS.pdf – lista pret furnizor Bilka, 2.38 EUR/ml x 5,1 lei/EUR (material, livrare fara montaj);2026-10-01;Furnizor Bilka (lista primita de BILZI STEEL PROFILE);1VZbNRIfb9CfG7eZft8SNIS_6ehNGoHRJ
tinichigerie / sistem pluvial;;Jgheab de scurgere 150 / 2m (colorat) [pret/buc impartit la 2 ml];ml;14,25;14,25;;;;03. SISTEM PLUVIAL COLORAT.pdf – lista pret furnizor Bilka, 2.79 EUR/ml x 5,1 lei/EUR (material, livrare fara montaj);2026-10-01;Furnizor Bilka (lista primita de BILZI STEEL PROFILE);1EXIWF7yOahRGhLAmoGx5KBilq7A7tp5S
tinichigerie / sistem pluvial;;Jgheab de scurgere 150 / 3m (Magnelis) [pret/buc impartit la 3 ml];ml;12,12;12,12;;;;04. SISTEM PLUVIAL MAGNELIS.pdf – lista pret furnizor Bilka, 2.38 EUR/ml x 5,1 lei/EUR (material, livrare fara montaj);2026-10-01;Furnizor Bilka (lista primita de BILZI STEEL PROFILE);1VZbNRIfb9CfG7eZft8SNIS_6ehNGoHRJ
tinichigerie / sistem pluvial;;Jgheab de scurgere 150 / 3m (colorat) [pret/buc impartit la 3 ml];ml;14,25;14,25;;;;03. SISTEM PLUVIAL COLORAT.pdf – lista pret furnizor Bilka, 2.79 EUR/ml x 5,1 lei/EUR (material, livrare fara montaj);2026-10-01;Furnizor Bilka (lista primita de BILZI STEEL PROFILE);1EXIWF7yOahRGhLAmoGx5KBilq7A7tp5S
tinichigerie / sistem pluvial;;Jgheab de scurgere 150 / 4m (Magnelis) [pret/buc impartit la 4 ml];ml;12,11;12,11;;;;04. SISTEM PLUVIAL MAGNELIS.pdf – lista pret furnizor Bilka, 2.38 EUR/ml x 5,1 lei/EUR (material, livrare fara montaj);2026-10-01;Furnizor Bilka (lista primita de BILZI STEEL PROFILE);1VZbNRIfb9CfG7eZft8SNIS_6ehNGoHRJ
tinichigerie / sistem pluvial;;Jgheab de scurgere 150 / 4m (colorat) [pret/buc impartit la 4 ml];ml;14,25;14,25;;;;03. SISTEM PLUVIAL COLORAT.pdf – lista pret furnizor Bilka, 2.79 EUR/ml x 5,1 lei/EUR (material, livrare fara montaj);2026-10-01;Furnizor Bilka (lista primita de BILZI STEEL PROFILE);1EXIWF7yOahRGhLAmoGx5KBilq7A7tp5S
tinichigerie / sistem pluvial;RPCI21A0;Jgheaburi din tabla prevopsita 0,5 mm, semirotunde D = 15 cm, cu accesorii si carlige;m;86,34;48,21;38,13;0,00;0,00;"Oferta_financiara_BILZI_Romgaz_Stejari.xlsx – F3 oferta proprie (reparatie acoperis bloc Stejari, Medias); pret direct, adaos 30% separat";2026-10-01;Ofertant BILZI STEEL PROFILE SRL / Beneficiar SNGN Romgaz SA;1vUAaUr8ZpPF-rApifT3WOnjFNW2sKdj-
tinichigerie / sistem pluvial;ZCEORZ000001;Jgheaburi tabla titan zinc 0.7 mm grosime, 670 mm latime;m;320,08;250,00;69,92;0,16;0,00;"Deviz oferta.pdf – F3 oferta eDevize (restaurare biserica); pret direct, la care se adauga CAM 2,25% man., CI 10%, profit 5%";2025-06-17;Executant SC Aurora Inconstruct SRL / Beneficiar Biserica Sf. Imp. Constantin si Elena;1rue0Jaajr2kNvdWBeV5ZObPL36nPRRQk
tinichigerie / sistem pluvial;ZCEORZ000001;Jgheaburi tabla titan zinc 0.7 mm grosime, 670 mmlatime;m;360,80;240,80;120,00;0,00;0,00;5-BISERICA GARLASI-BISERICA-CU VALORI.PDF – F3 Arhitectura (SofteH, listat 12.05.2023);2023-05-12;Beneficiar Parohia/Biserica Garlasi, Buzau (deviz proiectant);1SStdo4o2D6OmwG1EnsxdCLK3tnqJIy_y
tinichigerie / sistem pluvial;;Manopera montaj invelitoare tigla metalica Clasic 0,45 mm (304,68 mp) cu accesorii (coama, dolie, bordura fronton/streasina, holsuruburi) – pret global contract 7.700 lei / 304,68 mp;mp;25,27;;25,27;;;SKM_C300i26100109580.pdf – Contract prestari servicii nr. 13/VI/PEA din 20.02.2024 + PV receptie (TVA neprecizat in contract);2024-02-20;Prestator BILZI STEEL PROFILE SRL / Beneficiar BILKA STEEL SRL (beneficiar real persoana fizica, Cosereni, Ialomita);1DCbuZ2HoLh4I2s7D6SZMXtoQDD1quVcn
tinichigerie / sistem pluvial;;Palnie 100 (Magnelis);buc;51,20;51,20;;;;04. SISTEM PLUVIAL MAGNELIS.pdf – lista pret furnizor Bilka, 10.04 EUR/buc x 5,1 lei/EUR (material, livrare fara montaj);2026-10-01;Furnizor Bilka (lista primita de BILZI STEEL PROFILE);1VZbNRIfb9CfG7eZft8SNIS_6ehNGoHRJ
tinichigerie / sistem pluvial;;Palnie 100 (colorat);buc;60,23;60,23;;;;03. SISTEM PLUVIAL COLORAT.pdf – lista pret furnizor Bilka, 11.81 EUR/buc x 5,1 lei/EUR (material, livrare fara montaj);2026-10-01;Furnizor Bilka (lista primita de BILZI STEEL PROFILE);1EXIWF7yOahRGhLAmoGx5KBilq7A7tp5S
tinichigerie / sistem pluvial;;Palnie 90 (Magnelis);buc;44,68;44,68;;;;04. SISTEM PLUVIAL MAGNELIS.pdf – lista pret furnizor Bilka, 8.76 EUR/buc x 5,1 lei/EUR (material, livrare fara montaj);2026-10-01;Furnizor Bilka (lista primita de BILZI STEEL PROFILE);1VZbNRIfb9CfG7eZft8SNIS_6ehNGoHRJ
tinichigerie / sistem pluvial;;Palnie 90 (colorat);buc;52,58;52,58;;;;03. SISTEM PLUVIAL COLORAT.pdf – lista pret furnizor Bilka, 10.31 EUR/buc x 5,1 lei/EUR (material, livrare fara montaj);2026-10-01;Furnizor Bilka (lista primita de BILZI STEEL PROFILE);1EXIWF7yOahRGhLAmoGx5KBilq7A7tp5S
tinichigerie / sistem pluvial;FE28A1;Palnie simpla pentru cond cu diametrul ext 57 mm;buc;87,45;15,12;72,32;0,00;0,00;"9.2. OFERTA V1 REV CU VALORI PTDE.pdf – F3 cu valori (Spital paliatie, desfiintare C1-C3 si construire); pret direct fara CI/profit";2026-07-06;Proiectant S.C. Tanari Arhitect SRL / Beneficiar ACTIS (Asoc. Comunitara pt. Dezv. Intrepr. Sociale);1LARNS5Adn3FbJ7styKw3LZrEBoluKomc
tinichigerie / sistem pluvial;;Paravant de baza desfasurata 312 mm lucios 0,50 mm (element 2m) [pret/buc impartit la 2 ml];ml;11,60;11,60;;;;01. REZIDENTIAL.pdf – lista pret furnizor Bilka, 2.27 EUR/ml x 5,1 lei/EUR (material, livrare fara montaj);2026-10-01;Furnizor Bilka (lista primita de BILZI STEEL PROFILE);1jrG0xyAdt4_P_-I5T13UmjATR1ywmt_N
tinichigerie / sistem pluvial;;Paravant de baza desfasurata 312 mm mat 0,50 mm (element 2m) [pret/buc impartit la 2 ml];ml;12,09;12,09;;;;01. REZIDENTIAL.pdf – lista pret furnizor Bilka, 2.37 EUR/ml x 5,1 lei/EUR (material, livrare fara montaj);2026-10-01;Furnizor Bilka (lista primita de BILZI STEEL PROFILE);1jrG0xyAdt4_P_-I5T13UmjATR1ywmt_N
tinichigerie / sistem pluvial;SA41C2+;Piese de legatura Wavin PE montate prin sudura cap la cap, pentru instalatii de apa in cladiri ...Dn=75-90 mm , ramificatie simpla;buc;10,75;0,31;10,44;0,00;0,00;"9.2. OFERTA V1 REV CU VALORI PTDE.pdf – F3 cu valori (Spital paliatie, desfiintare C1-C3 si construire); pret direct fara CI/profit";2026-07-06;Proiectant S.C. Tanari Arhitect SRL / Beneficiar ACTIS (Asoc. Comunitara pt. Dezv. Intrepr. Sociale);1LARNS5Adn3FbJ7styKw3LZrEBoluKomc
tinichigerie / sistem pluvial;;Piese speciale din PP cu inele de cauciuc D=110 mm (cot la 45/90/135°, ramificatie egala , reductie asimetrica ,capace de capat );buc;25,50;;;;;"Oferta SD-6 409-E Hotel PIETROASA (Climatronic) – foaia Cap.7-Instalatii Sanitare; 5 EUR x 5,1";2025-09-01;Ofertant Climatronic SRL / Beneficiar Hotel Pietroasa SA Buzau;1ne-s6Ae1aOu82-H0kXysRaOdfZGkZ7l7
tinichigerie / sistem pluvial;;Piese speciale din PP cu inele de cauciuc D=32-40 mm (cot la 45/90/135°, ramificatie egala ,capace de capat );buc;11,22;;;;;"Oferta SD-6 409-E Hotel PIETROASA (Climatronic) – foaia Cap.7-Instalatii Sanitare; 2.2 EUR x 5,1";2025-09-01;Ofertant Climatronic SRL / Beneficiar Hotel Pietroasa SA Buzau;1ne-s6Ae1aOu82-H0kXysRaOdfZGkZ7l7
tinichigerie / sistem pluvial;;Piese speciale din polipropilena reticulara PPR circuite alimentare agenti termici la obiectele sanitare (cot 30/45/90°, piesa mixta PPR/ metal, lira ocolire, ramificatie, mufe, dopuri);buc;17,85;;;;;"Oferta SD-6 409-E Hotel PIETROASA (Climatronic) – foaia Cap.7-Instalatii Sanitare; 3.5 EUR x 5,1";2025-09-01;Ofertant Climatronic SRL / Beneficiar Hotel Pietroasa SA Buzau;1ne-s6Ae1aOu82-H0kXysRaOdfZGkZ7l7
tinichigerie / sistem pluvial;7299984;Prelungitor intermediar 1 m;buc;13,86;13,86;0,00;0,00;0,00;"Propunere_financiara_BILZI_SDF_Onesti.xlsx – F3 oferta proprie (lucrari acoperis hala, Romsilva DS Bacau); pret direct, adaos 25% separat";2026-10-01;Ofertant BILZI STEEL PROFILE SRL / Beneficiar RNP Romsilva DS Bacau;1pe4vyBBOUknM1CDZScHidnvsaDDsmVIx
tinichigerie / sistem pluvial;;Prelungitor intermediar 100 /1 m/ (Magnelis);buc;14,84;14,84;;;;04. SISTEM PLUVIAL MAGNELIS.pdf – lista pret furnizor Bilka, 2.91 EUR/buc x 5,1 lei/EUR (material, livrare fara montaj);2026-10-01;Furnizor Bilka (lista primita de BILZI STEEL PROFILE);1VZbNRIfb9CfG7eZft8SNIS_6ehNGoHRJ
tinichigerie / sistem pluvial;;Prelungitor intermediar 100 /1 m/ (colorat);buc;17,49;17,49;;;;03. SISTEM PLUVIAL COLORAT.pdf – lista pret furnizor Bilka, 3.43 EUR/buc x 5,1 lei/EUR (material, livrare fara montaj);2026-10-01;Furnizor Bilka (lista primita de BILZI STEEL PROFILE);1EXIWF7yOahRGhLAmoGx5KBilq7A7tp5S
tinichigerie / sistem pluvial;M23;Prelungitor intermediar 90 / 1 m [resursa material, Listă furnizor 03. Sistem pluvial Bilka];buc;13,86;13,86;;;;"Propunere_financiara_BILZI_SDF_Onesti.xlsx – foaia Preturi (resurse; EUR furnizor convertit de autor la BNR+1% = 5,3313)";2026-10-01;BILZI STEEL PROFILE SRL;1pe4vyBBOUknM1CDZScHidnvsaDDsmVIx
tinichigerie / sistem pluvial;;Prelungitor intermediar 90 /1 m (Magnelis);buc;11,27;11,27;;;;04. SISTEM PLUVIAL MAGNELIS.pdf – lista pret furnizor Bilka, 2.21 EUR/buc x 5,1 lei/EUR (material, livrare fara montaj);2026-10-01;Furnizor Bilka (lista primita de BILZI STEEL PROFILE);1VZbNRIfb9CfG7eZft8SNIS_6ehNGoHRJ
tinichigerie / sistem pluvial;;Prelungitor intermediar 90 /1 m (colorat);buc;13,26;13,26;;;;03. SISTEM PLUVIAL COLORAT.pdf – lista pret furnizor Bilka, 2.60 EUR/buc x 5,1 lei/EUR (material, livrare fara montaj);2026-10-01;Furnizor Bilka (lista primita de BILZI STEEL PROFILE);1EXIWF7yOahRGhLAmoGx5KBilq7A7tp5S
tinichigerie / sistem pluvial;M02;Profile din tabla 0,5 mm mat pentru sorturi, capace, glafuri, latime desfasurata 25–50 cm (Bilka acc. special 351–400 mm) [resursa material, estimare autor];m;18,18;18,18;;;;Oferta_financiara_BILZI_Romgaz_Stejari.xlsx – foaia Preturi (resurse);2026-10-01;BILZI STEEL PROFILE SRL;1vUAaUr8ZpPF-rApifT3WOnjFNW2sKdj-
tinichigerie / sistem pluvial;;Racord jgheab - burlan 125/90 (Magnelis);buc;9,64;9,64;;;;04. SISTEM PLUVIAL MAGNELIS.pdf – lista pret furnizor Bilka, 1.89 EUR/buc x 5,1 lei/EUR (material, livrare fara montaj);2026-10-01;Furnizor Bilka (lista primita de BILZI STEEL PROFILE);1VZbNRIfb9CfG7eZft8SNIS_6ehNGoHRJ
tinichigerie / sistem pluvial;;Racord jgheab - burlan 125/90 (colorat);buc;11,37;11,37;;;;03. SISTEM PLUVIAL COLORAT.pdf – lista pret furnizor Bilka, 2.23 EUR/buc x 5,1 lei/EUR (material, livrare fara montaj);2026-10-01;Furnizor Bilka (lista primita de BILZI STEEL PROFILE);1EXIWF7yOahRGhLAmoGx5KBilq7A7tp5S
tinichigerie / sistem pluvial;;Racord jgheab - burlan 150/100 (Magnelis);buc;14,79;14,79;;;;04. SISTEM PLUVIAL MAGNELIS.pdf – lista pret furnizor Bilka, 2.90 EUR/buc x 5,1 lei/EUR (material, livrare fara montaj);2026-10-01;Furnizor Bilka (lista primita de BILZI STEEL PROFILE);1VZbNRIfb9CfG7eZft8SNIS_6ehNGoHRJ
tinichigerie / sistem pluvial;;Racord jgheab - burlan 150/100 (colorat);buc;17,39;17,39;;;;03. SISTEM PLUVIAL COLORAT.pdf – lista pret furnizor Bilka, 3.41 EUR/buc x 5,1 lei/EUR (material, livrare fara montaj);2026-10-01;Furnizor Bilka (lista primita de BILZI STEEL PROFILE);1EXIWF7yOahRGhLAmoGx5KBilq7A7tp5S
tinichigerie / sistem pluvial;M20;Racord jgheab – burlan 125/90 [resursa material, Listă furnizor 03. Sistem pluvial Bilka];buc;11,89;11,89;;;;"Propunere_financiara_BILZI_SDF_Onesti.xlsx – foaia Preturi (resurse; EUR furnizor convertit de autor la BNR+1% = 5,3313)";2026-10-01;BILZI STEEL PROFILE SRL;1pe4vyBBOUknM1CDZScHidnvsaDDsmVIx
tinichigerie / sistem pluvial;7299986;Racord jgheab/burlan;buc;11,89;11,89;0,00;0,00;0,00;"Propunere_financiara_BILZI_SDF_Onesti.xlsx – F3 oferta proprie (lucrari acoperis hala, Romsilva DS Bacau); pret direct, adaos 25% separat";2026-10-01;Ofertant BILZI STEEL PROFILE SRL / Beneficiar RNP Romsilva DS Bacau;1pe4vyBBOUknM1CDZScHidnvsaDDsmVIx
tinichigerie / sistem pluvial;20014477;Ramificatie PE canalizare 45grd50 [resursa material];buc;11,41;11,41;;;;"9.2. OFERTA V1 REV CU VALORI PTDE.pdf – F3 cu valori (Spital paliatie, desfiintare C1-C3 si construire); pret direct fara CI/profit";2026-07-06;Proiectant S.C. Tanari Arhitect SRL / Beneficiar ACTIS (Asoc. Comunitara pt. Dezv. Intrepr. Sociale);1LARNS5Adn3FbJ7styKw3LZrEBoluKomc
tinichigerie / sistem pluvial;;Ramificatie burlan 100 (Magnelis);buc;58,09;58,09;;;;04. SISTEM PLUVIAL MAGNELIS.pdf – lista pret furnizor Bilka, 11.39 EUR/buc x 5,1 lei/EUR (material, livrare fara montaj);2026-10-01;Furnizor Bilka (lista primita de BILZI STEEL PROFILE);1VZbNRIfb9CfG7eZft8SNIS_6ehNGoHRJ
tinichigerie / sistem pluvial;;Ramificatie burlan 100 (colorat);buc;68,34;68,34;;;;03. SISTEM PLUVIAL COLORAT.pdf – lista pret furnizor Bilka, 13.40 EUR/buc x 5,1 lei/EUR (material, livrare fara montaj);2026-10-01;Furnizor Bilka (lista primita de BILZI STEEL PROFILE);1EXIWF7yOahRGhLAmoGx5KBilq7A7tp5S
tinichigerie / sistem pluvial;;Ramificatie burlan 90 (Magnelis);buc;51,61;51,61;;;;04. SISTEM PLUVIAL MAGNELIS.pdf – lista pret furnizor Bilka, 10.12 EUR/buc x 5,1 lei/EUR (material, livrare fara montaj);2026-10-01;Furnizor Bilka (lista primita de BILZI STEEL PROFILE);1VZbNRIfb9CfG7eZft8SNIS_6ehNGoHRJ
tinichigerie / sistem pluvial;;Ramificatie burlan 90 (colorat);buc;60,74;60,74;;;;03. SISTEM PLUVIAL COLORAT.pdf – lista pret furnizor Bilka, 11.91 EUR/buc x 5,1 lei/EUR (material, livrare fara montaj);2026-10-01;Furnizor Bilka (lista primita de BILZI STEEL PROFILE);1EXIWF7yOahRGhLAmoGx5KBilq7A7tp5S
tinichigerie / sistem pluvial;20029606;Ramificatie canal maro v 45° d.110x110mm [resursa material];buc;13,33;13,33;;;;"9.2. OFERTA V1 REV CU VALORI PTDE.pdf – F3 cu valori (Spital paliatie, desfiintare C1-C3 si construire); pret direct fara CI/profit";2026-07-06;Proiectant S.C. Tanari Arhitect SRL / Beneficiar ACTIS (Asoc. Comunitara pt. Dezv. Intrepr. Sociale);1LARNS5Adn3FbJ7styKw3LZrEBoluKomc
tinichigerie / sistem pluvial;SB12B01^;Ramificatie de tip Teraplast, din PVC, SN4, de diametre 110/110 mm (KGEA);buc;14,15;0,23;13,92;0,00;0,00;"9.2. OFERTA V1 REV CU VALORI PTDE.pdf – F3 cu valori (Spital paliatie, desfiintare C1-C3 si construire); pret direct fara CI/profit";2026-07-06;Proiectant S.C. Tanari Arhitect SRL / Beneficiar ACTIS (Asoc. Comunitara pt. Dezv. Intrepr. Sociale);1LARNS5Adn3FbJ7styKw3LZrEBoluKomc
tinichigerie / sistem pluvial;AcE143A01;Ramificatie egala PVC VALROM cu + mufa si garnitura pt. canalizare exterioara gravitationala D = 110 mm;buc;15,79;1,00;14,79;0,00;0,00;"9.2. OFERTA V1 REV CU VALORI PTDE.pdf – F3 cu valori (Spital paliatie, desfiintare C1-C3 si construire); pret direct fara CI/profit";2026-07-06;Proiectant S.C. Tanari Arhitect SRL / Beneficiar ACTIS (Asoc. Comunitara pt. Dezv. Intrepr. Sociale);1LARNS5Adn3FbJ7styKw3LZrEBoluKomc
tinichigerie / sistem pluvial;6721017;Ramificatie egala,instal canal,poliprop ignif,D1/D2 = 50/50 [resursa material];buc;11,30;11,30;;;;"Deviz oferta.pdf – F3 oferta eDevize (restaurare biserica); pret direct, la care se adauga CAM 2,25% man., CI 10%, profit 5%";2025-06-17;Executant SC Aurora Inconstruct SRL / Beneficiar Biserica Sf. Imp. Constantin si Elena;1rue0Jaajr2kNvdWBeV5ZObPL36nPRRQk
tinichigerie / sistem pluvial;6704205;Ramificatie redusa PPr D110-D50 [resursa material];buc;21,00;21,00;;;;"Deviz oferta.pdf – F3 oferta eDevize (restaurare biserica); pret direct, la care se adauga CAM 2,25% man., CI 10%, profit 5%";2025-06-17;Executant SC Aurora Inconstruct SRL / Beneficiar Biserica Sf. Imp. Constantin si Elena;1rue0Jaajr2kNvdWBeV5ZObPL36nPRRQk
tinichigerie / sistem pluvial;6704214;Ramificatie simpla mat plast (pe,pp,pp-r,etc) canal, imbin sudura D = 110 mm [resursa material];buc;26,00;26,00;;;;"Deviz oferta.pdf – F3 oferta eDevize (restaurare biserica); pret direct, la care se adauga CAM 2,25% man., CI 10%, profit 5%";2025-06-17;Executant SC Aurora Inconstruct SRL / Beneficiar Biserica Sf. Imp. Constantin si Elena;1rue0Jaajr2kNvdWBeV5ZObPL36nPRRQk
tinichigerie / sistem pluvial;;Ruperea pantei concava desfasurata 208 mm lucios 0,50 mm (element 2m) [pret/buc impartit la 2 ml];ml;7,73;7,73;;;;01. REZIDENTIAL.pdf – lista pret furnizor Bilka, 1.51 EUR/ml x 5,1 lei/EUR (material, livrare fara montaj);2026-10-01;Furnizor Bilka (lista primita de BILZI STEEL PROFILE);1jrG0xyAdt4_P_-I5T13UmjATR1ywmt_N
tinichigerie / sistem pluvial;;Ruperea pantei concava desfasurata 208 mm mat 0,50 mm (element 2m) [pret/buc impartit la 2 ml];ml;8,06;8,06;;;;01. REZIDENTIAL.pdf – lista pret furnizor Bilka, 1.58 EUR/ml x 5,1 lei/EUR (material, livrare fara montaj);2026-10-01;Furnizor Bilka (lista primita de BILZI STEEL PROFILE);1jrG0xyAdt4_P_-I5T13UmjATR1ywmt_N
tinichigerie / sistem pluvial;;Ruperea pantei concava desfasurata 250 mm lucios 0,50 mm (element 2m) [pret/buc impartit la 2 ml];ml;9,28;9,28;;;;01. REZIDENTIAL.pdf – lista pret furnizor Bilka, 1.82 EUR/ml x 5,1 lei/EUR (material, livrare fara montaj);2026-10-01;Furnizor Bilka (lista primita de BILZI STEEL PROFILE);1jrG0xyAdt4_P_-I5T13UmjATR1ywmt_N
tinichigerie / sistem pluvial;;Ruperea pantei concava desfasurata 250 mm mat 0,50 mm (element 2m) [pret/buc impartit la 2 ml];ml;9,66;9,66;;;;01. REZIDENTIAL.pdf – lista pret furnizor Bilka, 1.90 EUR/ml x 5,1 lei/EUR (material, livrare fara montaj);2026-10-01;Furnizor Bilka (lista primita de BILZI STEEL PROFILE);1jrG0xyAdt4_P_-I5T13UmjATR1ywmt_N
tinichigerie / sistem pluvial;;Ruperea pantei convexa desfasurata 208 mm lucios 0,50 mm (element 2m) [pret/buc impartit la 2 ml];ml;7,73;7,73;;;;01. REZIDENTIAL.pdf – lista pret furnizor Bilka, 1.51 EUR/ml x 5,1 lei/EUR (material, livrare fara montaj);2026-10-01;Furnizor Bilka (lista primita de BILZI STEEL PROFILE);1jrG0xyAdt4_P_-I5T13UmjATR1ywmt_N
tinichigerie / sistem pluvial;;Ruperea pantei convexa desfasurata 208 mm mat 0,50 mm (element 2m) [pret/buc impartit la 2 ml];ml;8,06;8,06;;;;01. REZIDENTIAL.pdf – lista pret furnizor Bilka, 1.58 EUR/ml x 5,1 lei/EUR (material, livrare fara montaj);2026-10-01;Furnizor Bilka (lista primita de BILZI STEEL PROFILE);1jrG0xyAdt4_P_-I5T13UmjATR1ywmt_N
tinichigerie / sistem pluvial;;Ruperea pantei convexa desfasurata 250 mm lucios 0,50 mm (element 2m) [pret/buc impartit la 2 ml];ml;9,28;9,28;;;;01. REZIDENTIAL.pdf – lista pret furnizor Bilka, 1.82 EUR/ml x 5,1 lei/EUR (material, livrare fara montaj);2026-10-01;Furnizor Bilka (lista primita de BILZI STEEL PROFILE);1jrG0xyAdt4_P_-I5T13UmjATR1ywmt_N
tinichigerie / sistem pluvial;;Ruperea pantei convexa desfasurata 250 mm mat 0,50 mm (element 2m) [pret/buc impartit la 2 ml];ml;9,66;9,66;;;;01. REZIDENTIAL.pdf – lista pret furnizor Bilka, 1.90 EUR/ml x 5,1 lei/EUR (material, livrare fara montaj);2026-10-01;Furnizor Bilka (lista primita de BILZI STEEL PROFILE);1jrG0xyAdt4_P_-I5T13UmjATR1ywmt_N
tinichigerie / sistem pluvial;;"SS-Supapa de siguranta cu reglaj fix resort 1"" la P=6bar, Furnizor Bianchi";buc;226,95;;;;;"Oferta SD-6 409-E Hotel PIETROASA (Climatronic) – foaia Cap.5- Centrala Termica; 44.5 EUR x 5,1";2025-09-01;Ofertant Climatronic SRL / Beneficiar Hotel Pietroasa SA Buzau;1ne-s6Ae1aOu82-H0kXysRaOdfZGkZ7l7
tinichigerie / sistem pluvial;IZE05C [2];Sort metalic închidere atic - tabla prevopsita culoare alba. Profil desfasurat = 72 cm.;m;317,46;250,18;67,28;0,00;0,00;"9.2. OFERTA V1 REV CU VALORI PTDE.pdf – F3 cu valori (Spital paliatie, desfiintare C1-C3 si construire); pret direct fara CI/profit";2026-07-06;Proiectant S.C. Tanari Arhitect SRL / Beneficiar ACTIS (Asoc. Comunitara pt. Dezv. Intrepr. Sociale);1LARNS5Adn3FbJ7styKw3LZrEBoluKomc
tinichigerie / sistem pluvial;IZE05C [1];Sort metalic închidere atic - tabla prevopsita culoare gri antracit. Profil desfasurat = 55 cm.;m;265,96;198,68;67,28;0,00;0,00;"9.2. OFERTA V1 REV CU VALORI PTDE.pdf – F3 cu valori (Spital paliatie, desfiintare C1-C3 si construire); pret direct fara CI/profit";2026-07-06;Proiectant S.C. Tanari Arhitect SRL / Beneficiar ACTIS (Asoc. Comunitara pt. Dezv. Intrepr. Sociale);1LARNS5Adn3FbJ7styKw3LZrEBoluKomc
tinichigerie / sistem pluvial;IZE05C [3];Sort metalic închidere atic - tabla prevopsita culoare gri antracit. Profil desfasurat = 72 cm.;m;105,42;38,14;67,28;0,00;0,00;"9.2. OFERTA V1 REV CU VALORI PTDE.pdf – F3 cu valori (Spital paliatie, desfiintare C1-C3 si construire); pret direct fara CI/profit";2026-07-06;Proiectant S.C. Tanari Arhitect SRL / Beneficiar ACTIS (Asoc. Comunitara pt. Dezv. Intrepr. Sociale);1LARNS5Adn3FbJ7styKw3LZrEBoluKomc
tinichigerie / sistem pluvial;RpCI19A12;Sorturi, glafuri, capace din tabla prevopsita 0,5 mm, latime desfasurata 25–50 cm;m;51,50;20,00;31,50;0,00;0,00;"Oferta_financiara_BILZI_Romgaz_Stejari.xlsx – F3 oferta proprie (reparatie acoperis bloc Stejari, Medias); pret direct, adaos 30% separat";2026-10-01;Ofertant BILZI STEEL PROFILE SRL / Beneficiar SNGN Romgaz SA;1vUAaUr8ZpPF-rApifT3WOnjFNW2sKdj-
tinichigerie / sistem pluvial;;TC-Teava cupru bara pentru instalatii de incalzire D=35/28/22x1.5 mm-inclusiv coturi, mufe, teuri de ramificatie si imbinare;ml;160,65;;;;;"Oferta SD-6 409-E Hotel PIETROASA (Climatronic) – foaia Cap.5- Centrala Termica; 31.5 EUR x 5,1";2025-09-01;Ofertant Climatronic SRL / Beneficiar Hotel Pietroasa SA Buzau;1ne-s6Ae1aOu82-H0kXysRaOdfZGkZ7l7
tinichigerie / sistem pluvial;CE08C%;asim – Bordură fronton pentru învelitori din țiglă metalică;ml;14,00;0,00;14,00;0,00;0,00;"Propunere_financiara_BILZI_SDF_Onesti.xlsx – F3 oferta proprie (lucrari acoperis hala, Romsilva DS Bacau); pret direct, adaos 25% separat";2026-10-01;Ofertant BILZI STEEL PROFILE SRL / Beneficiar RNP Romsilva DS Bacau;1pe4vyBBOUknM1CDZScHidnvsaDDsmVIx
tinichigerie / sistem pluvial;CE08C% [1];asim – Bordură streașină pentru învelitori din țiglă metalică;ml;10,50;0,00;10,50;0,00;0,00;"Propunere_financiara_BILZI_SDF_Onesti.xlsx – F3 oferta proprie (lucrari acoperis hala, Romsilva DS Bacau); pret direct, adaos 25% separat";2026-10-01;Ofertant BILZI STEEL PROFILE SRL / Beneficiar RNP Romsilva DS Bacau;1pe4vyBBOUknM1CDZScHidnvsaDDsmVIx
tinichigerie / sistem pluvial;CE14A1;asim – Montat burlane din tablă;m;21,00;0,00;21,00;0,00;0,00;"Propunere_financiara_BILZI_SDF_Onesti.xlsx – F3 oferta proprie (lucrari acoperis hala, Romsilva DS Bacau); pret direct, adaos 25% separat";2026-10-01;Ofertant BILZI STEEL PROFILE SRL / Beneficiar RNP Romsilva DS Bacau;1pe4vyBBOUknM1CDZScHidnvsaDDsmVIx
tinichigerie / sistem pluvial;CE13A1;asim – Montat jgheaburi din tablă;m;21,00;0,00;21,00;0,00;0,00;"Propunere_financiara_BILZI_SDF_Onesti.xlsx – F3 oferta proprie (lucrari acoperis hala, Romsilva DS Bacau); pret direct, adaos 25% separat";2026-10-01;Ofertant BILZI STEEL PROFILE SRL / Beneficiar RNP Romsilva DS Bacau;1pe4vyBBOUknM1CDZScHidnvsaDDsmVIx
transport / manipulare;2100957;Beton de ciment B 200 stas 3622 5 Transporturi [resursa material];mc;408,11;408,11;;;;"9.2. OFERTA V1 REV CU VALORI PTDE.pdf – F3 cu valori (Spital paliatie, desfiintare C1-C3 si construire); pret direct fara CI/profit";2026-07-06;Proiectant S.C. Tanari Arhitect SRL / Beneficiar ACTIS (Asoc. Comunitara pt. Dezv. Intrepr. Sociale);1LARNS5Adn3FbJ7styKw3LZrEBoluKomc
transport / manipulare;3503681;Container depozitare deseuri constructii - chirie [resursa material];buc;6500,00;6500,00;;;;"9.2. OFERTA V1 REV CU VALORI PTDE.pdf – F3 cu valori (Spital paliatie, desfiintare C1-C3 si construire); pret direct fara CI/profit";2026-07-06;Proiectant S.C. Tanari Arhitect SRL / Beneficiar ACTIS (Asoc. Comunitara pt. Dezv. Intrepr. Sociale);1LARNS5Adn3FbJ7styKw3LZrEBoluKomc
transport / manipulare;RMA29A;Curatirea de moloz a gaurilor create pentru dornuri de antrenare la zidaria de caramida;buc;7,00;0,00;7,00;0,00;0,00;"Deviz oferta.pdf – F3 oferta eDevize (restaurare biserica); pret direct, la care se adauga CAM 2,25% man., CI 10%, profit 5%";2025-06-17;Executant SC Aurora Inconstruct SRL / Beneficiar Biserica Sf. Imp. Constantin si Elena;1rue0Jaajr2kNvdWBeV5ZObPL36nPRRQk
transport / manipulare;TRI1AC13A1;Descarcare materiale grele si deplasare p.p.d. pana la 10m;t;18,89;0,00;18,89;0,00;0,00;"Deviz oferta.pdf – F3 oferta eDevize (restaurare biserica); pret direct, la care se adauga CAM 2,25% man., CI 10%, profit 5%";2025-06-17;Executant SC Aurora Inconstruct SRL / Beneficiar Biserica Sf. Imp. Constantin si Elena;1rue0Jaajr2kNvdWBeV5ZObPL36nPRRQk
transport / manipulare;TRI1AC14E1;Descarcare materiale greutate cu ambalaje 50–100 kg, deplasare prin purtare pana la 10 m;t;9,40;0,00;9,40;0,00;0,00;"Oferta_financiara_BILZI_Romgaz_Stejari.xlsx – F3 oferta proprie (reparatie acoperis bloc Stejari, Medias); pret direct, adaos 30% separat";2026-10-01;Ofertant BILZI STEEL PROFILE SRL / Beneficiar SNGN Romgaz SA;1vUAaUr8ZpPF-rApifT3WOnjFNW2sKdj-
transport / manipulare;RPCK46C;Evacuarea umpluturii din zidarie de caramida si moloz existenta peste nivelul boltilor;mp;49,97;0,43;49,13;0,41;0,00;"Deviz oferta.pdf – F3 oferta eDevize (restaurare biserica); pret direct, la care se adauga CAM 2,25% man., CI 10%, profit 5%";2025-06-17;Executant SC Aurora Inconstruct SRL / Beneficiar Biserica Sf. Imp. Constantin si Elena;1rue0Jaajr2kNvdWBeV5ZObPL36nPRRQk
transport / manipulare;TRI1AC02E1;Incarcare materiale gr. c – ambalate 10–50 kg, deplasare prin purtare pana la 10 m;t;9,40;0,00;9,40;0,00;0,00;"Oferta_financiara_BILZI_Romgaz_Stejari.xlsx – F3 oferta proprie (reparatie acoperis bloc Stejari, Medias); pret direct, adaos 30% separat";2026-10-01;Ofertant BILZI STEEL PROFILE SRL / Beneficiar SNGN Romgaz SA;1vUAaUr8ZpPF-rApifT3WOnjFNW2sKdj-
transport / manipulare;TRI1AA05C;Incarcarea materialelor, grupa a-usoare 1 in...bulgari,prin aruncare rampa sau teren-auto categ.1;t;17,40;;;;;"9.2. OFERTA V1 REV CU VALORI PTDE.pdf – F3 cu valori (Spital paliatie, desfiintare C1-C3 si construire); pret direct fara CI/profit";2026-07-06;Proiectant S.C. Tanari Arhitect SRL / Beneficiar ACTIS (Asoc. Comunitara pt. Dezv. Intrepr. Sociale);1LARNS5Adn3FbJ7styKw3LZrEBoluKomc
transport / manipulare;20025971;Pompa recirculare apa calda, pompa cu turatie reglata electronic, Q=3.3mc/h, H=1-6m, Dn32 procent material manopera utilaj transport total Alte cheltuieli directe: asiguratorie pentru munca (CAM) [resursa material];buc;1361,44;1361,44;;;;"9.2. OFERTA V1 REV CU VALORI PTDE.pdf – F3 cu valori (Spital paliatie, desfiintare C1-C3 si construire); pret direct fara CI/profit";2026-07-06;Proiectant S.C. Tanari Arhitect SRL / Beneficiar ACTIS (Asoc. Comunitara pt. Dezv. Intrepr. Sociale);1LARNS5Adn3FbJ7styKw3LZrEBoluKomc
transport / manipulare;SD07C#;Robinet de trecere cu ventil si mufe, cu sau fara descarcare, pentru tevi...otel,d=1;buc;8,41;0,00;8,41;0,00;0,00;"9.2. OFERTA V1 REV CU VALORI PTDE.pdf – F3 cu valori (Spital paliatie, desfiintare C1-C3 si construire); pret direct fara CI/profit";2026-07-06;Proiectant S.C. Tanari Arhitect SRL / Beneficiar ACTIS (Asoc. Comunitara pt. Dezv. Intrepr. Sociale);1LARNS5Adn3FbJ7styKw3LZrEBoluKomc
transport / manipulare;SD07E#;Robinet de trecere cu ventil si mufe, cu sau fara descarcare, pentru tevi...otel,d=1 1/2;buc;13,92;0,00;13,92;0,00;0,00;"9.2. OFERTA V1 REV CU VALORI PTDE.pdf – F3 cu valori (Spital paliatie, desfiintare C1-C3 si construire); pret direct fara CI/profit";2026-07-06;Proiectant S.C. Tanari Arhitect SRL / Beneficiar ACTIS (Asoc. Comunitara pt. Dezv. Intrepr. Sociale);1LARNS5Adn3FbJ7styKw3LZrEBoluKomc
transport / manipulare;SD07D#;Robinet de trecere cu ventil si mufe, cu sau fara descarcare, pentru tevi...otel,d=1 1/4;buc;11,60;0,00;11,60;0,00;0,00;"9.2. OFERTA V1 REV CU VALORI PTDE.pdf – F3 cu valori (Spital paliatie, desfiintare C1-C3 si construire); pret direct fara CI/profit";2026-07-06;Proiectant S.C. Tanari Arhitect SRL / Beneficiar ACTIS (Asoc. Comunitara pt. Dezv. Intrepr. Sociale);1LARNS5Adn3FbJ7styKw3LZrEBoluKomc
transport / manipulare;SD07F#;Robinet de trecere cu ventil si mufe, cu sau fara descarcare, pentru tevi...otel,d=2;buc;19,14;0,00;19,14;0,00;0,00;"9.2. OFERTA V1 REV CU VALORI PTDE.pdf – F3 cu valori (Spital paliatie, desfiintare C1-C3 si construire); pret direct fara CI/profit";2026-07-06;Proiectant S.C. Tanari Arhitect SRL / Beneficiar ACTIS (Asoc. Comunitara pt. Dezv. Intrepr. Sociale);1LARNS5Adn3FbJ7styKw3LZrEBoluKomc
transport / manipulare;SD07G#;Robinet de trecere cu ventil si mufe, cu sau fara descarcare, pentru tevi...otel,d=2 1/2;buc;29,00;0,00;29,00;0,00;0,00;"9.2. OFERTA V1 REV CU VALORI PTDE.pdf – F3 cu valori (Spital paliatie, desfiintare C1-C3 si construire); pret direct fara CI/profit";2026-07-06;Proiectant S.C. Tanari Arhitect SRL / Beneficiar ACTIS (Asoc. Comunitara pt. Dezv. Intrepr. Sociale);1LARNS5Adn3FbJ7styKw3LZrEBoluKomc
transport / manipulare;SD07H#;Robinet de trecere cu ventil si mufe, cu sau fara descarcare, pentru tevi...otel,d=3;buc;34,80;0,00;34,80;0,00;0,00;"9.2. OFERTA V1 REV CU VALORI PTDE.pdf – F3 cu valori (Spital paliatie, desfiintare C1-C3 si construire); pret direct fara CI/profit";2026-07-06;Proiectant S.C. Tanari Arhitect SRL / Beneficiar ACTIS (Asoc. Comunitara pt. Dezv. Intrepr. Sociale);1LARNS5Adn3FbJ7styKw3LZrEBoluKomc
transport / manipulare;SD07A#;Robinet de trecere cu ventil si mufe, cu sau fara descarcare, pentru tevi...otel,d=3/8 - 1/2;buc;5,22;0,00;5,22;0,00;0,00;"9.2. OFERTA V1 REV CU VALORI PTDE.pdf – F3 cu valori (Spital paliatie, desfiintare C1-C3 si construire); pret direct fara CI/profit";2026-07-06;Proiectant S.C. Tanari Arhitect SRL / Beneficiar ACTIS (Asoc. Comunitara pt. Dezv. Intrepr. Sociale);1LARNS5Adn3FbJ7styKw3LZrEBoluKomc
transport / manipulare;4202577;Robinet trec. fonta 1 1/4 B descarcare pn10 s6480 [resursa material];buc;90,00;90,00;;;;"Deviz oferta.pdf – F3 oferta eDevize (restaurare biserica); pret direct, la care se adauga CAM 2,25% man., CI 10%, profit 5%";2025-06-17;Executant SC Aurora Inconstruct SRL / Beneficiar Biserica Sf. Imp. Constantin si Elena;1rue0Jaajr2kNvdWBeV5ZObPL36nPRRQk
transport / manipulare;T01;Transport rutier materiale cu autocamionul [resursa transport, Estimare preț de piață – de verificat];t·km;3,00;;;;3,00;"Propunere_financiara_BILZI_SDF_Onesti.xlsx – foaia Preturi (resurse; EUR furnizor convertit de autor la BNR+1% = 5,3313)";2026-10-01;BILZI STEEL PROFILE SRL;1pe4vyBBOUknM1CDZScHidnvsaDDsmVIx
transport / manipulare;TRA04B25;Transport rutier materiale semifabricate cu autoremorchere cu remorci treiler peste 20t pe...dist. 25 km;t;30,00;0,00;0,00;0,00;30,00;"9.2. OFERTA V1 REV CU VALORI PTDE.pdf – F3 cu valori (Spital paliatie, desfiintare C1-C3 si construire); pret direct fara CI/profit";2026-07-06;Proiectant S.C. Tanari Arhitect SRL / Beneficiar ACTIS (Asoc. Comunitara pt. Dezv. Intrepr. Sociale);1LARNS5Adn3FbJ7styKw3LZrEBoluKomc
transport / manipulare;TRB01B25;Transportul materialelor cu roaba pe pneuri inc. aruncare, desc. aruncare grupa 4, distanta 50 m;t;73,21;0,00;73,21;0,00;0,00;"Deviz oferta.pdf – F3 oferta eDevize (restaurare biserica); pret direct, la care se adauga CAM 2,25% man., CI 10%, profit 5%";2025-06-17;Executant SC Aurora Inconstruct SRL / Beneficiar Biserica Sf. Imp. Constantin si Elena;1rue0Jaajr2kNvdWBeV5ZObPL36nPRRQk
transport / manipulare;TRB05A13;Transportul materialelor p.p.d. materiale comode sub 25 kg;t;117,17;0,00;117,17;0,00;0,00;"Deviz oferta.pdf – F3 oferta eDevize (restaurare biserica); pret direct, la care se adauga CAM 2,25% man., CI 10%, profit 5%";2025-06-17;Executant SC Aurora Inconstruct SRL / Beneficiar Biserica Sf. Imp. Constantin si Elena;1rue0Jaajr2kNvdWBeV5ZObPL36nPRRQk
transport / manipulare;TRB05A15;Transportul materialelor prin purtat direct – materiale comode sub 25 kg, distanta 50 m;t;113,50;0,00;113,50;0,00;0,00;"Oferta_financiara_BILZI_Romgaz_Stejari.xlsx – F3 oferta proprie (reparatie acoperis bloc Stejari, Medias); pret direct, adaos 30% separat";2026-10-01;Ofertant BILZI STEEL PROFILE SRL / Beneficiar SNGN Romgaz SA;1vUAaUr8ZpPF-rApifT3WOnjFNW2sKdj-
transport / manipulare;TRB05A23;Transportul materialelor prin purtat direct.materiale... incomode sub 25 kg distanta 30m;t;128,20;0,00;128,20;0,00;0,00;"Deviz oferta.pdf – F3 oferta eDevize (restaurare biserica); pret direct, la care se adauga CAM 2,25% man., CI 10%, profit 5%";2025-06-17;Executant SC Aurora Inconstruct SRL / Beneficiar Biserica Sf. Imp. Constantin si Elena;1rue0Jaajr2kNvdWBeV5ZObPL36nPRRQk
transport / manipulare;TRA06A30;Transportul rutier al betonului- mortarului cu autobetoniera de...5,5 mc dist.=30 km;t;45,00;0,00;0,00;0,00;45,00;"9.2. OFERTA V1 REV CU VALORI PTDE.pdf – F3 cu valori (Spital paliatie, desfiintare C1-C3 si construire); pret direct fara CI/profit";2026-07-06;Proiectant S.C. Tanari Arhitect SRL / Beneficiar ACTIS (Asoc. Comunitara pt. Dezv. Intrepr. Sociale);1LARNS5Adn3FbJ7styKw3LZrEBoluKomc
transport / manipulare;TRA02A40;Transportul rutier al materialelor, semifabricatelor cu autocamionul pe dist. = 40 km;t;15,53;0,00;0,00;0,00;15,53;"Deviz oferta.pdf – F3 oferta eDevize (restaurare biserica); pret direct, la care se adauga CAM 2,25% man., CI 10%, profit 5%";2025-06-17;Executant SC Aurora Inconstruct SRL / Beneficiar Biserica Sf. Imp. Constantin si Elena;1rue0Jaajr2kNvdWBeV5ZObPL36nPRRQk
transport / manipulare;TRA02A40;Transportul rutier al materialelor, semifabricatelor cu autocamionul pe dist. = 40 km;t;120,00;0,00;0,00;0,00;120,00;"Oferta_financiara_BILZI_Romgaz_Stejari.xlsx – F3 oferta proprie (reparatie acoperis bloc Stejari, Medias); pret direct, adaos 30% separat";2026-10-01;Ofertant BILZI STEEL PROFILE SRL / Beneficiar SNGN Romgaz SA;1vUAaUr8ZpPF-rApifT3WOnjFNW2sKdj-
transport / manipulare;TRA02A05;Transportul rutier al materialelor, semifabricatelor cu autocamionul pe dist. = 5 km;t;15,00;0,00;0,00;0,00;15,00;"Propunere_financiara_BILZI_SDF_Onesti.xlsx – F3 oferta proprie (lucrari acoperis hala, Romsilva DS Bacau); pret direct, adaos 25% separat";2026-10-01;Ofertant BILZI STEEL PROFILE SRL / Beneficiar RNP Romsilva DS Bacau;1pe4vyBBOUknM1CDZScHidnvsaDDsmVIx
transport / manipulare;TRA02A10;Transportul rutier al materialelor,semifabricatelor cu autocamionul pe dist.= ...10 km.;t;12,00;0,00;0,00;0,00;12,00;"9.2. OFERTA V1 REV CU VALORI PTDE.pdf – F3 cu valori (Spital paliatie, desfiintare C1-C3 si construire); pret direct fara CI/profit";2026-07-06;Proiectant S.C. Tanari Arhitect SRL / Beneficiar ACTIS (Asoc. Comunitara pt. Dezv. Intrepr. Sociale);1LARNS5Adn3FbJ7styKw3LZrEBoluKomc
transport / manipulare;TRA02A30;Transportul rutier al materialelor,semifabricatelor cu autocamionul pe dist.= ...30 km.;t;20,00;0,00;0,00;0,00;20,00;"9.2. OFERTA V1 REV CU VALORI PTDE.pdf – F3 cu valori (Spital paliatie, desfiintare C1-C3 si construire); pret direct fara CI/profit";2026-07-06;Proiectant S.C. Tanari Arhitect SRL / Beneficiar ACTIS (Asoc. Comunitara pt. Dezv. Intrepr. Sociale);1LARNS5Adn3FbJ7styKw3LZrEBoluKomc
transport / manipulare;TRA01A20;Transportul rutier al... materialelor, semifabricatelor cu autobasculanta pe dist.= 20 km;t;34,50;0,00;0,00;0,00;34,50;"Deviz oferta.pdf – F3 oferta eDevize (restaurare biserica); pret direct, la care se adauga CAM 2,25% man., CI 10%, profit 5%";2025-06-17;Executant SC Aurora Inconstruct SRL / Beneficiar Biserica Sf. Imp. Constantin si Elena;1rue0Jaajr2kNvdWBeV5ZObPL36nPRRQk
transport / manipulare;TRA01A20;Transportul rutier al... materialelor,semifabricatelor cu autobasculanta pe dist.= 20 km.;t;34,50;0,00;0,00;0,00;34,50;"Deviz oferta.pdf – F3 oferta eDevize (restaurare biserica); pret direct, la care se adauga CAM 2,25% man., CI 10%, profit 5%";2025-06-17;Executant SC Aurora Inconstruct SRL / Beneficiar Biserica Sf. Imp. Constantin si Elena;1rue0Jaajr2kNvdWBeV5ZObPL36nPRRQk
transport / manipulare;TRA01A10;Transportul rutier al...materialelor,semifabricatelor cu autobasculanta pe dist.= 10 km.;t;12,00;0,00;0,00;0,00;12,00;"9.2. OFERTA V1 REV CU VALORI PTDE.pdf – F3 cu valori (Spital paliatie, desfiintare C1-C3 si construire); pret direct fara CI/profit";2026-07-06;Proiectant S.C. Tanari Arhitect SRL / Beneficiar ACTIS (Asoc. Comunitara pt. Dezv. Intrepr. Sociale);1LARNS5Adn3FbJ7styKw3LZrEBoluKomc
transport / manipulare;TRA01A30;Transportul rutier al...materialelor,semifabricatelor cu autobasculanta pe dist.= 30 km.;t;25,00;0,00;0,00;0,00;25,00;"9.2. OFERTA V1 REV CU VALORI PTDE.pdf – F3 cu valori (Spital paliatie, desfiintare C1-C3 si construire); pret direct fara CI/profit";2026-07-06;Proiectant S.C. Tanari Arhitect SRL / Beneficiar ACTIS (Asoc. Comunitara pt. Dezv. Intrepr. Sociale);1LARNS5Adn3FbJ7styKw3LZrEBoluKomc
transport / manipulare;TRA01A10P;Transportul rutier al...pamantului sau molozului cu autobasculanta dist.=10 km;t;10,00;0,00;0,00;0,00;10,00;"9.2. OFERTA V1 REV CU VALORI PTDE.pdf – F3 cu valori (Spital paliatie, desfiintare C1-C3 si construire); pret direct fara CI/profit";2026-07-06;Proiectant S.C. Tanari Arhitect SRL / Beneficiar ACTIS (Asoc. Comunitara pt. Dezv. Intrepr. Sociale);1LARNS5Adn3FbJ7styKw3LZrEBoluKomc
transport / manipulare;11665173;Usa int. metalica cu panouri HPL, .L culisanta, plina, 1.50x2.15 m procent material manopera utilaj transport total [resursa material];mp;1565,58;1565,58;;;;"9.2. OFERTA V1 REV CU VALORI PTDE.pdf – F3 cu valori (Spital paliatie, desfiintare C1-C3 si construire); pret direct fara CI/profit";2026-07-06;Proiectant S.C. Tanari Arhitect SRL / Beneficiar ACTIS (Asoc. Comunitara pt. Dezv. Intrepr. Sociale);1LARNS5Adn3FbJ7styKw3LZrEBoluKomc
transport / manipulare;6103268;Vopsea rosie (fp) v.231-1 ntr 90-80 procent material manopera utilaj transport total Alte cheltuieli directe: asiguratorie pentru munca (CAM) [resursa material];kg;25,21;25,21;;;;"9.2. OFERTA V1 REV CU VALORI PTDE.pdf – F3 cu valori (Spital paliatie, desfiintare C1-C3 si construire); pret direct fara CI/profit";2026-07-06;Proiectant S.C. Tanari Arhitect SRL / Beneficiar ACTIS (Asoc. Comunitara pt. Dezv. Intrepr. Sociale);1LARNS5Adn3FbJ7styKw3LZrEBoluKomc
zidarie;RPCU15A5;Astuparea santurilor din zidarie, dupa pozarea conductorilor electrici, cu mortar de ipsos, santul avand sectiunea de... 20-30 cmp;m;28,37;3,80;24,57;0,00;0,00;"Deviz oferta.pdf – F3 oferta eDevize (restaurare biserica); pret direct, la care se adauga CAM 2,25% man., CI 10%, profit 5%";2025-06-17;Executant SC Aurora Inconstruct SRL / Beneficiar Biserica Sf. Imp. Constantin si Elena;1rue0Jaajr2kNvdWBeV5ZObPL36nPRRQk
zidarie;IC40B1#;"Bratara pentru fixarea conductelor din otel...1 1/4 inci-2"" pentru instalatii de incalzire centrala sau gaze montata prin dibluri de PVC pe zid caramida";buc;9,91;1,46;8,12;0,33;0,00;"9.2. OFERTA V1 REV CU VALORI PTDE.pdf – F3 cu valori (Spital paliatie, desfiintare C1-C3 si construire); pret direct fara CI/profit";2026-07-06;Proiectant S.C. Tanari Arhitect SRL / Beneficiar ACTIS (Asoc. Comunitara pt. Dezv. Intrepr. Sociale);1LARNS5Adn3FbJ7styKw3LZrEBoluKomc
zidarie;IC40C1#;"Bratara pentru fixarea conductelor din otel...2 1/2 inci-4"" pentru instalatii de incalzire centrala sau gaze montate prin dibluri cde PVC pe zid caramida";buc;11,94;1,46;10,15;0,33;0,00;"9.2. OFERTA V1 REV CU VALORI PTDE.pdf – F3 cu valori (Spital paliatie, desfiintare C1-C3 si construire); pret direct fara CI/profit";2026-07-06;Proiectant S.C. Tanari Arhitect SRL / Beneficiar ACTIS (Asoc. Comunitara pt. Dezv. Intrepr. Sociale);1LARNS5Adn3FbJ7styKw3LZrEBoluKomc
zidarie;IC40A1#;Bratara pentru fixarea conductelor din otel...pana la 1 inci inclusiv pentru instalatii de incalzire centrala sau gaze montata prin dibluri de PVC pe zid caramida;buc;7,59;1,46;5,80;0,33;0,00;"9.2. OFERTA V1 REV CU VALORI PTDE.pdf – F3 cu valori (Spital paliatie, desfiintare C1-C3 si construire); pret direct fara CI/profit";2026-07-06;Proiectant S.C. Tanari Arhitect SRL / Beneficiar ACTIS (Asoc. Comunitara pt. Dezv. Intrepr. Sociale);1LARNS5Adn3FbJ7styKw3LZrEBoluKomc
zidarie;RPCG26A;Chituirea si rostuirea zidariei aparente;mp;78,80;21,00;57,64;0,16;0,00;"Deviz oferta.pdf – F3 oferta eDevize (restaurare biserica); pret direct, la care se adauga CAM 2,25% man., CI 10%, profit 5%";2025-06-17;Executant SC Aurora Inconstruct SRL / Beneficiar Biserica Sf. Imp. Constantin si Elena;1rue0Jaajr2kNvdWBeV5ZObPL36nPRRQk
zidarie;RPCG26A;Chituirea si rostuirea zidariei aparente;mp;290,45;3,33;286,70;0,41;0,00;5-BISERICA GARLASI-BISERICA-CU VALORI.PDF – F3 Arhitectura (SofteH, listat 12.05.2023);2023-05-12;Beneficiar Parohia/Biserica Garlasi, Buzau (deviz proiectant);1SStdo4o2D6OmwG1EnsxdCLK3tnqJIy_y
zidarie;NL02;Coloane verticale din mortar beton armat executate in foraje verticale in zidaria de caramida, pentru consolidarea turlelor executate cu utilaje speciale (diametru foraj 80 mm, armatura 28 mm PC52);ml;1281,38;178,94;496,33;606,11;0,00;"Deviz oferta.pdf – F3 oferta eDevize (restaurare biserica); pret direct, la care se adauga CAM 2,25% man., CI 10%, profit 5%";2025-06-17;Executant SC Aurora Inconstruct SRL / Beneficiar Biserica Sf. Imp. Constantin si Elena;1rue0Jaajr2kNvdWBeV5ZObPL36nPRRQk
zidarie;EB08B1;Conducta de otel, pentru legarea la pamint sau la nul, a receptoarelor sau aparatelor electrice, montata pe zid de caramida sau beton, conducta fiind banda de otel, laminate la cald, de 25x4 mm;m;51,29;7,82;43,47;0,00;0,00;"Deviz oferta.pdf – F3 oferta eDevize (restaurare biserica); pret direct, la care se adauga CAM 2,25% man., CI 10%, profit 5%";2025-06-17;Executant SC Aurora Inconstruct SRL / Beneficiar Biserica Sf. Imp. Constantin si Elena;1rue0Jaajr2kNvdWBeV5ZObPL36nPRRQk
zidarie;EB08D1;Conducta de otel, pentru legarea la pamint sau la nul, a receptoarelor sau aparatelor electrice, montata pe zid de caramida sau beton, conducta fiind... banda de otel, laminate la cald, de 40x4 mm;m;54,86;11,39;43,47;0,00;0,00;"Deviz oferta.pdf – F3 oferta eDevize (restaurare biserica); pret direct, la care se adauga CAM 2,25% man., CI 10%, profit 5%";2025-06-17;Executant SC Aurora Inconstruct SRL / Beneficiar Biserica Sf. Imp. Constantin si Elena;1rue0Jaajr2kNvdWBeV5ZObPL36nPRRQk
zidarie;NL03;Confectionat si montat ancore din tesaturi sub forma de panze din fibre de carbon, exclusiv realizarea gaurilor in zidarie;buc;78,40;53,20;25,20;0,00;0,00;"Deviz oferta.pdf – F3 oferta eDevize (restaurare biserica); pret direct, la care se adauga CAM 2,25% man., CI 10%, profit 5%";2025-06-17;Executant SC Aurora Inconstruct SRL / Beneficiar Biserica Sf. Imp. Constantin si Elena;1rue0Jaajr2kNvdWBeV5ZObPL36nPRRQk
zidarie;SC15A#;Cuier rufarie sau porthartie fonta em, pvc, portel sanit, etc, mont pe perete ...caram sau bca;buc;122,81;101,81;21,00;0,00;0,00;"Deviz oferta.pdf – F3 oferta eDevize (restaurare biserica); pret direct, la care se adauga CAM 2,25% man., CI 10%, profit 5%";2025-06-17;Executant SC Aurora Inconstruct SRL / Beneficiar Biserica Sf. Imp. Constantin si Elena;1rue0Jaajr2kNvdWBeV5ZObPL36nPRRQk
zidarie;SC15A#;Cuier rufarie sau porthartie fonta em, pvc, portel sanit, etc, mont pe perete... caram sau bca;buc;207,65;186,65;21,00;0,00;0,00;"Deviz oferta.pdf – F3 oferta eDevize (restaurare biserica); pret direct, la care se adauga CAM 2,25% man., CI 10%, profit 5%";2025-06-17;Executant SC Aurora Inconstruct SRL / Beneficiar Biserica Sf. Imp. Constantin si Elena;1rue0Jaajr2kNvdWBeV5ZObPL36nPRRQk
zidarie;RMA25A;Curatirea suprafetei zidurilor din caramida (gata decapate de tencuieli) in vederea retencuirii;mp;31,00;0,00;31,00;0,00;0,00;"Deviz oferta.pdf – F3 oferta eDevize (restaurare biserica); pret direct, la care se adauga CAM 2,25% man., CI 10%, profit 5%";2025-06-17;Executant SC Aurora Inconstruct SRL / Beneficiar Biserica Sf. Imp. Constantin si Elena;1rue0Jaajr2kNvdWBeV5ZObPL36nPRRQk
zidarie;RMA25A;Curatirea suprafetei zidurilor din caramida (gatadecapate de tencuieli) in vederea retencuirii;mp;100,00;0,00;100,00;0,00;0,00;5-BISERICA GARLASI-BISERICA-CU VALORI.PDF – F3 Arhitectura (SofteH, listat 12.05.2023);2023-05-12;Beneficiar Parohia/Biserica Garlasi, Buzau (deviz proiectant);1SStdo4o2D6OmwG1EnsxdCLK3tnqJIy_y
zidarie;RMA25A;Curatirea suprafetei zidurilor si boltilor de caramida (gata decapate de tencuieli) in vederea executarii reparatiilor si a tencuielilor noi la atice, bolti si coloane pronaos;mp;94,50;0,00;94,50;0,00;0,00;"Deviz oferta.pdf – F3 oferta eDevize (restaurare biserica); pret direct, la care se adauga CAM 2,25% man., CI 10%, profit 5%";2025-06-17;Executant SC Aurora Inconstruct SRL / Beneficiar Biserica Sf. Imp. Constantin si Elena;1rue0Jaajr2kNvdWBeV5ZObPL36nPRRQk
zidarie;SC12B#;Etajera,... semicristal cu console nichelate montata pe perete din zidarie caramida sau bca;buc;231,07;199,58;31,50;0,00;0,00;"Deviz oferta.pdf – F3 oferta eDevize (restaurare biserica); pret direct, la care se adauga CAM 2,25% man., CI 10%, profit 5%";2025-06-17;Executant SC Aurora Inconstruct SRL / Beneficiar Biserica Sf. Imp. Constantin si Elena;1rue0Jaajr2kNvdWBeV5ZObPL36nPRRQk
zidarie;RPSU06A%;Exec. santuri de pana la 5cm adancime, inpereti zidarie caramida de 5X50 cmp;m;30,62;0,00;30,62;0,00;0,00;"Deviz oferta.pdf – F3 oferta eDevize (restaurare biserica); pret direct, la care se adauga CAM 2,25% man., CI 10%, profit 5%";2025-06-17;Executant SC Aurora Inconstruct SRL / Beneficiar Biserica Sf. Imp. Constantin si Elena;1rue0Jaajr2kNvdWBeV5ZObPL36nPRRQk
zidarie;CK08A#;Ferestre din profiluri otel laminat sau tabla otel fasonata la rece,suprafata...toc<= 3 mp,montate pe zidarie de orice fel, la constructii cu H [1];mp;134,43;7,41;127,02;0,00;0,00;"9.2. OFERTA V1 REV CU VALORI PTDE.pdf – F3 cu valori (Spital paliatie, desfiintare C1-C3 si construire); pret direct fara CI/profit";2026-07-06;Proiectant S.C. Tanari Arhitect SRL / Beneficiar ACTIS (Asoc. Comunitara pt. Dezv. Intrepr. Sociale);1LARNS5Adn3FbJ7styKw3LZrEBoluKomc
zidarie;RMA16A;Injectarea cu pasta de var+nisip a fisurilor si crapaturilor cu deschideri mai mari de 2 mm la ziduri, arce, bolti din caramida;ml;99,83;15,49;63,00;21,34;0,00;"Deviz oferta.pdf – F3 oferta eDevize (restaurare biserica); pret direct, la care se adauga CAM 2,25% man., CI 10%, profit 5%";2025-06-17;Executant SC Aurora Inconstruct SRL / Beneficiar Biserica Sf. Imp. Constantin si Elena;1rue0Jaajr2kNvdWBeV5ZObPL36nPRRQk
zidarie;SC04A#;Lavoar semiport, portel... san, incl pentru hand, tevi sc pvc, pe cons fix pe perete zid caram, bca.;buc;1293,09;1195,97;97,12;0,00;0,00;"Deviz oferta.pdf – F3 oferta eDevize (restaurare biserica); pret direct, la care se adauga CAM 2,25% man., CI 10%, profit 5%";2025-06-17;Executant SC Aurora Inconstruct SRL / Beneficiar Biserica Sf. Imp. Constantin si Elena;1rue0Jaajr2kNvdWBeV5ZObPL36nPRRQk
zidarie;SC04A#;Lavoar semiport, portel...san,incl pentru hand,tevi sc pvc,pe cons fix pe perete zid caram,bca.;buc;53,65;0,00;53,65;0,00;0,00;"9.2. OFERTA V1 REV CU VALORI PTDE.pdf – F3 cu valori (Spital paliatie, desfiintare C1-C3 si construire); pret direct fara CI/profit";2026-07-06;Proiectant S.C. Tanari Arhitect SRL / Beneficiar ACTIS (Asoc. Comunitara pt. Dezv. Intrepr. Sociale);1LARNS5Adn3FbJ7styKw3LZrEBoluKomc
zidarie;SC13A#;Oglinda sanit semicrist,cu marg slef,de 400 x 500mm,500 x 600 mm,etc pe...per caram si bca;buc;36,09;14,34;21,75;0,00;0,00;"9.2. OFERTA V1 REV CU VALORI PTDE.pdf – F3 cu valori (Spital paliatie, desfiintare C1-C3 si construire); pret direct fara CI/profit";2026-07-06;Proiectant S.C. Tanari Arhitect SRL / Beneficiar ACTIS (Asoc. Comunitara pt. Dezv. Intrepr. Sociale);1LARNS5Adn3FbJ7styKw3LZrEBoluKomc
zidarie;SC13A#;Oglinda sanit semicrist,cu marg slef,de 400 x 500mm,500 x 600 mm,etc pe...per caram si bca;buc;29,79;8,04;21,75;0,00;0,00;"9.2. OFERTA V1 REV CU VALORI PTDE.pdf – F3 cu valori (Spital paliatie, desfiintare C1-C3 si construire); pret direct fara CI/profit";2026-07-06;Proiectant S.C. Tanari Arhitect SRL / Beneficiar ACTIS (Asoc. Comunitara pt. Dezv. Intrepr. Sociale);1LARNS5Adn3FbJ7styKw3LZrEBoluKomc
zidarie;SC13A#;Oglinda sanit semicrist., cu marg slef, de 400 X 500MM, 500 X 600 MM, etc pe... per caram si bca;buc;481,23;441,86;39,37;0,00;0,00;"Deviz oferta.pdf – F3 oferta eDevize (restaurare biserica); pret direct, la care se adauga CAM 2,25% man., CI 10%, profit 5%";2025-06-17;Executant SC Aurora Inconstruct SRL / Beneficiar Biserica Sf. Imp. Constantin si Elena;1rue0Jaajr2kNvdWBeV5ZObPL36nPRRQk
zidarie;RPCB12E;Placarea coloanelor de zidarie ale pridvorului cu tesatura din panza de fibra de carbon montata in 3 straturi inglobate in rasini epoxidice;mp;492,86;374,44;117,18;1,24;0,00;"Deviz oferta.pdf – F3 oferta eDevize (restaurare biserica); pret direct, la care se adauga CAM 2,25% man., CI 10%, profit 5%";2025-06-17;Executant SC Aurora Inconstruct SRL / Beneficiar Biserica Sf. Imp. Constantin si Elena;1rue0Jaajr2kNvdWBeV5ZObPL36nPRRQk
zidarie;SC14A#;Portpahar,sapuniera fonta em,portelan sanit,etc,Montare pe perete...de caram sau bca;buc;9,57;0,00;9,57;0,00;0,00;"9.2. OFERTA V1 REV CU VALORI PTDE.pdf – F3 cu valori (Spital paliatie, desfiintare C1-C3 si construire); pret direct fara CI/profit";2026-07-06;Proiectant S.C. Tanari Arhitect SRL / Beneficiar ACTIS (Asoc. Comunitara pt. Dezv. Intrepr. Sociale);1LARNS5Adn3FbJ7styKw3LZrEBoluKomc
zidarie;RPCU06C;Santuri in pereti astuparea santurilor in zidarie de caramida, bet simplu sau beton armat m100 30 cm2;m;100,80;0,00;100,80;0,00;0,00;"Deviz oferta.pdf – F3 oferta eDevize (restaurare biserica); pret direct, la care se adauga CAM 2,25% man., CI 10%, profit 5%";2025-06-17;Executant SC Aurora Inconstruct SRL / Beneficiar Biserica Sf. Imp. Constantin si Elena;1rue0Jaajr2kNvdWBeV5ZObPL36nPRRQk
zidarie;RMA20C;Sapare de santuri orizontale in ziduri masive din caramida in vederea inscrierii de centuri perimetrale;ml;88,00;0,00;88,00;0,00;0,00;"Deviz oferta.pdf – F3 oferta eDevize (restaurare biserica); pret direct, la care se adauga CAM 2,25% man., CI 10%, profit 5%";2025-06-17;Executant SC Aurora Inconstruct SRL / Beneficiar Biserica Sf. Imp. Constantin si Elena;1rue0Jaajr2kNvdWBeV5ZObPL36nPRRQk
zidarie;RMD02A;Tencuieli pline de epoca la zidarie de caramida 3,5 cm;mp;114,10;57,40;56,70;0,00;0,00;"Deviz oferta.pdf – F3 oferta eDevize (restaurare biserica); pret direct, la care se adauga CAM 2,25% man., CI 10%, profit 5%";2025-06-17;Executant SC Aurora Inconstruct SRL / Beneficiar Biserica Sf. Imp. Constantin si Elena;1rue0Jaajr2kNvdWBeV5ZObPL36nPRRQk
zidarie;RMD02A;Tencuieli pline de epoca la zidarie de caramida 3,5 cm;mp;1850,00;1625,00;225,00;0,00;0,00;5-BISERICA GARLASI-BISERICA-CU VALORI.PDF – F3 Arhitectura (SofteH, listat 12.05.2023);2023-05-12;Beneficiar Parohia/Biserica Garlasi, Buzau (deviz proiectant);1SStdo4o2D6OmwG1EnsxdCLK3tnqJIy_y
zidarie;SE59A#;Uscator de maini sau... distrib automateriale de sapun lichid, montat pe perete din caramida sau bca;buc;75,81;57,43;18,38;0,00;0,00;"Deviz oferta.pdf – F3 oferta eDevize (restaurare biserica); pret direct, la care se adauga CAM 2,25% man., CI 10%, profit 5%";2025-06-17;Executant SC Aurora Inconstruct SRL / Beneficiar Biserica Sf. Imp. Constantin si Elena;1rue0Jaajr2kNvdWBeV5ZObPL36nPRRQk
zidarie;SE59A#;Uscator de maini sau...distrib automat de sapun lichid,montat pe perete din caramida sau bca;buc;10,15;0,00;10,15;0,00;0,00;"9.2. OFERTA V1 REV CU VALORI PTDE.pdf – F3 cu valori (Spital paliatie, desfiintare C1-C3 si construire); pret direct fara CI/profit";2026-07-06;Proiectant S.C. Tanari Arhitect SRL / Beneficiar ACTIS (Asoc. Comunitara pt. Dezv. Intrepr. Sociale);1LARNS5Adn3FbJ7styKw3LZrEBoluKomc
zidarie;CK12D#;Usi...metalice,2 canaturi,suprafata toc <= 7 mp,confectionate din prof otel laminat,prof banda otel fason rece,inclusiv armaturi si accesorii, montate in zidarie [1];mp;156,22;21,37;134,85;0,00;0,00;"9.2. OFERTA V1 REV CU VALORI PTDE.pdf – F3 cu valori (Spital paliatie, desfiintare C1-C3 si construire); pret direct fara CI/profit";2026-07-06;Proiectant S.C. Tanari Arhitect SRL / Beneficiar ACTIS (Asoc. Comunitara pt. Dezv. Intrepr. Sociale);1LARNS5Adn3FbJ7styKw3LZrEBoluKomc
zidarie;CK11B#;Vitrine din profiluri...aluminiu,gata confectionate,montate in zidarie de orice fel,ta 7,5-10,0 mp, montate la inaltimi <= 5 m;mp;31,19;9,44;21,75;0,00;0,00;"9.2. OFERTA V1 REV CU VALORI PTDE.pdf – F3 cu valori (Spital paliatie, desfiintare C1-C3 si construire); pret direct fara CI/profit";2026-07-06;Proiectant S.C. Tanari Arhitect SRL / Beneficiar ACTIS (Asoc. Comunitara pt. Dezv. Intrepr. Sociale);1LARNS5Adn3FbJ7styKw3LZrEBoluKomc
zidarie;CD04B%;Zidarie caram cu goluri verticale gvp exec cu mortar m25-z la ctii cu h<35m caram 290x140x88 mm;mc;670,52;;;;;"9.2. OFERTA V1 REV CU VALORI PTDE.pdf – F3 cu valori (Spital paliatie, desfiintare C1-C3 si construire); pret direct fara CI/profit";2026-07-06;Proiectant S.C. Tanari Arhitect SRL / Beneficiar ACTIS (Asoc. Comunitara pt. Dezv. Intrepr. Sociale);1LARNS5Adn3FbJ7styKw3LZrEBoluKomc
zidarie;RMB08A;Zidarie de epoca, tesuta, executata pentru consolidarea boltilor cilindrice si a calotelor sferice crapate, cu caramizi epoca, cu mortar de var cu adaos 100 kg ciment P400;ml;1879,23;1186,25;692,98;0,00;0,00;"Deviz oferta.pdf – F3 oferta eDevize (restaurare biserica); pret direct, la care se adauga CAM 2,25% man., CI 10%, profit 5%";2025-06-17;Executant SC Aurora Inconstruct SRL / Beneficiar Biserica Sf. Imp. Constantin si Elena;1rue0Jaajr2kNvdWBeV5ZObPL36nPRRQk
zidarie;RMB07A;Zidarie de epoca, tesuta, executata pentru consolidarea zidurilor crapate, cu caramizi epoca, cu mortar de var cu adaos 100 kg ciment P400;mc;1985,54;1229,30;755,98;0,27;0,00;"Deviz oferta.pdf – F3 oferta eDevize (restaurare biserica); pret direct, la care se adauga CAM 2,25% man., CI 10%, profit 5%";2025-06-17;Executant SC Aurora Inconstruct SRL / Beneficiar Biserica Sf. Imp. Constantin si Elena;1rue0Jaajr2kNvdWBeV5ZObPL36nPRRQk
zidarie;CD04B#;Zidarie din caramida cu goluri verticale tip GVP, executata cu mortar marca M 25-Z, preparat pe santier cu malaxorul...la constructii cu inaltime pana la 35 m inclusiv, cu caramizi;mc;681,62;482,97;198,65;0,00;0,00;"9.2. OFERTA V1 REV CU VALORI PTDE.pdf – F3 cu valori (Spital paliatie, desfiintare C1-C3 si construire); pret direct fara CI/profit";2026-07-06;Proiectant S.C. Tanari Arhitect SRL / Beneficiar ACTIS (Asoc. Comunitara pt. Dezv. Intrepr. Sociale);1LARNS5Adn3FbJ7styKw3LZrEBoluKomc
